create table if not exists app_state (id text primary key , routeStack text  not null, forwardRouteStack text  not null, commandBoxVisible integer  not null, eventImportPaused integer  not null, showLargeCoverArt integer  not null, rightSidebarTabIndex integer  not null, fpsMeterVisible integer  not null, overlayImageSourceString text  );
create table if not exists import_status (id text primary key , data text  not null);
create table if not exists app_settings (id text primary key , data_string_encrypted text  );
create table if not exists app_auth_status (id text primary key , data text  not null);
create table if not exists library_tracks (id text primary key , name text  not null, description text  , albumId text  not null, trackNumber integer  not null, durationMs integer  not null, isrc text  , imageUrl text  , audioUrl text  , externalLink text  );
create table if not exists library_artists (id text primary key , name text  not null, colorsString text  , imageUrl text  );
create table if not exists library_artists_albums (artistId text  not null, albumId text  not null);
create table if not exists library_tracks_artists (trackId text  not null, artistId text  not null);
create table if not exists library_albums (id text primary key , name text  not null, colorsString text  , imageUrl text  , trackCount integer  not null, releaseDate text  , copyrights text  );
create table if not exists library_playlists (id text primary key , name text  not null, description text  , ownerId text  not null, ownerName text  not null, colorsString text  , source text  not null, imageUrl text  );
create table if not exists library_tracks_playlists (trackId text  not null, playlistId text  not null, trackIndex real  not null, addedAtTimestamp integer  not null);
create table if not exists podcasts (id text primary key , title text  not null, url text  not null, imageUrl text  not null, description text  not null, colorsString text  );
create table if not exists scrapelogs (id text primary key , title text  not null, queryString text  not null, imageUrl text  not null, description text  not null, colorsString text  );
create table if not exists playback_state (id text primary key , isPlaying integer  not null, isLoading integer  not null, offset integer  not null, offsetMsForRestore integer  not null, contextId text  not null, trackIndex integer  , audioBackendIsReady integer  not null);
create table if not exists player_context (id text primary key , timestamp integer  not null);
create table if not exists player_context_items (contextId text  not null, trackId text  not null, sortIndex integer  not null);
create table if not exists __events (id text primary key , type text  not null, args text  not null);
create table if not exists riffle__event_cursor (id text primary key , cursor text  not null);
create table if not exists components__Tracklist (id text primary key , selectedTrackIndexOrigin integer  , selectedTrackIndexStart integer  , selectedTrackIndexEnd integer  , sortDirection text  , sortProperty text  , searchTerm text  , showSearch integer  , scrollPosition integer  );
create table if not exists components__App (id text primary key , containerHeight integer  , containerWidth integer  );
create  index if not exists library_tracks_by_album_id on library_tracks (albumId);
create  index if not exists library_artists_albums_by_artist_id on library_artists_albums (artistId);
create  index if not exists library_tracks_artists_by_track_id on library_tracks_artists (trackId);
create  index if not exists library_tracks_playlists_by_playlist_id on library_tracks_playlists (playlistId);
create UNIQUE index if not exists library_tracks_playlists_unique on library_tracks_playlists (playlistId, trackIndex);
create UNIQUE index if not exists player_context_by_timestamp on player_context (timestamp);
create  index if not exists player_context_items_by_contextId on player_context_items (contextId);
create  index if not exists player_context_items_by_trackId on player_context_items (trackId);
create virtual view if not exists view__library_tracks_with_album as 
      select
        _tracks.name as name,
        _tracks.id as id,
        _tracks.durationMs as durationMs,
        _tracks.trackNumber as trackNumber,
        _tracks.imageUrl as imageUrl,
        _tracks.albumId as albumId,
        _tracks.description as description,
        _tracks.externalLink as externalLink,
        _albums.name as albumName,
        _albums.trackCount as albumTrackCount,
        _albums.colorsString as albumColorsString
      from library_tracks as _tracks
        left outer join library_albums as _albums on _tracks.albumId = _albums.id
    ;
create  index if not exists view__library_tracks_with_album_by_id on view__library_tracks_with_album (id);
create  index if not exists view__library_tracks_with_album_by_album on view__library_tracks_with_album (albumName);
create  index if not exists view__library_tracks_with_album_by_name on view__library_tracks_with_album (name);
create virtual view if not exists view__library_tracks_with_album_and_artist_id as 
      select *
        from view__library_tracks_with_album as _tracks
        left outer join library_tracks_artists as _tracks_artists on _tracks.id = _tracks_artists.trackId
    ;
create  index if not exists view__library_tracks_with_album_and_artist_id_by_id on view__library_tracks_with_album_and_artist_id (id);
create  index if not exists view__library_tracks_with_album_and_artist_id_by_artistId on view__library_tracks_with_album_and_artist_id (artistId);
create virtual view if not exists view__library_tracks_with_album_and_artist as 
      select
        -- TrackSrc data
        _tracks.id as id,
        _tracks.name as name,
        _tracks.imageUrl as imageUrl,
        _tracks.description as description,
        _tracks.externalLink as externalLink,
        albumName,
        albumId,
        albumTrackCount,
        albumColorsString,
        durationMs,
        trackNumber,
        -- Artist data
        _artists.id as artistId,
        _artists.name as artistName
        from view__library_tracks_with_album_and_artist_id as _tracks
        left outer join library_artists as _artists on _artists.id = _tracks.artistId
    ;
create  index if not exists view__library_tracks_with_album_and_artist_by_id on view__library_tracks_with_album_and_artist (id);
create virtual view if not exists view__tracks_player_context_items as select * from view__library_tracks_with_album_and_artist, player_context_items where player_context_items.trackId = view__library_tracks_with_album_and_artist.id;
create  index if not exists view__tracks_player_context_items_by_contextId_and_sortIndex on view__tracks_player_context_items (contextId, sortIndex);
create  index if not exists view__tracks_player_context_items_by_id on view__tracks_player_context_items (id);
create virtual view if not exists view__tracks_playlists as 
      select *
      from view__library_tracks_with_album_and_artist, library_tracks_playlists
      where library_tracks_playlists.trackId = view__library_tracks_with_album_and_artist.id
    ;
create  index if not exists view__tracks_playlists_by_playlistId on view__tracks_playlists (playlistId);
create virtual view if not exists view__playlists_with_track_counts as 
      SELECT _p.id, _p.name, _p.description, _p.ownerId, _p.ownerName, _p.colorsString, _p.source, _p.imageUrl, count(_tp.trackId) as trackCount
      FROM view__tracks_playlists AS _tp
      LEFT OUTER JOIN library_playlists AS _p ON _p.id = _tp.playlistId 
      GROUP BY _p.id
    ;
create  index if not exists view__playlists_with_track_counts_on_id on view__playlists_with_track_counts (id);
create virtual view if not exists view__artists_with_track_counts as 
      SELECT _a.id, _a.name, _a.colorsString, _a.imageUrl, count(*) as trackCount
      FROM library_artists AS _a
      LEFT OUTER JOIN view__library_tracks_with_album_and_artist AS _ta ON _a.id = _ta.artistId
      GROUP BY _a.id
    ;
create  index if not exists view__artists_with_track_counts_on_id on view__artists_with_track_counts (id);
create virtual view if not exists view__album_artists as 
      select * from library_artists
      inner join library_artists_albums on library_artists_albums.artistId = library_artists.id
    ;
create  index if not exists view__album_artists_by_albumId on view__album_artists (albumId);
INSERT OR IGNORE INTO app_settings (id, data_string_encrypted) VALUES ('static', 'o53qrKXRJ9RSn23GoJXmA68t/BSeUIKFVtQ+zJYK0YgQ66nxPCI237UOTSJb46+Jnx1hDcreGI5pSPN9HW0jpv7EqE35jpP1C81gB6Wv0v8g2saj/8dW4nfDNjp2vgPHDO+ThcdsPbA2uRfwhTx27lQGGhIvQMI79oYpeDoNOHYTwwmZbnSJ3JeEsVDuDvawT4Cw+lrQBgqDvHrIFAc0h+KqNbKyyFe9U3HovO1Vb7d69PJrCMGNfydgGV7RTdO3Kl3pQCUMtMX/+dlXDpG8cuft6IOhvJ22ZZeor9GpruPlwRyqK+navBjEJq/88cLCpECrj7GAQ8j7TKWyRefjb22+nyDIShlDgByOs1rJ+YEOdeFuvcvSU+oqVroWUvXWivteo9BWiuigmjaJcHgQWwv7Gi/o6QYrZ0mXgHmWfJdgmhUQcZ5ao7F5vRkhNDWtDEJwLaQGudYZwaboWA==');
SELECT * FROM player_context  LIMIT 1;
INSERT  INTO player_context (id, timestamp) VALUES ('clgz9rcap000c3b6e9je0rt4c', 1682608671745);
SELECT * FROM playback_state  LIMIT 1;

            INSERT INTO playback_state (id, isPlaying, isLoading, offset, offsetMsForRestore, contextId, trackIndex, audioBackendIsReady)
              VALUES ('static', 0, 1, 0, 0, 'clbiqgv3t000b3b6mjhbo2nhv', null, 0)
          ;
INSERT OR IGNORE INTO app_auth_status (id, data) VALUES ('static', '{"soundcloud":{"lastTokenRefresh":null,"isAuthenticated":false,"username":null},"spotify":{"lastTokenRefresh":null,"isAuthenticated":false,"username":null}}');
INSERT OR IGNORE INTO import_status (id, data) VALUES ('static', '{"isImporting":false,"remaining":0,"etaMs":null}');
INSERT OR IGNORE INTO app_state (id, commandBoxVisible, routeStack, forwardRouteStack, eventImportPaused, showLargeCoverArt, rightSidebarTabIndex, fpsMeterVisible, overlayImageSourceString) VALUES ('static', 0, '[{"_tag":"SettingsRoute","tabIndex":0}]', '[]', 0, 0, 0, 1, null);
select * from app_state;
select * from app_settings;
select * from app_auth_status limit 1;
select * from import_status limit 1;
select eventImportPaused from app_state limit 1;

      select id, timestamp from player_context order by timestamp desc
    ;

        select
          distinct id,
          name,
          description,
          externalLink,
          trackNumber,
          albumName,
          albumId,
          albumTrackCount,
          albumColorsString,
          durationMs,
          sortIndex,
          imageUrl,
          contextId,
          artistId,
          artistName
        from view__tracks_player_context_items
        where contextId = 'clgz9rcap000c3b6e9je0rt4c'
        order by sortIndex asc
      ;
select * from playback_state;
select * from app_settings;
select * from app_auth_status;
select * from app_settings;
select * from app_auth_status;

        update playback_state set
                isPlaying = 0,
                isLoading = 1,
                offset = 0,
                offsetMsForRestore = 0,
                contextId = 'clbiqgv3t000b3b6mjhbo2nhv',
                trackIndex = null,
                audioBackendIsReady = 0
      ;
select cursor from riffle__event_cursor where id = 'soundcloud-eventlog' limit 1;
select cursor from riffle__event_cursor where id = 'spotify-eventlog' limit 1;
select * from components__App where id = 'static' limit 1;

      select id, name, ownerId, ownerName, colorsString, imageUrl, 'LibraryPlaylist' as _tag, trackCount
      from view__playlists_with_track_counts
      order by name ASC
    ;
select * from playback_state;

      select id, timestamp from player_context order by timestamp desc
    ;

        select
          distinct id,
          name,
          description,
          externalLink,
          trackNumber,
          albumName,
          albumId,
          albumTrackCount,
          albumColorsString,
          durationMs,
          sortIndex,
          imageUrl,
          contextId,
          artistId,
          artistName
        from view__tracks_player_context_items
        where contextId = 'clgz9rcap000c3b6e9je0rt4c'
        order by sortIndex asc
      ;
select * from app_state;

      select id, timestamp from player_context order by timestamp desc
    ;

        select
          distinct id,
          name,
          description,
          externalLink,
          trackNumber,
          albumName,
          albumId,
          albumTrackCount,
          albumColorsString,
          durationMs,
          sortIndex,
          imageUrl,
          contextId,
          artistId,
          artistName
        from view__tracks_player_context_items
        where contextId = 'clgz9rcap000c3b6e9je0rt4c'
        order by sortIndex asc
      ;
select * from playback_state;

      select id, timestamp from player_context order by timestamp desc
    ;

        select
          distinct id,
          name,
          description,
          externalLink,
          trackNumber,
          albumName,
          albumId,
          albumTrackCount,
          albumColorsString,
          durationMs,
          sortIndex,
          imageUrl,
          contextId,
          artistId,
          artistName
        from view__tracks_player_context_items
        where contextId = 'clgz9rcap000c3b6e9je0rt4c'
        order by sortIndex asc
      ;
select * from playback_state;

      select id, timestamp from player_context order by timestamp desc
    ;

        select
          distinct id,
          name,
          description,
          externalLink,
          trackNumber,
          albumName,
          albumId,
          albumTrackCount,
          albumColorsString,
          durationMs,
          sortIndex,
          imageUrl,
          contextId,
          artistId,
          artistName
        from view__tracks_player_context_items
        where contextId = 'clgz9rcap000c3b6e9je0rt4c'
        order by sortIndex asc
      ;
select * from playback_state;
select * from playback_state;

      select id, timestamp from player_context order by timestamp desc
    ;

        select
          distinct id,
          name,
          description,
          externalLink,
          trackNumber,
          albumName,
          albumId,
          albumTrackCount,
          albumColorsString,
          durationMs,
          sortIndex,
          imageUrl,
          contextId,
          artistId,
          artistName
        from view__tracks_player_context_items
        where contextId = 'clgz9rcap000c3b6e9je0rt4c'
        order by sortIndex asc
      ;
select * from app_state;

      select id, timestamp from player_context order by timestamp desc
    ;

        select
          distinct id,
          name,
          description,
          externalLink,
          trackNumber,
          albumName,
          albumId,
          albumTrackCount,
          albumColorsString,
          durationMs,
          sortIndex,
          imageUrl,
          contextId,
          artistId,
          artistName
        from view__tracks_player_context_items
        where contextId = 'clgz9rcap000c3b6e9je0rt4c'
        order by sortIndex asc
      ;
select * from playback_state;

      select id, name, ownerId, ownerName, colorsString, imageUrl, 'LibraryPlaylist' as _tag, trackCount
      from view__playlists_with_track_counts
      order by name ASC
    ;
select * from playback_state;

      select id, timestamp from player_context order by timestamp desc
    ;

        select
          distinct id,
          name,
          description,
          externalLink,
          trackNumber,
          albumName,
          albumId,
          albumTrackCount,
          albumColorsString,
          durationMs,
          sortIndex,
          imageUrl,
          contextId,
          artistId,
          artistName
        from view__tracks_player_context_items
        where contextId = 'clgz9rcap000c3b6e9je0rt4c'
        order by sortIndex asc
      ;
select * from app_state;

      select id, timestamp from player_context order by timestamp desc
    ;

        select
          distinct id,
          name,
          description,
          externalLink,
          trackNumber,
          albumName,
          albumId,
          albumTrackCount,
          albumColorsString,
          durationMs,
          sortIndex,
          imageUrl,
          contextId,
          artistId,
          artistName
        from view__tracks_player_context_items
        where contextId = 'clgz9rcap000c3b6e9je0rt4c'
        order by sortIndex asc
      ;
select * from playback_state;

      select id, timestamp from player_context order by timestamp desc
    ;

        select
          distinct id,
          name,
          description,
          externalLink,
          trackNumber,
          albumName,
          albumId,
          albumTrackCount,
          albumColorsString,
          durationMs,
          sortIndex,
          imageUrl,
          contextId,
          artistId,
          artistName
        from view__tracks_player_context_items
        where contextId = 'clgz9rcap000c3b6e9je0rt4c'
        order by sortIndex asc
      ;
select * from playback_state;

      select id, timestamp from player_context order by timestamp desc
    ;

        select
          distinct id,
          name,
          description,
          externalLink,
          trackNumber,
          albumName,
          albumId,
          albumTrackCount,
          albumColorsString,
          durationMs,
          sortIndex,
          imageUrl,
          contextId,
          artistId,
          artistName
        from view__tracks_player_context_items
        where contextId = 'clgz9rcap000c3b6e9je0rt4c'
        order by sortIndex asc
      ;
select * from playback_state;
select * from playback_state;

      select id, timestamp from player_context order by timestamp desc
    ;

        select
          distinct id,
          name,
          description,
          externalLink,
          trackNumber,
          albumName,
          albumId,
          albumTrackCount,
          albumColorsString,
          durationMs,
          sortIndex,
          imageUrl,
          contextId,
          artistId,
          artistName
        from view__tracks_player_context_items
        where contextId = 'clgz9rcap000c3b6e9je0rt4c'
        order by sortIndex asc
      ;
select * from app_state;

      select id, timestamp from player_context order by timestamp desc
    ;

        select
          distinct id,
          name,
          description,
          externalLink,
          trackNumber,
          albumName,
          albumId,
          albumTrackCount,
          albumColorsString,
          durationMs,
          sortIndex,
          imageUrl,
          contextId,
          artistId,
          artistName
        from view__tracks_player_context_items
        where contextId = 'clgz9rcap000c3b6e9je0rt4c'
        order by sortIndex asc
      ;
select * from playback_state;
insert or ignore into components__App (id, containerHeight, containerWidth) values ('static', 544, 1440);
select * from components__App where id = 'static' limit 1;
update app_auth_status set data = '{"spotify":{"isAuthenticated":false,"lastTokenRefresh":null,"username":null},"soundcloud":{"isAuthenticated":false,"lastTokenRefresh":null,"username":null}}';
select * from app_auth_status limit 1;
select * from app_settings;
select * from app_auth_status;
select * from app_settings;
select * from app_auth_status;
update app_auth_status set data = '{"spotify":{"isAuthenticated":false,"lastTokenRefresh":null,"username":null},"soundcloud":{"isAuthenticated":false,"lastTokenRefresh":null,"username":null}}';
select * from app_auth_status limit 1;
select * from app_settings;
select * from app_auth_status;
select * from app_settings;
select * from app_auth_status;

        insert into podcasts
        (id, title, description, url, imageUrl)
        values
        ('clgz9riqw000d3b6emzyjak9r', 'Podcast', '', '', '')
      ;

        update podcasts set
          url = 'https://visionradio.castos.com/feed',
          title = 'VISION Radio',
          description = 'With VISION Radio (f.k.a. Noisia Radio) we select what excites us in bass music; drum & bass, electronica, beats and whatever forward leaning sounds we can get our hands on. We champion our latest releases as well as tons of music from people you have or haven&#039;t heard yet. There&#039;s artist takeovers, guest mixes, a weekly Reload voted for by our Patrons and our host Dave, who is...well, Dave.',
          imageUrl = 'https://episodes.castos.com/6138cb87d83982-66320119/images/itunes-image.png'
        where id = 'clgz9riqw000d3b6emzyjak9r'
      ;

        -- TODO: INSERT OR REPLACE once fixed in SKDB...
        -- INSERT OR REPLACE INTO library_tracks
        DELETE FROM library_tracks WHERE id = 'podcast:track:clgz9riqy000e3b6euug2z71c'; 
        INSERT INTO library_tracks
                (id, name, albumId, trackNumber, durationMs, isrc, imageUrl, audioUrl, externalLink, description)
                values ('podcast:track:clgz9riqy000e3b6euug2z71c', 'VISION Radio S03E17', 'podcast:album:clgz9riqw000d3b6emzyjak9r-clgz9riqy000f3b6e0q6p1j8h', 0, 3600000, null, 'https://episodes.castos.com/6138cb87d83982-66320119/images/1465207/s03e17.jpg', 'https://episodes.castos.com/6138cb87d83982-66320119/1465207/VISION-Radio-S03E17.mp3', 'https://visionradio.castos.com/episodes/vision-radio-s03e17', '<p><span style="font-weight: 400;"> Tune in via &rarr; </span><a href="https://gate.sc/?url=http%3A%2F%2Fvisionrecordings.nl%2Fradio&token=ece4d-1-1655303983383"><span style="font-weight: 400;">visionrecordings.nl/radio</span></a></p>
<p><span style="font-weight: 400;"> Subscribe to our YouTube channel &rarr; </span><a href="https://gate.sc/?url=http%3A%2F%2Fyoutube.com%2Fvisionrecs&token=b30d84-1-1655303983383"><span style="font-weight: 400;">youtube.com/visionrecs</span></a></p>
<p>&nbsp;</p>
<p><span style="font-weight: 400;">We premiere &lsquo;Never Enough&rsquo; by Jon Casey, taken from the &lsquo;Trial & Error&rsquo; EP, out this Friday on VISION! More new music by Thys & Kelbin, Arkaik, Nymfo, Hyroglifics, Submarine, Speaker Louis and more.. Enjoy!</span></p>
<p>&nbsp;</p>
<p><span style="font-weight: 400;"> Join us on Discord &rarr; </span><a href="https://gate.sc/?url=http%3A%2F%2Fdiscord.gg%2Fvisionrecordings&token=ff3d7e-1-1655303983383"><span style="font-weight: 400;">discord.gg/visionrecordings</span></a></p>
<p><span style="font-weight: 400;"> Support via Patreon &rarr; </span><a href="https://gate.sc/?url=http%3A%2F%2Fpatreon.com%2Fvisionrecordings&token=684bf3-1-1655303983383"><span style="font-weight: 400;">patreon.com/visionrecordings</span></a></p>
<p><span style="font-weight: 400;"> Shop on our Webstore &rarr; </span><a href="https://gate.sc/?url=http%3A%2F%2Fstore.visionrecordings.nl&token=303f15-1-1655303983383"><span style="font-weight: 400;">http://store.visionrecordings.nl</span></a></p>
<p><span style="font-weight: 400;"> Listen to our Spotify playlist &rarr; &zwnj;​​​&zwnj;</span><a href="https://gate.sc/?url=http%3A%2F%2Fsptfy.com%2F5nap&token=24e37-1-1655303983383"><span style="font-weight: 400;">sptfy.com/5nap</span></a></p>
<p>&nbsp;</p>
<p><span style="font-weight: 400;">Follow @</span><a href="https://soundcloud.com/VISIONrecordings"><span style="font-weight: 400;">VISIONrecordings</span></a></p>
<p><span style="font-weight: 400;">Twitter: </span><a href="https://gate.sc/?url=http%3A%2F%2Ftwitter.com%2Fvisionrecs&token=b676f0-1-1655303983383"><span style="font-weight: 400;">twitter.com/visionrecs</span></a></p>
<p><span style="font-weight: 400;">Instagram: </span><a href="https://gate.sc/?url=http%3A%2F%2Finstagram.com%2Fvisionrecordings&token=f0c756-1-1655303983383"><span style="font-weight: 400;">instagram.com/visionrecordings</span></a></p>
<p><span style="font-weight: 400;">Facebook: </span><a href="https://gate.sc/?url=http%3A%2F%2Ffacebook.com%2FVisionRecordings&token=1ddd11-1-1655303983383"><span style="font-weight: 400;">facebook.com/VisionRecordings</span></a></p>
<p><span style="font-weight: 400;">Spotify: </span><a href="https://gate.sc/?url=http%3A%2F%2Fplay.spotify.com%2Fuser%2Fvisionrecordings&token=1b94ae-1-1655303983383"><span style="font-weight: 400;">play.spotify.com/user/visionrecordings</span></a></p>
<p>&nbsp;</p>
<p><span style="font-weight: 400;">Jon Casey - NEVER ENOUGH &bull; VISION</span></p>
<p><span style="font-weight: 400;">Thys & Kelbin - Make It &bull; TABULA RASA</span></p>
<p><span style="font-weight: 400;">Arkaik - Mr Slinky &bull; FLEXOUT</span></p>
<p><span style="font-weight: 400;">Nymfo + Freddy B - Kindred Spirits (Instrumental) &bull; DUB</span></p>
<p><span style="font-weight: 400;">Hyroglifics - Steel Cap Beanie &bull; CRITICAL</span></p>
<p><span style="font-weight: 400;">Submarine - Physical &bull; 1985</span></p>
<p><span style="font-weight: 400;">Two Shell - Home &bull; MAINFRAME</span></p>
<p><span style="font-weight: 400;">Nami - Slipstream &bull; OVERVIEW</span></p>
<p><span style="font-weight: 400;">Speaker Louis - Take Warning &bull; HYPERACTIVITY</span></p>
<p><span style="font-weight: 400;">Simula - Tension &bull; SIMULA AUDIO</span></p>
<p><span style="font-weight: 400;">Particle - Let It Go &bull; CRITICAL</span></p>
<p><span style="font-weight: 400;">MOLOKAI - Envoy &bull; ALPHA PUP</span></p>
<p><span style="font-weight: 400;">Exept - Crystal Hammer &bull; BLACKOUT</span></p>
<p><span style="font-weight: 400;">Sastruga - Payload &bull; DIVIDID</span></p>
<p><span style="font-weight: 400;">LNO - Beg &bull; THE MOB RECORDINGS</span></p>
<p><span style="font-weight: 400;">Genic - Working The Mod &bull; SOFA SOUND BRISTOL</span></p>
<p><span style="font-weight: 400;">Park Shadow - Microsleep &bull; STRAIGHT UP BREAKBEAT</span></p>
<p><span style="font-weight: 400;">Evolved - Autopilot &bull; T3K</span></p>
<p><span style="font-weight: 400;">Fred again x Skrillex x Four Tet - Baby again (The Outsiders Bootleg) &bull; SOUNDCLOUD &bull; VISION RADIO RELOAD</span></p>
<p><span style="font-weight: 400;">Tsuruda - Deathwish &bull; DEADBEATS</span></p>
<p><span style="font-weight: 400;">Zombie Cats - Mode Two &bull; DISPATCH</span></p>
<p><span style="font-weight: 400;">Thematic - Be Self &bull; CITATE FORMS</span></p>')
      ;

        -- TODO: INSERT OR REPLACE once fixed in SKDB...
        -- INSERT OR REPLACE INTO library_artists
        DELETE FROM library_artists WHERE id = 'podcast:artist:clgz9riqw000d3b6emzyjak9r-clgz9riqy000g3b6eeaf79rvf';
        INSERT INTO library_artists
        (id, name, imageUrl, colorsString)
        values ('podcast:artist:clgz9riqw000d3b6emzyjak9r-clgz9riqy000g3b6eeaf79rvf', 'VISION Radio', 'https://episodes.castos.com/6138cb87d83982-66320119/images/itunes-image.png', null)
      ;

        INSERT INTO library_tracks_artists
        (trackId, artistId)
        values ('podcast:track:clgz9riqy000e3b6euug2z71c', 'podcast:artist:clgz9riqw000d3b6emzyjak9r-clgz9riqy000g3b6eeaf79rvf')
      ;

        -- TODO: INSERT OR REPLACE once fixed in SKDB...
        -- INSERT OR REPLACE INTO library_albums
        DELETE FROM library_albums WHERE id = 'podcast:album:clgz9riqw000d3b6emzyjak9r-clgz9riqy000f3b6e0q6p1j8h';
        INSERT INTO library_albums
        (id, name, colorsString, imageUrl, trackCount, releaseDate, copyrights)
        values ('podcast:album:clgz9riqw000d3b6emzyjak9r-clgz9riqy000f3b6e0q6p1j8h', 'VISION Radio', null, 'https://episodes.castos.com/6138cb87d83982-66320119/images/itunes-image.png', 1, null, null)
      ;

        INSERT INTO library_tracks_playlists
                (trackId, playlistId, trackIndex, addedAtTimestamp)
                values ('podcast:track:clgz9riqy000e3b6euug2z71c', 'podcast:playlist:clgz9riqw000d3b6emzyjak9r', 0, 1682521200000)
      ;

        -- TODO: INSERT OR REPLACE once fixed in SKDB...
        -- INSERT OR REPLACE INTO library_tracks
        DELETE FROM library_tracks WHERE id = 'podcast:track:clgz9riqy000h3b6e5mbllb8g'; 
        INSERT INTO library_tracks
                (id, name, albumId, trackNumber, durationMs, isrc, imageUrl, audioUrl, externalLink, description)
                values ('podcast:track:clgz9riqy000h3b6e5mbllb8g', 'VISION Radio S03E16', 'podcast:album:clgz9riqw000d3b6emzyjak9r-clgz9riqy000i3b6e14a752ds', 0, 3636000, null, 'https://episodes.castos.com/6138cb87d83982-66320119/images/1461143/s03e16.jpg', 'https://episodes.castos.com/6138cb87d83982-66320119/1461143/VISION-Radio-S03E16.mp3', 'https://visionradio.castos.com/episodes/vision-radio-s03e16', '<p><span style="font-weight: 400;"> Tune in via &rarr; </span><a href="https://gate.sc/?url=http%3A%2F%2Fvisionrecordings.nl%2Fradio&token=ece4d-1-1655303983383"><span style="font-weight: 400;">visionrecordings.nl/radio</span></a></p>
<p><span style="font-weight: 400;"> Subscribe to our YouTube channel &rarr; </span><a href="https://gate.sc/?url=http%3A%2F%2Fyoutube.com%2Fvisionrecs&token=b30d84-1-1655303983383"><span style="font-weight: 400;">youtube.com/visionrecs</span></a></p>
<p>&nbsp;</p>
<p><span style="font-weight: 400;">Dez takes over! Co-Hosting the show with Dave, we celebrate the &lsquo;Selecta&rsquo; EP, out now on VISION! More new music by Dunk, Dj Ride, Dj Hazard, Resslek and more.. Enjoy!</span></p>
<p>&nbsp;</p>
<p><span style="font-weight: 400;"> Join us on Discord &rarr; </span><a href="https://gate.sc/?url=http%3A%2F%2Fdiscord.gg%2Fvisionrecordings&token=ff3d7e-1-1655303983383"><span style="font-weight: 400;">discord.gg/visionrecordings</span></a></p>
<p><span style="font-weight: 400;"> Support via Patreon &rarr; </span><a href="https://gate.sc/?url=http%3A%2F%2Fpatreon.com%2Fvisionrecordings&token=684bf3-1-1655303983383"><span style="font-weight: 400;">patreon.com/visionrecordings</span></a></p>
<p><span style="font-weight: 400;"> Shop on our Webstore &rarr; </span><a href="https://gate.sc/?url=http%3A%2F%2Fstore.visionrecordings.nl&token=303f15-1-1655303983383"><span style="font-weight: 400;">http://store.visionrecordings.nl</span></a></p>
<p><span style="font-weight: 400;"> Listen to our Spotify playlist &rarr; &zwnj;​​​&zwnj;</span><a href="https://gate.sc/?url=http%3A%2F%2Fsptfy.com%2F5nap&token=24e37-1-1655303983383"><span style="font-weight: 400;">sptfy.com/5nap</span></a></p>
<p>&nbsp;</p>
<p><span style="font-weight: 400;">Follow @</span><a href="https://soundcloud.com/VISIONrecordings"><span style="font-weight: 400;">VISIONrecordings</span></a></p>
<p><span style="font-weight: 400;">Twitter: </span><a href="https://gate.sc/?url=http%3A%2F%2Ftwitter.com%2Fvisionrecs&token=b676f0-1-1655303983383"><span style="font-weight: 400;">twitter.com/visionrecs</span></a></p>
<p><span style="font-weight: 400;">Instagram: </span><a href="https://gate.sc/?url=http%3A%2F%2Finstagram.com%2Fvisionrecordings&token=f0c756-1-1655303983383"><span style="font-weight: 400;">instagram.com/visionrecordings</span></a></p>
<p><span style="font-weight: 400;">Facebook: </span><a href="https://gate.sc/?url=http%3A%2F%2Ffacebook.com%2FVisionRecordings&token=1ddd11-1-1655303983383"><span style="font-weight: 400;">facebook.com/VisionRecordings</span></a></p>
<p><span style="font-weight: 400;">Spotify: </span><a href="https://gate.sc/?url=http%3A%2F%2Fplay.spotify.com%2Fuser%2Fvisionrecordings&token=1b94ae-1-1655303983383"><span style="font-weight: 400;">play.spotify.com/user/visionrecordings</span></a></p>
<p>&nbsp;</p>
<p><span style="font-weight: 400;">Dez - She Said &bull; VISION</span></p>
<p><span style="font-weight: 400;">Dez - 100% Herb &bull; VISION</span></p>
<p><span style="font-weight: 400;">Dunk - Heisenberg &bull; DUB</span></p>
<p><span style="font-weight: 400;">DJ Ride - ID &bull; DUB</span></p>
<p><span style="font-weight: 400;">Dez - Bounty &bull; VISION</span></p>
<p><span style="font-weight: 400;">Shield - Horror Movie (Razat Remix) &bull; DUB</span></p>
<p><span style="font-weight: 400;">DJ Hazard - Meaning of Life &bull; HAZARDOUS MATERIAL</span></p>
<p><span style="font-weight: 400;">Dez - Metahedron &bull; DUB</span></p>
<p><span style="font-weight: 400;">Resslek - Waek &bull; DUB</span></p>
<p><span style="font-weight: 400;">Dez - Outbreak &bull; DUB</span></p>
<p><span style="font-weight: 400;">Replicant x Profile - Ghetto Hot VIP &bull; DUB</span></p>
<p><span style="font-weight: 400;">Dez - Crush &bull; DUB</span></p>
<p><span style="font-weight: 400;">Lockerz - The Noise (T95 Remix) &bull; PICK&rsquo;N&rsquo;MIX</span></p>
<p><span style="font-weight: 400;">Dez - Detuned &bull; DUB</span></p>
<p><span style="font-weight: 400;">Alakazam - Umbra &bull; SINFUL MAZE</span></p>
<p><span style="font-weight: 400;">Dez - So Beautiful &bull; DUB</span></p>
<p><span style="font-weight: 400;">Speaker Louis - Flip The Fader (Molecular Remix) &bull; HYPERACTIVITY</span></p>
<p><span style="font-weight: 400;">Dez x Dunk - Fatal Blow &bull; DUB</span></p>
<p><span style="font-weight: 400;">The Upbeats - Octo &bull; VISION</span></p>
<p><span style="font-weight: 400;">Version - One Step Ahead &bull; DUB</span></p>
<p><span style="font-weight: 400;">Dez - Selecta &bull; VISION</span></p>
<p><span style="font-weight: 400;">Rohaan - Musket (ft. Flowdan) &bull; HARD &bull; VISION RADIO RELOAD</span></p>
<p><span style="font-weight: 400;">Taxman - Ashanti MK2 &bull; DUB</span></p>
<p><span style="font-weight: 400;">Fred again.. x Skrillex x Four Tet - Baby again (The Outsiders Bootleg) &bull; SOUNDCLOUD</span></p>
<p><span style="font-weight: 400;">Minor Forms & Kublai - Lift Music &bull; C.I.A.</span></p>
<p><span style="font-weight: 400;">DJ Marky - Natural Feeling (ft. Charli Brix & Alibi) &bull; SHOGUN</span></p>')
      ;

        -- TODO: INSERT OR REPLACE once fixed in SKDB...
        -- INSERT OR REPLACE INTO library_artists
        DELETE FROM library_artists WHERE id = 'podcast:artist:clgz9riqw000d3b6emzyjak9r-clgz9riqy000j3b6e3doijfmd';
        INSERT INTO library_artists
        (id, name, imageUrl, colorsString)
        values ('podcast:artist:clgz9riqw000d3b6emzyjak9r-clgz9riqy000j3b6e3doijfmd', 'VISION Radio', 'https://episodes.castos.com/6138cb87d83982-66320119/images/itunes-image.png', null)
      ;

        INSERT INTO library_tracks_artists
        (trackId, artistId)
        values ('podcast:track:clgz9riqy000h3b6e5mbllb8g', 'podcast:artist:clgz9riqw000d3b6emzyjak9r-clgz9riqy000j3b6e3doijfmd')
      ;

        -- TODO: INSERT OR REPLACE once fixed in SKDB...
        -- INSERT OR REPLACE INTO library_albums
        DELETE FROM library_albums WHERE id = 'podcast:album:clgz9riqw000d3b6emzyjak9r-clgz9riqy000i3b6e14a752ds';
        INSERT INTO library_albums
        (id, name, colorsString, imageUrl, trackCount, releaseDate, copyrights)
        values ('podcast:album:clgz9riqw000d3b6emzyjak9r-clgz9riqy000i3b6e14a752ds', 'VISION Radio', null, 'https://episodes.castos.com/6138cb87d83982-66320119/images/itunes-image.png', 1, null, null)
      ;

        INSERT INTO library_tracks_playlists
                (trackId, playlistId, trackIndex, addedAtTimestamp)
                values ('podcast:track:clgz9riqy000h3b6e5mbllb8g', 'podcast:playlist:clgz9riqw000d3b6emzyjak9r', 1, 1681916400000)
      ;

        -- TODO: INSERT OR REPLACE once fixed in SKDB...
        -- INSERT OR REPLACE INTO library_tracks
        DELETE FROM library_tracks WHERE id = 'podcast:track:clgz9riqy000k3b6e4u9m0tuy'; 
        INSERT INTO library_tracks
                (id, name, albumId, trackNumber, durationMs, isrc, imageUrl, audioUrl, externalLink, description)
                values ('podcast:track:clgz9riqy000k3b6e4u9m0tuy', 'VISION Radio S03E15', 'podcast:album:clgz9riqw000d3b6emzyjak9r-clgz9riqy000l3b6ejtcl0zj3', 0, 3600000, null, 'https://episodes.castos.com/6138cb87d83982-66320119/images/1457111/s03e15.jpg', 'https://episodes.castos.com/6138cb87d83982-66320119/1457111/VISION-Radio-S03E15.mp3', 'https://visionradio.castos.com/episodes/vision-radio-s03e15', '<p><span style="font-weight: 400;"> Tune in via &rarr; </span><a href="https://gate.sc/?url=http%3A%2F%2Fvisionrecordings.nl%2Fradio&token=ece4d-1-1655303983383"><span style="font-weight: 400;">visionrecordings.nl/radio</span></a></p>
<p><span style="font-weight: 400;"> Subscribe to our YouTube channel &rarr; </span><a href="https://gate.sc/?url=http%3A%2F%2Fyoutube.com%2Fvisionrecs&token=b30d84-1-1655303983383"><span style="font-weight: 400;">youtube.com/visionrecs</span></a></p>
<p>&nbsp;</p>
<p><span style="font-weight: 400;">We premiere the &lsquo;Selecta&rsquo; EP by Dez, with the eponymous title track. Out this Friday on VISION! More new music by Secula, Simula, Hyroglifics, Nitepunk, Rohaan and more.. Enjoy!</span></p>
<p>&nbsp;</p>
<p><span style="font-weight: 400;"> Join us on Discord &rarr; </span><a href="https://gate.sc/?url=http%3A%2F%2Fdiscord.gg%2Fvisionrecordings&token=ff3d7e-1-1655303983383"><span style="font-weight: 400;">discord.gg/visionrecordings</span></a></p>
<p><span style="font-weight: 400;"> Support via Patreon &rarr; </span><a href="https://gate.sc/?url=http%3A%2F%2Fpatreon.com%2Fvisionrecordings&token=684bf3-1-1655303983383"><span style="font-weight: 400;">patreon.com/visionrecordings</span></a></p>
<p><span style="font-weight: 400;"> Shop on our Webstore &rarr; </span><a href="https://gate.sc/?url=http%3A%2F%2Fstore.visionrecordings.nl&token=303f15-1-1655303983383"><span style="font-weight: 400;">http://store.visionrecordings.nl</span></a></p>
<p><span style="font-weight: 400;"> Listen to our Spotify playlist &rarr; &zwnj;​​​&zwnj;</span><a href="https://gate.sc/?url=http%3A%2F%2Fsptfy.com%2F5nap&token=24e37-1-1655303983383"><span style="font-weight: 400;">sptfy.com/5nap</span></a></p>
<p>&nbsp;</p>
<p><span style="font-weight: 400;">Follow @</span><a href="https://soundcloud.com/VISIONrecordings"><span style="font-weight: 400;">VISIONrecordings</span></a></p>
<p><span style="font-weight: 400;">Twitter: </span><a href="https://gate.sc/?url=http%3A%2F%2Ftwitter.com%2Fvisionrecs&token=b676f0-1-1655303983383"><span style="font-weight: 400;">twitter.com/visionrecs</span></a></p>
<p><span style="font-weight: 400;">Instagram: </span><a href="https://gate.sc/?url=http%3A%2F%2Finstagram.com%2Fvisionrecordings&token=f0c756-1-1655303983383"><span style="font-weight: 400;">instagram.com/visionrecordings</span></a></p>
<p><span style="font-weight: 400;">Facebook: </span><a href="https://gate.sc/?url=http%3A%2F%2Ffacebook.com%2FVisionRecordings&token=1ddd11-1-1655303983383"><span style="font-weight: 400;">facebook.com/VisionRecordings</span></a></p>
<p><span style="font-weight: 400;">Spotify: </span><a href="https://gate.sc/?url=http%3A%2F%2Fplay.spotify.com%2Fuser%2Fvisionrecordings&token=1b94ae-1-1655303983383"><span style="font-weight: 400;">play.spotify.com/user/visionrecordings</span></a></p>
<p>&nbsp;</p>
<p><span style="font-weight: 400;">Dez - Selecta &bull; VISION</span></p>
<p><span style="font-weight: 400;">Mefjus & Camo & Krooked - Break Away (Secula Remix) &bull; MODUS</span></p>
<p><span style="font-weight: 400;">Hyroglifics - Albany Road &bull; CRITICAL</span></p>
<p><span style="font-weight: 400;">IMANU & KUCKA - It&rsquo;s Our Destiny (Nitepunk Remix) &bull; DEADBEATS</span></p>
<p><span style="font-weight: 400;">CrucifyMe - Tuff &bull; SINUOUS</span></p>
<p><span style="font-weight: 400;">Black Barrel - Keep The Beat Going (Envy Remix) &bull; DISPATCH</span></p>
<p><span style="font-weight: 400;">Rohaan - Musket ft. Flowdan &bull; HARD</span></p>
<p><span style="font-weight: 400;">Bop x Subwave - Rave I Didnt Know Was The Last (Enei Remix) &bull; HOSPITAL</span></p>
<p><span style="font-weight: 400;">Lowriderz - Ravers (VIP) &bull; OZRIDERS</span></p>
<p><span style="font-weight: 400;">Calyx - Feel The Sway &bull; CRITICAL</span></p>
<p><span style="font-weight: 400;">Kumo & Drowzee - Intentions &bull; KUMO</span></p>
<p><span style="font-weight: 400;">Burr Oak - Somewhere We Belong &bull; EATBRAIN</span></p>
<p><span style="font-weight: 400;">REPAIR - Prophet &bull; PILOT</span></p>
<p><span style="font-weight: 400;">Molokai - Quinoa &bull; ALPHA PUP</span></p>
<p><span style="font-weight: 400;">XOHNE - Chapter 1 &bull; SELF RELEASE</span></p>
<p><span style="font-weight: 400;">Simula - Basilisk &bull; ELEVATED</span></p>
<p><span style="font-weight: 400;">Samurai Breaks & Toby Ross - Ultra Tekky Cat Dance &bull; EXODUS</span></p>
<p><span style="font-weight: 400;">Sorza - Augmented Reality (DJ Ride Remix) &bull; ALPHA PUP</span></p>
<p><span style="font-weight: 400;">Blinde - Cursed &bull; FLEXOUT</span></p>
<p><span style="font-weight: 400;">Moytra - I Got This &bull; DATA</span></p>
<p><span style="font-weight: 400;">ABLE - Clembo &bull; FLEXOUT</span></p>
<p><span style="font-weight: 400;">Thys - Lights Down Low &bull; VISION &bull; VISION RADIO RELOAD</span></p>
<p><span style="font-weight: 400;">COIDO - Yes or NO &bull; YUKU</span></p>')
      ;

        -- TODO: INSERT OR REPLACE once fixed in SKDB...
        -- INSERT OR REPLACE INTO library_artists
        DELETE FROM library_artists WHERE id = 'podcast:artist:clgz9riqw000d3b6emzyjak9r-clgz9riqy000m3b6enn2b1veo';
        INSERT INTO library_artists
        (id, name, imageUrl, colorsString)
        values ('podcast:artist:clgz9riqw000d3b6emzyjak9r-clgz9riqy000m3b6enn2b1veo', 'VISION Radio', 'https://episodes.castos.com/6138cb87d83982-66320119/images/itunes-image.png', null)
      ;

        INSERT INTO library_tracks_artists
        (trackId, artistId)
        values ('podcast:track:clgz9riqy000k3b6e4u9m0tuy', 'podcast:artist:clgz9riqw000d3b6emzyjak9r-clgz9riqy000m3b6enn2b1veo')
      ;

        -- TODO: INSERT OR REPLACE once fixed in SKDB...
        -- INSERT OR REPLACE INTO library_albums
        DELETE FROM library_albums WHERE id = 'podcast:album:clgz9riqw000d3b6emzyjak9r-clgz9riqy000l3b6ejtcl0zj3';
        INSERT INTO library_albums
        (id, name, colorsString, imageUrl, trackCount, releaseDate, copyrights)
        values ('podcast:album:clgz9riqw000d3b6emzyjak9r-clgz9riqy000l3b6ejtcl0zj3', 'VISION Radio', null, 'https://episodes.castos.com/6138cb87d83982-66320119/images/itunes-image.png', 1, null, null)
      ;

        INSERT INTO library_tracks_playlists
                (trackId, playlistId, trackIndex, addedAtTimestamp)
                values ('podcast:track:clgz9riqy000k3b6e4u9m0tuy', 'podcast:playlist:clgz9riqw000d3b6emzyjak9r', 2, 1681311600000)
      ;

        -- TODO: INSERT OR REPLACE once fixed in SKDB...
        -- INSERT OR REPLACE INTO library_tracks
        DELETE FROM library_tracks WHERE id = 'podcast:track:clgz9riqy000n3b6eq3tyhpp6'; 
        INSERT INTO library_tracks
                (id, name, albumId, trackNumber, durationMs, isrc, imageUrl, audioUrl, externalLink, description)
                values ('podcast:track:clgz9riqy000n3b6eq3tyhpp6', 'VISION Radio S03E14', 'podcast:album:clgz9riqw000d3b6emzyjak9r-clgz9riqy000o3b6ecbpcc7ie', 0, 4468000, null, 'https://episodes.castos.com/6138cb87d83982-66320119/images/1452652/s03e14-sc.jpg', 'https://episodes.castos.com/6138cb87d83982-66320119/1452652/VISION-Radio-S03E14.mp3', 'https://visionradio.castos.com/episodes/vision-radio-s03e14', '<p><span style="font-weight: 400;"> Tune in via &rarr; </span><a href="https://gate.sc/?url=http%3A%2F%2Fvisionrecordings.nl%2Fradio&token=ece4d-1-1655303983383"><span style="font-weight: 400;">visionrecordings.nl/radio</span></a></p>
<p><span style="font-weight: 400;"> Subscribe to our YouTube channel &rarr; </span><a href="https://gate.sc/?url=http%3A%2F%2Fyoutube.com%2Fvisionrecs&token=b30d84-1-1655303983383"><span style="font-weight: 400;">youtube.com/visionrecs</span></a></p>
<p>&nbsp;</p>
<p><span style="font-weight: 400;">Thys & Nikki Nair take over! We&rsquo;re celebrating the release of the &lsquo;Shoudler To Shoulder&rsquo; EP by Thys, featuring Nikki Nair, Two Fingers, Dj ADHD & Nicholas Thayer. Out now on VISION!</span></p>
<p>&nbsp;</p>
<p><span style="font-weight: 400;"> Join us on Discord &rarr; </span><a href="https://gate.sc/?url=http%3A%2F%2Fdiscord.gg%2Fvisionrecordings&token=ff3d7e-1-1655303983383"><span style="font-weight: 400;">discord.gg/visionrecordings</span></a></p>
<p><span style="font-weight: 400;"> Support via Patreon &rarr; </span><a href="https://gate.sc/?url=http%3A%2F%2Fpatreon.com%2Fvisionrecordings&token=684bf3-1-1655303983383"><span style="font-weight: 400;">patreon.com/visionrecordings</span></a></p>
<p><span style="font-weight: 400;"> Shop on our Webstore &rarr; </span><a href="https://gate.sc/?url=http%3A%2F%2Fstore.visionrecordings.nl&token=303f15-1-1655303983383"><span style="font-weight: 400;">http://store.visionrecordings.nl</span></a></p>
<p><span style="font-weight: 400;"> Listen to our Spotify playlist &rarr; &zwnj;​​​&zwnj;</span><a href="https://gate.sc/?url=http%3A%2F%2Fsptfy.com%2F5nap&token=24e37-1-1655303983383"><span style="font-weight: 400;">sptfy.com/5nap</span></a></p>
<p>&nbsp;</p>
<p><span style="font-weight: 400;">Follow @</span><a href="https://soundcloud.com/VISIONrecordings"><span style="font-weight: 400;">VISIONrecordings</span></a></p>
<p><span style="font-weight: 400;">Twitter: </span><a href="https://gate.sc/?url=http%3A%2F%2Ftwitter.com%2Fvisionrecs&token=b676f0-1-1655303983383"><span style="font-weight: 400;">twitter.com/visionrecs</span></a></p>
<p><span style="font-weight: 400;">Instagram: </span><a href="https://gate.sc/?url=http%3A%2F%2Finstagram.com%2Fvisionrecordings&token=f0c756-1-1655303983383"><span style="font-weight: 400;">instagram.com/visionrecordings</span></a></p>
<p><span style="font-weight: 400;">Facebook: </span><a href="https://gate.sc/?url=http%3A%2F%2Ffacebook.com%2FVisionRecordings&token=1ddd11-1-1655303983383"><span style="font-weight: 400;">facebook.com/VisionRecordings</span></a></p>
<p><span style="font-weight: 400;">Spotify: </span><a href="https://gate.sc/?url=http%3A%2F%2Fplay.spotify.com%2Fuser%2Fvisionrecordings&token=1b94ae-1-1655303983383"><span style="font-weight: 400;">play.spotify.com/user/visionrecordings</span></a></p>
<p>&nbsp;</p>
<p><span style="font-weight: 400;">Thys & Nikki Nair & DJ ADHD - Sun &bull; VISION</span></p>
<p><span style="font-weight: 400;">Thys - Lights Down Low &bull; VISION</span></p>
<p><span style="font-weight: 400;">Skrillex & Nai Barghouti - Xena (Thys Edit) &bull; UNRELEASED</span></p>
<p><span style="font-weight: 400;">Sam Binga and Nikki Nair - The Only Way Out &bull; PINEAPPLE</span></p>
<p><span style="font-weight: 400;">GRRL - Operator &bull; MAGIC CITY</span></p>
<p><span style="font-weight: 400;">Beastie Boys - Intergalactic (Thys Edit) &bull; UNRELEASED</span></p>
<p><span style="font-weight: 400;">Samurai Breaks & Toby Ross - Dis Wan &bull; EXODUS</span></p>
<p><span style="font-weight: 400;">Thys - BANANANANANANAS &bull; DUB</span></p>
<p><span style="font-weight: 400;">Thys & Nikki Nair - Break Through &bull; VISION</span></p>
<p><span style="font-weight: 400;">Mantra - Damaged &bull; SNEAKER SOCIAL CLUB</span></p>
<p><span style="font-weight: 400;">Clouds - Corestyle &bull; PERC TRAX</span></p>
<p><span style="font-weight: 400;">Hamdi - Skanka (Nikki Nair Remix) &bull; BASSRUSH</span></p>
<p><span style="font-weight: 400;">Thys & Two Fingers - Hodo Skanka Baile MASH &bull; DUB</span></p>
<p><span style="font-weight: 400;">Laksa - Mind &bull; RELAX</span></p>
<p><span style="font-weight: 400;">DJ ADHD & Chloe Robinson & Nikki Nair - Get In The Bin &bull; HE.SHE.THEY</span></p>
<p><span style="font-weight: 400;">Octoptic - Pareidolia &bull; BANDCAMP</span></p>
<p><span style="font-weight: 400;">Amor Satyr - Trust Me &bull; CLOUDCORE</span></p>
<p><span style="font-weight: 400;">Addison Groove - Elevator &bull; PRETTY WEIRD</span></p>
<p><span style="font-weight: 400;">Thys & Nicholas Thayer - Go Again &bull; VISION &bull; VISION RADIO RELOAD</span></p>
<p><span style="font-weight: 400;">Thys - I Am A Strange Loop &bull; VISION</span></p>
<p><span style="font-weight: 400;">Thys - Dissolve &bull; VISION</span></p>
<p><span style="font-weight: 400;">Amy Kisnorbo & Sam Binga - Shake &bull; PINEAPPLE</span></p>
<p><span style="font-weight: 400;">Thys & Two Fingers - HODO (SLK EDIT) &bull; VISION</span></p>
<p><span style="font-weight: 400;">Kahn & Neek - Rally feat. Riko Dan, Killa P, Irah, Long Range & Armour &bull; KAHN&NEEK</span></p>')
      ;

        -- TODO: INSERT OR REPLACE once fixed in SKDB...
        -- INSERT OR REPLACE INTO library_artists
        DELETE FROM library_artists WHERE id = 'podcast:artist:clgz9riqw000d3b6emzyjak9r-clgz9riqy000p3b6eff12zrq6';
        INSERT INTO library_artists
        (id, name, imageUrl, colorsString)
        values ('podcast:artist:clgz9riqw000d3b6emzyjak9r-clgz9riqy000p3b6eff12zrq6', 'VISION Radio', 'https://episodes.castos.com/6138cb87d83982-66320119/images/itunes-image.png', null)
      ;

        INSERT INTO library_tracks_artists
        (trackId, artistId)
        values ('podcast:track:clgz9riqy000n3b6eq3tyhpp6', 'podcast:artist:clgz9riqw000d3b6emzyjak9r-clgz9riqy000p3b6eff12zrq6')
      ;

        -- TODO: INSERT OR REPLACE once fixed in SKDB...
        -- INSERT OR REPLACE INTO library_albums
        DELETE FROM library_albums WHERE id = 'podcast:album:clgz9riqw000d3b6emzyjak9r-clgz9riqy000o3b6ecbpcc7ie';
        INSERT INTO library_albums
        (id, name, colorsString, imageUrl, trackCount, releaseDate, copyrights)
        values ('podcast:album:clgz9riqw000d3b6emzyjak9r-clgz9riqy000o3b6ecbpcc7ie', 'VISION Radio', null, 'https://episodes.castos.com/6138cb87d83982-66320119/images/itunes-image.png', 1, null, null)
      ;

        INSERT INTO library_tracks_playlists
                (trackId, playlistId, trackIndex, addedAtTimestamp)
                values ('podcast:track:clgz9riqy000n3b6eq3tyhpp6', 'podcast:playlist:clgz9riqw000d3b6emzyjak9r', 3, 1680706800000)
      ;

        -- TODO: INSERT OR REPLACE once fixed in SKDB...
        -- INSERT OR REPLACE INTO library_tracks
        DELETE FROM library_tracks WHERE id = 'podcast:track:clgz9riqy000q3b6e9sgo7c24'; 
        INSERT INTO library_tracks
                (id, name, albumId, trackNumber, durationMs, isrc, imageUrl, audioUrl, externalLink, description)
                values ('podcast:track:clgz9riqy000q3b6e9sgo7c24', 'VISION Radio S03E13', 'podcast:album:clgz9riqw000d3b6emzyjak9r-clgz9riqy000r3b6edzzso0cm', 0, 3600000, null, 'https://episodes.castos.com/6138cb87d83982-66320119/images/1447033/folder.jpg', 'https://episodes.castos.com/6138cb87d83982-66320119/1447033/VISION-Radio-S03E13.mp3', 'https://visionradio.castos.com/episodes/vision-radio-s03e13', '<p><span style="font-weight: 400;"> Tune in via &rarr; </span><a href="https://gate.sc/?url=http%3A%2F%2Fvisionrecordings.nl%2Fradio&token=ece4d-1-1655303983383"><span style="font-weight: 400;">visionrecordings.nl/radio</span></a></p>
<p><span style="font-weight: 400;"> Subscribe to our YouTube channel &rarr; </span><a href="https://gate.sc/?url=http%3A%2F%2Fyoutube.com%2Fvisionrecs&token=b30d84-1-1655303983383"><span style="font-weight: 400;">youtube.com/visionrecs</span></a></p>
<p>&nbsp;</p>
<p><span style="font-weight: 400;">The &lsquo;Shoulder To Shoulder&rsquo; EP by Thys is out tomorrow on VISION! We play &lsquo;Go Again&rsquo; with Nicholas Thayer, and new music by Basshunterz, Klinical, Falcon, Skrillex & Posij, Molokai, Edit and more.. Enjoy!</span></p>
<p>&nbsp;</p>
<p><span style="font-weight: 400;"> Join us on Discord &rarr; </span><a href="https://gate.sc/?url=http%3A%2F%2Fdiscord.gg%2Fvisionrecordings&token=ff3d7e-1-1655303983383"><span style="font-weight: 400;">discord.gg/visionrecordings</span></a></p>
<p><span style="font-weight: 400;"> Support via Patreon &rarr; </span><a href="https://gate.sc/?url=http%3A%2F%2Fpatreon.com%2Fvisionrecordings&token=684bf3-1-1655303983383"><span style="font-weight: 400;">patreon.com/visionrecordings</span></a></p>
<p><span style="font-weight: 400;"> Shop on our Webstore &rarr; </span><a href="https://gate.sc/?url=http%3A%2F%2Fstore.visionrecordings.nl&token=303f15-1-1655303983383"><span style="font-weight: 400;">http://store.visionrecordings.nl</span></a></p>
<p><span style="font-weight: 400;"> Listen to our Spotify playlist &rarr; &zwnj;​​​&zwnj;</span><a href="https://gate.sc/?url=http%3A%2F%2Fsptfy.com%2F5nap&token=24e37-1-1655303983383"><span style="font-weight: 400;">sptfy.com/5nap</span></a></p>
<p>&nbsp;</p>
<p><span style="font-weight: 400;">Follow @</span><a href="https://soundcloud.com/VISIONrecordings"><span style="font-weight: 400;">VISIONrecordings</span></a></p>
<p><span style="font-weight: 400;">Twitter: </span><a href="https://gate.sc/?url=http%3A%2F%2Ftwitter.com%2Fvisionrecs&token=b676f0-1-1655303983383"><span style="font-weight: 400;">twitter.com/visionrecs</span></a></p>
<p><span style="font-weight: 400;">Instagram: </span><a href="https://gate.sc/?url=http%3A%2F%2Finstagram.com%2Fvisionrecordings&token=f0c756-1-1655303983383"><span style="font-weight: 400;">instagram.com/visionrecordings</span></a></p>
<p><span style="font-weight: 400;">Facebook: </span><a href="https://gate.sc/?url=http%3A%2F%2Ffacebook.com%2FVisionRecordings&token=1ddd11-1-1655303983383"><span style="font-weight: 400;">facebook.com/VisionRecordings</span></a></p>
<p><span style="font-weight: 400;">Spotify: </span><a href="https://gate.sc/?url=http%3A%2F%2Fplay.spotify.com%2Fuser%2Fvisionrecordings&token=1b94ae-1-1655303983383"><span style="font-weight: 400;">play.spotify.com/user/visionrecordings</span></a></p>
<p>&nbsp;</p>
<p><span style="font-weight: 400;">Thys & Nicholas Thayer - Go Again &bull; VISION</span></p>
<p><span style="font-weight: 400;">Basshunterz - BAPTISM &bull; AUDIO ADDICT</span></p>
<p><span style="font-weight: 400;">Klinical - Forbidden &bull; CRITICAL</span></p>
<p><span style="font-weight: 400;">Kahn & Neek - War Start (Ft. Flowdan & Riko Dan) &bull; KAHN & NEEK</span></p>
<p><span style="font-weight: 400;">Moytra - Slough &bull; DATA</span></p>
<p><span style="font-weight: 400;">Hamdi - Skanka (Nikki Nair Remix) &bull; DUPLOC</span></p>
<p><span style="font-weight: 400;">Falcon - Evolve &bull; BLACKOUT</span></p>
<p><span style="font-weight: 400;">Skrillex, Posij, Swae Lee, SiiickBrain - TOO BIZARRE (juked) &bull; OWSLA</span></p>
<p><span style="font-weight: 400;">Manual - Isolation &bull; BAGGED & TAGGED</span></p>
<p><span style="font-weight: 400;">YAANO - Cicada &bull; OVERVIEW</span></p>
<p><span style="font-weight: 400;">TToten & Sec - Anything &bull; SLOW ROAST</span></p>
<p><span style="font-weight: 400;">Nami - All Over Again &bull; OVERVIEW</span></p>
<p><span style="font-weight: 400;">Jubei & Workforce - The Variant &bull; CARBON</span></p>
<p><span style="font-weight: 400;">Molokai - Envoy &bull; ALPHA PUP</span></p>
<p><span style="font-weight: 400;">Jey Vinand - Osumbana &bull; SOUTH YARD</span></p>
<p><span style="font-weight: 400;">Edit - Wikd Bad &bull; CIA</span></p>
<p><span style="font-weight: 400;">Censored The Audio & JuLo - OPIA BLADE &bull; LAFYTE</span></p>
<p><span style="font-weight: 400;">BITE ME - Loveletter &bull; DEEP IN THE JUNGLE</span></p>
<p><span style="font-weight: 400;">Sorza - Ego Dissolution (Trinist Remix) &bull; ALPHA PUP &bull; VISION RADIO RELOAD</span></p>
<p><span style="font-weight: 400;">Prestige - Survivor &bull; RAM</span></p>
<p><span style="font-weight: 400;">Fanu - Reverse Dawn (Mister Shifter Remix) &bull; DISPATCH</span></p>
<p><span style="font-weight: 400;">Last Life - Tensor &bull; SAMURAI</span></p>
<p><span style="font-weight: 400;">deltaV - Incessant &bull; SOUNDCLOUD</span></p>')
      ;

        -- TODO: INSERT OR REPLACE once fixed in SKDB...
        -- INSERT OR REPLACE INTO library_artists
        DELETE FROM library_artists WHERE id = 'podcast:artist:clgz9riqw000d3b6emzyjak9r-clgz9riqy000s3b6eal3hu6r3';
        INSERT INTO library_artists
        (id, name, imageUrl, colorsString)
        values ('podcast:artist:clgz9riqw000d3b6emzyjak9r-clgz9riqy000s3b6eal3hu6r3', 'VISION Radio', 'https://episodes.castos.com/6138cb87d83982-66320119/images/itunes-image.png', null)
      ;

        INSERT INTO library_tracks_artists
        (trackId, artistId)
        values ('podcast:track:clgz9riqy000q3b6e9sgo7c24', 'podcast:artist:clgz9riqw000d3b6emzyjak9r-clgz9riqy000s3b6eal3hu6r3')
      ;

        -- TODO: INSERT OR REPLACE once fixed in SKDB...
        -- INSERT OR REPLACE INTO library_albums
        DELETE FROM library_albums WHERE id = 'podcast:album:clgz9riqw000d3b6emzyjak9r-clgz9riqy000r3b6edzzso0cm';
        INSERT INTO library_albums
        (id, name, colorsString, imageUrl, trackCount, releaseDate, copyrights)
        values ('podcast:album:clgz9riqw000d3b6emzyjak9r-clgz9riqy000r3b6edzzso0cm', 'VISION Radio', null, 'https://episodes.castos.com/6138cb87d83982-66320119/images/itunes-image.png', 1, null, null)
      ;

        INSERT INTO library_tracks_playlists
                (trackId, playlistId, trackIndex, addedAtTimestamp)
                values ('podcast:track:clgz9riqy000q3b6e9sgo7c24', 'podcast:playlist:clgz9riqw000d3b6emzyjak9r', 4, 1680102000000)
      ;

        -- TODO: INSERT OR REPLACE once fixed in SKDB...
        -- INSERT OR REPLACE INTO library_tracks
        DELETE FROM library_tracks WHERE id = 'podcast:track:clgz9riqy000t3b6ey93s5sb3'; 
        INSERT INTO library_tracks
                (id, name, albumId, trackNumber, durationMs, isrc, imageUrl, audioUrl, externalLink, description)
                values ('podcast:track:clgz9riqy000t3b6ey93s5sb3', 'VISION Radio S03E12', 'podcast:album:clgz9riqw000d3b6emzyjak9r-clgz9riqy000u3b6entvi5fos', 0, 3600000, null, 'https://episodes.castos.com/6138cb87d83982-66320119/images/1441873/VR-SE3-SC-Thumbnails-3000x300012.jpg', 'https://episodes.castos.com/6138cb87d83982-66320119/1441873/VISION-Radio-S03E12.mp3', 'https://visionradio.castos.com/episodes/vision-radio-s03e12', '<p><span style="font-weight: 400;"> Tune in via &rarr; </span><a href="https://gate.sc/?url=http%3A%2F%2Fvisionrecordings.nl%2Fradio&token=ece4d-1-1655303983383"><span style="font-weight: 400;">visionrecordings.nl/radio</span></a></p>
<p><span style="font-weight: 400;"> Subscribe to our YouTube channel &rarr; </span><a href="https://gate.sc/?url=http%3A%2F%2Fyoutube.com%2Fvisionrecs&token=b30d84-1-1655303983383"><span style="font-weight: 400;">youtube.com/visionrecs</span></a></p>
<p>&nbsp;</p>
<p><span style="font-weight: 400;">Trinist remixes Sorza, T.I & D*Minds remix Dj Zinc, and The Caracal Project collaborates with William Light. New music by Skrillex, Black Sun Empire, LeSTR, Mefjus, Zombie Cats and more.. Enjoy!</span></p>
<p>&nbsp;</p>
<p><span style="font-weight: 400;"> Join us on Discord &rarr; </span><a href="https://gate.sc/?url=http%3A%2F%2Fdiscord.gg%2Fvisionrecordings&token=ff3d7e-1-1655303983383"><span style="font-weight: 400;">discord.gg/visionrecordings</span></a></p>
<p><span style="font-weight: 400;"> Support via Patreon &rarr; </span><a href="https://gate.sc/?url=http%3A%2F%2Fpatreon.com%2Fvisionrecordings&token=684bf3-1-1655303983383"><span style="font-weight: 400;">patreon.com/visionrecordings</span></a></p>
<p><span style="font-weight: 400;"> Shop on our Webstore &rarr; </span><a href="https://gate.sc/?url=http%3A%2F%2Fstore.visionrecordings.nl&token=303f15-1-1655303983383"><span style="font-weight: 400;">http://store.visionrecordings.nl</span></a></p>
<p><span style="font-weight: 400;"> Listen to our Spotify playlist &rarr; &zwnj;​​​&zwnj;</span><a href="https://gate.sc/?url=http%3A%2F%2Fsptfy.com%2F5nap&token=24e37-1-1655303983383"><span style="font-weight: 400;">sptfy.com/5nap</span></a></p>
<p>&nbsp;</p>
<p><span style="font-weight: 400;">Follow @</span><a href="https://soundcloud.com/VISIONrecordings"><span style="font-weight: 400;">VISIONrecordings</span></a></p>
<p><span style="font-weight: 400;">Twitter: </span><a href="https://gate.sc/?url=http%3A%2F%2Ftwitter.com%2Fvisionrecs&token=b676f0-1-1655303983383"><span style="font-weight: 400;">twitter.com/visionrecs</span></a></p>
<p><span style="font-weight: 400;">Instagram: </span><a href="https://gate.sc/?url=http%3A%2F%2Finstagram.com%2Fvisionrecordings&token=f0c756-1-1655303983383"><span style="font-weight: 400;">instagram.com/visionrecordings</span></a></p>
<p><span style="font-weight: 400;">Facebook: </span><a href="https://gate.sc/?url=http%3A%2F%2Ffacebook.com%2FVisionRecordings&token=1ddd11-1-1655303983383"><span style="font-weight: 400;">facebook.com/VisionRecordings</span></a></p>
<p><span style="font-weight: 400;">Spotify: </span><a href="https://gate.sc/?url=http%3A%2F%2Fplay.spotify.com%2Fuser%2Fvisionrecordings&token=1b94ae-1-1655303983383"><span style="font-weight: 400;">play.spotify.com/user/visionrecordings</span></a></p>
<p>&nbsp;</p>
<p><span style="font-weight: 400;">Sorza - Ego Dissolution (Trinist Remix) &bull; ALPHA PUP</span></p>
<p><span style="font-weight: 400;">Dj Zinc - Super Sharp Shooter (T.I & D*Minds &lsquo;Run In The Jungle&rsquo; Remix) &bull; GANJA</span></p>
<p><span style="font-weight: 400;">William Light & The Caracal Project - Laminar &bull; PILOT</span></p>
<p><span style="font-weight: 400;">Aluna, Skrillex, & Kito - Inhale Exhale &bull; OWSLA</span></p>
<p><span style="font-weight: 400;">Redpill, Black Sun Empire & Virus Syndicate - Executionist &bull; BLACKOUT</span></p>
<p><span style="font-weight: 400;">LeStR - Question Mark &bull; TRES-2B</span></p>
<p><span style="font-weight: 400;">Enei - Imitate Process &bull; CRITICAL</span></p>
<p><span style="font-weight: 400;">Prestige - Bodyguard &bull; RAM</span></p>
<p><span style="font-weight: 400;">Skorpion x Sceptre - TEMPLE RUN &bull; A127T</span></p>
<p><span style="font-weight: 400;">Erotic Cafe - Alive &bull; 1MORETHING</span></p>
<p><span style="font-weight: 400;">Hamdi - Skanka (sumthin sumthin Remix) &bull; BASSRUSH</span></p>
<p><span style="font-weight: 400;">Leaf - Fire Links &bull; TRES-2B</span></p>
<p><span style="font-weight: 400;">Mefjus & Maksim MC - Twist Em VIP &bull; UKF</span></p>
<p><span style="font-weight: 400;">Kumo - Wavey &bull; DUB</span></p>
<p><span style="font-weight: 400;">Censored The Audio & JuLo - SESSION 4 &bull; DUB</span></p>
<p><span style="font-weight: 400;">Urbandawn X Alibi - Caramel &bull; HOSPITAL</span></p>
<p><span style="font-weight: 400;">Zombie Cats & Waeys - Left Nothing &bull; DISPATCH</span></p>
<p><span style="font-weight: 400;">Leo Cap - Vertigo &bull; LEO CAP</span></p>
<p><span style="font-weight: 400;">LNO - Charged Up (feat&nbsp; Slippy Skills) &bull; THE MOB RECORDINGS</span></p>
<p><span style="font-weight: 400;">Noisia & Halogenix - Wordless &bull; VISION &bull; VISION RADIO RELOAD</span></p>
<p><span style="font-weight: 400;">YHVHSQUAD - 寄生 (Ki-Sei) &bull; CONVEYOR</span></p>')
      ;

        -- TODO: INSERT OR REPLACE once fixed in SKDB...
        -- INSERT OR REPLACE INTO library_artists
        DELETE FROM library_artists WHERE id = 'podcast:artist:clgz9riqw000d3b6emzyjak9r-clgz9riqy000v3b6ei41x4awb';
        INSERT INTO library_artists
        (id, name, imageUrl, colorsString)
        values ('podcast:artist:clgz9riqw000d3b6emzyjak9r-clgz9riqy000v3b6ei41x4awb', 'VISION Radio', 'https://episodes.castos.com/6138cb87d83982-66320119/images/itunes-image.png', null)
      ;

        INSERT INTO library_tracks_artists
        (trackId, artistId)
        values ('podcast:track:clgz9riqy000t3b6ey93s5sb3', 'podcast:artist:clgz9riqw000d3b6emzyjak9r-clgz9riqy000v3b6ei41x4awb')
      ;

        -- TODO: INSERT OR REPLACE once fixed in SKDB...
        -- INSERT OR REPLACE INTO library_albums
        DELETE FROM library_albums WHERE id = 'podcast:album:clgz9riqw000d3b6emzyjak9r-clgz9riqy000u3b6entvi5fos';
        INSERT INTO library_albums
        (id, name, colorsString, imageUrl, trackCount, releaseDate, copyrights)
        values ('podcast:album:clgz9riqw000d3b6emzyjak9r-clgz9riqy000u3b6entvi5fos', 'VISION Radio', null, 'https://episodes.castos.com/6138cb87d83982-66320119/images/itunes-image.png', 1, null, null)
      ;

        INSERT INTO library_tracks_playlists
                (trackId, playlistId, trackIndex, addedAtTimestamp)
                values ('podcast:track:clgz9riqy000t3b6ey93s5sb3', 'podcast:playlist:clgz9riqw000d3b6emzyjak9r', 5, 1679500800000)
      ;

        -- TODO: INSERT OR REPLACE once fixed in SKDB...
        -- INSERT OR REPLACE INTO library_tracks
        DELETE FROM library_tracks WHERE id = 'podcast:track:clgz9riqy000w3b6e2osrttw8'; 
        INSERT INTO library_tracks
                (id, name, albumId, trackNumber, durationMs, isrc, imageUrl, audioUrl, externalLink, description)
                values ('podcast:track:clgz9riqy000w3b6e2osrttw8', 'VISION Radio S03E11', 'podcast:album:clgz9riqw000d3b6emzyjak9r-clgz9riqy000x3b6ejku4au89', 0, 3600000, null, 'https://episodes.castos.com/6138cb87d83982-66320119/images/1436288/folder.jpg', 'https://episodes.castos.com/6138cb87d83982-66320119/1436288/VISION-Radio-S03E11.mp3', 'https://visionradio.castos.com/episodes/vision-radio-s03e11', '<p><span style="font-weight: 400;"> Tune in via &rarr; </span><a href="https://gate.sc/?url=http%3A%2F%2Fvisionrecordings.nl%2Fradio&token=ece4d-1-1655303983383"><span style="font-weight: 400;">visionrecordings.nl/radio</span></a></p>
<p><span style="font-weight: 400;"> Subscribe to our YouTube channel &rarr; </span><a href="https://gate.sc/?url=http%3A%2F%2Fyoutube.com%2Fvisionrecs&token=b30d84-1-1655303983383"><span style="font-weight: 400;">youtube.com/visionrecs</span></a></p>
<p>&nbsp;</p>
<p><span style="font-weight: 400;">We play &lsquo;Break Through&rsquo; by Thys and Nikki Nair to announce the &lsquo;Shoulder To Shoulder&rsquo; EP by Thys, out March 31st on VISION. Halogenix drops in with a selection of VIPs and personal favorites. All this and more!</span></p>
<p>&nbsp;</p>
<p><span style="font-weight: 400;"> Join us on Discord &rarr; </span><a href="https://gate.sc/?url=http%3A%2F%2Fdiscord.gg%2Fvisionrecordings&token=ff3d7e-1-1655303983383"><span style="font-weight: 400;">discord.gg/visionrecordings</span></a></p>
<p><span style="font-weight: 400;"> Support via Patreon &rarr; </span><a href="https://gate.sc/?url=http%3A%2F%2Fpatreon.com%2Fvisionrecordings&token=684bf3-1-1655303983383"><span style="font-weight: 400;">patreon.com/visionrecordings</span></a></p>
<p><span style="font-weight: 400;"> Shop on our Webstore &rarr; </span><a href="https://gate.sc/?url=http%3A%2F%2Fstore.visionrecordings.nl&token=303f15-1-1655303983383"><span style="font-weight: 400;">http://store.visionrecordings.nl</span></a></p>
<p><span style="font-weight: 400;"> Listen to our Spotify playlist &rarr; &zwnj;​​​&zwnj;</span><a href="https://gate.sc/?url=http%3A%2F%2Fsptfy.com%2F5nap&token=24e37-1-1655303983383"><span style="font-weight: 400;">sptfy.com/5nap</span></a></p>
<p>&nbsp;</p>
<p><span style="font-weight: 400;">Follow @</span><a href="https://soundcloud.com/VISIONrecordings"><span style="font-weight: 400;">VISIONrecordings</span></a></p>
<p><span style="font-weight: 400;">Twitter: </span><a href="https://gate.sc/?url=http%3A%2F%2Ftwitter.com%2Fvisionrecs&token=b676f0-1-1655303983383"><span style="font-weight: 400;">twitter.com/visionrecs</span></a></p>
<p><span style="font-weight: 400;">Instagram: </span><a href="https://gate.sc/?url=http%3A%2F%2Finstagram.com%2Fvisionrecordings&token=f0c756-1-1655303983383"><span style="font-weight: 400;">instagram.com/visionrecordings</span></a></p>
<p><span style="font-weight: 400;">Facebook: </span><a href="https://gate.sc/?url=http%3A%2F%2Ffacebook.com%2FVisionRecordings&token=1ddd11-1-1655303983383"><span style="font-weight: 400;">facebook.com/VisionRecordings</span></a></p>
<p><span style="font-weight: 400;">Spotify: </span><a href="https://gate.sc/?url=http%3A%2F%2Fplay.spotify.com%2Fuser%2Fvisionrecordings&token=1b94ae-1-1655303983383"><span style="font-weight: 400;">play.spotify.com/user/visionrecordings</span></a></p>
<p>&nbsp;</p>
<p><span style="font-weight: 400;">Thys & Nikki Nair - Break Through &bull; VISION</span></p>
<p><span style="font-weight: 400;">King Of The Rollers (Feat. Chimpo) - Shella (Halogenix Remix VIP) &bull; HOSPITAL</span></p>
<p><span style="font-weight: 400;">Noisia & Halogenix - Wordless &bull; VISION</span></p>
<p><span style="font-weight: 400;">Halogenix - Ivory &bull; GEMINI GEMINI</span><span style="font-weight: 400;"><br /></span><span style="font-weight: 400;">Thys - Unwound (Feat. Lordel) &bull; VISION</span></p>
<p><span style="font-weight: 400;">Halogenix - Tekina VIP &bull; CRITICAL</span></p>
<p><span style="font-weight: 400;">Klinical - Forbidden &bull; CRITICAL</span></p>
<p><span style="font-weight: 400;">MISSIN - Assumption (Phace VIP) &bull; NEU</span></p>
<p><span style="font-weight: 400;">Skrillex, Missy Elliott & Mr. Oizo - RATATA &bull; OWLSA/ATLANTIC</span></p>
<p><span style="font-weight: 400;">Montesco - Trip E &bull; PARALLEL DEPTH</span></p>
<p><span style="font-weight: 400;">DROELOE x IMANU - CATALYST &bull; UKF</span></p>
<p><span style="font-weight: 400;">Nitepunk - I Know That You Know ft. X&G &bull; HARD</span></p>
<p><span style="font-weight: 400;">Bou - Fuck Jump Up (feat. B Live 247) &bull; DNBALLSTARS</span></p>
<p><span style="font-weight: 400;">Hukae - Magdonal Sprite No Ice &bull; DISCIPLE</span></p>
<p><span style="font-weight: 400;">Calibre - Drop It Down feat. Singing Fats &bull; SIGNATURE</span></p>
<p><span style="font-weight: 400;">TMSV - Organism &bull; PERFECT</span></p>
<p><span style="font-weight: 400;">Burr Oak - Symbolic &bull; EATBRAIN &bull;&nbsp; VISION RADIO RELOAD</span></p>
<p><span style="font-weight: 400;">Polarized - Tech Noir &bull; DELTA 9</span></p>
<p><span style="font-weight: 400;">TRAKA - HOOK$ (feat. BLOCKLAB) &bull; YUKU</span></p>
<p><span style="font-weight: 400;">Henry Greenleaf - Dog Eared &bull; YUKU</span></p>')
      ;

        -- TODO: INSERT OR REPLACE once fixed in SKDB...
        -- INSERT OR REPLACE INTO library_artists
        DELETE FROM library_artists WHERE id = 'podcast:artist:clgz9riqw000d3b6emzyjak9r-clgz9riqy000y3b6egs40hsu8';
        INSERT INTO library_artists
        (id, name, imageUrl, colorsString)
        values ('podcast:artist:clgz9riqw000d3b6emzyjak9r-clgz9riqy000y3b6egs40hsu8', 'VISION Radio', 'https://episodes.castos.com/6138cb87d83982-66320119/images/itunes-image.png', null)
      ;

        INSERT INTO library_tracks_artists
        (trackId, artistId)
        values ('podcast:track:clgz9riqy000w3b6e2osrttw8', 'podcast:artist:clgz9riqw000d3b6emzyjak9r-clgz9riqy000y3b6egs40hsu8')
      ;

        -- TODO: INSERT OR REPLACE once fixed in SKDB...
        -- INSERT OR REPLACE INTO library_albums
        DELETE FROM library_albums WHERE id = 'podcast:album:clgz9riqw000d3b6emzyjak9r-clgz9riqy000x3b6ejku4au89';
        INSERT INTO library_albums
        (id, name, colorsString, imageUrl, trackCount, releaseDate, copyrights)
        values ('podcast:album:clgz9riqw000d3b6emzyjak9r-clgz9riqy000x3b6ejku4au89', 'VISION Radio', null, 'https://episodes.castos.com/6138cb87d83982-66320119/images/itunes-image.png', 1, null, null)
      ;

        INSERT INTO library_tracks_playlists
                (trackId, playlistId, trackIndex, addedAtTimestamp)
                values ('podcast:track:clgz9riqy000w3b6e2osrttw8', 'podcast:playlist:clgz9riqw000d3b6emzyjak9r', 6, 1678896000000)
      ;

        -- TODO: INSERT OR REPLACE once fixed in SKDB...
        -- INSERT OR REPLACE INTO library_tracks
        DELETE FROM library_tracks WHERE id = 'podcast:track:clgz9riqy000z3b6eygav3noo'; 
        INSERT INTO library_tracks
                (id, name, albumId, trackNumber, durationMs, isrc, imageUrl, audioUrl, externalLink, description)
                values ('podcast:track:clgz9riqy000z3b6eygav3noo', 'VISION Radio S03E10', 'podcast:album:clgz9riqw000d3b6emzyjak9r-clgz9riqy00103b6eol6gye17', 0, 3600000, null, 'https://episodes.castos.com/6138cb87d83982-66320119/images/1431177/eo10.jpg', 'https://episodes.castos.com/6138cb87d83982-66320119/1431177/VISION-Radio-S03E10.mp3', 'https://visionradio.castos.com/episodes/vision-radio-s03e10', '<p><span style="font-weight: 400;"> Tune in via &rarr; </span><a href="https://gate.sc/?url=http%3A%2F%2Fvisionrecordings.nl%2Fradio&token=ece4d-1-1655303983383"><span style="font-weight: 400;">visionrecordings.nl/radio</span></a></p>
<p><span style="font-weight: 400;"> Subscribe to our YouTube channel &rarr; </span><a href="https://gate.sc/?url=http%3A%2F%2Fyoutube.com%2Fvisionrecs&token=b30d84-1-1655303983383"><span style="font-weight: 400;">youtube.com/visionrecs</span></a></p>
<p>&nbsp;</p>
<p><span style="font-weight: 400;">Jeremy from The Upbeats is co-hosting the show with Dave. We play their new &lsquo;One Sound&rsquo; EP and listen to Jeremy&rsquo;s favorite tunes of the moment. Enjoy!</span></p>
<p>&nbsp;</p>
<p><span style="font-weight: 400;"> Join us on Discord &rarr; </span><a href="https://gate.sc/?url=http%3A%2F%2Fdiscord.gg%2Fvisionrecordings&token=ff3d7e-1-1655303983383"><span style="font-weight: 400;">discord.gg/visionrecordings</span></a></p>
<p><span style="font-weight: 400;"> Support via Patreon &rarr; </span><a href="https://gate.sc/?url=http%3A%2F%2Fpatreon.com%2Fvisionrecordings&token=684bf3-1-1655303983383"><span style="font-weight: 400;">patreon.com/visionrecordings</span></a></p>
<p><span style="font-weight: 400;"> Shop on our Webstore &rarr; </span><a href="https://gate.sc/?url=http%3A%2F%2Fstore.visionrecordings.nl&token=303f15-1-1655303983383"><span style="font-weight: 400;">http://store.visionrecordings.nl</span></a></p>
<p><span style="font-weight: 400;"> Listen to our Spotify playlist &rarr; &zwnj;​​​&zwnj;</span><a href="https://gate.sc/?url=http%3A%2F%2Fsptfy.com%2F5nap&token=24e37-1-1655303983383"><span style="font-weight: 400;">sptfy.com/5nap</span></a></p>
<p>&nbsp;</p>
<p><span style="font-weight: 400;">Follow @</span><a href="https://soundcloud.com/VISIONrecordings"><span style="font-weight: 400;">VISIONrecordings</span></a></p>
<p><span style="font-weight: 400;">Twitter: </span><a href="https://gate.sc/?url=http%3A%2F%2Ftwitter.com%2Fvisionrecs&token=b676f0-1-1655303983383"><span style="font-weight: 400;">twitter.com/visionrecs</span></a></p>
<p><span style="font-weight: 400;">Instagram: </span><a href="https://gate.sc/?url=http%3A%2F%2Finstagram.com%2Fvisionrecordings&token=f0c756-1-1655303983383"><span style="font-weight: 400;">instagram.com/visionrecordings</span></a></p>
<p><span style="font-weight: 400;">Facebook: </span><a href="https://gate.sc/?url=http%3A%2F%2Ffacebook.com%2FVisionRecordings&token=1ddd11-1-1655303983383"><span style="font-weight: 400;">facebook.com/VisionRecordings</span></a></p>
<p><span style="font-weight: 400;">Spotify: </span><a href="https://gate.sc/?url=http%3A%2F%2Fplay.spotify.com%2Fuser%2Fvisionrecordings&token=1b94ae-1-1655303983383"><span style="font-weight: 400;">play.spotify.com/user/visionrecordings</span></a></p>
<p>&nbsp;</p>
<p><span style="font-weight: 400;">The Upbeats - Octo &bull; VISION</span></p>
<p><span style="font-weight: 400;">The Upbeats - Little Flame Ft. Jess Chambers &bull; VISION</span></p>
<p><span style="font-weight: 400;">Warhead - Everything &bull; PROPAGANDA</span></p>
<p><span style="font-weight: 400;">Hazard - Proteus &bull; PLAYAZ</span></p>
<p><span style="font-weight: 400;">The Upbeats - Walls Down Ft. Levine Lale &bull; VISION</span></p>
<p><span style="font-weight: 400;">Burr Oak - Symbolic &bull; EATBRAIN</span></p>
<p><span style="font-weight: 400;">Noisia - Bad Dreams (Molecular Remix) &bull; VISION</span></p>
<p><span style="font-weight: 400;">The Upbeats - One Sound &bull; VISION</span></p>
<p><span style="font-weight: 400;">Leaf - Orgasmic Ritual &bull; TRES-2B</span></p>
<p><span style="font-weight: 400;">DLR - Like This &bull; SOFA SOUND</span></p>
<p><span style="font-weight: 400;">Dextems - Monovalent &bull; PAPERFUNK</span></p>
<p><span style="font-weight: 400;">Voltage - Reebok Classic Ft. Chimpo &bull; DIGITAL SOUNDBOY</span></p>
<p><span style="font-weight: 400;">Psynchro & Toyfon - Sandpaper &bull; NEUROPUNK</span></p>
<p><span style="font-weight: 400;">Kusp - Snake Charmer &bull; THE SAUCE</span></p>
<p><span style="font-weight: 400;">Maysev - Coelano &bull; DIVIDID</span></p>
<p><span style="font-weight: 400;">Visla - Flashbang &bull; CRITICAL</span></p>
<p><span style="font-weight: 400;">Noisia - Stigma (Billain Remix) &bull; VISION &bull; VISION RADIO RELOAD</span></p>
<p><span style="font-weight: 400;">T.I - Krusty &bull; SOUPED UP</span></p>
<p><span style="font-weight: 400;">Blooom - MIA Ft. Maria - Lea &bull; RAM</span></p>
<p><span style="font-weight: 400;">ITOA - Wet Brain &bull; EXIT</span></p>
<p><span style="font-weight: 400;">ODDKIDOUT - Nuclear Ft. Roger Montgomery &bull; HARD&nbsp;</span></p>')
      ;

        -- TODO: INSERT OR REPLACE once fixed in SKDB...
        -- INSERT OR REPLACE INTO library_artists
        DELETE FROM library_artists WHERE id = 'podcast:artist:clgz9riqw000d3b6emzyjak9r-clgz9riqy00113b6enxj8i2tq';
        INSERT INTO library_artists
        (id, name, imageUrl, colorsString)
        values ('podcast:artist:clgz9riqw000d3b6emzyjak9r-clgz9riqy00113b6enxj8i2tq', 'VISION Radio', 'https://episodes.castos.com/6138cb87d83982-66320119/images/itunes-image.png', null)
      ;

        INSERT INTO library_tracks_artists
        (trackId, artistId)
        values ('podcast:track:clgz9riqy000z3b6eygav3noo', 'podcast:artist:clgz9riqw000d3b6emzyjak9r-clgz9riqy00113b6enxj8i2tq')
      ;

        -- TODO: INSERT OR REPLACE once fixed in SKDB...
        -- INSERT OR REPLACE INTO library_albums
        DELETE FROM library_albums WHERE id = 'podcast:album:clgz9riqw000d3b6emzyjak9r-clgz9riqy00103b6eol6gye17';
        INSERT INTO library_albums
        (id, name, colorsString, imageUrl, trackCount, releaseDate, copyrights)
        values ('podcast:album:clgz9riqw000d3b6emzyjak9r-clgz9riqy00103b6eol6gye17', 'VISION Radio', null, 'https://episodes.castos.com/6138cb87d83982-66320119/images/itunes-image.png', 1, null, null)
      ;

        INSERT INTO library_tracks_playlists
                (trackId, playlistId, trackIndex, addedAtTimestamp)
                values ('podcast:track:clgz9riqy000z3b6eygav3noo', 'podcast:playlist:clgz9riqw000d3b6emzyjak9r', 7, 1678291200000)
      ;

        -- TODO: INSERT OR REPLACE once fixed in SKDB...
        -- INSERT OR REPLACE INTO library_tracks
        DELETE FROM library_tracks WHERE id = 'podcast:track:clgz9riqy00123b6ervku746w'; 
        INSERT INTO library_tracks
                (id, name, albumId, trackNumber, durationMs, isrc, imageUrl, audioUrl, externalLink, description)
                values ('podcast:track:clgz9riqy00123b6ervku746w', 'VISION Radio S03E09', 'podcast:album:clgz9riqw000d3b6emzyjak9r-clgz9riqy00133b6e662rl4ku', 0, 3464000, null, 'https://episodes.castos.com/6138cb87d83982-66320119/images/1426959/VR-SE3-SC-Thumbnails-3000x30009.jpg', 'https://episodes.castos.com/6138cb87d83982-66320119/1426959/VISION-Radio-S03E09-Fix-.mp3', 'https://visionradio.castos.com/episodes/vision-radio-s03e09', '<p><span style="font-weight: 400;"> Tune in via &rarr; </span><a href="https://gate.sc/?url=http%3A%2F%2Fvisionrecordings.nl%2Fradio&token=ece4d-1-1655303983383"><span style="font-weight: 400;">visionrecordings.nl/radio</span></a></p>
<p><span style="font-weight: 400;"> Subscribe to our YouTube channel &rarr; </span><a href="https://gate.sc/?url=http%3A%2F%2Fyoutube.com%2Fvisionrecs&token=b30d84-1-1655303983383"><span style="font-weight: 400;">youtube.com/visionrecs</span></a></p>
<p>&nbsp;</p>
<p><span style="font-weight: 400;">We have Billain & Fade Black on co-hosting duties, and we premiere &lsquo;One Sound&rsquo; by The Upbeats, out this Friday on VISION. Enjoy!!</span></p>
<p>&nbsp;</p>
<p><span style="font-weight: 400;"> Join us on Discord &rarr; </span><a href="https://gate.sc/?url=http%3A%2F%2Fdiscord.gg%2Fvisionrecordings&token=ff3d7e-1-1655303983383"><span style="font-weight: 400;">discord.gg/visionrecordings</span></a></p>
<p><span style="font-weight: 400;"> Support via Patreon &rarr; </span><a href="https://gate.sc/?url=http%3A%2F%2Fpatreon.com%2Fvisionrecordings&token=684bf3-1-1655303983383"><span style="font-weight: 400;">patreon.com/visionrecordings</span></a></p>
<p><span style="font-weight: 400;"> Shop on our Webstore &rarr; </span><a href="https://gate.sc/?url=http%3A%2F%2Fstore.visionrecordings.nl&token=303f15-1-1655303983383"><span style="font-weight: 400;">http://store.visionrecordings.nl</span></a></p>
<p><span style="font-weight: 400;"> Listen to our Spotify playlist &rarr; &zwnj;​​​&zwnj;</span><a href="https://gate.sc/?url=http%3A%2F%2Fsptfy.com%2F5nap&token=24e37-1-1655303983383"><span style="font-weight: 400;">sptfy.com/5nap</span></a></p>
<p>&nbsp;</p>
<p><span style="font-weight: 400;">Follow @</span><a href="https://soundcloud.com/VISIONrecordings"><span style="font-weight: 400;">VISIONrecordings</span></a></p>
<p><span style="font-weight: 400;">Twitter: </span><a href="https://gate.sc/?url=http%3A%2F%2Ftwitter.com%2Fvisionrecs&token=b676f0-1-1655303983383"><span style="font-weight: 400;">twitter.com/visionrecs</span></a></p>
<p><span style="font-weight: 400;">Instagram: </span><a href="https://gate.sc/?url=http%3A%2F%2Finstagram.com%2Fvisionrecordings&token=f0c756-1-1655303983383"><span style="font-weight: 400;">instagram.com/visionrecordings</span></a></p>
<p><span style="font-weight: 400;">Facebook: </span><a href="https://gate.sc/?url=http%3A%2F%2Ffacebook.com%2FVisionRecordings&token=1ddd11-1-1655303983383"><span style="font-weight: 400;">facebook.com/VisionRecordings</span></a></p>
<p><span style="font-weight: 400;">Spotify: </span><a href="https://gate.sc/?url=http%3A%2F%2Fplay.spotify.com%2Fuser%2Fvisionrecordings&token=1b94ae-1-1655303983383"><span style="font-weight: 400;">play.spotify.com/user/visionrecordings</span></a></p>
<p>&nbsp;</p>
<p><span style="font-weight: 400;">The Upbeats - One Sound &bull; VISION</span></p>
<p><span style="font-weight: 400;">Noisia - Get Deaded (Fade Black Remix) &bull; VISION</span></p>
<p><span style="font-weight: 400;">Noisia - Stigma (Billain Remix) &bull; VISION</span></p>
<p><span style="font-weight: 400;">Fade Black Ft. Leo Law - Sane (Buunshin Remix) &bull; CRITICAL</span></p>
<p><span style="font-weight: 400;">Billain - Reincarnation &bull; RENRAKU</span></p>
<p><span style="font-weight: 400;">Bide - Vanc &bull; DUB</span></p>
<p><span style="font-weight: 400;">Secula & Maysev - Singularity &bull; DIVIDID</span></p>
<p><span style="font-weight: 400;">Mozey - Disco &bull; SOUPED UP</span></p>
<p><span style="font-weight: 400;">Codex - Hexagon &bull; METNEM DUB</span></p>
<p><span style="font-weight: 400;">sastruga - Prayer &bull; DIVIDID</span></p>
<p><span style="font-weight: 400;">Gyrofield - Snake Charmer &bull; DUB</span></p>
<p><span style="font-weight: 400;">En_vy - UFO &bull; CRITICAL</span></p>
<p><span style="font-weight: 400;">N2 - Apostle &bull; DUB</span></p>
<p><span style="font-weight: 400;">Commodo - Loan Shark &bull; BLACK ACRE</span></p>
<p><span style="font-weight: 400;">2TD - OP &bull; SHELTERNET</span></p>
<p><span style="font-weight: 400;">Noisia - Anomaly (Annix Remix) &bull; VISION &bull; VISION RADIO RELOAD</span><span style="font-weight: 400;"><br /></span><span style="font-weight: 400;">Noisia - Sandworm &bull; SUBTITLES</span></p>
<p><span style="font-weight: 400;">BASTARD x DMVU - ONEONE222 &bull; DUB&nbsp;</span></p>
<p><span style="font-weight: 400;">Billain - Ambushed By The Seventh Child &bull; DUB</span></p>
<p><span style="font-weight: 400;">Nadrisk - Blurred Lights &bull; 1071040107</span></p>')
      ;

        -- TODO: INSERT OR REPLACE once fixed in SKDB...
        -- INSERT OR REPLACE INTO library_artists
        DELETE FROM library_artists WHERE id = 'podcast:artist:clgz9riqw000d3b6emzyjak9r-clgz9riqy00143b6e0d0t51fd';
        INSERT INTO library_artists
        (id, name, imageUrl, colorsString)
        values ('podcast:artist:clgz9riqw000d3b6emzyjak9r-clgz9riqy00143b6e0d0t51fd', 'VISION Radio', 'https://episodes.castos.com/6138cb87d83982-66320119/images/itunes-image.png', null)
      ;

        INSERT INTO library_tracks_artists
        (trackId, artistId)
        values ('podcast:track:clgz9riqy00123b6ervku746w', 'podcast:artist:clgz9riqw000d3b6emzyjak9r-clgz9riqy00143b6e0d0t51fd')
      ;

        -- TODO: INSERT OR REPLACE once fixed in SKDB...
        -- INSERT OR REPLACE INTO library_albums
        DELETE FROM library_albums WHERE id = 'podcast:album:clgz9riqw000d3b6emzyjak9r-clgz9riqy00133b6e662rl4ku';
        INSERT INTO library_albums
        (id, name, colorsString, imageUrl, trackCount, releaseDate, copyrights)
        values ('podcast:album:clgz9riqw000d3b6emzyjak9r-clgz9riqy00133b6e662rl4ku', 'VISION Radio', null, 'https://episodes.castos.com/6138cb87d83982-66320119/images/itunes-image.png', 1, null, null)
      ;

        INSERT INTO library_tracks_playlists
                (trackId, playlistId, trackIndex, addedAtTimestamp)
                values ('podcast:track:clgz9riqy00123b6ervku746w', 'podcast:playlist:clgz9riqw000d3b6emzyjak9r', 8, 1677686400000)
      ;

        -- TODO: INSERT OR REPLACE once fixed in SKDB...
        -- INSERT OR REPLACE INTO library_tracks
        DELETE FROM library_tracks WHERE id = 'podcast:track:clgz9riqy00153b6e0724l7wr'; 
        INSERT INTO library_tracks
                (id, name, albumId, trackNumber, durationMs, isrc, imageUrl, audioUrl, externalLink, description)
                values ('podcast:track:clgz9riqy00153b6e0724l7wr', 'VISION Radio S03E08', 'podcast:album:clgz9riqw000d3b6emzyjak9r-clgz9riqy00163b6e0pjj956y', 0, 3600000, null, 'https://episodes.castos.com/6138cb87d83982-66320119/images/1421776/VR-SE3-SC-Thumbnails-3000x30008.jpg', 'https://episodes.castos.com/6138cb87d83982-66320119/39103/b3c39e52-6bd4-4d6d-b26a-fdb1586a87a2/VISION-Radio-S03E08.mp3', 'https://visionradio.castos.com/episodes/vision-radio-s03e08', '<p><span style="font-weight: 400;"> Tune in via &rarr; </span><a href="https://gate.sc/?url=http%3A%2F%2Fvisionrecordings.nl%2Fradio&token=ece4d-1-1655303983383"><span style="font-weight: 400;">visionrecordings.nl/radio</span></a></p>
<p><span style="font-weight: 400;"> Subscribe to our YouTube channel &rarr; </span><a href="https://gate.sc/?url=http%3A%2F%2Fyoutube.com%2Fvisionrecs&token=b30d84-1-1655303983383"><span style="font-weight: 400;">youtube.com/visionrecs</span></a></p>
<p>&nbsp;</p>
<p><span style="font-weight: 400;">We have H&Oslash;ST & Annix on co-h</span><strong>&oslash;</strong><span style="font-weight: 400;">sting duties! We play their remixes for Noisia, out now on &lsquo;Resonance V&rsquo;. Enjoy this dub-filled episode, peep the new new new!</span></p>
<p>&nbsp;</p>
<p><span style="font-weight: 400;"> Join us on Discord &rarr; </span><a href="https://gate.sc/?url=http%3A%2F%2Fdiscord.gg%2Fvisionrecordings&token=ff3d7e-1-1655303983383"><span style="font-weight: 400;">discord.gg/visionrecordings</span></a></p>
<p><span style="font-weight: 400;"> Support via Patreon &rarr; </span><a href="https://gate.sc/?url=http%3A%2F%2Fpatreon.com%2Fvisionrecordings&token=684bf3-1-1655303983383"><span style="font-weight: 400;">patreon.com/visionrecordings</span></a></p>
<p><span style="font-weight: 400;"> Shop on our Webstore &rarr; </span><a href="https://gate.sc/?url=http%3A%2F%2Fstore.visionrecordings.nl&token=303f15-1-1655303983383"><span style="font-weight: 400;">http://store.visionrecordings.nl</span></a></p>
<p><span style="font-weight: 400;"> Listen to our Spotify playlist &rarr; &zwnj;​​​&zwnj;</span><a href="https://gate.sc/?url=http%3A%2F%2Fsptfy.com%2F5nap&token=24e37-1-1655303983383"><span style="font-weight: 400;">sptfy.com/5nap</span></a></p>
<p>&nbsp;</p>
<p><span style="font-weight: 400;">Follow @</span><a href="https://soundcloud.com/VISIONrecordings"><span style="font-weight: 400;">VISIONrecordings</span></a></p>
<p><span style="font-weight: 400;">Twitter: </span><a href="https://gate.sc/?url=http%3A%2F%2Ftwitter.com%2Fvisionrecs&token=b676f0-1-1655303983383"><span style="font-weight: 400;">twitter.com/visionrecs</span></a></p>
<p><span style="font-weight: 400;">Instagram: </span><a href="https://gate.sc/?url=http%3A%2F%2Finstagram.com%2Fvisionrecordings&token=f0c756-1-1655303983383"><span style="font-weight: 400;">instagram.com/visionrecordings</span></a></p>
<p><span style="font-weight: 400;">Facebook: </span><a href="https://gate.sc/?url=http%3A%2F%2Ffacebook.com%2FVisionRecordings&token=1ddd11-1-1655303983383"><span style="font-weight: 400;">facebook.com/VisionRecordings</span></a></p>
<p><span style="font-weight: 400;">Spotify: </span><a href="https://gate.sc/?url=http%3A%2F%2Fplay.spotify.com%2Fuser%2Fvisionrecordings&token=1b94ae-1-1655303983383"><span style="font-weight: 400;">play.spotify.com/user/visionrecordings</span></a></p>
<p>&nbsp;</p>
<p><span style="font-weight: 400;">Noisia - Diplodocus (H&Oslash;ST Remix) &bull; VISION</span></p>
<p><span style="font-weight: 400;">Noisia - Anomaly (Annix Remix) &bull; VISION</span></p>
<p><span style="font-weight: 400;">H&Oslash;ST - Makes Me Feel &bull; DUB</span></p>
<p><span style="font-weight: 400;">Simula - Tension TEST &bull; NEKSUS DUB</span></p>
<p><span style="font-weight: 400;">H&Oslash;ST - FIND THE ONE &bull; DUB</span></p>
<p><span style="font-weight: 400;">Annix, Joe Unknown - Kicks &bull; NEKSUS DUB</span></p>
<p><span style="font-weight: 400;">H&Oslash;ST - FYS-I-FYS &bull; DUB</span></p>
<p><span style="font-weight: 400;">TRINIST - NEVER &bull; DUB</span></p>
<p><span style="font-weight: 400;">H&Oslash;ST - Caramel (Caught Lacking) &bull; DUB</span></p>
<p><span style="font-weight: 400;">skantia - Spearnet &bull; DUB</span></p>
<p><span style="font-weight: 400;">H&Oslash;ST x Division - Choices &bull; DUB</span></p>
<p><span style="font-weight: 400;">A.way - Closer &bull; NEKSUS DUB</span></p>
<p><span style="font-weight: 400;">H&Oslash;ST - 2AM &bull; DUB</span></p>
<p><span style="font-weight: 400;">Annix & skantia - Evergreen &bull; DUB</span></p>
<p><span style="font-weight: 400;">Noisia & Foreign Beggars - Shellshock (H&Oslash;ST Bootleg Remix) &bull; DUB</span></p>
<p><span style="font-weight: 400;">Moytra - ID &bull; NEKSUS DUB</span></p>
<p><span style="font-weight: 400;">H&Oslash;ST - Belong To Lovers &bull; DUB</span></p>
<p><span style="font-weight: 400;">Noisia & Former - Pleasure Mantra (Sorza"s Combined Remix) &bull; VISION &bull; VISION RADIO RELOAD</span></p>
<p><span style="font-weight: 400;">H&Oslash;ST - On The Run &bull; DUB</span></p>
<p><span style="font-weight: 400;">Result - Pilot &bull; NEKSUS</span></p>
<p><span style="font-weight: 400;">H&Oslash;ST - Put It Down &bull; DUB</span></p>
<p><span style="font-weight: 400;">Vici - Heaven &bull; NEKSUS DUB</span></p>')
      ;

        -- TODO: INSERT OR REPLACE once fixed in SKDB...
        -- INSERT OR REPLACE INTO library_artists
        DELETE FROM library_artists WHERE id = 'podcast:artist:clgz9riqw000d3b6emzyjak9r-clgz9riqy00173b6eb42dl8fj';
        INSERT INTO library_artists
        (id, name, imageUrl, colorsString)
        values ('podcast:artist:clgz9riqw000d3b6emzyjak9r-clgz9riqy00173b6eb42dl8fj', 'VISION Radio', 'https://episodes.castos.com/6138cb87d83982-66320119/images/itunes-image.png', null)
      ;

        INSERT INTO library_tracks_artists
        (trackId, artistId)
        values ('podcast:track:clgz9riqy00153b6e0724l7wr', 'podcast:artist:clgz9riqw000d3b6emzyjak9r-clgz9riqy00173b6eb42dl8fj')
      ;

        -- TODO: INSERT OR REPLACE once fixed in SKDB...
        -- INSERT OR REPLACE INTO library_albums
        DELETE FROM library_albums WHERE id = 'podcast:album:clgz9riqw000d3b6emzyjak9r-clgz9riqy00163b6e0pjj956y';
        INSERT INTO library_albums
        (id, name, colorsString, imageUrl, trackCount, releaseDate, copyrights)
        values ('podcast:album:clgz9riqw000d3b6emzyjak9r-clgz9riqy00163b6e0pjj956y', 'VISION Radio', null, 'https://episodes.castos.com/6138cb87d83982-66320119/images/itunes-image.png', 1, null, null)
      ;

        INSERT INTO library_tracks_playlists
                (trackId, playlistId, trackIndex, addedAtTimestamp)
                values ('podcast:track:clgz9riqy00153b6e0724l7wr', 'podcast:playlist:clgz9riqw000d3b6emzyjak9r', 9, 1677081600000)
      ;

        -- TODO: INSERT OR REPLACE once fixed in SKDB...
        -- INSERT OR REPLACE INTO library_tracks
        DELETE FROM library_tracks WHERE id = 'podcast:track:clgz9riqy00183b6ee2rbhhyo'; 
        INSERT INTO library_tracks
                (id, name, albumId, trackNumber, durationMs, isrc, imageUrl, audioUrl, externalLink, description)
                values ('podcast:track:clgz9riqy00183b6ee2rbhhyo', 'VISION Radio S03E07', 'podcast:album:clgz9riqw000d3b6emzyjak9r-clgz9riqy00193b6e7x8r92sy', 0, 3600000, null, 'https://episodes.castos.com/6138cb87d83982-66320119/images/1411462/VR-SE3-SC-Thumbnails-3000x30007.jpg', 'https://episodes.castos.com/6138cb87d83982-66320119/39103/15232c34-12b2-450b-a22a-1aa6963bbd4e/VISION-Radio-S03E07.mp3', 'https://visionradio.castos.com/episodes/vision-radio-s03e07', '<p><span style="font-weight: 400;"> Tune in via &rarr; </span><a href="https://gate.sc/?url=http%3A%2F%2Fvisionrecordings.nl%2Fradio&token=ece4d-1-1655303983383"><span style="font-weight: 400;">visionrecordings.nl/radio</span></a></p>
<p><span style="font-weight: 400;"> Subscribe to our YouTube channel &rarr; </span><a href="https://gate.sc/?url=http%3A%2F%2Fyoutube.com%2Fvisionrecs&token=b30d84-1-1655303983383"><span style="font-weight: 400;">youtube.com/visionrecs</span></a></p>
<p>&nbsp;</p>
<p><span style="font-weight: 400;">We announce Resonance V, and premiere Tsuruda&rsquo;s &lsquo;Asteroids&rsquo;&nbsp; remix, and Sorza morphed Pleasure Model and Mantra into the &lsquo;Pleasure Mantra&rsquo;&nbsp; combined remix! All this and more.. Enjoy!</span></p>
<p>&nbsp;</p>
<p><span style="font-weight: 400;"> Join us on Discord &rarr; </span><a href="https://gate.sc/?url=http%3A%2F%2Fdiscord.gg%2Fvisionrecordings&token=ff3d7e-1-1655303983383"><span style="font-weight: 400;">discord.gg/visionrecordings</span></a></p>
<p><span style="font-weight: 400;"> Support via Patreon &rarr; </span><a href="https://gate.sc/?url=http%3A%2F%2Fpatreon.com%2Fvisionrecordings&token=684bf3-1-1655303983383"><span style="font-weight: 400;">patreon.com/visionrecordings</span></a></p>
<p><span style="font-weight: 400;"> Shop on our Webstore &rarr; </span><a href="https://gate.sc/?url=http%3A%2F%2Fstore.visionrecordings.nl&token=303f15-1-1655303983383"><span style="font-weight: 400;">http://store.visionrecordings.nl</span></a></p>
<p><span style="font-weight: 400;"> Listen to our Spotify playlist &rarr; &zwnj;​​​&zwnj;</span><a href="https://gate.sc/?url=http%3A%2F%2Fsptfy.com%2F5nap&token=24e37-1-1655303983383"><span style="font-weight: 400;">sptfy.com/5nap</span></a></p>
<p>&nbsp;</p>
<p><span style="font-weight: 400;">Follow @</span><a href="https://soundcloud.com/VISIONrecordings"><span style="font-weight: 400;">VISIONrecordings</span></a></p>
<p><span style="font-weight: 400;">Twitter: </span><a href="https://gate.sc/?url=http%3A%2F%2Ftwitter.com%2Fvisionrecs&token=b676f0-1-1655303983383"><span style="font-weight: 400;">twitter.com/visionrecs</span></a></p>
<p><span style="font-weight: 400;">Instagram: </span><a href="https://gate.sc/?url=http%3A%2F%2Finstagram.com%2Fvisionrecordings&token=f0c756-1-1655303983383"><span style="font-weight: 400;">instagram.com/visionrecordings</span></a></p>
<p><span style="font-weight: 400;">Facebook: </span><a href="https://gate.sc/?url=http%3A%2F%2Ffacebook.com%2FVisionRecordings&token=1ddd11-1-1655303983383"><span style="font-weight: 400;">facebook.com/VisionRecordings</span></a></p>
<p><span style="font-weight: 400;">Spotify: </span><a href="https://gate.sc/?url=http%3A%2F%2Fplay.spotify.com%2Fuser%2Fvisionrecordings&token=1b94ae-1-1655303983383"><span style="font-weight: 400;">play.spotify.com/user/visionrecordings</span></a></p>
<p>&nbsp;</p>
<p><span style="font-weight: 400;">Noisia & Prolix - Asteroids (Tsuruda Remix) &bull; VISION</span></p>
<p><span style="font-weight: 400;">Noisia & Former - Pleasure Mantra (Sorza&rsquo;s Combined Remix) &bull; VISION</span></p>
<p><span style="font-weight: 400;">YAANO & Latesleeper - Plimbo &bull; OVERVIEW</span></p>
<p><span style="font-weight: 400;">Envy - You &bull; CRITICAL</span></p>
<p><span style="font-weight: 400;">Buunshin - Acolyte (Phace VIP) &bull; NEU</span></p>
<p><span style="font-weight: 400;">Sastruga - Tape &bull; DIVIDID</span></p>
<p><span style="font-weight: 400;">Leaf - Jazz Club &bull; TRES-2B</span></p>
<p><span style="font-weight: 400;">Serum - Shredder &bull; SOUPED UP</span></p>
<p><span style="font-weight: 400;">Telomic - Lesson Learned &bull; LIQUICITY</span></p>
<p><span style="font-weight: 400;">Forbidden Society - Not Real &bull; FORBIDDEN SOCIETY</span></p>
<p><span style="font-weight: 400;">VariableOp - Going Out &bull; MIDAS TOUCH</span></p>
<p><span style="font-weight: 400;">Amoss & Arkaik - Chugalug &bull; FLEXOUT</span></p>
<p><span style="font-weight: 400;">Zombie Cats - Tech Dreams &bull; DISPATCH</span></p>
<p><span style="font-weight: 400;">Break feat. Liam Bailey - Gunshot Love (Dub Mix) &bull; SYMMETRY</span></p>
<p><span style="font-weight: 400;">Dolenz - Dungeons&nbsp; &bull; EXIT</span></p>
<p><span style="font-weight: 400;">Hugh Hardie - Face Off (feat. PAV4N) &bull; SOULVENT</span></p>
<p><span style="font-weight: 400;">Benny L & DJ Limited - No Turning Back &bull; TRES-2B</span></p>
<p><span style="font-weight: 400;">Granul - Improper &bull; YUKU</span></p>
<p><span style="font-weight: 400;">Gyrofield - Shrimp &bull; VISION &bull; VISION RADIO RELOAD</span></p>
<p><span style="font-weight: 400;">Myselor - Everything &bull; BLACKOUT</span></p>
<p><span style="font-weight: 400;">Last Life - Incubus &bull; SAMURAI</span></p>
<p><span style="font-weight: 400;">Loxy & Quartz - Attention Seeker &bull; RAM</span></p>
<p><span style="font-weight: 400;">NC-17 - Angels & Machines (INTERLUDE) &bull; DISPATCH</span></p>')
      ;

        -- TODO: INSERT OR REPLACE once fixed in SKDB...
        -- INSERT OR REPLACE INTO library_artists
        DELETE FROM library_artists WHERE id = 'podcast:artist:clgz9riqw000d3b6emzyjak9r-clgz9riqy001a3b6ez1rmnm0x';
        INSERT INTO library_artists
        (id, name, imageUrl, colorsString)
        values ('podcast:artist:clgz9riqw000d3b6emzyjak9r-clgz9riqy001a3b6ez1rmnm0x', 'VISION Radio', 'https://episodes.castos.com/6138cb87d83982-66320119/images/itunes-image.png', null)
      ;

        INSERT INTO library_tracks_artists
        (trackId, artistId)
        values ('podcast:track:clgz9riqy00183b6ee2rbhhyo', 'podcast:artist:clgz9riqw000d3b6emzyjak9r-clgz9riqy001a3b6ez1rmnm0x')
      ;

        -- TODO: INSERT OR REPLACE once fixed in SKDB...
        -- INSERT OR REPLACE INTO library_albums
        DELETE FROM library_albums WHERE id = 'podcast:album:clgz9riqw000d3b6emzyjak9r-clgz9riqy00193b6e7x8r92sy';
        INSERT INTO library_albums
        (id, name, colorsString, imageUrl, trackCount, releaseDate, copyrights)
        values ('podcast:album:clgz9riqw000d3b6emzyjak9r-clgz9riqy00193b6e7x8r92sy', 'VISION Radio', null, 'https://episodes.castos.com/6138cb87d83982-66320119/images/itunes-image.png', 1, null, null)
      ;

        INSERT INTO library_tracks_playlists
                (trackId, playlistId, trackIndex, addedAtTimestamp)
                values ('podcast:track:clgz9riqy00183b6ee2rbhhyo', 'podcast:playlist:clgz9riqw000d3b6emzyjak9r', 10, 1676476800000)
      ;

        -- TODO: INSERT OR REPLACE once fixed in SKDB...
        -- INSERT OR REPLACE INTO library_tracks
        DELETE FROM library_tracks WHERE id = 'podcast:track:clgz9riqy001b3b6e722ikz6w'; 
        INSERT INTO library_tracks
                (id, name, albumId, trackNumber, durationMs, isrc, imageUrl, audioUrl, externalLink, description)
                values ('podcast:track:clgz9riqy001b3b6e722ikz6w', 'VISION Radio S03E06', 'podcast:album:clgz9riqw000d3b6emzyjak9r-clgz9riqy001c3b6e8qlur3pp', 0, 3600000, null, 'https://episodes.castos.com/6138cb87d83982-66320119/images/1404699/VR-SE3-SC-Thumbnails-3000x30006.jpg', 'https://episodes.castos.com/6138cb87d83982-66320119/39103/432c216f-f206-45a3-b762-1052e0acba88/VISION-Radio-S03E06.mp3', 'https://visionradio.castos.com/episodes/vision-radio-s03e06', '<p><span style="font-weight: 400;"> Tune in via &rarr; </span><a href="https://gate.sc/?url=http%3A%2F%2Fvisionrecordings.nl%2Fradio&token=ece4d-1-1655303983383"><span style="font-weight: 400;">visionrecordings.nl/radio</span></a></p>
<p><span style="font-weight: 400;"> Subscribe to our YouTube channel &rarr; </span><a href="https://gate.sc/?url=http%3A%2F%2Fyoutube.com%2Fvisionrecs&token=b30d84-1-1655303983383"><span style="font-weight: 400;">youtube.com/visionrecs</span></a></p>
<p>&nbsp;</p>
<p><span style="font-weight: 400;">We premiere &lsquo;Shrimp&rsquo; by Gyrofield, out now on her &lsquo;Stimulus&rsquo; EP on our VISION Imprint! More new music by Skrillex & Nai Barghouti, VISLA, Azumai, Waeys, Rueben and more.. Enjoy!</span></p>
<p>&nbsp;</p>
<p><span style="font-weight: 400;"> Join us on Discord &rarr; </span><a href="https://gate.sc/?url=http%3A%2F%2Fdiscord.gg%2Fvisionrecordings&token=ff3d7e-1-1655303983383"><span style="font-weight: 400;">discord.gg/visionrecordings</span></a></p>
<p><span style="font-weight: 400;"> Support via Patreon &rarr; </span><a href="https://gate.sc/?url=http%3A%2F%2Fpatreon.com%2Fvisionrecordings&token=684bf3-1-1655303983383"><span style="font-weight: 400;">patreon.com/visionrecordings</span></a></p>
<p><span style="font-weight: 400;"> Shop on our Webstore &rarr; </span><a href="https://gate.sc/?url=http%3A%2F%2Fstore.visionrecordings.nl&token=303f15-1-1655303983383"><span style="font-weight: 400;">http://store.visionrecordings.nl</span></a></p>
<p><span style="font-weight: 400;"> Listen to our Spotify playlist &rarr; &zwnj;​​​&zwnj;</span><a href="https://gate.sc/?url=http%3A%2F%2Fsptfy.com%2F5nap&token=24e37-1-1655303983383"><span style="font-weight: 400;">sptfy.com/5nap</span></a></p>
<p>&nbsp;</p>
<p><span style="font-weight: 400;">Follow @</span><a href="https://soundcloud.com/VISIONrecordings"><span style="font-weight: 400;">VISIONrecordings</span></a></p>
<p><span style="font-weight: 400;">Twitter: </span><a href="https://gate.sc/?url=http%3A%2F%2Ftwitter.com%2Fvisionrecs&token=b676f0-1-1655303983383"><span style="font-weight: 400;">twitter.com/visionrecs</span></a></p>
<p><span style="font-weight: 400;">Instagram: </span><a href="https://gate.sc/?url=http%3A%2F%2Finstagram.com%2Fvisionrecordings&token=f0c756-1-1655303983383"><span style="font-weight: 400;">instagram.com/visionrecordings</span></a></p>
<p><span style="font-weight: 400;">Facebook: </span><a href="https://gate.sc/?url=http%3A%2F%2Ffacebook.com%2FVisionRecordings&token=1ddd11-1-1655303983383"><span style="font-weight: 400;">facebook.com/VisionRecordings</span></a></p>
<p><span style="font-weight: 400;">Spotify: </span><a href="https://gate.sc/?url=http%3A%2F%2Fplay.spotify.com%2Fuser%2Fvisionrecordings&token=1b94ae-1-1655303983383"><span style="font-weight: 400;">play.spotify.com/user/visionrecordings</span></a></p>
<p>&nbsp;</p>
<p><span style="font-weight: 400;">Gyrofield - Shrimp &bull; VISION</span></p>
<p><span style="font-weight: 400;">Skrillex & Nai Barghouti - Xena &bull; OWSLA</span></p>
<p><span style="font-weight: 400;">YAANO & Wingz - Pattern (VISLA Remix) &bull; OVERVIEW</span></p>
<p><span style="font-weight: 400;">Rueben & PHI NIX - In My Mind &bull; OVERVIEW</span></p>
<p><span style="font-weight: 400;">Azumai - Ah Eh &bull; PROGRAM</span></p>
<p><span style="font-weight: 400;">Prolix & Malux - Who Knows Ft. She Koro (Audio Remix) &bull; BLACKOUT</span></p>
<p><span style="font-weight: 400;">SLNCE - Don&rsquo;t Stop &bull; GRID</span></p>
<p><span style="font-weight: 400;">Loompaskettee & Explorers Of The Internet - Cunga Bunga Cowboys &bull; DISCIPLE</span></p>
<p><span style="font-weight: 400;">Buunshin - Im Okay (Feat. Idle Days) &bull; CRITICAL</span></p>
<p><span style="font-weight: 400;">Waeys - Familiar Face &bull; CRITICAL</span></p>
<p><span style="font-weight: 400;">Zaiaku - Give Up &bull; VALE</span></p>
<p><span style="font-weight: 400;">Wallhack - My Show &bull; YAMATAI</span></p>
<p><span style="font-weight: 400;">Nami - Slipstream &bull; OVERVIEW</span></p>
<p><span style="font-weight: 400;">Tipper - Groundscore &bull; TIPPERMUSIC</span></p>
<p><span style="font-weight: 400;">Ozma - Journeys &bull; OZRIDERS</span></p>
<p><span style="font-weight: 400;">MYTHM - Two Face &bull; DEADBEATS</span></p>
<p><span style="font-weight: 400;">Profile & Sub Killaz - Rebel Boy (DJ Limited Remix) &bull; BIOLOGICAL BEATS</span></p>
<p><span style="font-weight: 400;">Metrodome - ICJ &bull; 1985</span></p>
<p><span style="font-weight: 400;">Emperor - Soundboy &bull; INSPECTED &bull; VISION RADIO RELOAD</span></p>
<p><span style="font-weight: 400;">Envy - Neo &bull; CRITICAL</span></p>
<p><span style="font-weight: 400;">Průvan - Freeze Out &bull; YUKU</span></p>
<p>&nbsp;</p>')
      ;

        -- TODO: INSERT OR REPLACE once fixed in SKDB...
        -- INSERT OR REPLACE INTO library_artists
        DELETE FROM library_artists WHERE id = 'podcast:artist:clgz9riqw000d3b6emzyjak9r-clgz9riqy001d3b6eft2b3bd7';
        INSERT INTO library_artists
        (id, name, imageUrl, colorsString)
        values ('podcast:artist:clgz9riqw000d3b6emzyjak9r-clgz9riqy001d3b6eft2b3bd7', 'VISION Radio', 'https://episodes.castos.com/6138cb87d83982-66320119/images/itunes-image.png', null)
      ;

        INSERT INTO library_tracks_artists
        (trackId, artistId)
        values ('podcast:track:clgz9riqy001b3b6e722ikz6w', 'podcast:artist:clgz9riqw000d3b6emzyjak9r-clgz9riqy001d3b6eft2b3bd7')
      ;

        -- TODO: INSERT OR REPLACE once fixed in SKDB...
        -- INSERT OR REPLACE INTO library_albums
        DELETE FROM library_albums WHERE id = 'podcast:album:clgz9riqw000d3b6emzyjak9r-clgz9riqy001c3b6e8qlur3pp';
        INSERT INTO library_albums
        (id, name, colorsString, imageUrl, trackCount, releaseDate, copyrights)
        values ('podcast:album:clgz9riqw000d3b6emzyjak9r-clgz9riqy001c3b6e8qlur3pp', 'VISION Radio', null, 'https://episodes.castos.com/6138cb87d83982-66320119/images/itunes-image.png', 1, null, null)
      ;

        INSERT INTO library_tracks_playlists
                (trackId, playlistId, trackIndex, addedAtTimestamp)
                values ('podcast:track:clgz9riqy001b3b6e722ikz6w', 'podcast:playlist:clgz9riqw000d3b6emzyjak9r', 11, 1675872000000)
      ;

        -- TODO: INSERT OR REPLACE once fixed in SKDB...
        -- INSERT OR REPLACE INTO library_tracks
        DELETE FROM library_tracks WHERE id = 'podcast:track:clgz9riqy001e3b6ezn1zae3v'; 
        INSERT INTO library_tracks
                (id, name, albumId, trackNumber, durationMs, isrc, imageUrl, audioUrl, externalLink, description)
                values ('podcast:track:clgz9riqy001e3b6ezn1zae3v', 'VISION Radio S03E05', 'podcast:album:clgz9riqw000d3b6emzyjak9r-clgz9riqy001f3b6ehgloj4ll', 0, 3600000, null, 'https://episodes.castos.com/6138cb87d83982-66320119/images/1396245/VR-SE3-SC-Thumbnails-3000x30005.jpg', 'https://episodes.castos.com/6138cb87d83982-66320119/39103/3480dfd6-530a-4f50-9345-bf23978c7fd6/VISION-Radio-S03E05.mp3', 'https://visionradio.castos.com/episodes/vision-radio-s03e05', '<p><span style="font-weight: 400;"> Tune in via &rarr; </span><a href="https://gate.sc/?url=http%3A%2F%2Fvisionrecordings.nl%2Fradio&token=ece4d-1-1655303983383"><span style="font-weight: 400;">visionrecordings.nl/radio</span></a></p>
<p><span style="font-weight: 400;"> Subscribe to our YouTube channel &rarr; </span><a href="https://gate.sc/?url=http%3A%2F%2Fyoutube.com%2Fvisionrecs&token=b30d84-1-1655303983383"><span style="font-weight: 400;">youtube.com/visionrecs</span></a></p>
<p>&nbsp;</p>
<p><span style="font-weight: 400;">We premiere &lsquo;Midnight Minus One&rsquo; by Gyrofield, forthcoming on her &lsquo;Stimulus&rsquo; EP. Hamdi takes over for the rest of the show with an excellent selection of dubs and bobs! Enjoy!</span></p>
<p>&nbsp;</p>
<p><span style="font-weight: 400;"> Join us on Discord &rarr; </span><a href="https://gate.sc/?url=http%3A%2F%2Fdiscord.gg%2Fvisionrecordings&token=ff3d7e-1-1655303983383"><span style="font-weight: 400;">discord.gg/visionrecordings</span></a></p>
<p><span style="font-weight: 400;"> Support via Patreon &rarr; </span><a href="https://gate.sc/?url=http%3A%2F%2Fpatreon.com%2Fvisionrecordings&token=684bf3-1-1655303983383"><span style="font-weight: 400;">patreon.com/visionrecordings</span></a></p>
<p><span style="font-weight: 400;"> Shop on our Webstore &rarr; </span><a href="https://gate.sc/?url=http%3A%2F%2Fstore.visionrecordings.nl&token=303f15-1-1655303983383"><span style="font-weight: 400;">http://store.visionrecordings.nl</span></a></p>
<p><span style="font-weight: 400;"> Listen to our Spotify playlist &rarr; &zwnj;​​​&zwnj;</span><a href="https://gate.sc/?url=http%3A%2F%2Fsptfy.com%2F5nap&token=24e37-1-1655303983383"><span style="font-weight: 400;">sptfy.com/5nap</span></a></p>
<p>&nbsp;</p>
<p><span style="font-weight: 400;">Follow @</span><a href="https://soundcloud.com/VISIONrecordings"><span style="font-weight: 400;">VISIONrecordings</span></a></p>
<p><span style="font-weight: 400;">Twitter: </span><a href="https://gate.sc/?url=http%3A%2F%2Ftwitter.com%2Fvisionrecs&token=b676f0-1-1655303983383"><span style="font-weight: 400;">twitter.com/visionrecs</span></a></p>
<p><span style="font-weight: 400;">Instagram: </span><a href="https://gate.sc/?url=http%3A%2F%2Finstagram.com%2Fvisionrecordings&token=f0c756-1-1655303983383"><span style="font-weight: 400;">instagram.com/visionrecordings</span></a></p>
<p><span style="font-weight: 400;">Facebook: </span><a href="https://gate.sc/?url=http%3A%2F%2Ffacebook.com%2FVisionRecordings&token=1ddd11-1-1655303983383"><span style="font-weight: 400;">facebook.com/VisionRecordings</span></a></p>
<p><span style="font-weight: 400;">Spotify: </span><a href="https://gate.sc/?url=http%3A%2F%2Fplay.spotify.com%2Fuser%2Fvisionrecordings&token=1b94ae-1-1655303983383"><span style="font-weight: 400;">play.spotify.com/user/visionrecordings</span></a></p>
<p>&nbsp;</p>
<p><span style="font-weight: 400;">Gyrofield - Midnight Minus One &bull; VISION</span></p>
<p><span style="font-weight: 400;">Hamdi - Skanka (Blurrd Vzn Flip) &bull; SELF RELEASED</span></p>
<p><span style="font-weight: 400;">LYNY - Noxious &bull; NOXIOUS</span></p>
<p><span style="font-weight: 400;">Notion - Jack & Play &bull; NOTION</span></p>
<p><span style="font-weight: 400;">Hamdi - The Charge &bull; DUB</span></p>
<p><span style="font-weight: 400;">Itoa - B 2the B &bull; BAD TASTE</span></p>
<p><span style="font-weight: 400;">Crissy Criss & Youngman - Kick Snare (Hamdi Edit) &bull; DUB</span></p>
<p><span style="font-weight: 400;">Gru Var - Tramp Spitters &bull; GZ</span></p>
<p><span style="font-weight: 400;">Kable - Rise Up Da Pumpi &bull; DUB</span></p>
<p><span style="font-weight: 400;">Hamdi - Yum &bull; VISION</span></p>
<p><span style="font-weight: 400;">Zeds Dead - Hit Me &bull; INSPECTED</span></p>
<p><span style="font-weight: 400;">J Beatz - 8 Bar Mucktion (Hamdi Edit) &bull; DUB</span></p>
<p><span style="font-weight: 400;">Distinct Motive - No Posers &bull; VOMITSPIT</span></p>
<p><span style="font-weight: 400;">Hugh Hardie - Repeater &bull; HOSPITAL</span></p>
<p><span style="font-weight: 400;">Hamdi - Okay &bull; VISION</span></p>
<p><span style="font-weight: 400;">Mala - Changes (The Great Dane & JusWayne Flip) &bull; BANDCAMP</span></p>
<p><span style="font-weight: 400;">Hamdi - Yum (Jon Casey Edit) &bull; VISION</span></p>
<p><span style="font-weight: 400;">MPH - Dusk &bull; SOUTHPOINT</span></p>
<p><span style="font-weight: 400;">Emperor - Soundboy &bull; INSPECTED</span></p>
<p><span style="font-weight: 400;">OMNEUM & Finalfix - Resonance &bull; HANZOM &bull; VISION RADIO RELOAD</span></p>
<p><span style="font-weight: 400;">Benga - I Come From London &bull; RINSE</span></p>
<p><span style="font-weight: 400;">Champion - Execution &bull; NEST HQ</span></p>
<p><span style="font-weight: 400;">VHOOR - Gostosinho &bull; VHOOR</span></p>')
      ;

        -- TODO: INSERT OR REPLACE once fixed in SKDB...
        -- INSERT OR REPLACE INTO library_artists
        DELETE FROM library_artists WHERE id = 'podcast:artist:clgz9riqw000d3b6emzyjak9r-clgz9riqy001g3b6excrhlq3a';
        INSERT INTO library_artists
        (id, name, imageUrl, colorsString)
        values ('podcast:artist:clgz9riqw000d3b6emzyjak9r-clgz9riqy001g3b6excrhlq3a', 'VISION Radio', 'https://episodes.castos.com/6138cb87d83982-66320119/images/itunes-image.png', null)
      ;

        INSERT INTO library_tracks_artists
        (trackId, artistId)
        values ('podcast:track:clgz9riqy001e3b6ezn1zae3v', 'podcast:artist:clgz9riqw000d3b6emzyjak9r-clgz9riqy001g3b6excrhlq3a')
      ;

        -- TODO: INSERT OR REPLACE once fixed in SKDB...
        -- INSERT OR REPLACE INTO library_albums
        DELETE FROM library_albums WHERE id = 'podcast:album:clgz9riqw000d3b6emzyjak9r-clgz9riqy001f3b6ehgloj4ll';
        INSERT INTO library_albums
        (id, name, colorsString, imageUrl, trackCount, releaseDate, copyrights)
        values ('podcast:album:clgz9riqw000d3b6emzyjak9r-clgz9riqy001f3b6ehgloj4ll', 'VISION Radio', null, 'https://episodes.castos.com/6138cb87d83982-66320119/images/itunes-image.png', 1, null, null)
      ;

        INSERT INTO library_tracks_playlists
                (trackId, playlistId, trackIndex, addedAtTimestamp)
                values ('podcast:track:clgz9riqy001e3b6ezn1zae3v', 'podcast:playlist:clgz9riqw000d3b6emzyjak9r', 12, 1675267200000)
      ;

        -- TODO: INSERT OR REPLACE once fixed in SKDB...
        -- INSERT OR REPLACE INTO library_tracks
        DELETE FROM library_tracks WHERE id = 'podcast:track:clgz9riqy001h3b6eg9ygux25'; 
        INSERT INTO library_tracks
                (id, name, albumId, trackNumber, durationMs, isrc, imageUrl, audioUrl, externalLink, description)
                values ('podcast:track:clgz9riqy001h3b6eg9ygux25', 'VISION Radio S03E04', 'podcast:album:clgz9riqw000d3b6emzyjak9r-clgz9riqy001i3b6enazmvrs9', 0, 3600000, null, 'https://episodes.castos.com/6138cb87d83982-66320119/images/1389693/VR-SE3-SC-Thumbnails-3000x30004.jpg', 'https://episodes.castos.com/6138cb87d83982-66320119/39103/69b9eec2-81cf-4d5b-9308-bf8a02e1ad09/VISION-Radio-S03E04.mp3', 'https://visionradio.castos.com/episodes/vision-radio-s03e04', '<p><span style="font-weight: 400;"> Tune in via &rarr; </span><a href="https://gate.sc/?url=http%3A%2F%2Fvisionrecordings.nl%2Fradio&token=ece4d-1-1655303983383"><span style="font-weight: 400;">visionrecordings.nl/radio</span></a></p>
<p><span style="font-weight: 400;"> Subscribe to our YouTube channel &rarr; </span><a href="https://gate.sc/?url=http%3A%2F%2Fyoutube.com%2Fvisionrecs&token=b30d84-1-1655303983383"><span style="font-weight: 400;">youtube.com/visionrecs</span></a></p>
<p>&nbsp;</p>
<p><span style="font-weight: 400;">Another week with loads of new music! Including Current Value & Screamarts, Tipper, Dj Gaw, SMG, OMNEUM & Finalfix and more.. Enjoy!</span></p>
<p>&nbsp;</p>
<p><span style="font-weight: 400;"> Join us on Discord &rarr; </span><a href="https://gate.sc/?url=http%3A%2F%2Fdiscord.gg%2Fvisionrecordings&token=ff3d7e-1-1655303983383"><span style="font-weight: 400;">discord.gg/visionrecordings</span></a></p>
<p><span style="font-weight: 400;"> Support via Patreon &rarr; </span><a href="https://gate.sc/?url=http%3A%2F%2Fpatreon.com%2Fvisionrecordings&token=684bf3-1-1655303983383"><span style="font-weight: 400;">patreon.com/visionrecordings</span></a></p>
<p><span style="font-weight: 400;"> Shop on our Webstore &rarr; </span><a href="https://gate.sc/?url=http%3A%2F%2Fstore.visionrecordings.nl&token=303f15-1-1655303983383"><span style="font-weight: 400;">http://store.visionrecordings.nl</span></a></p>
<p><span style="font-weight: 400;"> Listen to our Spotify playlist &rarr; &zwnj;​​​&zwnj;</span><a href="https://gate.sc/?url=http%3A%2F%2Fsptfy.com%2F5nap&token=24e37-1-1655303983383"><span style="font-weight: 400;">sptfy.com/5nap</span></a></p>
<p>&nbsp;</p>
<p><span style="font-weight: 400;">Follow @</span><a href="https://soundcloud.com/VISIONrecordings"><span style="font-weight: 400;">VISIONrecordings</span></a></p>
<p><span style="font-weight: 400;">Twitter: </span><a href="https://gate.sc/?url=http%3A%2F%2Ftwitter.com%2Fvisionrecs&token=b676f0-1-1655303983383"><span style="font-weight: 400;">twitter.com/visionrecs</span></a></p>
<p><span style="font-weight: 400;">Instagram: </span><a href="https://gate.sc/?url=http%3A%2F%2Finstagram.com%2Fvisionrecordings&token=f0c756-1-1655303983383"><span style="font-weight: 400;">instagram.com/visionrecordings</span></a></p>
<p><span style="font-weight: 400;">Facebook: </span><a href="https://gate.sc/?url=http%3A%2F%2Ffacebook.com%2FVisionRecordings&token=1ddd11-1-1655303983383"><span style="font-weight: 400;">facebook.com/VisionRecordings</span></a></p>
<p><span style="font-weight: 400;">Spotify: </span><a href="https://gate.sc/?url=http%3A%2F%2Fplay.spotify.com%2Fuser%2Fvisionrecordings&token=1b94ae-1-1655303983383"><span style="font-weight: 400;">play.spotify.com/user/visionrecordings</span></a></p>
<p>&nbsp;</p>
<p><span style="font-weight: 400;">Current Value & Screamarts - Tribal &bull; EATBRAIN</span></p>
<p><span style="font-weight: 400;">Hamdi - OKAY &bull; VISION</span></p>
<p><span style="font-weight: 400;">DJ Gaw - Nation &bull; DEEP IN THE JUNGLE</span></p>
<p><span style="font-weight: 400;">Dizrupt - Rackle &bull; DISPATCH</span></p>
<p><span style="font-weight: 400;">SMG - Come Around &bull; ONYX</span></p>
<p><span style="font-weight: 400;">OMNEUM & Finalfix - Resonance &bull; HANZOM</span></p>
<p><span style="font-weight: 400;">Puzzle - Orchid &bull; DEEP WITHIN</span></p>
<p><span style="font-weight: 400;">Tipper - Low Battery Acid &bull; TIPPERMUSIC</span></p>
<p><span style="font-weight: 400;">Gravit-E - Alien Jungle &bull; GRID</span></p>
<p><span style="font-weight: 400;">Katon - Half Life &bull; THE MOB</span></p>
<p><span style="font-weight: 400;">Taelimb - Ragged &bull; REBEL</span></p>
<p><span style="font-weight: 400;">Loxy & Resound - Mordu &bull; DISPATCH</span></p>
<p><span style="font-weight: 400;">Gyrofield - Femme Fatale &bull; VISION &bull; VISION RADIO RELOAD</span></p>
<p><span style="font-weight: 400;">PHONEBOT - How To Actually Drum & Bass On A Smartphone &bull; LISTENER SUBMISSION</span></p>
<p><span style="font-weight: 400;">Drumsik - Don&rsquo;t Play &bull; OH DELA</span></p>
<p><span style="font-weight: 400;">K A G E - M I N D &bull; DUB</span></p>
<p><span style="font-weight: 400;">Dj Rusty - Radiation &bull; DUB</span></p>
<p><span style="font-weight: 400;">Homemade Weapons - Open Water &bull; SAMURAI</span></p>
<p><span style="font-weight: 400;">Q Project - Chapter 13 &bull; CIA</span></p>
<p><span style="font-weight: 400;">Q Project - Champion Sound (Bad Company UK Remix) &bull; CIA</span></p>
<p><span style="font-weight: 400;">Průvan - The Stomper &bull; YUKU</span></p>')
      ;

        -- TODO: INSERT OR REPLACE once fixed in SKDB...
        -- INSERT OR REPLACE INTO library_artists
        DELETE FROM library_artists WHERE id = 'podcast:artist:clgz9riqw000d3b6emzyjak9r-clgz9riqy001j3b6e4j4x1x5t';
        INSERT INTO library_artists
        (id, name, imageUrl, colorsString)
        values ('podcast:artist:clgz9riqw000d3b6emzyjak9r-clgz9riqy001j3b6e4j4x1x5t', 'VISION Radio', 'https://episodes.castos.com/6138cb87d83982-66320119/images/itunes-image.png', null)
      ;

        INSERT INTO library_tracks_artists
        (trackId, artistId)
        values ('podcast:track:clgz9riqy001h3b6eg9ygux25', 'podcast:artist:clgz9riqw000d3b6emzyjak9r-clgz9riqy001j3b6e4j4x1x5t')
      ;

        -- TODO: INSERT OR REPLACE once fixed in SKDB...
        -- INSERT OR REPLACE INTO library_albums
        DELETE FROM library_albums WHERE id = 'podcast:album:clgz9riqw000d3b6emzyjak9r-clgz9riqy001i3b6enazmvrs9';
        INSERT INTO library_albums
        (id, name, colorsString, imageUrl, trackCount, releaseDate, copyrights)
        values ('podcast:album:clgz9riqw000d3b6emzyjak9r-clgz9riqy001i3b6enazmvrs9', 'VISION Radio', null, 'https://episodes.castos.com/6138cb87d83982-66320119/images/itunes-image.png', 1, null, null)
      ;

        INSERT INTO library_tracks_playlists
                (trackId, playlistId, trackIndex, addedAtTimestamp)
                values ('podcast:track:clgz9riqy001h3b6eg9ygux25', 'podcast:playlist:clgz9riqw000d3b6emzyjak9r', 13, 1674662400000)
      ;

        -- TODO: INSERT OR REPLACE once fixed in SKDB...
        -- INSERT OR REPLACE INTO library_tracks
        DELETE FROM library_tracks WHERE id = 'podcast:track:clgz9riqy001k3b6e9aubbjcq'; 
        INSERT INTO library_tracks
                (id, name, albumId, trackNumber, durationMs, isrc, imageUrl, audioUrl, externalLink, description)
                values ('podcast:track:clgz9riqy001k3b6e9aubbjcq', 'VISION Radio S03E03', 'podcast:album:clgz9riqw000d3b6emzyjak9r-clgz9riqy001l3b6e5sisyzl4', 0, 3600000, null, 'https://episodes.castos.com/6138cb87d83982-66320119/images/1379070/VR-SE3-SC-Thumbnails-3000x30003.jpg', 'https://episodes.castos.com/6138cb87d83982-66320119/39103/a7192057-4648-48a3-bbf8-f3c9b1e08ed7/VISION-Radio-S03E03.mp3', 'https://visionradio.castos.com/episodes/vision-radio-s03e03', '<p><span style="font-weight: 400;"> Tune in via &rarr; </span><a href="https://gate.sc/?url=http%3A%2F%2Fvisionrecordings.nl%2Fradio&token=ece4d-1-1655303983383"><span style="font-weight: 400;">visionrecordings.nl/radio</span></a></p>
<p><span style="font-weight: 400;"> Subscribe to our YouTube channel &rarr; </span><a href="https://gate.sc/?url=http%3A%2F%2Fyoutube.com%2Fvisionrecs&token=b30d84-1-1655303983383"><span style="font-weight: 400;">youtube.com/visionrecs</span></a></p>
<p>&nbsp;</p>
<p><span style="font-weight: 400;">Brand new Gyrofield! &lsquo;Femme Fatale&rsquo; the single will be out tomorrow on our VISION imprint. More new music by RV, RISE, Tipper, VISLA, Tsuruda and more.. Enjoy!</span></p>
<p>&nbsp;</p>
<p><span style="font-weight: 400;"> Join us on Discord &rarr; </span><a href="https://gate.sc/?url=http%3A%2F%2Fdiscord.gg%2Fvisionrecordings&token=ff3d7e-1-1655303983383"><span style="font-weight: 400;">discord.gg/visionrecordings</span></a></p>
<p><span style="font-weight: 400;"> Support via Patreon &rarr; </span><a href="https://gate.sc/?url=http%3A%2F%2Fpatreon.com%2Fvisionrecordings&token=684bf3-1-1655303983383"><span style="font-weight: 400;">patreon.com/visionrecordings</span></a></p>
<p><span style="font-weight: 400;"> Shop on our Webstore &rarr; </span><a href="https://gate.sc/?url=http%3A%2F%2Fstore.visionrecordings.nl&token=303f15-1-1655303983383"><span style="font-weight: 400;">http://store.visionrecordings.nl</span></a></p>
<p><span style="font-weight: 400;"> Listen to our Spotify playlist &rarr; &zwnj;​​​&zwnj;</span><a href="https://gate.sc/?url=http%3A%2F%2Fsptfy.com%2F5nap&token=24e37-1-1655303983383"><span style="font-weight: 400;">sptfy.com/5nap</span></a></p>
<p>&nbsp;</p>
<p><span style="font-weight: 400;">Follow @</span><a href="https://soundcloud.com/VISIONrecordings"><span style="font-weight: 400;">VISIONrecordings</span></a></p>
<p><span style="font-weight: 400;">Twitter: </span><a href="https://gate.sc/?url=http%3A%2F%2Ftwitter.com%2Fvisionrecs&token=b676f0-1-1655303983383"><span style="font-weight: 400;">twitter.com/visionrecs</span></a></p>
<p><span style="font-weight: 400;">Instagram: </span><a href="https://gate.sc/?url=http%3A%2F%2Finstagram.com%2Fvisionrecordings&token=f0c756-1-1655303983383"><span style="font-weight: 400;">instagram.com/visionrecordings</span></a></p>
<p><span style="font-weight: 400;">Facebook: </span><a href="https://gate.sc/?url=http%3A%2F%2Ffacebook.com%2FVisionRecordings&token=1ddd11-1-1655303983383"><span style="font-weight: 400;">facebook.com/VisionRecordings</span></a></p>
<p><span style="font-weight: 400;">Spotify: </span><a href="https://gate.sc/?url=http%3A%2F%2Fplay.spotify.com%2Fuser%2Fvisionrecordings&token=1b94ae-1-1655303983383"><span style="font-weight: 400;">play.spotify.com/user/visionrecordings</span></a></p>
<p>&nbsp;</p>
<p><span style="font-weight: 400;">Gyrofield - Femme Fatale &bull; VISION</span></p>
<p><span style="font-weight: 400;">RV - Jumanji &bull; SUB-LIMINAL</span></p>
<p><span style="font-weight: 400;">RISE - Easy &bull; ONYX</span></p>
<p><span style="font-weight: 400;">Tipper - Trouble Pig &bull; TIPPERMUSIC</span></p>
<p><span style="font-weight: 400;">TI - Bring It &bull; CIA</span></p>
<p><span style="font-weight: 400;">VISLA - Flashbang &bull; CRITICAL BINARY</span></p>
<p><span style="font-weight: 400;">Korrode - Demonised &bull; SUB-LIMINAL</span></p>
<p><span style="font-weight: 400;">Trail - Velasquez &bull; 1985</span></p>
<p><span style="font-weight: 400;">Current Value & Screamarts - Knock Knock &bull; EATBRAIN</span></p>
<p><span style="font-weight: 400;">Nebulate - The Great Tusk &bull; ALL172THINGS</span></p>
<p><span style="font-weight: 400;">Tsuruda - Lazer &bull; DEADBEATS</span></p>
<ol>
<li><span style="font-weight: 400;"> Murk - M.O.V.A. &bull; VISION</span></li>
</ol>
<p><span style="font-weight: 400;">Dizrupt - Outside &bull; DISPATCH</span></p>
<p><span style="font-weight: 400;">Basic Rhythm - 4 Tha Streets &bull; STRAIGHT UP BREAKBEAT</span></p>
<p><span style="font-weight: 400;">Posij & Former - Ultra &bull; VISION</span></p>
<p><span style="font-weight: 400;">Sleepnet - Angel Blade &bull; VISION &bull; VISION RADIO RELOAD</span></p>
<p><span style="font-weight: 400;">NC-17 & Dauntless - Microchip Convention &bull; DISPATCH</span></p>
<p><span style="font-weight: 400;">SLNCE - Don&rsquo;t Stop &bull; LISTENER SUBMISSION</span></p>
<p><span style="font-weight: 400;">Maysev - Aversion &bull; DIVIDID</span></p>
<p><span style="font-weight: 400;">Homemade Weapons & Dailiv - Wolfsbane &bull; SAMURAI</span></p>
<p><span style="font-weight: 400;">TRAKA - Deviant &bull; YUKU</span></p>')
      ;

        -- TODO: INSERT OR REPLACE once fixed in SKDB...
        -- INSERT OR REPLACE INTO library_artists
        DELETE FROM library_artists WHERE id = 'podcast:artist:clgz9riqw000d3b6emzyjak9r-clgz9riqy001m3b6er95nprxc';
        INSERT INTO library_artists
        (id, name, imageUrl, colorsString)
        values ('podcast:artist:clgz9riqw000d3b6emzyjak9r-clgz9riqy001m3b6er95nprxc', 'VISION Radio', 'https://episodes.castos.com/6138cb87d83982-66320119/images/itunes-image.png', null)
      ;

        INSERT INTO library_tracks_artists
        (trackId, artistId)
        values ('podcast:track:clgz9riqy001k3b6e9aubbjcq', 'podcast:artist:clgz9riqw000d3b6emzyjak9r-clgz9riqy001m3b6er95nprxc')
      ;

        -- TODO: INSERT OR REPLACE once fixed in SKDB...
        -- INSERT OR REPLACE INTO library_albums
        DELETE FROM library_albums WHERE id = 'podcast:album:clgz9riqw000d3b6emzyjak9r-clgz9riqy001l3b6e5sisyzl4';
        INSERT INTO library_albums
        (id, name, colorsString, imageUrl, trackCount, releaseDate, copyrights)
        values ('podcast:album:clgz9riqw000d3b6emzyjak9r-clgz9riqy001l3b6e5sisyzl4', 'VISION Radio', null, 'https://episodes.castos.com/6138cb87d83982-66320119/images/itunes-image.png', 1, null, null)
      ;

        INSERT INTO library_tracks_playlists
                (trackId, playlistId, trackIndex, addedAtTimestamp)
                values ('podcast:track:clgz9riqy001k3b6e9aubbjcq', 'podcast:playlist:clgz9riqw000d3b6emzyjak9r', 14, 1674057600000)
      ;

        -- TODO: INSERT OR REPLACE once fixed in SKDB...
        -- INSERT OR REPLACE INTO library_tracks
        DELETE FROM library_tracks WHERE id = 'podcast:track:clgz9riqy001n3b6e86ye0po8'; 
        INSERT INTO library_tracks
                (id, name, albumId, trackNumber, durationMs, isrc, imageUrl, audioUrl, externalLink, description)
                values ('podcast:track:clgz9riqy001n3b6e86ye0po8', 'VISION Radio S03E02', 'podcast:album:clgz9riqw000d3b6emzyjak9r-clgz9riqy001o3b6ejpw5yo0k', 0, 3600000, null, 'https://episodes.castos.com/6138cb87d83982-66320119/images/1373783/VR-SE3-SC-Thumbnails-3000x30002.jpg', 'https://episodes.castos.com/6138cb87d83982-66320119/39103/6f6f4d25-387d-4892-8948-8e4594f6543e/VISION-Radio-S03E02.mp3', 'https://visionradio.castos.com/episodes/vision-radio-s03e02', '<p><span style="font-weight: 400;"> Tune in via &rarr; </span><a href="https://gate.sc/?url=http%3A%2F%2Fvisionrecordings.nl%2Fradio&token=ece4d-1-1655303983383"><span style="font-weight: 400;">visionrecordings.nl/radio</span></a></p>
<p><span style="font-weight: 400;"> Subscribe to our YouTube channel &rarr; </span><a href="https://gate.sc/?url=http%3A%2F%2Fyoutube.com%2Fvisionrecs&token=b30d84-1-1655303983383"><span style="font-weight: 400;">youtube.com/visionrecs</span></a></p>
<p>&nbsp;</p>
<p><span style="font-weight: 400;">It"s been a massive week with new releases! We"re kicking off with the new Jon Casey edit of Yum, a little track called Rumble by Skrillex, Fred Again... & Flowdan, new music by Halogenix and much more..!&nbsp;</span></p>
<p>&nbsp;</p>
<p><span style="font-weight: 400;"> Join us on Discord &rarr; </span><a href="https://gate.sc/?url=http%3A%2F%2Fdiscord.gg%2Fvisionrecordings&token=ff3d7e-1-1655303983383"><span style="font-weight: 400;">discord.gg/visionrecordings</span></a></p>
<p><span style="font-weight: 400;"> Support via Patreon &rarr; </span><a href="https://gate.sc/?url=http%3A%2F%2Fpatreon.com%2Fvisionrecordings&token=684bf3-1-1655303983383"><span style="font-weight: 400;">patreon.com/visionrecordings</span></a></p>
<p><span style="font-weight: 400;"> Shop on our Webstore &rarr; </span><a href="https://gate.sc/?url=http%3A%2F%2Fstore.visionrecordings.nl&token=303f15-1-1655303983383"><span style="font-weight: 400;">http://store.visionrecordings.nl</span></a></p>
<p><span style="font-weight: 400;"> Listen to our Spotify playlist &rarr; &zwnj;​​​&zwnj;</span><a href="https://gate.sc/?url=http%3A%2F%2Fsptfy.com%2F5nap&token=24e37-1-1655303983383"><span style="font-weight: 400;">sptfy.com/5nap</span></a></p>
<p>&nbsp;</p>
<p><span style="font-weight: 400;">Follow @</span><a href="https://soundcloud.com/VISIONrecordings"><span style="font-weight: 400;">VISIONrecordings</span></a></p>
<p><span style="font-weight: 400;">Twitter: </span><a href="https://gate.sc/?url=http%3A%2F%2Ftwitter.com%2Fvisionrecs&token=b676f0-1-1655303983383"><span style="font-weight: 400;">twitter.com/visionrecs</span></a></p>
<p><span style="font-weight: 400;">Instagram: </span><a href="https://gate.sc/?url=http%3A%2F%2Finstagram.com%2Fvisionrecordings&token=f0c756-1-1655303983383"><span style="font-weight: 400;">instagram.com/visionrecordings</span></a></p>
<p><span style="font-weight: 400;">Facebook: </span><a href="https://gate.sc/?url=http%3A%2F%2Ffacebook.com%2FVisionRecordings&token=1ddd11-1-1655303983383"><span style="font-weight: 400;">facebook.com/VisionRecordings</span></a></p>
<p><span style="font-weight: 400;">Spotify: </span><a href="https://gate.sc/?url=http%3A%2F%2Fplay.spotify.com%2Fuser%2Fvisionrecordings&token=1b94ae-1-1655303983383"><span style="font-weight: 400;">play.spotify.com/user/visionrecordings</span></a></p>
<p>&nbsp;</p>
<p><span style="font-weight: 400;">Hamdi - Yum (Jon Casey Edit) &bull; VISION</span></p>
<p><span style="font-weight: 400;">Skrillex, Fred Again.. & Flowdan - Rumble &bull; OWSLA</span></p>
<p><span style="font-weight: 400;">Halogenix - Lost Friends &bull; GEMINI GEMINI</span></p>
<p><span style="font-weight: 400;">Black Barrel - Fabric (DLR Remix) &bull; DISPATCH</span></p>
<p><span style="font-weight: 400;">VISLA - Vandal &bull; CRITICAL BINARY</span></p>
<p><span style="font-weight: 400;">Fake Two Piece - CASH &bull; INCURZION</span></p>
<p><span style="font-weight: 400;">Sobersoul & Mxstakes - Ceremony &bull; DATA</span></p>
<p><span style="font-weight: 400;">Screamarts - So Surreal &bull; DISPATCH</span></p>
<p><span style="font-weight: 400;">Enei Feat. Jakes - Move In Silence &bull; CRITICAL</span></p>
<p><span style="font-weight: 400;">Fly - Deja Vu &bull; ALPHA PUP</span></p>
<p><span style="font-weight: 400;">H&Oslash;ST - Fidget &bull; OBSOLETE MEDIUM</span></p>
<p><span style="font-weight: 400;">Tao Maffa - Power (Entita Remix) &bull; SOUNDPOLIS</span></p>
<p><span style="font-weight: 400;">Headroom - Away (Arkaik Remix) &bull; ENGAGE</span></p>
<p><span style="font-weight: 400;">Kenji & Warhead - Flammable &bull; GRID</span></p>
<p><span style="font-weight: 400;">Gladde Paling & Vieze Asbak - Koetlife &bull; BIG PALING SOUND</span></p>
<p><span style="font-weight: 400;">Temam - Supernova &bull; NEU</span></p>
<p><span style="font-weight: 400;">Vici - Rave Splash &bull; 1 MORE THING</span></p>
<p><span style="font-weight: 400;">Break & Fox - Code Red (Dub Mix) &bull; SYMMETRY</span></p>
<p><span style="font-weight: 400;">Sleepnet - Angel Blade &bull; VISION &bull; VISION RADIO RELOAD</span></p>
<p><span style="font-weight: 400;">Genic - Sequencer &bull; DISPATCH</span></p>
<p><span style="font-weight: 400;">Two Fingers & MUADEEP - Lost Gods &bull; NOMARK</span></p>
<p><span style="font-weight: 400;">DJ Hybrid - Soundsystem Dub &bull; BOOM93</span></p>
<p><span style="font-weight: 400;">Ivy Lab - Merlot &bull; 2020</span></p>')
      ;

        -- TODO: INSERT OR REPLACE once fixed in SKDB...
        -- INSERT OR REPLACE INTO library_artists
        DELETE FROM library_artists WHERE id = 'podcast:artist:clgz9riqw000d3b6emzyjak9r-clgz9riqy001p3b6e63nh5h9x';
        INSERT INTO library_artists
        (id, name, imageUrl, colorsString)
        values ('podcast:artist:clgz9riqw000d3b6emzyjak9r-clgz9riqy001p3b6e63nh5h9x', 'VISION Radio', 'https://episodes.castos.com/6138cb87d83982-66320119/images/itunes-image.png', null)
      ;

        INSERT INTO library_tracks_artists
        (trackId, artistId)
        values ('podcast:track:clgz9riqy001n3b6e86ye0po8', 'podcast:artist:clgz9riqw000d3b6emzyjak9r-clgz9riqy001p3b6e63nh5h9x')
      ;

        -- TODO: INSERT OR REPLACE once fixed in SKDB...
        -- INSERT OR REPLACE INTO library_albums
        DELETE FROM library_albums WHERE id = 'podcast:album:clgz9riqw000d3b6emzyjak9r-clgz9riqy001o3b6ejpw5yo0k';
        INSERT INTO library_albums
        (id, name, colorsString, imageUrl, trackCount, releaseDate, copyrights)
        values ('podcast:album:clgz9riqw000d3b6emzyjak9r-clgz9riqy001o3b6ejpw5yo0k', 'VISION Radio', null, 'https://episodes.castos.com/6138cb87d83982-66320119/images/itunes-image.png', 1, null, null)
      ;

        INSERT INTO library_tracks_playlists
                (trackId, playlistId, trackIndex, addedAtTimestamp)
                values ('podcast:track:clgz9riqy001n3b6e86ye0po8', 'podcast:playlist:clgz9riqw000d3b6emzyjak9r', 15, 1673452800000)
      ;

        -- TODO: INSERT OR REPLACE once fixed in SKDB...
        -- INSERT OR REPLACE INTO library_tracks
        DELETE FROM library_tracks WHERE id = 'podcast:track:clgz9riqy001q3b6ezq90ren5'; 
        INSERT INTO library_tracks
                (id, name, albumId, trackNumber, durationMs, isrc, imageUrl, audioUrl, externalLink, description)
                values ('podcast:track:clgz9riqy001q3b6ezq90ren5', 'VISION Radio S03E01', 'podcast:album:clgz9riqw000d3b6emzyjak9r-clgz9riqy001r3b6ezt4kkank', 0, 3600000, null, 'https://episodes.castos.com/6138cb87d83982-66320119/images/1368734/VR-SE3-SC-Thumbnails-3000x3000.jpg', 'https://episodes.castos.com/6138cb87d83982-66320119/39103/ec4b7a61-2eea-4bd3-b47f-ba36a90a1800/VISION-Radio-S03E01.mp3', 'https://visionradio.castos.com/episodes/vision-radio-s03e01', '<p><span style="font-weight: 400;"> Tune in via &rarr; </span><a href="https://gate.sc/?url=http%3A%2F%2Fvisionrecordings.nl%2Fradio&token=ece4d-1-1655303983383"><span style="font-weight: 400;">visionrecordings.nl/radio</span></a></p>
<p><span style="font-weight: 400;"> Subscribe to our YouTube channel &rarr; </span><a href="https://gate.sc/?url=http%3A%2F%2Fyoutube.com%2Fvisionrecs&token=b30d84-1-1655303983383"><span style="font-weight: 400;">youtube.com/visionrecs</span></a></p>
<p><span style="font-weight: 400;">VISION Radio this week: Starting of season 3 with a Hodo minimix, with edits by Little Snake, Kelbin, MUADEEP, Varien, and some brand new Hamdi music! Okay!</span></p>
<p>&nbsp;</p>
<p><span style="font-weight: 400;"> Join us on Discord &rarr; </span><a href="https://gate.sc/?url=http%3A%2F%2Fdiscord.gg%2Fvisionrecordings&token=ff3d7e-1-1655303983383"><span style="font-weight: 400;">discord.gg/visionrecordings</span></a></p>
<p><span style="font-weight: 400;"> Support via Patreon &rarr; </span><a href="https://gate.sc/?url=http%3A%2F%2Fpatreon.com%2Fvisionrecordings&token=684bf3-1-1655303983383"><span style="font-weight: 400;">patreon.com/visionrecordings</span></a></p>
<p><span style="font-weight: 400;"> Shop on our Webstore &rarr; </span><a href="https://gate.sc/?url=http%3A%2F%2Fstore.visionrecordings.nl&token=303f15-1-1655303983383"><span style="font-weight: 400;">http://store.visionrecordings.nl</span></a></p>
<p><span style="font-weight: 400;"> Listen to our Spotify playlist &rarr; &zwnj;​​​&zwnj;</span><a href="https://gate.sc/?url=http%3A%2F%2Fsptfy.com%2F5nap&token=24e37-1-1655303983383"><span style="font-weight: 400;">sptfy.com/5nap</span></a></p>
<p>&nbsp;</p>
<p><span style="font-weight: 400;">Follow @</span><a href="https://soundcloud.com/VISIONrecordings"><span style="font-weight: 400;">VISIONrecordings</span></a></p>
<p><span style="font-weight: 400;">Twitter: </span><a href="https://gate.sc/?url=http%3A%2F%2Ftwitter.com%2Fvisionrecs&token=b676f0-1-1655303983383"><span style="font-weight: 400;">twitter.com/visionrecs</span></a></p>
<p><span style="font-weight: 400;">Instagram: </span><a href="https://gate.sc/?url=http%3A%2F%2Finstagram.com%2Fvisionrecordings&token=f0c756-1-1655303983383"><span style="font-weight: 400;">instagram.com/visionrecordings</span></a></p>
<p><span style="font-weight: 400;">Facebook: </span><a href="https://gate.sc/?url=http%3A%2F%2Ffacebook.com%2FVisionRecordings&token=1ddd11-1-1655303983383"><span style="font-weight: 400;">facebook.com/VisionRecordings</span></a></p>
<p><span style="font-weight: 400;">Spotify: </span><a href="https://gate.sc/?url=http%3A%2F%2Fplay.spotify.com%2Fuser%2Fvisionrecordings&token=1b94ae-1-1655303983383"><span style="font-weight: 400;">play.spotify.com/user/visionrecordings</span></a></p>
<p>&nbsp;</p>
<p><span style="font-weight: 400;">&lsquo;Hodo Mini mix&rsquo;&nbsp;</span></p>
<p><span style="font-weight: 400;">Thys & Two Fingers - Hodo (Little Snake Edit) &bull; VISION</span></p>
<p><span style="font-weight: 400;">Thys & Two Fingers - Hodo (Kelbin Edit) &bull; VISION</span></p>
<p><span style="font-weight: 400;">Thys & Two Fingers - Hodo&nbsp; &bull; VISION</span></p>
<p><span style="font-weight: 400;">Thys & Two Fingers - Hodo (MUADEEP Edit) &bull; VISION</span></p>
<p><span style="font-weight: 400;">Thys & Two Fingers - Hodo (Varien Edit) &bull; VISION</span></p>
<p>&nbsp;</p>
<p><span style="font-weight: 400;">Hamdi - Okay &bull; VISION</span></p>
<p><span style="font-weight: 400;">Halogenix - Sekkle In (feat. Sparkz) &bull; CRITICAL</span></p>
<p><span style="font-weight: 400;">Enta - Bitchin &bull; BIOLOGICAL BEATS</span></p>
<p><span style="font-weight: 400;">UFO! - Level Up &bull; PSYCHO BUMMER</span></p>
<p><span style="font-weight: 400;">H&Oslash;ST - DREAD &bull; &Oslash;</span></p>
<p><span style="font-weight: 400;">Para - G Check &bull; INCURZION</span></p>
<p><span style="font-weight: 400;">Sully - Swandive &bull; ASTROPHONICA</span></p>
<p><span style="font-weight: 400;">Anais - Blackout (Feat. Teezy) &bull; HOSPITAL</span></p>
<p><span style="font-weight: 400;">Bleep Bloop - Hammer And Serpent &bull; DOME OF DOOM</span></p>
<p><span style="font-weight: 400;">TI Feat. Madrush MC - Sketchy &bull; C.I.A.</span></p>
<p><span style="font-weight: 400;">Scartip - Shadow Catcher &bull; 1 MORE THING</span></p>
<p><span style="font-weight: 400;">Blinde - 3x3 &bull; YAMATAI</span></p>
<p><span style="font-weight: 400;">Calyx - You Want it All &bull; CRITICAL</span></p>
<p><span style="font-weight: 400;">S Murk - Clik Clik &bull; BANDCAMP</span></p>
<p><span style="font-weight: 400;">Ivy Lab - Late Night Fit &bull; 2020</span></p>
<p><span style="font-weight: 400;">Healian - It&rsquo;s About Time &bull; EKOU</span></p>
<p><span style="font-weight: 400;">WAVHART - Dream State &bull; PLAY ME TOO</span></p>
<p><span style="font-weight: 400;">Sleepnet - Angel Blade &bull; VISION</span></p>
<p><span style="font-weight: 400;">Tipper - Rancid Shuff &bull; TIPPERMUSIC</span></p>
<p><span style="font-weight: 400;">ChaseR & Malstrom - Dead Leaves &bull; NEUROPUNK</span></p>
<p><span style="font-weight: 400;">The Glitch Mob - Depth Charge &bull; GLASS AIR</span></p>
<p><span style="font-weight: 400;">Bastard - Full Bleed &bull; RENRAKU</span></p>')
      ;

        -- TODO: INSERT OR REPLACE once fixed in SKDB...
        -- INSERT OR REPLACE INTO library_artists
        DELETE FROM library_artists WHERE id = 'podcast:artist:clgz9riqw000d3b6emzyjak9r-clgz9riqy001s3b6eki5nyaal';
        INSERT INTO library_artists
        (id, name, imageUrl, colorsString)
        values ('podcast:artist:clgz9riqw000d3b6emzyjak9r-clgz9riqy001s3b6eki5nyaal', 'VISION Radio', 'https://episodes.castos.com/6138cb87d83982-66320119/images/itunes-image.png', null)
      ;

        INSERT INTO library_tracks_artists
        (trackId, artistId)
        values ('podcast:track:clgz9riqy001q3b6ezq90ren5', 'podcast:artist:clgz9riqw000d3b6emzyjak9r-clgz9riqy001s3b6eki5nyaal')
      ;

        -- TODO: INSERT OR REPLACE once fixed in SKDB...
        -- INSERT OR REPLACE INTO library_albums
        DELETE FROM library_albums WHERE id = 'podcast:album:clgz9riqw000d3b6emzyjak9r-clgz9riqy001r3b6ezt4kkank';
        INSERT INTO library_albums
        (id, name, colorsString, imageUrl, trackCount, releaseDate, copyrights)
        values ('podcast:album:clgz9riqw000d3b6emzyjak9r-clgz9riqy001r3b6ezt4kkank', 'VISION Radio', null, 'https://episodes.castos.com/6138cb87d83982-66320119/images/itunes-image.png', 1, null, null)
      ;

        INSERT INTO library_tracks_playlists
                (trackId, playlistId, trackIndex, addedAtTimestamp)
                values ('podcast:track:clgz9riqy001q3b6ezq90ren5', 'podcast:playlist:clgz9riqw000d3b6emzyjak9r', 16, 1672848000000)
      ;

        -- TODO: INSERT OR REPLACE once fixed in SKDB...
        -- INSERT OR REPLACE INTO library_tracks
        DELETE FROM library_tracks WHERE id = 'podcast:track:clgz9riqy001t3b6eqfc4znb7'; 
        INSERT INTO library_tracks
                (id, name, albumId, trackNumber, durationMs, isrc, imageUrl, audioUrl, externalLink, description)
                values ('podcast:track:clgz9riqy001t3b6eqfc4znb7', 'VISION Radio S02E52', 'podcast:album:clgz9riqw000d3b6emzyjak9r-clgz9riqy001u3b6ex2m0a0co', 0, 3600000, null, 'https://episodes.castos.com/6138cb87d83982-66320119/images/1357549/VR-SE2-SC-Thumbnails-voor-plugin-3000x300028.jpg', 'https://episodes.castos.com/6138cb87d83982-66320119/39103/0a488608-008c-4819-a0cf-1591a7c52f67/VISION-Radio-S02E52-.mp3', 'https://visionradio.castos.com/episodes/vision-radio-s02e52', '<p><span style="font-weight: 400;"> Tune in via &rarr; </span><a href="https://gate.sc/?url=http%3A%2F%2Fvisionrecordings.nl%2Fradio&token=ece4d-1-1655303983383"><span style="font-weight: 400;">visionrecordings.nl/radio</span></a></p>
<p><span style="font-weight: 400;"> Subscribe to our YouTube channel &rarr; </span><a href="https://gate.sc/?url=http%3A%2F%2Fyoutube.com%2Fvisionrecs&token=b30d84-1-1655303983383"><span style="font-weight: 400;">youtube.com/visionrecs</span></a></p>
<p><span style="font-weight: 400;">VISION Radio this week: The end-of-year Reload Special, featuring all the reloads from the second half of this season! Special thanks to our patrons for voting, and enjoy the show!</span></p>
<p>&nbsp;</p>
<p><span style="font-weight: 400;"> Join us on Discord &rarr; </span><a href="https://gate.sc/?url=http%3A%2F%2Fdiscord.gg%2Fvisionrecordings&token=ff3d7e-1-1655303983383"><span style="font-weight: 400;">discord.gg/visionrecordings</span></a></p>
<p><span style="font-weight: 400;"> Support via Patreon &rarr; </span><a href="https://gate.sc/?url=http%3A%2F%2Fpatreon.com%2Fvisionrecordings&token=684bf3-1-1655303983383"><span style="font-weight: 400;">patreon.com/visionrecordings</span></a></p>
<p><span style="font-weight: 400;"> Shop on our Webstore &rarr; </span><a href="https://gate.sc/?url=http%3A%2F%2Fstore.visionrecordings.nl&token=303f15-1-1655303983383"><span style="font-weight: 400;">http://store.visionrecordings.nl</span></a></p>
<p><span style="font-weight: 400;"> Listen to our Spotify playlist &rarr; &zwnj;​​​&zwnj;</span><a href="https://gate.sc/?url=http%3A%2F%2Fsptfy.com%2F5nap&token=24e37-1-1655303983383"><span style="font-weight: 400;">sptfy.com/5nap</span></a></p>
<p>&nbsp;</p>
<p><span style="font-weight: 400;">Follow @</span><a href="https://soundcloud.com/VISIONrecordings"><span style="font-weight: 400;">VISIONrecordings</span></a></p>
<p><span style="font-weight: 400;">Twitter: </span><a href="https://gate.sc/?url=http%3A%2F%2Ftwitter.com%2Fvisionrecs&token=b676f0-1-1655303983383"><span style="font-weight: 400;">twitter.com/visionrecs</span></a></p>
<p><span style="font-weight: 400;">Instagram: </span><a href="https://gate.sc/?url=http%3A%2F%2Finstagram.com%2Fvisionrecordings&token=f0c756-1-1655303983383"><span style="font-weight: 400;">instagram.com/visionrecordings</span></a></p>
<p><span style="font-weight: 400;">Facebook: </span><a href="https://gate.sc/?url=http%3A%2F%2Ffacebook.com%2FVisionRecordings&token=1ddd11-1-1655303983383"><span style="font-weight: 400;">facebook.com/VisionRecordings</span></a></p>
<p><span style="font-weight: 400;">Spotify: </span><a href="https://gate.sc/?url=http%3A%2F%2Fplay.spotify.com%2Fuser%2Fvisionrecordings&token=1b94ae-1-1655303983383"><span style="font-weight: 400;">play.spotify.com/user/visionrecordings</span></a></p>
<p>&nbsp;</p>
<p><span style="font-weight: 400;">Noisia & Phace - Program (Sleepnet Remix) &bull; VISION</span></p>
<p><span style="font-weight: 400;">PHACE X MEFJUS - FRIED &bull; NEOSIGNAL</span></p>
<p><span style="font-weight: 400;">Monty & Visages - TEK &bull; 1985</span></p>
<p><span style="font-weight: 400;">Yaano - Christian Dubstep &bull; CRITICAL</span></p>
<p><span style="font-weight: 400;">Maysev - Coelano &bull; DIVIDID</span></p>
<p><span style="font-weight: 400;">Sleepnet - Angel Blade &bull; VISION</span></p>
<p><span style="font-weight: 400;">Noisia - Voodoo (Waeys Remix) &bull; VISION</span></p>
<p><span style="font-weight: 400;">Amoss - The Antidote VIP &bull; FLEXOUT</span></p>
<p><span style="font-weight: 400;">The Outsiders - Spectra &bull; VISION</span></p>
<p><span style="font-weight: 400;">Apashe - Witch (Feat. Alina Pash) (Nitepunk &lsquo;Broken&rsquo; Remix) &bull; KANNIBALEN</span></p>
<p><span style="font-weight: 400;">Subtension - Reason VIP &bull; VISION</span></p>
<p><span style="font-weight: 400;">IMANU - 1000 Year Reign &bull; DEADBEATS</span></p>
<p><span style="font-weight: 400;">Noisia - Concussion (Mefjus Remix) &bull; VISION</span></p>
<p><span style="font-weight: 400;">Rohaan - HOLD &bull; DEADBEATS</span></p>
<p><span style="font-weight: 400;">PHACE X EMPEROR - IMPASSE &bull; NEOSIGNAL</span></p>
<p><span style="font-weight: 400;">Noisia - Mantra (Nitepunk Remix) &bull; VISION</span></p>
<p><span style="font-weight: 400;">The Prodigy - Breathe (Mefjus & Camo & Krooked Remix) &bull; XL</span></p>
<p><span style="font-weight: 400;">Visages - From Lead to Gold &bull; 1985</span></p>
<p><span style="font-weight: 400;">Matrix - Temperament 22 &bull; DUB</span></p>
<p><span style="font-weight: 400;">Subtension - Reason &bull; VISION</span></p>
<p><span style="font-weight: 400;">PHACE X MUADEEP - BELIEVE &bull; NEOSIGNAL</span></p>
<p><span style="font-weight: 400;">Burial + Four Tet - Moth &bull; TEXT</span></p>')
      ;

        -- TODO: INSERT OR REPLACE once fixed in SKDB...
        -- INSERT OR REPLACE INTO library_artists
        DELETE FROM library_artists WHERE id = 'podcast:artist:clgz9riqw000d3b6emzyjak9r-clgz9riqy001v3b6ene5l1zd0';
        INSERT INTO library_artists
        (id, name, imageUrl, colorsString)
        values ('podcast:artist:clgz9riqw000d3b6emzyjak9r-clgz9riqy001v3b6ene5l1zd0', 'VISION Radio', 'https://episodes.castos.com/6138cb87d83982-66320119/images/itunes-image.png', null)
      ;

        INSERT INTO library_tracks_artists
        (trackId, artistId)
        values ('podcast:track:clgz9riqy001t3b6eqfc4znb7', 'podcast:artist:clgz9riqw000d3b6emzyjak9r-clgz9riqy001v3b6ene5l1zd0')
      ;

        -- TODO: INSERT OR REPLACE once fixed in SKDB...
        -- INSERT OR REPLACE INTO library_albums
        DELETE FROM library_albums WHERE id = 'podcast:album:clgz9riqw000d3b6emzyjak9r-clgz9riqy001u3b6ex2m0a0co';
        INSERT INTO library_albums
        (id, name, colorsString, imageUrl, trackCount, releaseDate, copyrights)
        values ('podcast:album:clgz9riqw000d3b6emzyjak9r-clgz9riqy001u3b6ex2m0a0co', 'VISION Radio', null, 'https://episodes.castos.com/6138cb87d83982-66320119/images/itunes-image.png', 1, null, null)
      ;

        INSERT INTO library_tracks_playlists
                (trackId, playlistId, trackIndex, addedAtTimestamp)
                values ('podcast:track:clgz9riqy001t3b6eqfc4znb7', 'podcast:playlist:clgz9riqw000d3b6emzyjak9r', 17, 1672243200000)
      ;

        -- TODO: INSERT OR REPLACE once fixed in SKDB...
        -- INSERT OR REPLACE INTO library_tracks
        DELETE FROM library_tracks WHERE id = 'podcast:track:clgz9riqy001w3b6ef21nqtb3'; 
        INSERT INTO library_tracks
                (id, name, albumId, trackNumber, durationMs, isrc, imageUrl, audioUrl, externalLink, description)
                values ('podcast:track:clgz9riqy001w3b6ef21nqtb3', 'VISION Radio S02E51', 'podcast:album:clgz9riqw000d3b6emzyjak9r-clgz9riqy001x3b6ewmrzd3pu', 0, 3600000, null, 'https://episodes.castos.com/6138cb87d83982-66320119/images/1357405/VR-SE2-SC-Thumbnails-voor-plugin-3000x300027.jpg', 'https://episodes.castos.com/6138cb87d83982-66320119/39103/2a6b929e-3183-4657-b783-69e0bf01d580/VISION-Radio-S02E51.mp3', 'https://visionradio.castos.com/episodes/vision-radio-s02e51', '<p><span style="font-weight: 400;"> Tune in via &rarr; </span><a href="https://gate.sc/?url=http%3A%2F%2Fvisionrecordings.nl%2Fradio&token=ece4d-1-1655303983383"><span style="font-weight: 400;">visionrecordings.nl/radio</span></a></p>
<p><span style="font-weight: 400;"> Subscribe to our YouTube channel &rarr; </span><a href="https://gate.sc/?url=http%3A%2F%2Fyoutube.com%2Fvisionrecs&token=b30d84-1-1655303983383"><span style="font-weight: 400;">youtube.com/visionrecs</span></a></p>
<p><span style="font-weight: 400;">VISION Radio this week: The Outsiders on Co-Hosting duties! Announcing the release of their &lsquo;2222&rsquo; EP on VISION, alongside a great selection of music. Enjoy!</span></p>
<p>&nbsp;</p>
<p><span style="font-weight: 400;"> Join us on Discord &rarr; </span><a href="https://gate.sc/?url=http%3A%2F%2Fdiscord.gg%2Fvisionrecordings&token=ff3d7e-1-1655303983383"><span style="font-weight: 400;">discord.gg/visionrecordings</span></a></p>
<p><span style="font-weight: 400;"> Support via Patreon &rarr; </span><a href="https://gate.sc/?url=http%3A%2F%2Fpatreon.com%2Fvisionrecordings&token=684bf3-1-1655303983383"><span style="font-weight: 400;">patreon.com/visionrecordings</span></a></p>
<p><span style="font-weight: 400;"> Shop on our Webstore &rarr; </span><a href="https://gate.sc/?url=http%3A%2F%2Fstore.visionrecordings.nl&token=303f15-1-1655303983383"><span style="font-weight: 400;">http://store.visionrecordings.nl</span></a></p>
<p><span style="font-weight: 400;"> Listen to our Spotify playlist &rarr; &zwnj;​​​&zwnj;</span><a href="https://gate.sc/?url=http%3A%2F%2Fsptfy.com%2F5nap&token=24e37-1-1655303983383"><span style="font-weight: 400;">sptfy.com/5nap</span></a></p>
<p>&nbsp;</p>
<p><span style="font-weight: 400;">Follow @</span><a href="https://soundcloud.com/VISIONrecordings"><span style="font-weight: 400;">VISIONrecordings</span></a></p>
<p><span style="font-weight: 400;">Twitter: </span><a href="https://gate.sc/?url=http%3A%2F%2Ftwitter.com%2Fvisionrecs&token=b676f0-1-1655303983383"><span style="font-weight: 400;">twitter.com/visionrecs</span></a></p>
<p><span style="font-weight: 400;">Instagram: </span><a href="https://gate.sc/?url=http%3A%2F%2Finstagram.com%2Fvisionrecordings&token=f0c756-1-1655303983383"><span style="font-weight: 400;">instagram.com/visionrecordings</span></a></p>
<p><span style="font-weight: 400;">Facebook: </span><a href="https://gate.sc/?url=http%3A%2F%2Ffacebook.com%2FVisionRecordings&token=1ddd11-1-1655303983383"><span style="font-weight: 400;">facebook.com/VisionRecordings</span></a></p>
<p><span style="font-weight: 400;">Spotify: </span><a href="https://gate.sc/?url=http%3A%2F%2Fplay.spotify.com%2Fuser%2Fvisionrecordings&token=1b94ae-1-1655303983383"><span style="font-weight: 400;">play.spotify.com/user/visionrecordings</span></a></p>
<p>&nbsp;</p>
<p><span style="font-weight: 400;">The Outsiders - Spectra &bull; VISION</span></p>
<p><span style="font-weight: 400;">Circumference - Back & Forth &bull; DUB</span></p>
<p><span style="font-weight: 400;">Xtrah & Noisia - Up to Something &bull; INVISIBLE</span></p>
<p><span style="font-weight: 400;">Former Hero - KJ (Lower Bridge version) &bull; BANDCAMP</span></p>
<p><span style="font-weight: 400;">The Outsiders - Adore &bull; VISION</span></p>
<p><span style="font-weight: 400;">Maysev - Maske &bull; DIVIDID</span></p>
<p><span style="font-weight: 400;">Jerry Folk & FENGEL - Dotted Red &bull; FOLKESTAD</span></p>
<p><span style="font-weight: 400;">Boston Bun - Missing You &bull; LAST GANG</span></p>
<p><span style="font-weight: 400;">The Outsiders - Prism &bull; VISION</span></p>
<p><span style="font-weight: 400;">ICO - Heal &bull; ALION</span></p>
<p><span style="font-weight: 400;">The Outsiders - Dial Tones &bull; VISION</span></p>
<p><span style="font-weight: 400;">The Outsiders - Puzzle &bull; VISION</span></p>
<p><span style="font-weight: 400;">MRSA - Push Me Down The Stairs &bull; INVISIBLE</span></p>
<p><span style="font-weight: 400;">Halogenix & Monty - Old Town &bull; CRITICAL</span></p>
<p><span style="font-weight: 400;">The Outsiders & Boxplot - In The Cold &bull; SKANKANDBASS</span></p>
<p><span style="font-weight: 400;">Kmoe - Gloves &bull; NOHEART</span></p>
<p><span style="font-weight: 400;">Sorza - Catharsis &bull; ALPHA PUP</span></p>
<p><span style="font-weight: 400;">The Outsiders - Crush &bull; VISION</span></p>
<p><span style="font-weight: 400;">EPROM - Koummya &bull; EPROM</span></p>
<p><span style="font-weight: 400;">Ivy Lab - Rorschach &bull; 2020</span></p>
<p><span style="font-weight: 400;">The Outsiders - Changes &bull; VISION</span></p>
<p><span style="font-weight: 400;">Lorn - PERFEKT DARK &bull; BANDCAMP</span></p>')
      ;

        -- TODO: INSERT OR REPLACE once fixed in SKDB...
        -- INSERT OR REPLACE INTO library_artists
        DELETE FROM library_artists WHERE id = 'podcast:artist:clgz9riqw000d3b6emzyjak9r-clgz9riqy001y3b6ezp1nejuf';
        INSERT INTO library_artists
        (id, name, imageUrl, colorsString)
        values ('podcast:artist:clgz9riqw000d3b6emzyjak9r-clgz9riqy001y3b6ezp1nejuf', 'VISION Radio', 'https://episodes.castos.com/6138cb87d83982-66320119/images/itunes-image.png', null)
      ;

        INSERT INTO library_tracks_artists
        (trackId, artistId)
        values ('podcast:track:clgz9riqy001w3b6ef21nqtb3', 'podcast:artist:clgz9riqw000d3b6emzyjak9r-clgz9riqy001y3b6ezp1nejuf')
      ;

        -- TODO: INSERT OR REPLACE once fixed in SKDB...
        -- INSERT OR REPLACE INTO library_albums
        DELETE FROM library_albums WHERE id = 'podcast:album:clgz9riqw000d3b6emzyjak9r-clgz9riqy001x3b6ewmrzd3pu';
        INSERT INTO library_albums
        (id, name, colorsString, imageUrl, trackCount, releaseDate, copyrights)
        values ('podcast:album:clgz9riqw000d3b6emzyjak9r-clgz9riqy001x3b6ewmrzd3pu', 'VISION Radio', null, 'https://episodes.castos.com/6138cb87d83982-66320119/images/itunes-image.png', 1, null, null)
      ;

        INSERT INTO library_tracks_playlists
                (trackId, playlistId, trackIndex, addedAtTimestamp)
                values ('podcast:track:clgz9riqy001w3b6ef21nqtb3', 'podcast:playlist:clgz9riqw000d3b6emzyjak9r', 18, 1671702600000)
      ;

        -- TODO: INSERT OR REPLACE once fixed in SKDB...
        -- INSERT OR REPLACE INTO library_tracks
        DELETE FROM library_tracks WHERE id = 'podcast:track:clgz9riqy001z3b6emefk8uqb'; 
        INSERT INTO library_tracks
                (id, name, albumId, trackNumber, durationMs, isrc, imageUrl, audioUrl, externalLink, description)
                values ('podcast:track:clgz9riqy001z3b6emefk8uqb', 'VISION Radio S02E50', 'podcast:album:clgz9riqw000d3b6emzyjak9r-clgz9riqy00203b6eucg4p8av', 0, 3600000, null, 'https://episodes.castos.com/6138cb87d83982-66320119/images/1348610/VR-SE2-SC-Thumbnails-voor-plugin-3000x300026.jpg', 'https://episodes.castos.com/6138cb87d83982-66320119/39103/4027658b-2ff1-43bd-a7cc-d5dfefd2deda/VISION-Radio-S02E50.mp3', 'https://visionradio.castos.com/episodes/vision-radio-s02e50', '<p><span style="font-weight: 400;">')
      ;

        -- TODO: INSERT OR REPLACE once fixed in SKDB...
        -- INSERT OR REPLACE INTO library_artists
        DELETE FROM library_artists WHERE id = 'podcast:artist:clgz9riqw000d3b6emzyjak9r-clgz9riqy00213b6ep29ndibt';
        INSERT INTO library_artists
        (id, name, imageUrl, colorsString)
        values ('podcast:artist:clgz9riqw000d3b6emzyjak9r-clgz9riqy00213b6ep29ndibt', 'VISION Radio', 'https://episodes.castos.com/6138cb87d83982-66320119/images/itunes-image.png', null)
      ;

        INSERT INTO library_tracks_artists
        (trackId, artistId)
        values ('podcast:track:clgz9riqy001z3b6emefk8uqb', 'podcast:artist:clgz9riqw000d3b6emzyjak9r-clgz9riqy00213b6ep29ndibt')
      ;

        -- TODO: INSERT OR REPLACE once fixed in SKDB...
        -- INSERT OR REPLACE INTO library_albums
        DELETE FROM library_albums WHERE id = 'podcast:album:clgz9riqw000d3b6emzyjak9r-clgz9riqy00203b6eucg4p8av';
        INSERT INTO library_albums
        (id, name, colorsString, imageUrl, trackCount, releaseDate, copyrights)
        values ('podcast:album:clgz9riqw000d3b6emzyjak9r-clgz9riqy00203b6eucg4p8av', 'VISION Radio', null, 'https://episodes.castos.com/6138cb87d83982-66320119/images/itunes-image.png', 1, null, null)
      ;

        INSERT INTO library_tracks_playlists
                (trackId, playlistId, trackIndex, addedAtTimestamp)
                values ('podcast:track:clgz9riqy001z3b6emefk8uqb', 'podcast:playlist:clgz9riqw000d3b6emzyjak9r', 19, 1671033600000)
      ;

        -- TODO: INSERT OR REPLACE once fixed in SKDB...
        -- INSERT OR REPLACE INTO library_tracks
        DELETE FROM library_tracks WHERE id = 'podcast:track:clgz9riqy00223b6e71hotb82'; 
        INSERT INTO library_tracks
                (id, name, albumId, trackNumber, durationMs, isrc, imageUrl, audioUrl, externalLink, description)
                values ('podcast:track:clgz9riqy00223b6e71hotb82', 'VISION Radio S02E49', 'podcast:album:clgz9riqw000d3b6emzyjak9r-clgz9riqy00233b6ekczdhz2e', 0, 3600000, null, 'https://episodes.castos.com/6138cb87d83982-66320119/images/1343150/s02e49.jpg', 'https://episodes.castos.com/6138cb87d83982-66320119/39103/ec97f7a5-cf38-403d-b172-70808af57ee6/VISION-Radio-S02E49.mp3', 'https://visionradio.castos.com/episodes/vision-radio-s02e49', '<p><span style="font-weight: 400;">')
      ;

        -- TODO: INSERT OR REPLACE once fixed in SKDB...
        -- INSERT OR REPLACE INTO library_artists
        DELETE FROM library_artists WHERE id = 'podcast:artist:clgz9riqw000d3b6emzyjak9r-clgz9riqy00243b6e436nqshr';
        INSERT INTO library_artists
        (id, name, imageUrl, colorsString)
        values ('podcast:artist:clgz9riqw000d3b6emzyjak9r-clgz9riqy00243b6e436nqshr', 'VISION Radio', 'https://episodes.castos.com/6138cb87d83982-66320119/images/itunes-image.png', null)
      ;

        INSERT INTO library_tracks_artists
        (trackId, artistId)
        values ('podcast:track:clgz9riqy00223b6e71hotb82', 'podcast:artist:clgz9riqw000d3b6emzyjak9r-clgz9riqy00243b6e436nqshr')
      ;

        -- TODO: INSERT OR REPLACE once fixed in SKDB...
        -- INSERT OR REPLACE INTO library_albums
        DELETE FROM library_albums WHERE id = 'podcast:album:clgz9riqw000d3b6emzyjak9r-clgz9riqy00233b6ekczdhz2e';
        INSERT INTO library_albums
        (id, name, colorsString, imageUrl, trackCount, releaseDate, copyrights)
        values ('podcast:album:clgz9riqw000d3b6emzyjak9r-clgz9riqy00233b6ekczdhz2e', 'VISION Radio', null, 'https://episodes.castos.com/6138cb87d83982-66320119/images/itunes-image.png', 1, null, null)
      ;

        INSERT INTO library_tracks_playlists
                (trackId, playlistId, trackIndex, addedAtTimestamp)
                values ('podcast:track:clgz9riqy00223b6e71hotb82', 'podcast:playlist:clgz9riqw000d3b6emzyjak9r', 20, 1670496180000)
      ;

        -- TODO: INSERT OR REPLACE once fixed in SKDB...
        -- INSERT OR REPLACE INTO library_tracks
        DELETE FROM library_tracks WHERE id = 'podcast:track:clgz9riqy00253b6ei1qpnqkg'; 
        INSERT INTO library_tracks
                (id, name, albumId, trackNumber, durationMs, isrc, imageUrl, audioUrl, externalLink, description)
                values ('podcast:track:clgz9riqy00253b6ei1qpnqkg', 'VISION Radio S02E48', 'podcast:album:clgz9riqw000d3b6emzyjak9r-clgz9riqy00263b6eu1fibcp7', 0, 3600000, null, 'https://episodes.castos.com/6138cb87d83982-66320119/images/1336465/s02e48-sc.jpg', 'https://episodes.castos.com/6138cb87d83982-66320119/39103/0ebea280-dd1a-4082-8065-91ad962463aa/VISION-Radio-S02E48.mp3', 'https://visionradio.castos.com/episodes/vision-radio-s02e48', '<p><span style="font-weight: 400;">')
      ;

        -- TODO: INSERT OR REPLACE once fixed in SKDB...
        -- INSERT OR REPLACE INTO library_artists
        DELETE FROM library_artists WHERE id = 'podcast:artist:clgz9riqw000d3b6emzyjak9r-clgz9riqy00273b6etibxmb4t';
        INSERT INTO library_artists
        (id, name, imageUrl, colorsString)
        values ('podcast:artist:clgz9riqw000d3b6emzyjak9r-clgz9riqy00273b6etibxmb4t', 'VISION Radio', 'https://episodes.castos.com/6138cb87d83982-66320119/images/itunes-image.png', null)
      ;

        INSERT INTO library_tracks_artists
        (trackId, artistId)
        values ('podcast:track:clgz9riqy00253b6ei1qpnqkg', 'podcast:artist:clgz9riqw000d3b6emzyjak9r-clgz9riqy00273b6etibxmb4t')
      ;

        -- TODO: INSERT OR REPLACE once fixed in SKDB...
        -- INSERT OR REPLACE INTO library_albums
        DELETE FROM library_albums WHERE id = 'podcast:album:clgz9riqw000d3b6emzyjak9r-clgz9riqy00263b6eu1fibcp7';
        INSERT INTO library_albums
        (id, name, colorsString, imageUrl, trackCount, releaseDate, copyrights)
        values ('podcast:album:clgz9riqw000d3b6emzyjak9r-clgz9riqy00263b6eu1fibcp7', 'VISION Radio', null, 'https://episodes.castos.com/6138cb87d83982-66320119/images/itunes-image.png', 1, null, null)
      ;

        INSERT INTO library_tracks_playlists
                (trackId, playlistId, trackIndex, addedAtTimestamp)
                values ('podcast:track:clgz9riqy00253b6ei1qpnqkg', 'podcast:playlist:clgz9riqw000d3b6emzyjak9r', 21, 1669824000000)
      ;

        -- TODO: INSERT OR REPLACE once fixed in SKDB...
        -- INSERT OR REPLACE INTO library_tracks
        DELETE FROM library_tracks WHERE id = 'podcast:track:clgz9riqy00283b6exxfz8t2y'; 
        INSERT INTO library_tracks
                (id, name, albumId, trackNumber, durationMs, isrc, imageUrl, audioUrl, externalLink, description)
                values ('podcast:track:clgz9riqy00283b6exxfz8t2y', 'VISION Radio S02E47', 'podcast:album:clgz9riqw000d3b6emzyjak9r-clgz9riqy00293b6eegyoz20b', 0, 3600000, null, 'https://episodes.castos.com/6138cb87d83982-66320119/images/1331465/S02E47-sc.jpg', 'https://episodes.castos.com/6138cb87d83982-66320119/39103/c2b4a526-438f-4f1a-a89c-64d2c4c46d87/VISION-Radio-S02E47.mp3', 'https://visionradio.castos.com/episodes/vision-radio-s02e47', '<p><span style="font-weight: 400;">')
      ;

        -- TODO: INSERT OR REPLACE once fixed in SKDB...
        -- INSERT OR REPLACE INTO library_artists
        DELETE FROM library_artists WHERE id = 'podcast:artist:clgz9riqw000d3b6emzyjak9r-clgz9riqy002a3b6e0wkl2jpj';
        INSERT INTO library_artists
        (id, name, imageUrl, colorsString)
        values ('podcast:artist:clgz9riqw000d3b6emzyjak9r-clgz9riqy002a3b6e0wkl2jpj', 'VISION Radio', 'https://episodes.castos.com/6138cb87d83982-66320119/images/itunes-image.png', null)
      ;

        INSERT INTO library_tracks_artists
        (trackId, artistId)
        values ('podcast:track:clgz9riqy00283b6exxfz8t2y', 'podcast:artist:clgz9riqw000d3b6emzyjak9r-clgz9riqy002a3b6e0wkl2jpj')
      ;

        -- TODO: INSERT OR REPLACE once fixed in SKDB...
        -- INSERT OR REPLACE INTO library_albums
        DELETE FROM library_albums WHERE id = 'podcast:album:clgz9riqw000d3b6emzyjak9r-clgz9riqy00293b6eegyoz20b';
        INSERT INTO library_albums
        (id, name, colorsString, imageUrl, trackCount, releaseDate, copyrights)
        values ('podcast:album:clgz9riqw000d3b6emzyjak9r-clgz9riqy00293b6eegyoz20b', 'VISION Radio', null, 'https://episodes.castos.com/6138cb87d83982-66320119/images/itunes-image.png', 1, null, null)
      ;

        INSERT INTO library_tracks_playlists
                (trackId, playlistId, trackIndex, addedAtTimestamp)
                values ('podcast:track:clgz9riqy00283b6exxfz8t2y', 'podcast:playlist:clgz9riqw000d3b6emzyjak9r', 22, 1669219200000)
      ;

        -- TODO: INSERT OR REPLACE once fixed in SKDB...
        -- INSERT OR REPLACE INTO library_tracks
        DELETE FROM library_tracks WHERE id = 'podcast:track:clgz9riqy002b3b6euc96gi76'; 
        INSERT INTO library_tracks
                (id, name, albumId, trackNumber, durationMs, isrc, imageUrl, audioUrl, externalLink, description)
                values ('podcast:track:clgz9riqy002b3b6euc96gi76', 'VISION Radio S02E46', 'podcast:album:clgz9riqw000d3b6emzyjak9r-clgz9riqy002c3b6ei7xejp1k', 0, 3612000, null, 'https://episodes.castos.com/6138cb87d83982-66320119/images/1321059/S02E46-sc.jpg', 'https://episodes.castos.com/6138cb87d83982-66320119/39103/893ef535-9d46-47e1-83cb-605b7b41efcf/VISION-Radio-S02E46.mp3', 'https://visionradio.castos.com/episodes/vision-radio-s02e46', '<p><span style="font-weight: 400;">')
      ;

        -- TODO: INSERT OR REPLACE once fixed in SKDB...
        -- INSERT OR REPLACE INTO library_artists
        DELETE FROM library_artists WHERE id = 'podcast:artist:clgz9riqw000d3b6emzyjak9r-clgz9riqy002d3b6ezoc0n50p';
        INSERT INTO library_artists
        (id, name, imageUrl, colorsString)
        values ('podcast:artist:clgz9riqw000d3b6emzyjak9r-clgz9riqy002d3b6ezoc0n50p', 'VISION Radio', 'https://episodes.castos.com/6138cb87d83982-66320119/images/itunes-image.png', null)
      ;

        INSERT INTO library_tracks_artists
        (trackId, artistId)
        values ('podcast:track:clgz9riqy002b3b6euc96gi76', 'podcast:artist:clgz9riqw000d3b6emzyjak9r-clgz9riqy002d3b6ezoc0n50p')
      ;

        -- TODO: INSERT OR REPLACE once fixed in SKDB...
        -- INSERT OR REPLACE INTO library_albums
        DELETE FROM library_albums WHERE id = 'podcast:album:clgz9riqw000d3b6emzyjak9r-clgz9riqy002c3b6ei7xejp1k';
        INSERT INTO library_albums
        (id, name, colorsString, imageUrl, trackCount, releaseDate, copyrights)
        values ('podcast:album:clgz9riqw000d3b6emzyjak9r-clgz9riqy002c3b6ei7xejp1k', 'VISION Radio', null, 'https://episodes.castos.com/6138cb87d83982-66320119/images/itunes-image.png', 1, null, null)
      ;

        INSERT INTO library_tracks_playlists
                (trackId, playlistId, trackIndex, addedAtTimestamp)
                values ('podcast:track:clgz9riqy002b3b6euc96gi76', 'podcast:playlist:clgz9riqw000d3b6emzyjak9r', 23, 1668614400000)
      ;

        -- TODO: INSERT OR REPLACE once fixed in SKDB...
        -- INSERT OR REPLACE INTO library_tracks
        DELETE FROM library_tracks WHERE id = 'podcast:track:clgz9riqy002e3b6e8kk5twyo'; 
        INSERT INTO library_tracks
                (id, name, albumId, trackNumber, durationMs, isrc, imageUrl, audioUrl, externalLink, description)
                values ('podcast:track:clgz9riqy002e3b6e8kk5twyo', 'VISION Radio S02E45', 'podcast:album:clgz9riqw000d3b6emzyjak9r-clgz9riqy002f3b6euhf8dwmy', 0, 3600000, null, 'https://episodes.castos.com/6138cb87d83982-66320119/images/1314558/VR-SE2-SC-Thumbnails-voor-plugin-3000x300021.jpg', 'https://episodes.castos.com/6138cb87d83982-66320119/39103/e27539a9-2168-48ce-a76a-de6ea052e355/VISION-Radio-S02E45.mp3', 'https://visionradio.castos.com/episodes/vision-radio-s02e45', '<p><span style="font-weight: 400;">')
      ;

        -- TODO: INSERT OR REPLACE once fixed in SKDB...
        -- INSERT OR REPLACE INTO library_artists
        DELETE FROM library_artists WHERE id = 'podcast:artist:clgz9riqw000d3b6emzyjak9r-clgz9riqy002g3b6e502krdc6';
        INSERT INTO library_artists
        (id, name, imageUrl, colorsString)
        values ('podcast:artist:clgz9riqw000d3b6emzyjak9r-clgz9riqy002g3b6e502krdc6', 'VISION Radio', 'https://episodes.castos.com/6138cb87d83982-66320119/images/itunes-image.png', null)
      ;

        INSERT INTO library_tracks_artists
        (trackId, artistId)
        values ('podcast:track:clgz9riqy002e3b6e8kk5twyo', 'podcast:artist:clgz9riqw000d3b6emzyjak9r-clgz9riqy002g3b6e502krdc6')
      ;

        -- TODO: INSERT OR REPLACE once fixed in SKDB...
        -- INSERT OR REPLACE INTO library_albums
        DELETE FROM library_albums WHERE id = 'podcast:album:clgz9riqw000d3b6emzyjak9r-clgz9riqy002f3b6euhf8dwmy';
        INSERT INTO library_albums
        (id, name, colorsString, imageUrl, trackCount, releaseDate, copyrights)
        values ('podcast:album:clgz9riqw000d3b6emzyjak9r-clgz9riqy002f3b6euhf8dwmy', 'VISION Radio', null, 'https://episodes.castos.com/6138cb87d83982-66320119/images/itunes-image.png', 1, null, null)
      ;

        INSERT INTO library_tracks_playlists
                (trackId, playlistId, trackIndex, addedAtTimestamp)
                values ('podcast:track:clgz9riqy002e3b6e8kk5twyo', 'podcast:playlist:clgz9riqw000d3b6emzyjak9r', 24, 1668009600000)
      ;

        -- TODO: INSERT OR REPLACE once fixed in SKDB...
        -- INSERT OR REPLACE INTO library_tracks
        DELETE FROM library_tracks WHERE id = 'podcast:track:clgz9riqy002h3b6ei6z63gn0'; 
        INSERT INTO library_tracks
                (id, name, albumId, trackNumber, durationMs, isrc, imageUrl, audioUrl, externalLink, description)
                values ('podcast:track:clgz9riqy002h3b6ei6z63gn0', 'VISION Radio S02E44', 'podcast:album:clgz9riqw000d3b6emzyjak9r-clgz9riqy002i3b6eyboynjhk', 0, 3600000, null, 'https://episodes.castos.com/6138cb87d83982-66320119/images/1309554/VR-SE2-SC-Thumbnails-voor-plugin-3000x300020.jpg', 'https://episodes.castos.com/6138cb87d83982-66320119/39103/1abd9f82-6a0c-46e4-854f-b9c76979df85/VISION-Radio-S02E44.mp3', 'https://visionradio.castos.com/episodes/vision-radio-s02e44', '<p><span style="font-weight: 400;">')
      ;

        -- TODO: INSERT OR REPLACE once fixed in SKDB...
        -- INSERT OR REPLACE INTO library_artists
        DELETE FROM library_artists WHERE id = 'podcast:artist:clgz9riqw000d3b6emzyjak9r-clgz9riqy002j3b6ehl7cp6lv';
        INSERT INTO library_artists
        (id, name, imageUrl, colorsString)
        values ('podcast:artist:clgz9riqw000d3b6emzyjak9r-clgz9riqy002j3b6ehl7cp6lv', 'VISION Radio', 'https://episodes.castos.com/6138cb87d83982-66320119/images/itunes-image.png', null)
      ;

        INSERT INTO library_tracks_artists
        (trackId, artistId)
        values ('podcast:track:clgz9riqy002h3b6ei6z63gn0', 'podcast:artist:clgz9riqw000d3b6emzyjak9r-clgz9riqy002j3b6ehl7cp6lv')
      ;

        -- TODO: INSERT OR REPLACE once fixed in SKDB...
        -- INSERT OR REPLACE INTO library_albums
        DELETE FROM library_albums WHERE id = 'podcast:album:clgz9riqw000d3b6emzyjak9r-clgz9riqy002i3b6eyboynjhk';
        INSERT INTO library_albums
        (id, name, colorsString, imageUrl, trackCount, releaseDate, copyrights)
        values ('podcast:album:clgz9riqw000d3b6emzyjak9r-clgz9riqy002i3b6eyboynjhk', 'VISION Radio', null, 'https://episodes.castos.com/6138cb87d83982-66320119/images/itunes-image.png', 1, null, null)
      ;

        INSERT INTO library_tracks_playlists
                (trackId, playlistId, trackIndex, addedAtTimestamp)
                values ('podcast:track:clgz9riqy002h3b6ei6z63gn0', 'podcast:playlist:clgz9riqw000d3b6emzyjak9r', 25, 1667404800000)
      ;

        -- TODO: INSERT OR REPLACE once fixed in SKDB...
        -- INSERT OR REPLACE INTO library_tracks
        DELETE FROM library_tracks WHERE id = 'podcast:track:clgz9riqy002k3b6e70dnqaoc'; 
        INSERT INTO library_tracks
                (id, name, albumId, trackNumber, durationMs, isrc, imageUrl, audioUrl, externalLink, description)
                values ('podcast:track:clgz9riqy002k3b6e70dnqaoc', 'VISION Radio S02E43', 'podcast:album:clgz9riqw000d3b6emzyjak9r-clgz9riqy002l3b6e9n2lhdqo', 0, 3600000, null, 'https://episodes.castos.com/6138cb87d83982-66320119/images/1305566/VR-SE2-SC-Thumbnails-voor-plugin-3000x300019.jpg', 'https://episodes.castos.com/6138cb87d83982-66320119/39103/4cda1d26-853d-41be-a259-4e5fa11994cc/VISION-Radio-S02E43.mp3', 'https://visionradio.castos.com/episodes/vision-radio-s02e43', '<p><span style="font-weight: 400;">')
      ;

        -- TODO: INSERT OR REPLACE once fixed in SKDB...
        -- INSERT OR REPLACE INTO library_artists
        DELETE FROM library_artists WHERE id = 'podcast:artist:clgz9riqw000d3b6emzyjak9r-clgz9riqy002m3b6e4wbmsf4a';
        INSERT INTO library_artists
        (id, name, imageUrl, colorsString)
        values ('podcast:artist:clgz9riqw000d3b6emzyjak9r-clgz9riqy002m3b6e4wbmsf4a', 'VISION Radio', 'https://episodes.castos.com/6138cb87d83982-66320119/images/itunes-image.png', null)
      ;

        INSERT INTO library_tracks_artists
        (trackId, artistId)
        values ('podcast:track:clgz9riqy002k3b6e70dnqaoc', 'podcast:artist:clgz9riqw000d3b6emzyjak9r-clgz9riqy002m3b6e4wbmsf4a')
      ;

        -- TODO: INSERT OR REPLACE once fixed in SKDB...
        -- INSERT OR REPLACE INTO library_albums
        DELETE FROM library_albums WHERE id = 'podcast:album:clgz9riqw000d3b6emzyjak9r-clgz9riqy002l3b6e9n2lhdqo';
        INSERT INTO library_albums
        (id, name, colorsString, imageUrl, trackCount, releaseDate, copyrights)
        values ('podcast:album:clgz9riqw000d3b6emzyjak9r-clgz9riqy002l3b6e9n2lhdqo', 'VISION Radio', null, 'https://episodes.castos.com/6138cb87d83982-66320119/images/itunes-image.png', 1, null, null)
      ;

        INSERT INTO library_tracks_playlists
                (trackId, playlistId, trackIndex, addedAtTimestamp)
                values ('podcast:track:clgz9riqy002k3b6e70dnqaoc', 'podcast:playlist:clgz9riqw000d3b6emzyjak9r', 26, 1666796400000)
      ;

        -- TODO: INSERT OR REPLACE once fixed in SKDB...
        -- INSERT OR REPLACE INTO library_tracks
        DELETE FROM library_tracks WHERE id = 'podcast:track:clgz9riqy002n3b6eorrond6m'; 
        INSERT INTO library_tracks
                (id, name, albumId, trackNumber, durationMs, isrc, imageUrl, audioUrl, externalLink, description)
                values ('podcast:track:clgz9riqy002n3b6eorrond6m', 'VISION Radio S02E42', 'podcast:album:clgz9riqw000d3b6emzyjak9r-clgz9riqy002o3b6ezkew50ge', 0, 3600000, null, 'https://episodes.castos.com/6138cb87d83982-66320119/images/1300736/s42.jpg', 'https://episodes.castos.com/6138cb87d83982-66320119/39103/d549d755-036c-4c16-8666-a683718f0d6f/VISION-Radio-S02E42.mp3', 'https://visionradio.castos.com/episodes/vision-radio-s02e42', '<p><span style="font-weight: 400;">')
      ;

        -- TODO: INSERT OR REPLACE once fixed in SKDB...
        -- INSERT OR REPLACE INTO library_artists
        DELETE FROM library_artists WHERE id = 'podcast:artist:clgz9riqw000d3b6emzyjak9r-clgz9riqy002p3b6ewo2a0fqb';
        INSERT INTO library_artists
        (id, name, imageUrl, colorsString)
        values ('podcast:artist:clgz9riqw000d3b6emzyjak9r-clgz9riqy002p3b6ewo2a0fqb', 'VISION Radio', 'https://episodes.castos.com/6138cb87d83982-66320119/images/itunes-image.png', null)
      ;

        INSERT INTO library_tracks_artists
        (trackId, artistId)
        values ('podcast:track:clgz9riqy002n3b6eorrond6m', 'podcast:artist:clgz9riqw000d3b6emzyjak9r-clgz9riqy002p3b6ewo2a0fqb')
      ;

        -- TODO: INSERT OR REPLACE once fixed in SKDB...
        -- INSERT OR REPLACE INTO library_albums
        DELETE FROM library_albums WHERE id = 'podcast:album:clgz9riqw000d3b6emzyjak9r-clgz9riqy002o3b6ezkew50ge';
        INSERT INTO library_albums
        (id, name, colorsString, imageUrl, trackCount, releaseDate, copyrights)
        values ('podcast:album:clgz9riqw000d3b6emzyjak9r-clgz9riqy002o3b6ezkew50ge', 'VISION Radio', null, 'https://episodes.castos.com/6138cb87d83982-66320119/images/itunes-image.png', 1, null, null)
      ;

        INSERT INTO library_tracks_playlists
                (trackId, playlistId, trackIndex, addedAtTimestamp)
                values ('podcast:track:clgz9riqy002n3b6eorrond6m', 'podcast:playlist:clgz9riqw000d3b6emzyjak9r', 27, 1666615560000)
      ;

        -- TODO: INSERT OR REPLACE once fixed in SKDB...
        -- INSERT OR REPLACE INTO library_tracks
        DELETE FROM library_tracks WHERE id = 'podcast:track:clgz9riqy002q3b6e5wbgfx26'; 
        INSERT INTO library_tracks
                (id, name, albumId, trackNumber, durationMs, isrc, imageUrl, audioUrl, externalLink, description)
                values ('podcast:track:clgz9riqy002q3b6e5wbgfx26', 'VISION Radio S02E41', 'podcast:album:clgz9riqw000d3b6emzyjak9r-clgz9riqy002r3b6e7gagg5ld', 0, 3600000, null, 'https://episodes.castos.com/6138cb87d83982-66320119/images/1291728/VR-SE2-SC-Thumbnails-voor-plugin-3000x300017.jpg', 'https://episodes.castos.com/6138cb87d83982-66320119/39103/139c26ae-0cd8-4002-b73e-66c6ab61fcfb/VISION-Radio-S02E41.mp3', 'https://visionradio.castos.com/episodes/vision-radio-s02e41', '')
      ;

        -- TODO: INSERT OR REPLACE once fixed in SKDB...
        -- INSERT OR REPLACE INTO library_artists
        DELETE FROM library_artists WHERE id = 'podcast:artist:clgz9riqw000d3b6emzyjak9r-clgz9riqy002s3b6eztz6su04';
        INSERT INTO library_artists
        (id, name, imageUrl, colorsString)
        values ('podcast:artist:clgz9riqw000d3b6emzyjak9r-clgz9riqy002s3b6eztz6su04', 'VISION Radio', 'https://episodes.castos.com/6138cb87d83982-66320119/images/itunes-image.png', null)
      ;

        INSERT INTO library_tracks_artists
        (trackId, artistId)
        values ('podcast:track:clgz9riqy002q3b6e5wbgfx26', 'podcast:artist:clgz9riqw000d3b6emzyjak9r-clgz9riqy002s3b6eztz6su04')
      ;

        -- TODO: INSERT OR REPLACE once fixed in SKDB...
        -- INSERT OR REPLACE INTO library_albums
        DELETE FROM library_albums WHERE id = 'podcast:album:clgz9riqw000d3b6emzyjak9r-clgz9riqy002r3b6e7gagg5ld';
        INSERT INTO library_albums
        (id, name, colorsString, imageUrl, trackCount, releaseDate, copyrights)
        values ('podcast:album:clgz9riqw000d3b6emzyjak9r-clgz9riqy002r3b6e7gagg5ld', 'VISION Radio', null, 'https://episodes.castos.com/6138cb87d83982-66320119/images/itunes-image.png', 1, null, null)
      ;

        INSERT INTO library_tracks_playlists
                (trackId, playlistId, trackIndex, addedAtTimestamp)
                values ('podcast:track:clgz9riqy002q3b6e5wbgfx26', 'podcast:playlist:clgz9riqw000d3b6emzyjak9r', 28, 1665586800000)
      ;

        -- TODO: INSERT OR REPLACE once fixed in SKDB...
        -- INSERT OR REPLACE INTO library_tracks
        DELETE FROM library_tracks WHERE id = 'podcast:track:clgz9riqy002t3b6e4a4ju64q'; 
        INSERT INTO library_tracks
                (id, name, albumId, trackNumber, durationMs, isrc, imageUrl, audioUrl, externalLink, description)
                values ('podcast:track:clgz9riqy002t3b6e4a4ju64q', 'VISION Radio S02E40', 'podcast:album:clgz9riqw000d3b6emzyjak9r-clgz9riqy002u3b6e4jx1g6n4', 0, 3655000, null, 'https://episodes.castos.com/6138cb87d83982-66320119/images/1288397/hiiiiiii.jpg', 'https://episodes.castos.com/6138cb87d83982-66320119/39103/76998d97-a220-4f1f-91a3-f9b3ee7ac858/VISION-Radio-S02E40.mp3', 'https://visionradio.castos.com/episodes/vision-radio-s02e40', '<p><span style="font-weight: 400;">')
      ;

        -- TODO: INSERT OR REPLACE once fixed in SKDB...
        -- INSERT OR REPLACE INTO library_artists
        DELETE FROM library_artists WHERE id = 'podcast:artist:clgz9riqw000d3b6emzyjak9r-clgz9riqy002v3b6e7d68fcb4';
        INSERT INTO library_artists
        (id, name, imageUrl, colorsString)
        values ('podcast:artist:clgz9riqw000d3b6emzyjak9r-clgz9riqy002v3b6e7d68fcb4', 'VISION Radio', 'https://episodes.castos.com/6138cb87d83982-66320119/images/itunes-image.png', null)
      ;

        INSERT INTO library_tracks_artists
        (trackId, artistId)
        values ('podcast:track:clgz9riqy002t3b6e4a4ju64q', 'podcast:artist:clgz9riqw000d3b6emzyjak9r-clgz9riqy002v3b6e7d68fcb4')
      ;

        -- TODO: INSERT OR REPLACE once fixed in SKDB...
        -- INSERT OR REPLACE INTO library_albums
        DELETE FROM library_albums WHERE id = 'podcast:album:clgz9riqw000d3b6emzyjak9r-clgz9riqy002u3b6e4jx1g6n4';
        INSERT INTO library_albums
        (id, name, colorsString, imageUrl, trackCount, releaseDate, copyrights)
        values ('podcast:album:clgz9riqw000d3b6emzyjak9r-clgz9riqy002u3b6e4jx1g6n4', 'VISION Radio', null, 'https://episodes.castos.com/6138cb87d83982-66320119/images/itunes-image.png', 1, null, null)
      ;

        INSERT INTO library_tracks_playlists
                (trackId, playlistId, trackIndex, addedAtTimestamp)
                values ('podcast:track:clgz9riqy002t3b6e4a4ju64q', 'podcast:playlist:clgz9riqw000d3b6emzyjak9r', 29, 1664964000000)
      ;

        -- TODO: INSERT OR REPLACE once fixed in SKDB...
        -- INSERT OR REPLACE INTO library_tracks
        DELETE FROM library_tracks WHERE id = 'podcast:track:clgz9riqy002w3b6eo37itzcb'; 
        INSERT INTO library_tracks
                (id, name, albumId, trackNumber, durationMs, isrc, imageUrl, audioUrl, externalLink, description)
                values ('podcast:track:clgz9riqy002w3b6eo37itzcb', 'VISION Radio S02E39', 'podcast:album:clgz9riqw000d3b6emzyjak9r-clgz9riqy002x3b6en4xlzjhh', 0, 3600000, null, 'https://episodes.castos.com/6138cb87d83982-66320119/images/1282445/s02e39-pica.jpg', 'https://episodes.castos.com/6138cb87d83982-66320119/39103/c56aa9dc-938e-4330-9218-84ecf3aef61b/VISION-Radio-S02E39.mp3', 'https://visionradio.castos.com/episodes/vision-radio-s02e39', '<p><span style="font-weight: 400;">')
      ;

        -- TODO: INSERT OR REPLACE once fixed in SKDB...
        -- INSERT OR REPLACE INTO library_artists
        DELETE FROM library_artists WHERE id = 'podcast:artist:clgz9riqw000d3b6emzyjak9r-clgz9riqy002y3b6eg3tha298';
        INSERT INTO library_artists
        (id, name, imageUrl, colorsString)
        values ('podcast:artist:clgz9riqw000d3b6emzyjak9r-clgz9riqy002y3b6eg3tha298', 'VISION Radio', 'https://episodes.castos.com/6138cb87d83982-66320119/images/itunes-image.png', null)
      ;

        INSERT INTO library_tracks_artists
        (trackId, artistId)
        values ('podcast:track:clgz9riqy002w3b6eo37itzcb', 'podcast:artist:clgz9riqw000d3b6emzyjak9r-clgz9riqy002y3b6eg3tha298')
      ;

        -- TODO: INSERT OR REPLACE once fixed in SKDB...
        -- INSERT OR REPLACE INTO library_albums
        DELETE FROM library_albums WHERE id = 'podcast:album:clgz9riqw000d3b6emzyjak9r-clgz9riqy002x3b6en4xlzjhh';
        INSERT INTO library_albums
        (id, name, colorsString, imageUrl, trackCount, releaseDate, copyrights)
        values ('podcast:album:clgz9riqw000d3b6emzyjak9r-clgz9riqy002x3b6en4xlzjhh', 'VISION Radio', null, 'https://episodes.castos.com/6138cb87d83982-66320119/images/itunes-image.png', 1, null, null)
      ;

        INSERT INTO library_tracks_playlists
                (trackId, playlistId, trackIndex, addedAtTimestamp)
                values ('podcast:track:clgz9riqy002w3b6eo37itzcb', 'podcast:playlist:clgz9riqw000d3b6emzyjak9r', 30, 1664377200000)
      ;

        -- TODO: INSERT OR REPLACE once fixed in SKDB...
        -- INSERT OR REPLACE INTO library_tracks
        DELETE FROM library_tracks WHERE id = 'podcast:track:clgz9riqy002z3b6eh7gfb2es'; 
        INSERT INTO library_tracks
                (id, name, albumId, trackNumber, durationMs, isrc, imageUrl, audioUrl, externalLink, description)
                values ('podcast:track:clgz9riqy002z3b6eh7gfb2es', 'VISION Radio S02E38', 'podcast:album:clgz9riqw000d3b6emzyjak9r-clgz9riqy00303b6eayzxlo8u', 0, 3600000, null, 'https://episodes.castos.com/6138cb87d83982-66320119/images/1276592/fodo.jpg', 'https://episodes.castos.com/6138cb87d83982-66320119/39103/9eb03bad-909d-495d-94d5-e27d152bc0c3/VISION-Radio-S02E38.mp3', 'https://visionradio.castos.com/episodes/vision-radio-s02e38', '<p><span style="font-weight: 400;">')
      ;

        -- TODO: INSERT OR REPLACE once fixed in SKDB...
        -- INSERT OR REPLACE INTO library_artists
        DELETE FROM library_artists WHERE id = 'podcast:artist:clgz9riqw000d3b6emzyjak9r-clgz9riqy00313b6eu721zqn1';
        INSERT INTO library_artists
        (id, name, imageUrl, colorsString)
        values ('podcast:artist:clgz9riqw000d3b6emzyjak9r-clgz9riqy00313b6eu721zqn1', 'VISION Radio', 'https://episodes.castos.com/6138cb87d83982-66320119/images/itunes-image.png', null)
      ;

        INSERT INTO library_tracks_artists
        (trackId, artistId)
        values ('podcast:track:clgz9riqy002z3b6eh7gfb2es', 'podcast:artist:clgz9riqw000d3b6emzyjak9r-clgz9riqy00313b6eu721zqn1')
      ;

        -- TODO: INSERT OR REPLACE once fixed in SKDB...
        -- INSERT OR REPLACE INTO library_albums
        DELETE FROM library_albums WHERE id = 'podcast:album:clgz9riqw000d3b6emzyjak9r-clgz9riqy00303b6eayzxlo8u';
        INSERT INTO library_albums
        (id, name, colorsString, imageUrl, trackCount, releaseDate, copyrights)
        values ('podcast:album:clgz9riqw000d3b6emzyjak9r-clgz9riqy00303b6eayzxlo8u', 'VISION Radio', null, 'https://episodes.castos.com/6138cb87d83982-66320119/images/itunes-image.png', 1, null, null)
      ;

        INSERT INTO library_tracks_playlists
                (trackId, playlistId, trackIndex, addedAtTimestamp)
                values ('podcast:track:clgz9riqy002z3b6eh7gfb2es', 'podcast:playlist:clgz9riqw000d3b6emzyjak9r', 31, 1663772400000)
      ;

        -- TODO: INSERT OR REPLACE once fixed in SKDB...
        -- INSERT OR REPLACE INTO library_tracks
        DELETE FROM library_tracks WHERE id = 'podcast:track:clgz9riqy00323b6eh7ke7ze5'; 
        INSERT INTO library_tracks
                (id, name, albumId, trackNumber, durationMs, isrc, imageUrl, audioUrl, externalLink, description)
                values ('podcast:track:clgz9riqy00323b6eh7ke7ze5', 'VISION Radio S02E37', 'podcast:album:clgz9riqw000d3b6emzyjak9r-clgz9riqy00333b6ejubiyadz', 0, 3640000, null, 'https://episodes.castos.com/6138cb87d83982-66320119/images/1271027/VR-SE2-SC-Thumbnails-voor-plugin-3000x300013.jpg', 'https://episodes.castos.com/6138cb87d83982-66320119/39103/f76b82b7-5bf6-42fb-8403-f1afea6665c8/VISION-Radio-S02E37.mp3', 'https://visionradio.castos.com/episodes/vision-radio-s02e37', '<p><span style="font-weight: 400;">')
      ;

        -- TODO: INSERT OR REPLACE once fixed in SKDB...
        -- INSERT OR REPLACE INTO library_artists
        DELETE FROM library_artists WHERE id = 'podcast:artist:clgz9riqw000d3b6emzyjak9r-clgz9riqy00343b6eo0xlpyft';
        INSERT INTO library_artists
        (id, name, imageUrl, colorsString)
        values ('podcast:artist:clgz9riqw000d3b6emzyjak9r-clgz9riqy00343b6eo0xlpyft', 'VISION Radio', 'https://episodes.castos.com/6138cb87d83982-66320119/images/itunes-image.png', null)
      ;

        INSERT INTO library_tracks_artists
        (trackId, artistId)
        values ('podcast:track:clgz9riqy00323b6eh7ke7ze5', 'podcast:artist:clgz9riqw000d3b6emzyjak9r-clgz9riqy00343b6eo0xlpyft')
      ;

        -- TODO: INSERT OR REPLACE once fixed in SKDB...
        -- INSERT OR REPLACE INTO library_albums
        DELETE FROM library_albums WHERE id = 'podcast:album:clgz9riqw000d3b6emzyjak9r-clgz9riqy00333b6ejubiyadz';
        INSERT INTO library_albums
        (id, name, colorsString, imageUrl, trackCount, releaseDate, copyrights)
        values ('podcast:album:clgz9riqw000d3b6emzyjak9r-clgz9riqy00333b6ejubiyadz', 'VISION Radio', null, 'https://episodes.castos.com/6138cb87d83982-66320119/images/itunes-image.png', 1, null, null)
      ;

        INSERT INTO library_tracks_playlists
                (trackId, playlistId, trackIndex, addedAtTimestamp)
                values ('podcast:track:clgz9riqy00323b6eh7ke7ze5', 'podcast:playlist:clgz9riqw000d3b6emzyjak9r', 32, 1663167600000)
      ;

        -- TODO: INSERT OR REPLACE once fixed in SKDB...
        -- INSERT OR REPLACE INTO library_tracks
        DELETE FROM library_tracks WHERE id = 'podcast:track:clgz9riqy00353b6e7wgnat1w'; 
        INSERT INTO library_tracks
                (id, name, albumId, trackNumber, durationMs, isrc, imageUrl, audioUrl, externalLink, description)
                values ('podcast:track:clgz9riqy00353b6e7wgnat1w', 'VISION Radio S02E36', 'podcast:album:clgz9riqw000d3b6emzyjak9r-clgz9riqy00363b6en96ozeit', 0, 3600000, null, 'https://episodes.castos.com/6138cb87d83982-66320119/images/1265942/S02E36.jpg', 'https://episodes.castos.com/6138cb87d83982-66320119/39103/820fbc20-feab-483b-9aa1-6fac37540e1b/VISION-Radio-S02E36.mp3', 'https://visionradio.castos.com/episodes/vision-radio-s02e36', '<p><span style="font-weight: 400;">')
      ;

        -- TODO: INSERT OR REPLACE once fixed in SKDB...
        -- INSERT OR REPLACE INTO library_artists
        DELETE FROM library_artists WHERE id = 'podcast:artist:clgz9riqw000d3b6emzyjak9r-clgz9riqy00373b6ea1x1om9n';
        INSERT INTO library_artists
        (id, name, imageUrl, colorsString)
        values ('podcast:artist:clgz9riqw000d3b6emzyjak9r-clgz9riqy00373b6ea1x1om9n', 'VISION Radio', 'https://episodes.castos.com/6138cb87d83982-66320119/images/itunes-image.png', null)
      ;

        INSERT INTO library_tracks_artists
        (trackId, artistId)
        values ('podcast:track:clgz9riqy00353b6e7wgnat1w', 'podcast:artist:clgz9riqw000d3b6emzyjak9r-clgz9riqy00373b6ea1x1om9n')
      ;

        -- TODO: INSERT OR REPLACE once fixed in SKDB...
        -- INSERT OR REPLACE INTO library_albums
        DELETE FROM library_albums WHERE id = 'podcast:album:clgz9riqw000d3b6emzyjak9r-clgz9riqy00363b6en96ozeit';
        INSERT INTO library_albums
        (id, name, colorsString, imageUrl, trackCount, releaseDate, copyrights)
        values ('podcast:album:clgz9riqw000d3b6emzyjak9r-clgz9riqy00363b6en96ozeit', 'VISION Radio', null, 'https://episodes.castos.com/6138cb87d83982-66320119/images/itunes-image.png', 1, null, null)
      ;

        INSERT INTO library_tracks_playlists
                (trackId, playlistId, trackIndex, addedAtTimestamp)
                values ('podcast:track:clgz9riqy00353b6e7wgnat1w', 'podcast:playlist:clgz9riqw000d3b6emzyjak9r', 33, 1662562800000)
      ;

        -- TODO: INSERT OR REPLACE once fixed in SKDB...
        -- INSERT OR REPLACE INTO library_tracks
        DELETE FROM library_tracks WHERE id = 'podcast:track:clgz9riqy00383b6ed1rewhsp'; 
        INSERT INTO library_tracks
                (id, name, albumId, trackNumber, durationMs, isrc, imageUrl, audioUrl, externalLink, description)
                values ('podcast:track:clgz9riqy00383b6ed1rewhsp', 'VISION Radio S02E35', 'podcast:album:clgz9riqw000d3b6emzyjak9r-clgz9riqy00393b6eis7gx092', 0, 3600000, null, 'https://episodes.castos.com/6138cb87d83982-66320119/images/1250049/VR-SE2-SC-Thumbnails-voor-plugin-3000x300011.jpg', 'https://episodes.castos.com/6138cb87d83982-66320119/39103/024a03c7-8350-49cb-8bd0-ba0cafd709d4/VISION-Radio-S02E35.mp3', 'https://visionradio.castos.com/episodes/vision-radio-s02e35', '<p><span style="font-weight: 400;">')
      ;

        -- TODO: INSERT OR REPLACE once fixed in SKDB...
        -- INSERT OR REPLACE INTO library_artists
        DELETE FROM library_artists WHERE id = 'podcast:artist:clgz9riqw000d3b6emzyjak9r-clgz9riqy003a3b6euj8xnpxg';
        INSERT INTO library_artists
        (id, name, imageUrl, colorsString)
        values ('podcast:artist:clgz9riqw000d3b6emzyjak9r-clgz9riqy003a3b6euj8xnpxg', 'VISION Radio', 'https://episodes.castos.com/6138cb87d83982-66320119/images/itunes-image.png', null)
      ;

        INSERT INTO library_tracks_artists
        (trackId, artistId)
        values ('podcast:track:clgz9riqy00383b6ed1rewhsp', 'podcast:artist:clgz9riqw000d3b6emzyjak9r-clgz9riqy003a3b6euj8xnpxg')
      ;

        -- TODO: INSERT OR REPLACE once fixed in SKDB...
        -- INSERT OR REPLACE INTO library_albums
        DELETE FROM library_albums WHERE id = 'podcast:album:clgz9riqw000d3b6emzyjak9r-clgz9riqy00393b6eis7gx092';
        INSERT INTO library_albums
        (id, name, colorsString, imageUrl, trackCount, releaseDate, copyrights)
        values ('podcast:album:clgz9riqw000d3b6emzyjak9r-clgz9riqy00393b6eis7gx092', 'VISION Radio', null, 'https://episodes.castos.com/6138cb87d83982-66320119/images/itunes-image.png', 1, null, null)
      ;

        INSERT INTO library_tracks_playlists
                (trackId, playlistId, trackIndex, addedAtTimestamp)
                values ('podcast:track:clgz9riqy00383b6ed1rewhsp', 'podcast:playlist:clgz9riqw000d3b6emzyjak9r', 34, 1661958000000)
      ;

        -- TODO: INSERT OR REPLACE once fixed in SKDB...
        -- INSERT OR REPLACE INTO library_tracks
        DELETE FROM library_tracks WHERE id = 'podcast:track:clgz9riqy003b3b6efgmn3x85'; 
        INSERT INTO library_tracks
                (id, name, albumId, trackNumber, durationMs, isrc, imageUrl, audioUrl, externalLink, description)
                values ('podcast:track:clgz9riqy003b3b6efgmn3x85', 'VISION Radio S02E34', 'podcast:album:clgz9riqw000d3b6emzyjak9r-clgz9riqy003c3b6en2jaw4hy', 0, 3600000, null, 'https://episodes.castos.com/6138cb87d83982-66320119/images/1245089/VR-SE2-SC-Thumbnails-voor-plugin-3000x300010.jpg', 'https://episodes.castos.com/6138cb87d83982-66320119/39103/1a3c503f-ff1a-47af-8cd6-426b9029b59d/VISION-Radio-S02E34.mp3', 'https://visionradio.castos.com/episodes/vision-radio-s02e34', '<p><span style="font-weight: 400;">')
      ;

        -- TODO: INSERT OR REPLACE once fixed in SKDB...
        -- INSERT OR REPLACE INTO library_artists
        DELETE FROM library_artists WHERE id = 'podcast:artist:clgz9riqw000d3b6emzyjak9r-clgz9riqy003d3b6ex0mj4oom';
        INSERT INTO library_artists
        (id, name, imageUrl, colorsString)
        values ('podcast:artist:clgz9riqw000d3b6emzyjak9r-clgz9riqy003d3b6ex0mj4oom', 'VISION Radio', 'https://episodes.castos.com/6138cb87d83982-66320119/images/itunes-image.png', null)
      ;

        INSERT INTO library_tracks_artists
        (trackId, artistId)
        values ('podcast:track:clgz9riqy003b3b6efgmn3x85', 'podcast:artist:clgz9riqw000d3b6emzyjak9r-clgz9riqy003d3b6ex0mj4oom')
      ;

        -- TODO: INSERT OR REPLACE once fixed in SKDB...
        -- INSERT OR REPLACE INTO library_albums
        DELETE FROM library_albums WHERE id = 'podcast:album:clgz9riqw000d3b6emzyjak9r-clgz9riqy003c3b6en2jaw4hy';
        INSERT INTO library_albums
        (id, name, colorsString, imageUrl, trackCount, releaseDate, copyrights)
        values ('podcast:album:clgz9riqw000d3b6emzyjak9r-clgz9riqy003c3b6en2jaw4hy', 'VISION Radio', null, 'https://episodes.castos.com/6138cb87d83982-66320119/images/itunes-image.png', 1, null, null)
      ;

        INSERT INTO library_tracks_playlists
                (trackId, playlistId, trackIndex, addedAtTimestamp)
                values ('podcast:track:clgz9riqy003b3b6efgmn3x85', 'podcast:playlist:clgz9riqw000d3b6emzyjak9r', 35, 1661353200000)
      ;

        -- TODO: INSERT OR REPLACE once fixed in SKDB...
        -- INSERT OR REPLACE INTO library_tracks
        DELETE FROM library_tracks WHERE id = 'podcast:track:clgz9riqy003e3b6e3lfa4h5s'; 
        INSERT INTO library_tracks
                (id, name, albumId, trackNumber, durationMs, isrc, imageUrl, audioUrl, externalLink, description)
                values ('podcast:track:clgz9riqy003e3b6e3lfa4h5s', 'VISION Radio S02E33', 'podcast:album:clgz9riqw000d3b6emzyjak9r-clgz9riqy003f3b6eyj25f7d1', 0, 3596000, null, 'https://episodes.castos.com/6138cb87d83982-66320119/images/1238025/VR-SE2-SC-Thumbnails-voor-plugin-3000x30009.jpg', 'https://episodes.castos.com/6138cb87d83982-66320119/39103/af79a7cd-8182-4e1b-8212-19a581a40b66/VISION-Radio-S02E33-320.mp3', 'https://visionradio.castos.com/episodes/vision-radio-s02e33', '<p><span style="font-weight: 400;">')
      ;

        -- TODO: INSERT OR REPLACE once fixed in SKDB...
        -- INSERT OR REPLACE INTO library_artists
        DELETE FROM library_artists WHERE id = 'podcast:artist:clgz9riqw000d3b6emzyjak9r-clgz9riqy003g3b6e01i0o8hh';
        INSERT INTO library_artists
        (id, name, imageUrl, colorsString)
        values ('podcast:artist:clgz9riqw000d3b6emzyjak9r-clgz9riqy003g3b6e01i0o8hh', 'VISION Radio', 'https://episodes.castos.com/6138cb87d83982-66320119/images/itunes-image.png', null)
      ;

        INSERT INTO library_tracks_artists
        (trackId, artistId)
        values ('podcast:track:clgz9riqy003e3b6e3lfa4h5s', 'podcast:artist:clgz9riqw000d3b6emzyjak9r-clgz9riqy003g3b6e01i0o8hh')
      ;

        -- TODO: INSERT OR REPLACE once fixed in SKDB...
        -- INSERT OR REPLACE INTO library_albums
        DELETE FROM library_albums WHERE id = 'podcast:album:clgz9riqw000d3b6emzyjak9r-clgz9riqy003f3b6eyj25f7d1';
        INSERT INTO library_albums
        (id, name, colorsString, imageUrl, trackCount, releaseDate, copyrights)
        values ('podcast:album:clgz9riqw000d3b6emzyjak9r-clgz9riqy003f3b6eyj25f7d1', 'VISION Radio', null, 'https://episodes.castos.com/6138cb87d83982-66320119/images/itunes-image.png', 1, null, null)
      ;

        INSERT INTO library_tracks_playlists
                (trackId, playlistId, trackIndex, addedAtTimestamp)
                values ('podcast:track:clgz9riqy003e3b6e3lfa4h5s', 'podcast:playlist:clgz9riqw000d3b6emzyjak9r', 36, 1660748400000)
      ;

        -- TODO: INSERT OR REPLACE once fixed in SKDB...
        -- INSERT OR REPLACE INTO library_tracks
        DELETE FROM library_tracks WHERE id = 'podcast:track:clgz9riqy003h3b6ejsbfg7ek'; 
        INSERT INTO library_tracks
                (id, name, albumId, trackNumber, durationMs, isrc, imageUrl, audioUrl, externalLink, description)
                values ('podcast:track:clgz9riqy003h3b6ejsbfg7ek', 'VISION Radio S02E32', 'podcast:album:clgz9riqw000d3b6emzyjak9r-clgz9riqy003i3b6ewr49e41j', 0, 3600000, null, 'https://episodes.castos.com/6138cb87d83982-66320119/images/1229108/vr-s02e32-art-blue.jpg', 'https://episodes.castos.com/6138cb87d83982-66320119/39103/a32a53d9-fa9f-4eb0-ae36-d2e0f1131fbb/VISION-Radio-S02E32.mp3', 'https://visionradio.castos.com/episodes/vision-radio-s02e32', '<p><span style="font-weight: 400;">')
      ;

        -- TODO: INSERT OR REPLACE once fixed in SKDB...
        -- INSERT OR REPLACE INTO library_artists
        DELETE FROM library_artists WHERE id = 'podcast:artist:clgz9riqw000d3b6emzyjak9r-clgz9riqy003j3b6eew6kzxi5';
        INSERT INTO library_artists
        (id, name, imageUrl, colorsString)
        values ('podcast:artist:clgz9riqw000d3b6emzyjak9r-clgz9riqy003j3b6eew6kzxi5', 'VISION Radio', 'https://episodes.castos.com/6138cb87d83982-66320119/images/itunes-image.png', null)
      ;

        INSERT INTO library_tracks_artists
        (trackId, artistId)
        values ('podcast:track:clgz9riqy003h3b6ejsbfg7ek', 'podcast:artist:clgz9riqw000d3b6emzyjak9r-clgz9riqy003j3b6eew6kzxi5')
      ;

        -- TODO: INSERT OR REPLACE once fixed in SKDB...
        -- INSERT OR REPLACE INTO library_albums
        DELETE FROM library_albums WHERE id = 'podcast:album:clgz9riqw000d3b6emzyjak9r-clgz9riqy003i3b6ewr49e41j';
        INSERT INTO library_albums
        (id, name, colorsString, imageUrl, trackCount, releaseDate, copyrights)
        values ('podcast:album:clgz9riqw000d3b6emzyjak9r-clgz9riqy003i3b6ewr49e41j', 'VISION Radio', null, 'https://episodes.castos.com/6138cb87d83982-66320119/images/itunes-image.png', 1, null, null)
      ;

        INSERT INTO library_tracks_playlists
                (trackId, playlistId, trackIndex, addedAtTimestamp)
                values ('podcast:track:clgz9riqy003h3b6ejsbfg7ek', 'podcast:playlist:clgz9riqw000d3b6emzyjak9r', 37, 1660143600000)
      ;

        -- TODO: INSERT OR REPLACE once fixed in SKDB...
        -- INSERT OR REPLACE INTO library_tracks
        DELETE FROM library_tracks WHERE id = 'podcast:track:clgz9riqy003k3b6ee4oh0wvh'; 
        INSERT INTO library_tracks
                (id, name, albumId, trackNumber, durationMs, isrc, imageUrl, audioUrl, externalLink, description)
                values ('podcast:track:clgz9riqy003k3b6ee4oh0wvh', 'VISION Radio S02E31', 'podcast:album:clgz9riqw000d3b6emzyjak9r-clgz9riqy003l3b6eytvf57uf', 0, 3600000, null, 'https://episodes.castos.com/6138cb87d83982-66320119/images/1218584/VR-SE2-SC-Thumbnails-voor-plugin-3000x30007.jpg', 'https://episodes.castos.com/6138cb87d83982-66320119/39103/108ed258-3725-48b4-a9ce-b213dff7eef8/VISION-Radio-S02E31.mp3', 'https://visionradio.castos.com/episodes/vision-radio-s02e31', '<p><span style="font-weight: 400;">')
      ;

        -- TODO: INSERT OR REPLACE once fixed in SKDB...
        -- INSERT OR REPLACE INTO library_artists
        DELETE FROM library_artists WHERE id = 'podcast:artist:clgz9riqw000d3b6emzyjak9r-clgz9riqy003m3b6exkg5fpus';
        INSERT INTO library_artists
        (id, name, imageUrl, colorsString)
        values ('podcast:artist:clgz9riqw000d3b6emzyjak9r-clgz9riqy003m3b6exkg5fpus', 'VISION Radio', 'https://episodes.castos.com/6138cb87d83982-66320119/images/itunes-image.png', null)
      ;

        INSERT INTO library_tracks_artists
        (trackId, artistId)
        values ('podcast:track:clgz9riqy003k3b6ee4oh0wvh', 'podcast:artist:clgz9riqw000d3b6emzyjak9r-clgz9riqy003m3b6exkg5fpus')
      ;

        -- TODO: INSERT OR REPLACE once fixed in SKDB...
        -- INSERT OR REPLACE INTO library_albums
        DELETE FROM library_albums WHERE id = 'podcast:album:clgz9riqw000d3b6emzyjak9r-clgz9riqy003l3b6eytvf57uf';
        INSERT INTO library_albums
        (id, name, colorsString, imageUrl, trackCount, releaseDate, copyrights)
        values ('podcast:album:clgz9riqw000d3b6emzyjak9r-clgz9riqy003l3b6eytvf57uf', 'VISION Radio', null, 'https://episodes.castos.com/6138cb87d83982-66320119/images/itunes-image.png', 1, null, null)
      ;

        INSERT INTO library_tracks_playlists
                (trackId, playlistId, trackIndex, addedAtTimestamp)
                values ('podcast:track:clgz9riqy003k3b6ee4oh0wvh', 'podcast:playlist:clgz9riqw000d3b6emzyjak9r', 38, 1659538800000)
      ;

        -- TODO: INSERT OR REPLACE once fixed in SKDB...
        -- INSERT OR REPLACE INTO library_tracks
        DELETE FROM library_tracks WHERE id = 'podcast:track:clgz9riqy003n3b6eqhltj038'; 
        INSERT INTO library_tracks
                (id, name, albumId, trackNumber, durationMs, isrc, imageUrl, audioUrl, externalLink, description)
                values ('podcast:track:clgz9riqy003n3b6eqhltj038', 'VISION Radio S02E30', 'podcast:album:clgz9riqw000d3b6emzyjak9r-clgz9riqy003o3b6elv87u282', 0, 3600000, null, 'https://episodes.castos.com/6138cb87d83982-66320119/images/1206787/VR-SE2-SC-Thumbnails-voor-plugin-3000x30006.jpg', 'https://episodes.castos.com/6138cb87d83982-66320119/39103/58d128b1-ee00-4fd5-95c5-98cdb8938b6d/VISION-Radio-S02E30.mp3', 'https://visionradio.castos.com/episodes/vision-radio-s02e30', '<p><span style="font-weight: 400;">')
      ;

        -- TODO: INSERT OR REPLACE once fixed in SKDB...
        -- INSERT OR REPLACE INTO library_artists
        DELETE FROM library_artists WHERE id = 'podcast:artist:clgz9riqw000d3b6emzyjak9r-clgz9riqy003p3b6ekx6iul9m';
        INSERT INTO library_artists
        (id, name, imageUrl, colorsString)
        values ('podcast:artist:clgz9riqw000d3b6emzyjak9r-clgz9riqy003p3b6ekx6iul9m', 'VISION Radio', 'https://episodes.castos.com/6138cb87d83982-66320119/images/itunes-image.png', null)
      ;

        INSERT INTO library_tracks_artists
        (trackId, artistId)
        values ('podcast:track:clgz9riqy003n3b6eqhltj038', 'podcast:artist:clgz9riqw000d3b6emzyjak9r-clgz9riqy003p3b6ekx6iul9m')
      ;

        -- TODO: INSERT OR REPLACE once fixed in SKDB...
        -- INSERT OR REPLACE INTO library_albums
        DELETE FROM library_albums WHERE id = 'podcast:album:clgz9riqw000d3b6emzyjak9r-clgz9riqy003o3b6elv87u282';
        INSERT INTO library_albums
        (id, name, colorsString, imageUrl, trackCount, releaseDate, copyrights)
        values ('podcast:album:clgz9riqw000d3b6emzyjak9r-clgz9riqy003o3b6elv87u282', 'VISION Radio', null, 'https://episodes.castos.com/6138cb87d83982-66320119/images/itunes-image.png', 1, null, null)
      ;

        INSERT INTO library_tracks_playlists
                (trackId, playlistId, trackIndex, addedAtTimestamp)
                values ('podcast:track:clgz9riqy003n3b6eqhltj038', 'podcast:playlist:clgz9riqw000d3b6emzyjak9r', 39, 1658934000000)
      ;

        -- TODO: INSERT OR REPLACE once fixed in SKDB...
        -- INSERT OR REPLACE INTO library_tracks
        DELETE FROM library_tracks WHERE id = 'podcast:track:clgz9riqy003q3b6emo3copgr'; 
        INSERT INTO library_tracks
                (id, name, albumId, trackNumber, durationMs, isrc, imageUrl, audioUrl, externalLink, description)
                values ('podcast:track:clgz9riqy003q3b6emo3copgr', 'VISION Radio S02E29', 'podcast:album:clgz9riqw000d3b6emzyjak9r-clgz9riqy003r3b6eqpfy0f3e', 0, 3600000, null, 'https://episodes.castos.com/6138cb87d83982-66320119/images/1199417/VR-SE2-Thumbs-Square-3000x300029.png', 'https://episodes.castos.com/6138cb87d83982-66320119/39103/1379c3e6-b13e-4063-99e7-0b2242ba5721/VISION-Radio-S02E29.mp3', 'https://visionradio.castos.com/episodes/vision-radio-s02e29', '<p><span style="font-weight: 400;">')
      ;

        -- TODO: INSERT OR REPLACE once fixed in SKDB...
        -- INSERT OR REPLACE INTO library_artists
        DELETE FROM library_artists WHERE id = 'podcast:artist:clgz9riqw000d3b6emzyjak9r-clgz9riqy003s3b6esg1iwxn1';
        INSERT INTO library_artists
        (id, name, imageUrl, colorsString)
        values ('podcast:artist:clgz9riqw000d3b6emzyjak9r-clgz9riqy003s3b6esg1iwxn1', 'VISION Radio', 'https://episodes.castos.com/6138cb87d83982-66320119/images/itunes-image.png', null)
      ;

        INSERT INTO library_tracks_artists
        (trackId, artistId)
        values ('podcast:track:clgz9riqy003q3b6emo3copgr', 'podcast:artist:clgz9riqw000d3b6emzyjak9r-clgz9riqy003s3b6esg1iwxn1')
      ;

        -- TODO: INSERT OR REPLACE once fixed in SKDB...
        -- INSERT OR REPLACE INTO library_albums
        DELETE FROM library_albums WHERE id = 'podcast:album:clgz9riqw000d3b6emzyjak9r-clgz9riqy003r3b6eqpfy0f3e';
        INSERT INTO library_albums
        (id, name, colorsString, imageUrl, trackCount, releaseDate, copyrights)
        values ('podcast:album:clgz9riqw000d3b6emzyjak9r-clgz9riqy003r3b6eqpfy0f3e', 'VISION Radio', null, 'https://episodes.castos.com/6138cb87d83982-66320119/images/itunes-image.png', 1, null, null)
      ;

        INSERT INTO library_tracks_playlists
                (trackId, playlistId, trackIndex, addedAtTimestamp)
                values ('podcast:track:clgz9riqy003q3b6emo3copgr', 'podcast:playlist:clgz9riqw000d3b6emzyjak9r', 40, 1658329200000)
      ;

        -- TODO: INSERT OR REPLACE once fixed in SKDB...
        -- INSERT OR REPLACE INTO library_tracks
        DELETE FROM library_tracks WHERE id = 'podcast:track:clgz9riqy003t3b6eyt7dmxvu'; 
        INSERT INTO library_tracks
                (id, name, albumId, trackNumber, durationMs, isrc, imageUrl, audioUrl, externalLink, description)
                values ('podcast:track:clgz9riqy003t3b6eyt7dmxvu', 'VISION Rado S02E28', 'podcast:album:clgz9riqw000d3b6emzyjak9r-clgz9riqy003u3b6e380sj2xo', 0, 3600000, null, 'https://episodes.castos.com/6138cb87d83982-66320119/images/1188205/VR-SE2-Thumbs-Square-3000x300028.png', 'https://episodes.castos.com/6138cb87d83982-66320119/39103/1737a70b-2717-4900-a99f-5d9cd373f97a/VISION-Radio-S02E28.mp3', 'https://visionradio.castos.com/episodes/vision-rado-s02e28', '')
      ;

        -- TODO: INSERT OR REPLACE once fixed in SKDB...
        -- INSERT OR REPLACE INTO library_artists
        DELETE FROM library_artists WHERE id = 'podcast:artist:clgz9riqw000d3b6emzyjak9r-clgz9riqy003v3b6eaovhgmf5';
        INSERT INTO library_artists
        (id, name, imageUrl, colorsString)
        values ('podcast:artist:clgz9riqw000d3b6emzyjak9r-clgz9riqy003v3b6eaovhgmf5', 'VISION Radio', 'https://episodes.castos.com/6138cb87d83982-66320119/images/itunes-image.png', null)
      ;

        INSERT INTO library_tracks_artists
        (trackId, artistId)
        values ('podcast:track:clgz9riqy003t3b6eyt7dmxvu', 'podcast:artist:clgz9riqw000d3b6emzyjak9r-clgz9riqy003v3b6eaovhgmf5')
      ;

        -- TODO: INSERT OR REPLACE once fixed in SKDB...
        -- INSERT OR REPLACE INTO library_albums
        DELETE FROM library_albums WHERE id = 'podcast:album:clgz9riqw000d3b6emzyjak9r-clgz9riqy003u3b6e380sj2xo';
        INSERT INTO library_albums
        (id, name, colorsString, imageUrl, trackCount, releaseDate, copyrights)
        values ('podcast:album:clgz9riqw000d3b6emzyjak9r-clgz9riqy003u3b6e380sj2xo', 'VISION Radio', null, 'https://episodes.castos.com/6138cb87d83982-66320119/images/itunes-image.png', 1, null, null)
      ;

        INSERT INTO library_tracks_playlists
                (trackId, playlistId, trackIndex, addedAtTimestamp)
                values ('podcast:track:clgz9riqy003t3b6eyt7dmxvu', 'podcast:playlist:clgz9riqw000d3b6emzyjak9r', 41, 1657727580000)
      ;

        -- TODO: INSERT OR REPLACE once fixed in SKDB...
        -- INSERT OR REPLACE INTO library_tracks
        DELETE FROM library_tracks WHERE id = 'podcast:track:clgz9riqy003w3b6ej0r4587l'; 
        INSERT INTO library_tracks
                (id, name, albumId, trackNumber, durationMs, isrc, imageUrl, audioUrl, externalLink, description)
                values ('podcast:track:clgz9riqy003w3b6ej0r4587l', 'VISION Rado S02E27', 'podcast:album:clgz9riqw000d3b6emzyjak9r-clgz9riqy003x3b6eny6nf6fs', 0, 3600000, null, 'https://episodes.castos.com/6138cb87d83982-66320119/images/1188204/VR-SE2-Thumbs-Square-3000x300027.png', 'https://episodes.castos.com/6138cb87d83982-66320119/39103/4837342d-9126-44af-acaf-93de185af5f5/VISION-Radio-S02E27.mp3', 'https://visionradio.castos.com/episodes/vision-rado-s02e27', '')
      ;

        -- TODO: INSERT OR REPLACE once fixed in SKDB...
        -- INSERT OR REPLACE INTO library_artists
        DELETE FROM library_artists WHERE id = 'podcast:artist:clgz9riqw000d3b6emzyjak9r-clgz9riqy003y3b6ec2miz63p';
        INSERT INTO library_artists
        (id, name, imageUrl, colorsString)
        values ('podcast:artist:clgz9riqw000d3b6emzyjak9r-clgz9riqy003y3b6ec2miz63p', 'VISION Radio', 'https://episodes.castos.com/6138cb87d83982-66320119/images/itunes-image.png', null)
      ;

        INSERT INTO library_tracks_artists
        (trackId, artistId)
        values ('podcast:track:clgz9riqy003w3b6ej0r4587l', 'podcast:artist:clgz9riqw000d3b6emzyjak9r-clgz9riqy003y3b6ec2miz63p')
      ;

        -- TODO: INSERT OR REPLACE once fixed in SKDB...
        -- INSERT OR REPLACE INTO library_albums
        DELETE FROM library_albums WHERE id = 'podcast:album:clgz9riqw000d3b6emzyjak9r-clgz9riqy003x3b6eny6nf6fs';
        INSERT INTO library_albums
        (id, name, colorsString, imageUrl, trackCount, releaseDate, copyrights)
        values ('podcast:album:clgz9riqw000d3b6emzyjak9r-clgz9riqy003x3b6eny6nf6fs', 'VISION Radio', null, 'https://episodes.castos.com/6138cb87d83982-66320119/images/itunes-image.png', 1, null, null)
      ;

        INSERT INTO library_tracks_playlists
                (trackId, playlistId, trackIndex, addedAtTimestamp)
                values ('podcast:track:clgz9riqy003w3b6ej0r4587l', 'podcast:playlist:clgz9riqw000d3b6emzyjak9r', 42, 1657219140000)
      ;

        -- TODO: INSERT OR REPLACE once fixed in SKDB...
        -- INSERT OR REPLACE INTO library_tracks
        DELETE FROM library_tracks WHERE id = 'podcast:track:clgz9riqy003z3b6et2rkvnpa'; 
        INSERT INTO library_tracks
                (id, name, albumId, trackNumber, durationMs, isrc, imageUrl, audioUrl, externalLink, description)
                values ('podcast:track:clgz9riqy003z3b6et2rkvnpa', 'VISION Rado S02E26', 'podcast:album:clgz9riqw000d3b6emzyjak9r-clgz9riqy00403b6ekwzpyila', 0, 3600000, null, 'https://episodes.castos.com/6138cb87d83982-66320119/images/1178119/VR-SE2-Thumbs-Square-3000x300026.png', 'https://episodes.castos.com/6138cb87d83982-66320119/39103/b9b41fb2-727f-4e0e-8e6d-5c9881224e19/VISION-Radio-S02E26.mp3', 'https://visionradio.castos.com/episodes/vision-rado-s02e26', '')
      ;

        -- TODO: INSERT OR REPLACE once fixed in SKDB...
        -- INSERT OR REPLACE INTO library_artists
        DELETE FROM library_artists WHERE id = 'podcast:artist:clgz9riqw000d3b6emzyjak9r-clgz9riqy00413b6e2zcw096i';
        INSERT INTO library_artists
        (id, name, imageUrl, colorsString)
        values ('podcast:artist:clgz9riqw000d3b6emzyjak9r-clgz9riqy00413b6e2zcw096i', 'VISION Radio', 'https://episodes.castos.com/6138cb87d83982-66320119/images/itunes-image.png', null)
      ;

        INSERT INTO library_tracks_artists
        (trackId, artistId)
        values ('podcast:track:clgz9riqy003z3b6et2rkvnpa', 'podcast:artist:clgz9riqw000d3b6emzyjak9r-clgz9riqy00413b6e2zcw096i')
      ;

        -- TODO: INSERT OR REPLACE once fixed in SKDB...
        -- INSERT OR REPLACE INTO library_albums
        DELETE FROM library_albums WHERE id = 'podcast:album:clgz9riqw000d3b6emzyjak9r-clgz9riqy00403b6ekwzpyila';
        INSERT INTO library_albums
        (id, name, colorsString, imageUrl, trackCount, releaseDate, copyrights)
        values ('podcast:album:clgz9riqw000d3b6emzyjak9r-clgz9riqy00403b6ekwzpyila', 'VISION Radio', null, 'https://episodes.castos.com/6138cb87d83982-66320119/images/itunes-image.png', 1, null, null)
      ;

        INSERT INTO library_tracks_playlists
                (trackId, playlistId, trackIndex, addedAtTimestamp)
                values ('podcast:track:clgz9riqy003z3b6et2rkvnpa', 'podcast:playlist:clgz9riqw000d3b6emzyjak9r', 43, 1656515460000)
      ;

        -- TODO: INSERT OR REPLACE once fixed in SKDB...
        -- INSERT OR REPLACE INTO library_tracks
        DELETE FROM library_tracks WHERE id = 'podcast:track:clgz9riqy00423b6efx0cwdz2'; 
        INSERT INTO library_tracks
                (id, name, albumId, trackNumber, durationMs, isrc, imageUrl, audioUrl, externalLink, description)
                values ('podcast:track:clgz9riqy00423b6efx0cwdz2', 'VISION Radio S02E25', 'podcast:album:clgz9riqw000d3b6emzyjak9r-clgz9riqy00433b6el8rmego0', 0, 3600000, null, 'https://episodes.castos.com/6138cb87d83982-66320119/images/1169276/VR-SE2-Thumbs-Square-3000x300025.png', 'https://episodes.castos.com/6138cb87d83982-66320119/39103/c5e4bfba-ba1a-4115-867f-632554e2ab25/VISION-Radio-S02E25.mp3', 'https://visionradio.castos.com/episodes/vision-radio-s02e25', '<p><span style="font-weight: 400;">')
      ;

        -- TODO: INSERT OR REPLACE once fixed in SKDB...
        -- INSERT OR REPLACE INTO library_artists
        DELETE FROM library_artists WHERE id = 'podcast:artist:clgz9riqw000d3b6emzyjak9r-clgz9riqy00443b6ed1wczzx8';
        INSERT INTO library_artists
        (id, name, imageUrl, colorsString)
        values ('podcast:artist:clgz9riqw000d3b6emzyjak9r-clgz9riqy00443b6ed1wczzx8', 'VISION Radio', 'https://episodes.castos.com/6138cb87d83982-66320119/images/itunes-image.png', null)
      ;

        INSERT INTO library_tracks_artists
        (trackId, artistId)
        values ('podcast:track:clgz9riqy00423b6efx0cwdz2', 'podcast:artist:clgz9riqw000d3b6emzyjak9r-clgz9riqy00443b6ed1wczzx8')
      ;

        -- TODO: INSERT OR REPLACE once fixed in SKDB...
        -- INSERT OR REPLACE INTO library_albums
        DELETE FROM library_albums WHERE id = 'podcast:album:clgz9riqw000d3b6emzyjak9r-clgz9riqy00433b6el8rmego0';
        INSERT INTO library_albums
        (id, name, colorsString, imageUrl, trackCount, releaseDate, copyrights)
        values ('podcast:album:clgz9riqw000d3b6emzyjak9r-clgz9riqy00433b6el8rmego0', 'VISION Radio', null, 'https://episodes.castos.com/6138cb87d83982-66320119/images/itunes-image.png', 1, null, null)
      ;

        INSERT INTO library_tracks_playlists
                (trackId, playlistId, trackIndex, addedAtTimestamp)
                values ('podcast:track:clgz9riqy00423b6efx0cwdz2', 'podcast:playlist:clgz9riqw000d3b6emzyjak9r', 44, 1655910000000)
      ;

        -- TODO: INSERT OR REPLACE once fixed in SKDB...
        -- INSERT OR REPLACE INTO library_tracks
        DELETE FROM library_tracks WHERE id = 'podcast:track:clgz9riqy00453b6evkowqsh8'; 
        INSERT INTO library_tracks
                (id, name, albumId, trackNumber, durationMs, isrc, imageUrl, audioUrl, externalLink, description)
                values ('podcast:track:clgz9riqy00453b6evkowqsh8', 'VISION Radio S02E24', 'podcast:album:clgz9riqw000d3b6emzyjak9r-clgz9riqy00463b6epyjp8vqn', 0, 3600000, null, 'https://episodes.castos.com/6138cb87d83982-66320119/images/VR-SE2-Thumbs-Square-3000x300024.png', 'https://episodes.castos.com/6138cb87d83982-66320119/39103/8adde9f6-170f-464c-9d89-a652d5d8010d/VISION-Radio-S02E24.mp3', 'https://visionradio.castos.com/episodes/vision-radio-s02e24', '<p><span style="font-weight: 400;">Stream / Download: </span><a href="https://visionrecordings.nl/radio"><span style="font-weight: 400;">https://visionrecordings.nl/radio</span></a></p>
<p><span style="font-weight: 400;">VISION Radio this week: &lsquo;Puma Rhythm&rsquo; by Thys & Two Fingers, out now on Eccentric O. More new music by Gyrofield, Misanthrop, Shades, Housty, Subjective and more.. Enjoy!</span></p>
<p>&nbsp;</p>
<p><span style="font-weight: 400;">Join our Discord community: http://discord.gg/visionrecordings</span></p>
<p><span style="font-weight: 400;">Support us on Patreon:&zwnj; &zwnj;​​&zwnj;https://patreon.com/visionrecordings</span></p>
<p><span style="font-weight: 400;">Shop on our webstore: https://store.visionrecordings.nl</span></p>
<p><span style="font-weight: 400;">Listen to our Spotify playlist: &zwnj;​​​&zwnj;https://sptfy.com/5nap</span></p>
<p>&nbsp;</p>
<p><span style="font-weight: 400;">Follow VISION</span></p>
<p><span style="font-weight: 400;">Twitter: https://twitter.com/visionrecs</span></p>
<p><span style="font-weight: 400;">Instagram: https://instagram.com/visionrecordings</span></p>
<p><span style="font-weight: 400;">Facebook: https://facebook.com/VisionRecordings</span></p>
<p><span style="font-weight: 400;">Spotify: https://play.spotify.com/user/visionrecordings</span></p>
<p>&nbsp;</p>
<p><span style="font-weight: 400;">Thys & Two Fingers - Puma Rhythm &bull; ECCENTRIC O</span></p>
<p><span style="font-weight: 400;">Gyrofield - Instrumentaly &bull; OVERVIEW</span></p>
<p><span style="font-weight: 400;">Misanthrop - Universe &bull; NEOSIGNAL</span></p>
<p><span style="font-weight: 400;">The Upbeats & Noisia - Shibuya Pet Store &bull; VISION</span></p>
<p><span style="font-weight: 400;">Shades - Arachne &bull; 1985</span></p>
<p><span style="font-weight: 400;">Housty - Ancestral &bull; INHABIT</span></p>
<p><span style="font-weight: 400;">Forbidden Society - Sulpor &bull; FORBIDDEN SOCIETY</span></p>
<p><span style="font-weight: 400;">Molecular - Figure It Out &bull; SOFA SOUND</span></p>
<p><span style="font-weight: 400;">Warhead - Trenchfoot (Master Error & Amplify Remix) &bull; OCTAVE</span></p>
<p><span style="font-weight: 400;">H&Oslash;ST - Top Shotta Anthem &bull; DUB</span></p>
<p><span style="font-weight: 400;">Noisia & Phace - Deep Down &bull; VISION</span></p>
<p><span style="font-weight: 400;">Division - Monastery &bull; P LAB</span></p>
<p><span style="font-weight: 400;">Jon Casey - CHROMIUM &bull; DOME OF DOOM</span></p>
<p><span style="font-weight: 400;">D Minds & Mefjus - Systematic &bull; RUN</span></p>
<p><span style="font-weight: 400;">Scurrow - Them &bull; SUB-LIMINAL</span></p>
<p><span style="font-weight: 400;">Exept & Disprove - Dirtyrain &bull; DELTA9</span></p>
<p><span style="font-weight: 400;">X&G - Aces &bull; 2020</span></p>
<p><span style="font-weight: 400;">Buunshin - Farewell &bull; CRITICAL</span></p>
<p><span style="font-weight: 400;">KRMA - Organized Chaos &bull; QUALITY GOODS</span></p>
<p><span style="font-weight: 400;">Subjective - Dollis Hill Rufige &bull; THREE SIX ZERO</span></p>')
      ;

        -- TODO: INSERT OR REPLACE once fixed in SKDB...
        -- INSERT OR REPLACE INTO library_artists
        DELETE FROM library_artists WHERE id = 'podcast:artist:clgz9riqw000d3b6emzyjak9r-clgz9riqy00473b6etikk2de9';
        INSERT INTO library_artists
        (id, name, imageUrl, colorsString)
        values ('podcast:artist:clgz9riqw000d3b6emzyjak9r-clgz9riqy00473b6etikk2de9', 'VISION Radio', 'https://episodes.castos.com/6138cb87d83982-66320119/images/itunes-image.png', null)
      ;

        INSERT INTO library_tracks_artists
        (trackId, artistId)
        values ('podcast:track:clgz9riqy00453b6evkowqsh8', 'podcast:artist:clgz9riqw000d3b6emzyjak9r-clgz9riqy00473b6etikk2de9')
      ;

        -- TODO: INSERT OR REPLACE once fixed in SKDB...
        -- INSERT OR REPLACE INTO library_albums
        DELETE FROM library_albums WHERE id = 'podcast:album:clgz9riqw000d3b6emzyjak9r-clgz9riqy00463b6epyjp8vqn';
        INSERT INTO library_albums
        (id, name, colorsString, imageUrl, trackCount, releaseDate, copyrights)
        values ('podcast:album:clgz9riqw000d3b6emzyjak9r-clgz9riqy00463b6epyjp8vqn', 'VISION Radio', null, 'https://episodes.castos.com/6138cb87d83982-66320119/images/itunes-image.png', 1, null, null)
      ;

        INSERT INTO library_tracks_playlists
                (trackId, playlistId, trackIndex, addedAtTimestamp)
                values ('podcast:track:clgz9riqy00453b6evkowqsh8', 'podcast:playlist:clgz9riqw000d3b6emzyjak9r', 45, 1655305200000)
      ;

        -- TODO: INSERT OR REPLACE once fixed in SKDB...
        -- INSERT OR REPLACE INTO library_tracks
        DELETE FROM library_tracks WHERE id = 'podcast:track:clgz9riqy00483b6end5x5dbc'; 
        INSERT INTO library_tracks
                (id, name, albumId, trackNumber, durationMs, isrc, imageUrl, audioUrl, externalLink, description)
                values ('podcast:track:clgz9riqy00483b6end5x5dbc', 'VISION Radio S02E23', 'podcast:album:clgz9riqw000d3b6emzyjak9r-clgz9riqy00493b6e31f8zmu0', 0, 3600000, null, 'https://episodes.castos.com/6138cb87d83982-66320119/images/VR-SE2-Thumbs-Square-3000x300023.png', 'https://episodes.castos.com/6138cb87d83982-66320119/39103/f963fbe3-d34a-412d-ae4e-be94d406a59b/VISION-Radio-S02E23.mp3', 'https://visionradio.castos.com/episodes/vision-radio-s02e23', '<p><span style="font-weight: 400;">Stream / Download: </span><a href="https://visionrecordings.nl/radio"><span style="font-weight: 400;">https://visionrecordings.nl/radio</span></a></p>
<p><span style="font-weight: 400;">VISION Radio this week: &lsquo;Simplon&rsquo; by Noisia & Posij, and &lsquo;Dzjengis&rsquo; by Noisia & Two Fingers, out now on their third album &lsquo;Closer&rsquo; on VISION. More new music by Halogenix, Buunshin, Workforce, Gost, Warhead, Annix, Shades and more...</span></p>
<p>&nbsp;</p>
<p><span style="font-weight: 400;">Join our Discord community: http://discord.gg/visionrecordings</span></p>
<p><span style="font-weight: 400;">Support us on Patreon:&zwnj; &zwnj;​​&zwnj;https://patreon.com/visionrecordings</span></p>
<p><span style="font-weight: 400;">Shop on our webstore: https://store.visionrecordings.nl</span></p>
<p><span style="font-weight: 400;">Listen to our Spotify playlist: &zwnj;​​​&zwnj;https://sptfy.com/5nap</span></p>
<p>&nbsp;</p>
<p><span style="font-weight: 400;">Follow VISION</span></p>
<p><span style="font-weight: 400;">Twitter: https://twitter.com/visionrecs</span></p>
<p><span style="font-weight: 400;">Instagram: https://instagram.com/visionrecordings</span></p>
<p><span style="font-weight: 400;">Facebook: https://facebook.com/VisionRecordings</span></p>
<p><span style="font-weight: 400;">Spotify: https://play.spotify.com/user/visionrecordings</span></p>
<p>&nbsp;</p>
<p><span style="font-weight: 400;">Noisia & Posij - Simplon &bull; VISION</span></p>
<p><span style="font-weight: 400;">Noisia & Two Fingers - Dzjengis &bull; VISION</span></p>
<p><span style="font-weight: 400;">Workforce - Occurs In The Mind &bull; MUST MAKE</span></p>
<p><span style="font-weight: 400;">Halogenix - Spice &bull; CRITICAL</span></p>
<p><span style="font-weight: 400;">Buunshin - Farewell &bull; CRITICAL</span></p>
<p><span style="font-weight: 400;">Gost - Break &bull; PARTICA ARTIST GROUP</span></p>
<p><span style="font-weight: 400;">Warhead - Hidden &bull; OCTAVE</span></p>
<p><span style="font-weight: 400;">TI & Trex - Spirit Level &bull; TRUST</span></p>
<p><span style="font-weight: 400;">Two Fingers & Muadeep - Banished &bull; NOMARK</span></p>
<p><span style="font-weight: 400;">Metal Work - I Told You &bull; EATBRAIN</span></p>
<p><span style="font-weight: 400;">Annix - Droids (Feat. Maksim MC) &bull; MONSTERCAT</span></p>
<p><span style="font-weight: 400;">Shades - Immortals Feat MC GQ &bull; 1985</span></p>
<p><span style="font-weight: 400;">Dopplershift & Among Us - Funk Materials (Theoretical Remix) &bull; IMPACT</span></p>
<p><span style="font-weight: 400;">Exept & Disprove - XXX &bull; DELTA9</span></p>
<p><span style="font-weight: 400;">Jon Casey & AVANCE - POUNDS &bull; DOME OF DOOM</span></p>
<p><span style="font-weight: 400;">Horde & Lavance feat. Madrush MC - Two Sides &bull; ONYX</span></p>
<p><span style="font-weight: 400;">NEMY - Deep Talker &bull; LISTENER SUBMISSION</span></p>
<p><span style="font-weight: 400;">Sumthin Sumthin - Light Garden &bull; DEADBEATS</span></p>
<p><span style="font-weight: 400;">Noisia & Halogenix - Wordless &bull; VISION &bull; VISION RADIO RELOAD</span></p>
<p><span style="font-weight: 400;">LoveTheEND - Fatal Frame &bull; INCURZION</span></p>
<p><span style="font-weight: 400;">Molecular & Amoss - Questionable &bull; FLEXOUT</span></p>
<p><span style="font-weight: 400;">Metrist - Oerchar &bull; SOSOSO</span></p>
<p><span style="font-weight: 400;">Current Value - MILES TO GO &bull; YUKU</span></p>')
      ;

        -- TODO: INSERT OR REPLACE once fixed in SKDB...
        -- INSERT OR REPLACE INTO library_artists
        DELETE FROM library_artists WHERE id = 'podcast:artist:clgz9riqw000d3b6emzyjak9r-clgz9riqy004a3b6e1ucmukkb';
        INSERT INTO library_artists
        (id, name, imageUrl, colorsString)
        values ('podcast:artist:clgz9riqw000d3b6emzyjak9r-clgz9riqy004a3b6e1ucmukkb', 'VISION Radio', 'https://episodes.castos.com/6138cb87d83982-66320119/images/itunes-image.png', null)
      ;

        INSERT INTO library_tracks_artists
        (trackId, artistId)
        values ('podcast:track:clgz9riqy00483b6end5x5dbc', 'podcast:artist:clgz9riqw000d3b6emzyjak9r-clgz9riqy004a3b6e1ucmukkb')
      ;

        -- TODO: INSERT OR REPLACE once fixed in SKDB...
        -- INSERT OR REPLACE INTO library_albums
        DELETE FROM library_albums WHERE id = 'podcast:album:clgz9riqw000d3b6emzyjak9r-clgz9riqy00493b6e31f8zmu0';
        INSERT INTO library_albums
        (id, name, colorsString, imageUrl, trackCount, releaseDate, copyrights)
        values ('podcast:album:clgz9riqw000d3b6emzyjak9r-clgz9riqy00493b6e31f8zmu0', 'VISION Radio', null, 'https://episodes.castos.com/6138cb87d83982-66320119/images/itunes-image.png', 1, null, null)
      ;

        INSERT INTO library_tracks_playlists
                (trackId, playlistId, trackIndex, addedAtTimestamp)
                values ('podcast:track:clgz9riqy00483b6end5x5dbc', 'podcast:playlist:clgz9riqw000d3b6emzyjak9r', 46, 1654698540000)
      ;

        -- TODO: INSERT OR REPLACE once fixed in SKDB...
        -- INSERT OR REPLACE INTO library_tracks
        DELETE FROM library_tracks WHERE id = 'podcast:track:clgz9riqy004b3b6e5peghjqp'; 
        INSERT INTO library_tracks
                (id, name, albumId, trackNumber, durationMs, isrc, imageUrl, audioUrl, externalLink, description)
                values ('podcast:track:clgz9riqy004b3b6e5peghjqp', 'VISION Radio S02E22', 'podcast:album:clgz9riqw000d3b6emzyjak9r-clgz9riqy004c3b6enh4vv4ic', 0, 3600000, null, 'https://episodes.castos.com/6138cb87d83982-66320119/images/VR-SE2-Thumbs-Square-3000x300022.png', 'https://episodes.castos.com/6138cb87d83982-66320119/39103/6ce5132e-30c4-4adb-8f6b-d712c501d802/VISION-Radio-S02E22.mp3', 'https://visionradio.castos.com/episodes/vision-radio-s02e22', '<p><span style="font-weight: 400;">Stream / Download: </span><a href="https://visionrecordings.nl/radio"><span style="font-weight: 400;">https://visionrecordings.nl/radio</span></a></p>
<p><span style="font-weight: 400;">VISION Radio this week: &lsquo;Wordless&rsquo; by Noisia & Halogenix, and &lsquo;Told You&rsquo;, out now on their third album &lsquo;Closer&rsquo; on VISION. More new music by Workforce, Gyrofield, Objectiv & Lupo, Forbidden Society, Redpill and more.. Enjoy!</span></p>
<p>&nbsp;</p>
<p><span style="font-weight: 400;">Join our Discord community: http://discord.gg/visionrecordings</span></p>
<p><span style="font-weight: 400;">Support us on Patreon:&zwnj; &zwnj;​​&zwnj;https://patreon.com/visionrecordings</span></p>
<p><span style="font-weight: 400;">Shop on our webstore: https://store.visionrecordings.nl</span></p>
<p><span style="font-weight: 400;">Listen to our Spotify playlist: &zwnj;​​​&zwnj;https://sptfy.com/5nap</span></p>
<p>&nbsp;</p>
<p><span style="font-weight: 400;">Follow VISION</span></p>
<p><span style="font-weight: 400;">Twitter: https://twitter.com/visionrecs</span></p>
<p><span style="font-weight: 400;">Instagram: https://instagram.com/visionrecordings</span></p>
<p><span style="font-weight: 400;">Facebook: https://facebook.com/VisionRecordings</span></p>
<p><span style="font-weight: 400;">Spotify: https://play.spotify.com/user/visionrecordings</span></p>
<p>&nbsp;</p>
<p><span style="font-weight: 400;">Noisia & Halogenix - Wordless &bull; VISION</span></p>
<p><span style="font-weight: 400;">Noisia - Told You &bull; VISION</span></p>
<p><span style="font-weight: 400;">Workforce - If You Feel &bull; MUST MAKE</span></p>
<p><span style="font-weight: 400;">Gyrofield - Katsuragi &bull; OVERVIEW</span></p>
<p><span style="font-weight: 400;">Objectiv & Lupo - Decisions &bull; THIRTYONE</span></p>
<p><span style="font-weight: 400;">TRAKA - Conquistador &bull; YUKU</span></p>
<p><span style="font-weight: 400;">Askel & Elere x Unglued - Off-Angle (feat. PAV4N) &bull; SOULVENT</span></p>
<p><span style="font-weight: 400;">Forbidden Society - No Return &bull; FORBIDDEN SOCIETY</span></p>
<p><span style="font-weight: 400;">Minor Forms - Snap It &bull; SOFA SOUND</span></p>
<p><span style="font-weight: 400;">Shades - Deceitful Ways &bull; 1985</span></p>
<p><span style="font-weight: 400;">Molecular & Arkaik - Break The Habit &bull; FLEXOUT</span></p>
<p><span style="font-weight: 400;">Waeys x Levela - Gasp &bull; OVERVIEW</span></p>
<p><span style="font-weight: 400;">DJ Hybrid - Don"t Touch That Dial &bull; BOOM93</span></p>
<p><span style="font-weight: 400;">Redpill - The Edge &bull; EATBRAIN</span></p>
<p><span style="font-weight: 400;">LVB - Clartin" &bull; HOLOGRAPHIC</span></p>
<p><span style="font-weight: 400;">DJ Hidden - Grid Based (Katharsys Remix) &bull; PRSPCT</span></p>
<p><span style="font-weight: 400;">Sumthin Sumthin - Brilliant &bull; DEADBEATS</span></p>
<p><span style="font-weight: 400;">Halogenix - Techy (ft. Chimpo) &bull; CRITICAL &bull; VISION RADIO RELOAD</span></p>
<p><span style="font-weight: 400;">Gydra - Caterpillar &bull; NEUROPUNK</span></p>
<p><span style="font-weight: 400;">Skantia - What Did You Think &bull; RAM</span></p>
<p><span style="font-weight: 400;">Imaginary Number - Push &bull; YUKU</span></p>')
      ;

        -- TODO: INSERT OR REPLACE once fixed in SKDB...
        -- INSERT OR REPLACE INTO library_artists
        DELETE FROM library_artists WHERE id = 'podcast:artist:clgz9riqw000d3b6emzyjak9r-clgz9riqy004d3b6ewpf4gtgi';
        INSERT INTO library_artists
        (id, name, imageUrl, colorsString)
        values ('podcast:artist:clgz9riqw000d3b6emzyjak9r-clgz9riqy004d3b6ewpf4gtgi', 'VISION Radio', 'https://episodes.castos.com/6138cb87d83982-66320119/images/itunes-image.png', null)
      ;

        INSERT INTO library_tracks_artists
        (trackId, artistId)
        values ('podcast:track:clgz9riqy004b3b6e5peghjqp', 'podcast:artist:clgz9riqw000d3b6emzyjak9r-clgz9riqy004d3b6ewpf4gtgi')
      ;

        -- TODO: INSERT OR REPLACE once fixed in SKDB...
        -- INSERT OR REPLACE INTO library_albums
        DELETE FROM library_albums WHERE id = 'podcast:album:clgz9riqw000d3b6emzyjak9r-clgz9riqy004c3b6enh4vv4ic';
        INSERT INTO library_albums
        (id, name, colorsString, imageUrl, trackCount, releaseDate, copyrights)
        values ('podcast:album:clgz9riqw000d3b6emzyjak9r-clgz9riqy004c3b6enh4vv4ic', 'VISION Radio', null, 'https://episodes.castos.com/6138cb87d83982-66320119/images/itunes-image.png', 1, null, null)
      ;

        INSERT INTO library_tracks_playlists
                (trackId, playlistId, trackIndex, addedAtTimestamp)
                values ('podcast:track:clgz9riqy004b3b6e5peghjqp', 'podcast:playlist:clgz9riqw000d3b6emzyjak9r', 47, 1654092000000)
      ;

        -- TODO: INSERT OR REPLACE once fixed in SKDB...
        -- INSERT OR REPLACE INTO library_tracks
        DELETE FROM library_tracks WHERE id = 'podcast:track:clgz9riqy004e3b6exvasrgoo'; 
        INSERT INTO library_tracks
                (id, name, albumId, trackNumber, durationMs, isrc, imageUrl, audioUrl, externalLink, description)
                values ('podcast:track:clgz9riqy004e3b6exvasrgoo', 'VISION Radio S02E21', 'podcast:album:clgz9riqw000d3b6emzyjak9r-clgz9riqy004f3b6e97ja8k8w', 0, 3600000, null, 'https://episodes.castos.com/6138cb87d83982-66320119/images/VR-SE2-Thumbs-Square-3000x300021.png', 'https://episodes.castos.com/6138cb87d83982-66320119/39103/d3813da9-f42a-40a1-90b7-d44de24c1cbe/VISION-Radio-S02E21.mp3', 'https://visionradio.castos.com/episodes/vision-radio-s02e21', '<p><span style="font-weight: 400;">Stream / Download: </span><a href="https://visionrecordings.nl/radio"><span style="font-weight: 400;">https://visionrecordings.nl/radio</span></a></p>
<p><span style="font-weight: 400;">VISION Radio this week: &lsquo;Horizon&rsquo; by Noisia & Skrillex, and &lsquo;Scrapped&rsquo;, out now on their third album &lsquo;Closer&rsquo; on VISION. More new music by Halogenix & Chimpo, Erotic Cafe&rsquo;, Workforce, Gyrofield and more.. Enjoy!</span></p>
<p>&nbsp;</p>
<p><span style="font-weight: 400;">Join our Discord community: http://discord.gg/visionrecordings</span></p>
<p><span style="font-weight: 400;">Support us on Patreon:&zwnj; &zwnj;​​&zwnj;https://patreon.com/visionrecordings</span></p>
<p><span style="font-weight: 400;">Shop on our webstore: https://store.visionrecordings.nl</span></p>
<p><span style="font-weight: 400;">Listen to our Spotify playlist: &zwnj;​​​&zwnj;https://sptfy.com/5nap</span></p>
<p>&nbsp;</p>
<p><span style="font-weight: 400;">Follow VISION</span></p>
<p><span style="font-weight: 400;">Twitter: https://twitter.com/visionrecs</span></p>
<p><span style="font-weight: 400;">Instagram: https://instagram.com/visionrecordings</span></p>
<p><span style="font-weight: 400;">Facebook: https://facebook.com/VisionRecordings</span></p>
<p><span style="font-weight: 400;">Spotify: https://play.spotify.com/user/visionrecordings</span></p>
<p>&nbsp;</p>
<p><span style="font-weight: 400;">Noisia & Skrillex - Horizon &bull; VISION</span></p>
<p><span style="font-weight: 400;">Noisia - Scrapped &bull; VISION</span></p>
<p><span style="font-weight: 400;">Halogenix - Techy (ft. Chimpo) &bull; CRITICAL</span></p>
<p><span style="font-weight: 400;">Erotic Cafe" - Crack Pulse &bull; DUB</span></p>
<p><span style="font-weight: 400;">Misanthrop - Into the Sun &bull; NEOSIGNAL</span></p>
<p><span style="font-weight: 400;">Workforce - Observer &bull; MUST MAKE</span></p>
<p><span style="font-weight: 400;">Sumthin Sumthin - Salt (feat. Clozee) &bull; DEADBEATS</span></p>
<p><span style="font-weight: 400;">Skantia - Nominal Inc &bull; RAM</span></p>
<p><span style="font-weight: 400;">Hamdi - Okay &bull; DUB</span></p>
<p><span style="font-weight: 400;">UFO! - This Is A Leveling Up Bump &bull; DUB</span></p>
<p><span style="font-weight: 400;">Gyrofield - Tech Flex VIP &bull; FREE DOWNLOAD</span></p>
<p><span style="font-weight: 400;">Objectiv - Modbox &bull; AGENDA PROMOTIONS BRISTOL</span></p>
<p><span style="font-weight: 400;">Bunnerz & Obbley - Dark Behaviour &bull; BAGGED & TAGGED</span></p>
<p><span style="font-weight: 400;">Molecular - Culture &bull; FLEXOUT</span></p>
<p><span style="font-weight: 400;">Dizzee Rascal - Ice Rink (H&Oslash;ST REMIX) &bull; DUB</span></p>
<p><span style="font-weight: 400;">Waeys - Patched &bull; OVERVIEW</span></p>
<p><span style="font-weight: 400;">Redpill - On Fire (Current Value Remix) &bull; BLACKOUT</span></p>
<p><span style="font-weight: 400;">Teddy Killerz - Sticky &bull; DPMO</span></p>
<p><span style="font-weight: 400;">Enigma - The Cell &bull; INCURZION</span></p>
<p><span style="font-weight: 400;">Noisia & IMANU - Shift &bull; VISION &bull; VISION RADIO RELOAD</span></p>
<p><span style="font-weight: 400;">Des McMahon - Dread & Despair &bull; PLAY ME</span></p>
<p><span style="font-weight: 400;">Imaginary Numbers - Fools &bull; YUKU</span></p>
<p><span style="font-weight: 400;">Kliptown - Maakul &bull; YUKU</span></p>')
      ;

        -- TODO: INSERT OR REPLACE once fixed in SKDB...
        -- INSERT OR REPLACE INTO library_artists
        DELETE FROM library_artists WHERE id = 'podcast:artist:clgz9riqw000d3b6emzyjak9r-clgz9riqy004g3b6evtsit71g';
        INSERT INTO library_artists
        (id, name, imageUrl, colorsString)
        values ('podcast:artist:clgz9riqw000d3b6emzyjak9r-clgz9riqy004g3b6evtsit71g', 'VISION Radio', 'https://episodes.castos.com/6138cb87d83982-66320119/images/itunes-image.png', null)
      ;

        INSERT INTO library_tracks_artists
        (trackId, artistId)
        values ('podcast:track:clgz9riqy004e3b6exvasrgoo', 'podcast:artist:clgz9riqw000d3b6emzyjak9r-clgz9riqy004g3b6evtsit71g')
      ;

        -- TODO: INSERT OR REPLACE once fixed in SKDB...
        -- INSERT OR REPLACE INTO library_albums
        DELETE FROM library_albums WHERE id = 'podcast:album:clgz9riqw000d3b6emzyjak9r-clgz9riqy004f3b6e97ja8k8w';
        INSERT INTO library_albums
        (id, name, colorsString, imageUrl, trackCount, releaseDate, copyrights)
        values ('podcast:album:clgz9riqw000d3b6emzyjak9r-clgz9riqy004f3b6e97ja8k8w', 'VISION Radio', null, 'https://episodes.castos.com/6138cb87d83982-66320119/images/itunes-image.png', 1, null, null)
      ;

        INSERT INTO library_tracks_playlists
                (trackId, playlistId, trackIndex, addedAtTimestamp)
                values ('podcast:track:clgz9riqy004e3b6exvasrgoo', 'podcast:playlist:clgz9riqw000d3b6emzyjak9r', 48, 1653490800000)
      ;

        -- TODO: INSERT OR REPLACE once fixed in SKDB...
        -- INSERT OR REPLACE INTO library_tracks
        DELETE FROM library_tracks WHERE id = 'podcast:track:clgz9riqy004h3b6etnods7t9'; 
        INSERT INTO library_tracks
                (id, name, albumId, trackNumber, durationMs, isrc, imageUrl, audioUrl, externalLink, description)
                values ('podcast:track:clgz9riqy004h3b6etnods7t9', 'VISION Radio S02E20', 'podcast:album:clgz9riqw000d3b6emzyjak9r-clgz9riqy004i3b6eccwr3847', 0, 3600000, null, 'https://episodes.castos.com/6138cb87d83982-66320119/images/VR-SE2-Thumbs-Square-3000x300020.png', 'https://episodes.castos.com/6138cb87d83982-66320119/39103/5cf24a44-5f19-408f-86fb-3802bae3205d/VISION-Radio-S02E20.mp3', 'https://visionradio.castos.com/episodes/vision-radio-s02e20', '<p><span style="font-weight: 400;">Stream / Download: </span><a href="https://visionrecordings.nl/radio"><span style="font-weight: 400;">https://visionrecordings.nl/radio</span></a></p>
<p><span style="font-weight: 400;">VISION Radio this week: &lsquo;Shift&rsquo; the collab by Noisia & IMANU, and &lsquo;Shutters&rsquo; taken from their third and last album &lsquo;Closer&rsquo;, out now on VISION. More new music by DLR & Break, Jam Thieves, Gyrofield, Wingz & Submarine, Waeys and more&hellip; Enjoy!</span></p>
<p>&nbsp;</p>
<p><span style="font-weight: 400;">Join our Discord community: http://discord.gg/visionrecordings</span></p>
<p><span style="font-weight: 400;">Support us on Patreon:&zwnj; &zwnj;​​&zwnj;https://patreon.com/visionrecordings</span></p>
<p><span style="font-weight: 400;">Shop on our webstore: https://store.visionrecordings.nl</span></p>
<p><span style="font-weight: 400;">Listen to our Spotify playlist: &zwnj;​​​&zwnj;https://sptfy.com/5nap</span></p>
<p>&nbsp;</p>
<p><span style="font-weight: 400;">Follow VISION</span></p>
<p><span style="font-weight: 400;">Twitter: https://twitter.com/visionrecs</span></p>
<p><span style="font-weight: 400;">Instagram: https://instagram.com/visionrecordings</span></p>
<p><span style="font-weight: 400;">Facebook: https://facebook.com/VisionRecordings</span></p>
<p><span style="font-weight: 400;">Spotify: https://play.spotify.com/user/visionrecordings</span></p>
<p>&nbsp;</p>
<p><span style="font-weight: 400;">Noisia & IMANU - Shift &bull; VISION</span></p>
<p><span style="font-weight: 400;">Noisia - Shutters &bull; VISION</span></p>
<p><span style="font-weight: 400;">DLR & Break - Absolutely True &bull; SYMMETRY</span></p>
<p><span style="font-weight: 400;">Jam Thieves - Amsterdam &bull; DUB ELEMENTS</span></p>
<p><span style="font-weight: 400;">H&Oslash;ST - Bare Knuckle Scrap With Stevie &bull; DUB</span></p>
<p><span style="font-weight: 400;">Gyrofield - The Lie &bull; OVERVIEW</span></p>
<p><span style="font-weight: 400;">Wingz & Submarine - Kernschmelze &bull; OVERVIEW</span></p>
<p><span style="font-weight: 400;">Imaginary Number - Somebody &bull; YUKU</span></p>
<p><span style="font-weight: 400;">Objectiv - Consonant &bull; EKOU</span></p>
<p><span style="font-weight: 400;">Waeys - Patched &bull; OVERVIEW</span></p>
<p><span style="font-weight: 400;">Deft - Hotpot &bull; 2020</span></p>
<p><span style="font-weight: 400;">KarmasynK - Noir &bull; DARKMODE</span></p>
<p><span style="font-weight: 400;">Nuvertal & Gydra - Comeback &bull; EATBRAIN</span></p>
<p><span style="font-weight: 400;">Sumthin Sumthin - Aluminum &bull; DEADBEATS</span></p>
<p><span style="font-weight: 400;">Redpill - Jealousy (Pythius Remix) &bull; BLACKOUT</span></p>
<p><span style="font-weight: 400;">Sastruga - Searching &bull; SURVEILLANCE</span></p>
<p><span style="font-weight: 400;">Jon Casey & Lucchii - SCHIZO &bull; BANDCAMP</span></p>
<p><span style="font-weight: 400;">Moytra - Alpha (Sobersoul Remix) &bull; DATA</span></p>
<p><span style="font-weight: 400;">Des McMahon & Gabriel Habit - Rinsed In Reseda &bull; PLAY ME</span></p>
<p><span style="font-weight: 400;">Skrillex, Noisia, Josh Pan & Dylan Brady - Supersonic (VIP) &bull; VISION &bull; VISION RADIO RELOAD</span></p>
<p><span style="font-weight: 400;">LVB - Olympia &bull; HOLOGRAPHIC</span></p>
<p><span style="font-weight: 400;">Fracture & Sam Binga - Conditional &bull; ASTROPHONICA</span></p>
<p><span style="font-weight: 400;">Buli & CelerLogica - Breathe (Omari Jazz Remix) &bull; ALPHA PUP</span></p>')
      ;

        -- TODO: INSERT OR REPLACE once fixed in SKDB...
        -- INSERT OR REPLACE INTO library_artists
        DELETE FROM library_artists WHERE id = 'podcast:artist:clgz9riqw000d3b6emzyjak9r-clgz9riqy004j3b6e52hjv4dh';
        INSERT INTO library_artists
        (id, name, imageUrl, colorsString)
        values ('podcast:artist:clgz9riqw000d3b6emzyjak9r-clgz9riqy004j3b6e52hjv4dh', 'VISION Radio', 'https://episodes.castos.com/6138cb87d83982-66320119/images/itunes-image.png', null)
      ;

        INSERT INTO library_tracks_artists
        (trackId, artistId)
        values ('podcast:track:clgz9riqy004h3b6etnods7t9', 'podcast:artist:clgz9riqw000d3b6emzyjak9r-clgz9riqy004j3b6e52hjv4dh')
      ;

        -- TODO: INSERT OR REPLACE once fixed in SKDB...
        -- INSERT OR REPLACE INTO library_albums
        DELETE FROM library_albums WHERE id = 'podcast:album:clgz9riqw000d3b6emzyjak9r-clgz9riqy004i3b6eccwr3847';
        INSERT INTO library_albums
        (id, name, colorsString, imageUrl, trackCount, releaseDate, copyrights)
        values ('podcast:album:clgz9riqw000d3b6emzyjak9r-clgz9riqy004i3b6eccwr3847', 'VISION Radio', null, 'https://episodes.castos.com/6138cb87d83982-66320119/images/itunes-image.png', 1, null, null)
      ;

        INSERT INTO library_tracks_playlists
                (trackId, playlistId, trackIndex, addedAtTimestamp)
                values ('podcast:track:clgz9riqy004h3b6etnods7t9', 'podcast:playlist:clgz9riqw000d3b6emzyjak9r', 49, 1652886000000)
      ;

        -- TODO: INSERT OR REPLACE once fixed in SKDB...
        -- INSERT OR REPLACE INTO library_tracks
        DELETE FROM library_tracks WHERE id = 'podcast:track:clgz9riqy004k3b6ekoes4elk'; 
        INSERT INTO library_tracks
                (id, name, albumId, trackNumber, durationMs, isrc, imageUrl, audioUrl, externalLink, description)
                values ('podcast:track:clgz9riqy004k3b6ekoes4elk', 'VISION Radio S02E19', 'podcast:album:clgz9riqw000d3b6emzyjak9r-clgz9riqy004l3b6e3wphlgxz', 0, 3600000, null, 'https://episodes.castos.com/6138cb87d83982-66320119/images/VR-SE2-Thumbs-Square-3000x300019.png', 'https://episodes.castos.com/6138cb87d83982-66320119/39103/ec3c773d-daf3-42e9-ac20-943d6f9bc80a/VISION-Radio-S02E19.mp3', 'https://visionradio.castos.com/episodes/vision-radio-s02e19', '<p><span style="font-weight: 400;">Stream / Download: </span><a href="https://visionrecordings.nl/radio"><span style="font-weight: 400;">https://visionrecordings.nl/radio</span></a></p>
<p><span style="font-weight: 400;">VISION Radio this week: The VIP of &lsquo;Supersonic&rsquo;, our collab with Skrillex, Josh Pan & Dylan Brady, and &lsquo;Caps Lock&rsquo; our new collab with Black Sun Empire, both out this Thursday on our new album &lsquo;Closer&rsquo;. All this and more..</span></p>
<p>&nbsp;</p>
<p><span style="font-weight: 400;">Join our Discord community: http://discord.gg/visionrecordings</span></p>
<p><span style="font-weight: 400;">Support us on Patreon:&zwnj; &zwnj;​​&zwnj;https://patreon.com/visionrecordings</span></p>
<p><span style="font-weight: 400;">Shop on our webstore: https://store.visionrecordings.nl</span></p>
<p><span style="font-weight: 400;">Listen to our Spotify playlist: &zwnj;​​​&zwnj;https://sptfy.com/5nap</span></p>
<p>&nbsp;</p>
<p><span style="font-weight: 400;">Follow VISION</span></p>
<p><span style="font-weight: 400;">Twitter: https://twitter.com/visionrecs</span></p>
<p><span style="font-weight: 400;">Instagram: https://instagram.com/visionrecordings</span></p>
<p><span style="font-weight: 400;">Facebook: https://facebook.com/VisionRecordings</span></p>
<p><span style="font-weight: 400;">Spotify: https://play.spotify.com/user/visionrecordings</span></p>
<p>&nbsp;</p>
<p><span style="font-weight: 400;">Skrillex, Noisia, Josh Pan & Dylan Brady - Supersonic (VIP) &bull; VISION</span></p>
<p><span style="font-weight: 400;">Noisia & Black Sun Empire - Caps Lock &bull; VISION</span></p>
<p><span style="font-weight: 400;">Mefjus - Disclosed &bull; CRITICAL</span></p>
<p><span style="font-weight: 400;">UFO! - NO JOB FOOT WORK &bull; DUB</span></p>
<p><span style="font-weight: 400;">Fade Black - Barbed &bull; CRITICAL</span></p>
<p><span style="font-weight: 400;">Invadhertz - Pitch Black &bull; GUIDANCE</span></p>
<p><span style="font-weight: 400;">Hamdi - Yum &bull; DUB</span></p>
<p><span style="font-weight: 400;">Gydra - SLAB&nbsp; &bull; NEUROPUNK</span></p>
<p><span style="font-weight: 400;">Binary - Timeless &bull; KORSAKOV</span></p>
<p><span style="font-weight: 400;">The Upbeats - Divide (feat. Sylvee) (Rohaan Remix) &bull; VISION</span></p>
<p><span style="font-weight: 400;">Cesco - Move Too Slow &bull; PINEAPPLE</span></p>
<p><span style="font-weight: 400;">Sobersoul - Cringe (Moytra remix) &bull; DATA</span></p>
<p><span style="font-weight: 400;">Creatures - Squid March &bull; OVERVIEW</span></p>
<p><span style="font-weight: 400;">Blake Skowron + Noer The Boy - Close Your Eyes &bull; SOUNDCLOUD</span></p>
<p><span style="font-weight: 400;">Kidsonic - Lay Back &bull; IMPACT</span></p>
<p><span style="font-weight: 400;">DLR & Script - A Different Style &bull; SOFA SOUND</span></p>
<p><span style="font-weight: 400;">H&Oslash;ST - System Error &bull; DUB</span></p>
<p><span style="font-weight: 400;">LVB - Death &bull; HOLOGRAPHIC</span></p>
<p><span style="font-weight: 400;">Noisia & Camo & Krooked - Nova&nbsp; &bull; VISION &bull; VISION RADIO RELOAD</span></p>
<p><span style="font-weight: 400;">Fracture & Sam Binga - Termites &bull; ASTROPHONICA</span></p>
<p><span style="font-weight: 400;">Esc - Lumberjack"s Groove &bull; STRAIGHT UP BREAKBEAT</span></p>
<p><span style="font-weight: 400;">Current Value - PROCEDURE &bull; YUKU</span></p>')
      ;

        -- TODO: INSERT OR REPLACE once fixed in SKDB...
        -- INSERT OR REPLACE INTO library_artists
        DELETE FROM library_artists WHERE id = 'podcast:artist:clgz9riqw000d3b6emzyjak9r-clgz9riqy004m3b6ehs99k50k';
        INSERT INTO library_artists
        (id, name, imageUrl, colorsString)
        values ('podcast:artist:clgz9riqw000d3b6emzyjak9r-clgz9riqy004m3b6ehs99k50k', 'VISION Radio', 'https://episodes.castos.com/6138cb87d83982-66320119/images/itunes-image.png', null)
      ;

        INSERT INTO library_tracks_artists
        (trackId, artistId)
        values ('podcast:track:clgz9riqy004k3b6ekoes4elk', 'podcast:artist:clgz9riqw000d3b6emzyjak9r-clgz9riqy004m3b6ehs99k50k')
      ;

        -- TODO: INSERT OR REPLACE once fixed in SKDB...
        -- INSERT OR REPLACE INTO library_albums
        DELETE FROM library_albums WHERE id = 'podcast:album:clgz9riqw000d3b6emzyjak9r-clgz9riqy004l3b6e3wphlgxz';
        INSERT INTO library_albums
        (id, name, colorsString, imageUrl, trackCount, releaseDate, copyrights)
        values ('podcast:album:clgz9riqw000d3b6emzyjak9r-clgz9riqy004l3b6e3wphlgxz', 'VISION Radio', null, 'https://episodes.castos.com/6138cb87d83982-66320119/images/itunes-image.png', 1, null, null)
      ;

        INSERT INTO library_tracks_playlists
                (trackId, playlistId, trackIndex, addedAtTimestamp)
                values ('podcast:track:clgz9riqy004k3b6ekoes4elk', 'podcast:playlist:clgz9riqw000d3b6emzyjak9r', 50, 1652281200000)
      ;

        -- TODO: INSERT OR REPLACE once fixed in SKDB...
        -- INSERT OR REPLACE INTO library_tracks
        DELETE FROM library_tracks WHERE id = 'podcast:track:clgz9riqy004n3b6edoqy7556'; 
        INSERT INTO library_tracks
                (id, name, albumId, trackNumber, durationMs, isrc, imageUrl, audioUrl, externalLink, description)
                values ('podcast:track:clgz9riqy004n3b6edoqy7556', 'VISION Radio S02E18', 'podcast:album:clgz9riqw000d3b6emzyjak9r-clgz9riqy004o3b6efz4ob4rd', 0, 3600000, null, 'https://episodes.castos.com/6138cb87d83982-66320119/images/VR-SE2-Thumbs-Square-3000x300018.png', 'https://episodes.castos.com/6138cb87d83982-66320119/39103/9f795942-4bce-46f7-adbb-8a9f32aa70e4/VISION-Radio-S02E18.mp3', 'https://visionradio.castos.com/episodes/vision-radio-s02e18', '<p><span style="font-weight: 400;">Stream / Download: </span><a href="https://visionrecordings.nl/radio"><span style="font-weight: 400;">https://visionrecordings.nl/radio</span></a></p>
<p><span style="font-weight: 400;">VISION Radio this week: We have announced our third and final album &lsquo;Closer&rsquo; and play you &lsquo;Nova&rsquo; by Noisia & Camo & Krooked, out on the 12th of May. More new music by Chimpo, Deft, TI, Current Value and more..</span><span style="font-weight: 400;"><br /><br /></span></p>
<p><span style="font-weight: 400;">Ebow"s Lo-Fi Space Jam: </span><a href="https://elliottyorke.bandcamp.com/merch/ebows-lo-fi-space-jam-ticket"><span style="font-weight: 400;">https://elliottyorke.bandcamp.com/merch/ebows-lo-fi-space-jam-ticket</span></a></p>
<p>&nbsp;</p>
<p><span style="font-weight: 400;">Join our Discord community: http://discord.gg/visionrecordings</span></p>
<p><span style="font-weight: 400;">Support us on Patreon:&zwnj; &zwnj;​​&zwnj;https://patreon.com/visionrecordings</span></p>
<p><span style="font-weight: 400;">Shop on our webstore: https://store.visionrecordings.nl</span></p>
<p><span style="font-weight: 400;">Listen to our Spotify playlist: &zwnj;​​​&zwnj;https://sptfy.com/5nap</span></p>
<p>&nbsp;</p>
<p><span style="font-weight: 400;">Follow VISION</span></p>
<p><span style="font-weight: 400;">Twitter: https://twitter.com/visionrecs</span></p>
<p><span style="font-weight: 400;">Instagram: https://instagram.com/visionrecordings</span></p>
<p><span style="font-weight: 400;">Facebook: https://facebook.com/VisionRecordings</span></p>
<p><span style="font-weight: 400;">Spotify: https://play.spotify.com/user/visionrecordings</span></p>
<p>&nbsp;</p>
<p><span style="font-weight: 400;">Noisia & Camo & Krooked - Nova &bull; VISION</span></p>
<p><span style="font-weight: 400;">Chimpo - Buzz Army &bull; ASTROPHONICA</span></p>
<p><span style="font-weight: 400;">Fracture & Sam Binga - Xtatic &bull; ASTROPHONICA</span></p>
<p><span style="font-weight: 400;">The Upbeats - Villains Cowl (Feat. Armanni Reign) (Buunshin Remix) &bull; VISION</span></p>
<p><span style="font-weight: 400;">Deft - SKIN &bull; 2020</span></p>
<p><span style="font-weight: 400;">Current Value - WEIGHT &bull; YUKU</span></p>
<p><span style="font-weight: 400;">TI - Fucking Syco &bull; NATTY DUB</span></p>
<p><span style="font-weight: 400;">Gyrofield - Banned Fiction &bull; PILOT</span></p>
<p><span style="font-weight: 400;">Everything Changes - Baby &bull; SEMINAL SOUNDS</span></p>
<p><span style="font-weight: 400;">H&Oslash;ST - Put It Down (ft Lst Ky) &bull; DUB</span></p>
<p><span style="font-weight: 400;">Unglued - Way Back When (Feat. Esther Durin) (Halogenix Remix) &bull; HOSPITAL</span></p>
<p><span style="font-weight: 400;">Noisia & Former - Cleansing &bull; VISION</span></p>
<p><span style="font-weight: 400;">Camo & Krooked & Mefjus - Overture &bull; MODUS &bull; VISION RADIO RELOAD</span></p>
<p><span style="font-weight: 400;">Coco Bryce - Kick Back &bull; CRITICAL</span></p>
<p><span style="font-weight: 400;">Jon1st & Shield - Distortion Feat. Strategy &bull; DUB</span></p>
<p><span style="font-weight: 400;">Ebow&rsquo;s Lo-Fi Space Jam Mix P3 &bull; BANDCAMP</span></p>')
      ;

        -- TODO: INSERT OR REPLACE once fixed in SKDB...
        -- INSERT OR REPLACE INTO library_artists
        DELETE FROM library_artists WHERE id = 'podcast:artist:clgz9riqw000d3b6emzyjak9r-clgz9riqy004p3b6ekkyt8msw';
        INSERT INTO library_artists
        (id, name, imageUrl, colorsString)
        values ('podcast:artist:clgz9riqw000d3b6emzyjak9r-clgz9riqy004p3b6ekkyt8msw', 'VISION Radio', 'https://episodes.castos.com/6138cb87d83982-66320119/images/itunes-image.png', null)
      ;

        INSERT INTO library_tracks_artists
        (trackId, artistId)
        values ('podcast:track:clgz9riqy004n3b6edoqy7556', 'podcast:artist:clgz9riqw000d3b6emzyjak9r-clgz9riqy004p3b6ekkyt8msw')
      ;

        -- TODO: INSERT OR REPLACE once fixed in SKDB...
        -- INSERT OR REPLACE INTO library_albums
        DELETE FROM library_albums WHERE id = 'podcast:album:clgz9riqw000d3b6emzyjak9r-clgz9riqy004o3b6efz4ob4rd';
        INSERT INTO library_albums
        (id, name, colorsString, imageUrl, trackCount, releaseDate, copyrights)
        values ('podcast:album:clgz9riqw000d3b6emzyjak9r-clgz9riqy004o3b6efz4ob4rd', 'VISION Radio', null, 'https://episodes.castos.com/6138cb87d83982-66320119/images/itunes-image.png', 1, null, null)
      ;

        INSERT INTO library_tracks_playlists
                (trackId, playlistId, trackIndex, addedAtTimestamp)
                values ('podcast:track:clgz9riqy004n3b6edoqy7556', 'podcast:playlist:clgz9riqw000d3b6emzyjak9r', 51, 1651676400000)
      ;

        -- TODO: INSERT OR REPLACE once fixed in SKDB...
        -- INSERT OR REPLACE INTO library_tracks
        DELETE FROM library_tracks WHERE id = 'podcast:track:clgz9riqy004q3b6eg6d4nodz'; 
        INSERT INTO library_tracks
                (id, name, albumId, trackNumber, durationMs, isrc, imageUrl, audioUrl, externalLink, description)
                values ('podcast:track:clgz9riqy004q3b6eg6d4nodz', 'VISION Radio S02E17', 'podcast:album:clgz9riqw000d3b6emzyjak9r-clgz9riqy004r3b6ezqh6ayu2', 0, 3600000, null, 'https://episodes.castos.com/6138cb87d83982-66320119/images/VR-SE2-Thumbs-Square-3000x300017.png', 'https://episodes.castos.com/6138cb87d83982-66320119/39103/2917bc52-fd81-42e6-9960-103ea399a26e/VISION-Radio-S02E17.mp3', 'https://visionradio.castos.com/episodes/vision-radio-s02e17', '<p><span style="font-weight: 400;">Stream / Download: </span><a href="https://visionrecordings.nl/radio"><span style="font-weight: 400;">https://visionrecordings.nl/radio</span></a></p>
<p><span style="font-weight: 400;">VISION Radio this week: &lsquo;Beams&rsquo; by Joe Dukie and The Upbeats in the remix by PhaseOne, out now on VISION! More new music by Ivy Lab, Camo & Krooked & Mefjus, H&Oslash;ST, Muadeep and more.. Enjoy!</span></p>
<p><span style="font-weight: 400;"><br /></span><span style="font-weight: 400;">Ebow"s Lo-Fi Space Jam: </span><a href="https://elliottyorke.bandcamp.com/merch/ebows-lo-fi-space-jam-ticket"><span style="font-weight: 400;">https://elliottyorke.bandcamp.com/merch/ebows-lo-fi-space-jam-ticket</span></a></p>
<p>&nbsp;</p>
<p><span style="font-weight: 400;">Join our Discord community: http://discord.gg/visionrecordings</span></p>
<p><span style="font-weight: 400;">Support us on Patreon:&zwnj; &zwnj;​​&zwnj;https://patreon.com/visionrecordings</span></p>
<p><span style="font-weight: 400;">Shop on our webstore: https://store.visionrecordings.nl</span></p>
<p><span style="font-weight: 400;">Listen to our Spotify playlist: &zwnj;​​​&zwnj;https://sptfy.com/5nap</span></p>
<p>&nbsp;</p>
<p><span style="font-weight: 400;">Follow VISION</span></p>
<p><span style="font-weight: 400;">Twitter: https://twitter.com/visionrecs</span></p>
<p><span style="font-weight: 400;">Instagram: https://instagram.com/visionrecordings</span></p>
<p><span style="font-weight: 400;">Facebook: https://facebook.com/VisionRecordings</span></p>
<p><span style="font-weight: 400;">Spotify: https://play.spotify.com/user/visionrecordings</span></p>
<p>&nbsp;</p>
<p><span style="font-weight: 400;">The Upbeats - Beams (feat. Joe Dukie) (PhaseOne Remix) &bull; VISION</span></p>
<p><span style="font-weight: 400;">Ivy Lab - Domo &bull; CRITICAL</span></p>
<p><span style="font-weight: 400;">Camo & Krooked & Mefjus &bull; Overture &bull; MODUS</span></p>
<p><span style="font-weight: 400;">H&Oslash;ST - S4ZZZ &bull; DUB</span></p>
<p><span style="font-weight: 400;">Submotive & DLR - Accidental Funker &bull; SOFA SOUND</span></p>
<p><span style="font-weight: 400;">Nami x Moytra - Stranded &bull; PATREON</span></p>
<p><span style="font-weight: 400;">clU - 3.48 A.M. &bull; INCURZION</span></p>
<p><span style="font-weight: 400;">Muadeep - Solid Blade &bull; BANDCAMP</span></p>
<p><span style="font-weight: 400;">Prestige - No Answer &bull; RAM</span></p>
<p><span style="font-weight: 400;">Jon1st & Shield - Strangers &bull; DUB</span></p>
<p><span style="font-weight: 400;">Unglued - Total XTC (Fixate Remix) &bull; HOSPITAL</span></p>
<p><span style="font-weight: 400;">Trex - Sleep On It &bull; OVERVIEW</span></p>
<p><span style="font-weight: 400;">IMANU, Pham & Josh Pan - Somehow We Lost It All &bull; DEADBEATS</span></p>
<p><span style="font-weight: 400;">Merikan - Absolute Zero (Levela Remix) &bull; BLACKOUT</span></p>
<p><span style="font-weight: 400;">NC-17 - Widow Maker &bull; DISPATCH</span></p>
<p><span style="font-weight: 400;">Ebow&rsquo;s Lo-Fi Space Jam Mix P2 &bull; BANDCAMP</span><span style="font-weight: 400;"><br /></span><span style="font-weight: 400;">Noisia -&nbsp; &bull; VISION RADIO RELOAD</span></p>')
      ;

        -- TODO: INSERT OR REPLACE once fixed in SKDB...
        -- INSERT OR REPLACE INTO library_artists
        DELETE FROM library_artists WHERE id = 'podcast:artist:clgz9riqw000d3b6emzyjak9r-clgz9riqy004s3b6et0fzyeo5';
        INSERT INTO library_artists
        (id, name, imageUrl, colorsString)
        values ('podcast:artist:clgz9riqw000d3b6emzyjak9r-clgz9riqy004s3b6et0fzyeo5', 'VISION Radio', 'https://episodes.castos.com/6138cb87d83982-66320119/images/itunes-image.png', null)
      ;

        INSERT INTO library_tracks_artists
        (trackId, artistId)
        values ('podcast:track:clgz9riqy004q3b6eg6d4nodz', 'podcast:artist:clgz9riqw000d3b6emzyjak9r-clgz9riqy004s3b6et0fzyeo5')
      ;

        -- TODO: INSERT OR REPLACE once fixed in SKDB...
        -- INSERT OR REPLACE INTO library_albums
        DELETE FROM library_albums WHERE id = 'podcast:album:clgz9riqw000d3b6emzyjak9r-clgz9riqy004r3b6ezqh6ayu2';
        INSERT INTO library_albums
        (id, name, colorsString, imageUrl, trackCount, releaseDate, copyrights)
        values ('podcast:album:clgz9riqw000d3b6emzyjak9r-clgz9riqy004r3b6ezqh6ayu2', 'VISION Radio', null, 'https://episodes.castos.com/6138cb87d83982-66320119/images/itunes-image.png', 1, null, null)
      ;

        INSERT INTO library_tracks_playlists
                (trackId, playlistId, trackIndex, addedAtTimestamp)
                values ('podcast:track:clgz9riqy004q3b6eg6d4nodz', 'podcast:playlist:clgz9riqw000d3b6emzyjak9r', 52, 1651071600000)
      ;

        -- TODO: INSERT OR REPLACE once fixed in SKDB...
        -- INSERT OR REPLACE INTO library_tracks
        DELETE FROM library_tracks WHERE id = 'podcast:track:clgz9riqy004t3b6ekjik5fyj'; 
        INSERT INTO library_tracks
                (id, name, albumId, trackNumber, durationMs, isrc, imageUrl, audioUrl, externalLink, description)
                values ('podcast:track:clgz9riqy004t3b6ekjik5fyj', 'VISION Radio S02E16', 'podcast:album:clgz9riqw000d3b6emzyjak9r-clgz9riqy004u3b6e8ga8ou50', 0, 3600000, null, 'https://episodes.castos.com/6138cb87d83982-66320119/images/VR-SE2-Thumbs-Square-3000x300016.png', 'https://episodes.castos.com/6138cb87d83982-66320119/39103/584fb229-ceb1-49e8-8a84-fbab223cfd55/VISION-Radio-S02E16.mp3', 'https://visionradio.castos.com/episodes/vision-radio-s02e16', '<p><span style="font-weight: 400;">Stream / Download: </span><a href="https://visionrecordings.nl/radio"><span style="font-weight: 400;">https://visionrecordings.nl/radio</span></a></p>
<p><span style="font-weight: 400;">VISION Radio this week: Two remixes for The Upbeats by Monty and Nitepunk, taken from the &lsquo;Not Forever Reimagined&rsquo; album, out now on VISION! More new music by Gyrofield, H&Oslash;ST, Trex, Forbidden Society and more..</span></p>
<p><span style="font-weight: 400;"><br /></span><span style="font-weight: 400;">Ebow"s Lo-Fi Space Jam: </span><a href="https://elliottyorke.bandcamp.com/merch/ebows-lo-fi-space-jam-ticket"><span style="font-weight: 400;">https://elliottyorke.bandcamp.com/merch/ebows-lo-fi-space-jam-ticket</span></a></p>
<p>&nbsp;</p>
<p><span style="font-weight: 400;">Join our Discord community: http://discord.gg/visionrecordings</span></p>
<p><span style="font-weight: 400;">Support us on Patreon:&zwnj; &zwnj;​​&zwnj;https://patreon.com/visionrecordings</span></p>
<p><span style="font-weight: 400;">Shop on our webstore: https://store.visionrecordings.nl</span></p>
<p><span style="font-weight: 400;">Listen to our Spotify playlist: &zwnj;​​​&zwnj;https://sptfy.com/5nap</span></p>
<p>&nbsp;</p>
<p><span style="font-weight: 400;">Follow VISION</span></p>
<p><span style="font-weight: 400;">Twitter: https://twitter.com/visionrecs</span></p>
<p><span style="font-weight: 400;">Instagram: https://instagram.com/visionrecordings</span></p>
<p><span style="font-weight: 400;">Facebook: https://facebook.com/VisionRecordings</span></p>
<p><span style="font-weight: 400;">Spotify: https://play.spotify.com/user/visionrecordings</span></p>
<p>&nbsp;</p>
<p><span style="font-weight: 400;">The Upbeats - Beams (Featuring Joe Dukie) (Monty Remix) &bull; VISION</span></p>
<p><span style="font-weight: 400;">The Upbeats - All We&rsquo;ve Got (Feat. Sylvee) (Nitepunk Remix) &bull; VISION</span></p>
<p><span style="font-weight: 400;">Gyrofield - 24rd &bull; CRITICAL</span></p>
<p><span style="font-weight: 400;">NC-17 & Philth - Slime Time &bull; DISPATCH</span></p>
<p><span style="font-weight: 400;">Karan - Deixa &bull; GROUP CHAT</span></p>
<p><span style="font-weight: 400;">Forbidden Society - Overthinking &bull; FORBIDDEN SOCIETY</span></p>
<p><span style="font-weight: 400;">Black Sun Empire & Neonlight - Scarface &bull; BLACKOUT</span></p>
<p><span style="font-weight: 400;">Tonerfilt - Oubliette &bull; ENCRYPTED</span></p>
<p><span style="font-weight: 400;">A K A - Skin (Invadhertz Remix) &bull; EKOU</span></p>
<p><span style="font-weight: 400;">Trex - Plummet &bull; OVERVIEW</span></p>
<p><span style="font-weight: 400;">H&Oslash;ST - r_niceguys &bull; DUB</span></p>
<p><span style="font-weight: 400;">Scartip - Packet Melange &bull; UTM</span></p>
<p><span style="font-weight: 400;">S Murk - Giant Golden Skull &bull; PRSPCT</span></p>
<p><span style="font-weight: 400;">Thematic - Walks Behind You &bull; SOFA SOUND</span></p>
<p><span style="font-weight: 400;">Noisia -&nbsp; &bull; VISION RADIO RELOAD</span></p>
<p><span style="font-weight: 400;">Ebow&rsquo;s LO-FI Space Jam Mix P1 &bull; BANDCAMP</span></p>')
      ;

        -- TODO: INSERT OR REPLACE once fixed in SKDB...
        -- INSERT OR REPLACE INTO library_artists
        DELETE FROM library_artists WHERE id = 'podcast:artist:clgz9riqw000d3b6emzyjak9r-clgz9riqy004v3b6e022hf5ie';
        INSERT INTO library_artists
        (id, name, imageUrl, colorsString)
        values ('podcast:artist:clgz9riqw000d3b6emzyjak9r-clgz9riqy004v3b6e022hf5ie', 'VISION Radio', 'https://episodes.castos.com/6138cb87d83982-66320119/images/itunes-image.png', null)
      ;

        INSERT INTO library_tracks_artists
        (trackId, artistId)
        values ('podcast:track:clgz9riqy004t3b6ekjik5fyj', 'podcast:artist:clgz9riqw000d3b6emzyjak9r-clgz9riqy004v3b6e022hf5ie')
      ;

        -- TODO: INSERT OR REPLACE once fixed in SKDB...
        -- INSERT OR REPLACE INTO library_albums
        DELETE FROM library_albums WHERE id = 'podcast:album:clgz9riqw000d3b6emzyjak9r-clgz9riqy004u3b6e8ga8ou50';
        INSERT INTO library_albums
        (id, name, colorsString, imageUrl, trackCount, releaseDate, copyrights)
        values ('podcast:album:clgz9riqw000d3b6emzyjak9r-clgz9riqy004u3b6e8ga8ou50', 'VISION Radio', null, 'https://episodes.castos.com/6138cb87d83982-66320119/images/itunes-image.png', 1, null, null)
      ;

        INSERT INTO library_tracks_playlists
                (trackId, playlistId, trackIndex, addedAtTimestamp)
                values ('podcast:track:clgz9riqy004t3b6ekjik5fyj', 'podcast:playlist:clgz9riqw000d3b6emzyjak9r', 53, 1650466800000)
      ;

        -- TODO: INSERT OR REPLACE once fixed in SKDB...
        -- INSERT OR REPLACE INTO library_tracks
        DELETE FROM library_tracks WHERE id = 'podcast:track:clgz9riqy004w3b6ezrb6i3xl'; 
        INSERT INTO library_tracks
                (id, name, albumId, trackNumber, durationMs, isrc, imageUrl, audioUrl, externalLink, description)
                values ('podcast:track:clgz9riqy004w3b6ezrb6i3xl', 'VISION Radio S02E15', 'podcast:album:clgz9riqw000d3b6emzyjak9r-clgz9riqy004x3b6ep2l8v5i6', 0, 3600000, null, 'https://episodes.castos.com/6138cb87d83982-66320119/images/VR-SE2-Thumbs-Square-3000x300015.png', 'https://episodes.castos.com/6138cb87d83982-66320119/39103/94d9db09-db33-430e-9368-2fedc8b33e14/VISION-Radio-S02E15.mp3', 'https://visionradio.castos.com/episodes/vision-radio-s02e15', '<p><span style="font-weight: 400;">Stream / Download: </span><a href="https://visionrecordings.nl/radio"><span style="font-weight: 400;">https://visionrecordings.nl/radio</span></a></p>
<p><span style="font-weight: 400;">VISION Radio this week: Rohaan & Jon Casey remix The Upbeats, and Chimpo, Fracture & Sam Binga bring ASTROPHONICA heat. More new music by Subwave, Black Barrel, KY, Hyradiance, Current Value and more..</span></p>
<p>&nbsp;</p>
<p><span style="font-weight: 400;">Join our Discord community: http://discord.gg/visionrecordings</span></p>
<p><span style="font-weight: 400;">Support us on Patreon:&zwnj; &zwnj;​​&zwnj;https://patreon.com/visionrecordings</span></p>
<p><span style="font-weight: 400;">Shop on our webstore: https://store.visionrecordings.nl</span></p>
<p><span style="font-weight: 400;">Listen to our Spotify playlist: &zwnj;​​​&zwnj;https://sptfy.com/5nap</span></p>
<p>&nbsp;</p>
<p><span style="font-weight: 400;">Follow VISION</span></p>
<p><span style="font-weight: 400;">Twitter: https://twitter.com/visionrecs</span></p>
<p><span style="font-weight: 400;">Instagram: https://instagram.com/visionrecordings</span></p>
<p><span style="font-weight: 400;">Facebook: https://facebook.com/VisionRecordings</span></p>
<p><span style="font-weight: 400;">Spotify: https://play.spotify.com/user/visionrecordings</span></p>
<p>&nbsp;</p>
<p><span style="font-weight: 400;">The Upbeats - Divide (feat. Sylvee) (Rohaan Remix) &bull; VISION</span></p>
<p><span style="font-weight: 400;">The Upbeats - Watch Me (feat. Syrene Favero) (Jon Casey Remix) &bull; VISION</span></p>
<p><span style="font-weight: 400;">Chimpo - LUV NRG &bull; ASTROPHONICA</span></p>
<p><span style="font-weight: 400;">Fracture & Sam Binga - Advisory List &bull; ASTROPHONICA</span></p>
<p><span style="font-weight: 400;">Subwave - Deadhead &bull; MICROFUNK</span></p>
<p><span style="font-weight: 400;">KY - Quarantine &bull; GRID</span></p>
<p><span style="font-weight: 400;">Hyradiance (F.K.A.Hiroki Yamamurra) - Sapphire &bull; MOVELTRAXX</span></p>
<p><span style="font-weight: 400;">Ezor - Bugs (Black Barrel Remix) &bull; EKOU</span></p>
<p><span style="font-weight: 400;">Current Value - POSSIBILITY &bull; EATBRAIN</span></p>
<p><span style="font-weight: 400;">DMVU - Lantern Bearer &bull; DOME OF DOOM</span></p>
<p><span style="font-weight: 400;">Genic - Choice &bull; DISPATCH</span></p>
<p><span style="font-weight: 400;">Insideinfo - Lies With You &bull; INSIDEINFOMUSIC</span></p>
<p><span style="font-weight: 400;">Quartz - Gateway &bull; UTOPIA</span></p>
<p><span style="font-weight: 400;">Kyrist - Looped (Bidl Remix) &bull; KYNETIC</span></p>
<p><span style="font-weight: 400;">Mozey Ft. Taxman - Number One &bull; SOUPED UP</span></p>
<p><span style="font-weight: 400;">Solace - Repeat &bull; DISPATCH</span></p>
<p><span style="font-weight: 400;">Batooke Native&nbsp; - DoDoDo &bull; SLOW ROAST</span></p>
<p><span style="font-weight: 400;">Karmasynk - Noir &bull; DARKMODE</span></p>
<p><span style="font-weight: 400;">Billain - Sukapunch &bull; RENRAKU &bull; VISION RADIO RELOAD</span></p>
<p><span style="font-weight: 400;">Art School Fantasies - WORKING OUT THE KINKS &bull; AIRLOCK</span></p>
<p><span style="font-weight: 400;">Noisia - &bull;&nbsp;</span></p>')
      ;

        -- TODO: INSERT OR REPLACE once fixed in SKDB...
        -- INSERT OR REPLACE INTO library_artists
        DELETE FROM library_artists WHERE id = 'podcast:artist:clgz9riqw000d3b6emzyjak9r-clgz9riqy004y3b6e0rx27g2m';
        INSERT INTO library_artists
        (id, name, imageUrl, colorsString)
        values ('podcast:artist:clgz9riqw000d3b6emzyjak9r-clgz9riqy004y3b6e0rx27g2m', 'VISION Radio', 'https://episodes.castos.com/6138cb87d83982-66320119/images/itunes-image.png', null)
      ;

        INSERT INTO library_tracks_artists
        (trackId, artistId)
        values ('podcast:track:clgz9riqy004w3b6ezrb6i3xl', 'podcast:artist:clgz9riqw000d3b6emzyjak9r-clgz9riqy004y3b6e0rx27g2m')
      ;

        -- TODO: INSERT OR REPLACE once fixed in SKDB...
        -- INSERT OR REPLACE INTO library_albums
        DELETE FROM library_albums WHERE id = 'podcast:album:clgz9riqw000d3b6emzyjak9r-clgz9riqy004x3b6ep2l8v5i6';
        INSERT INTO library_albums
        (id, name, colorsString, imageUrl, trackCount, releaseDate, copyrights)
        values ('podcast:album:clgz9riqw000d3b6emzyjak9r-clgz9riqy004x3b6ep2l8v5i6', 'VISION Radio', null, 'https://episodes.castos.com/6138cb87d83982-66320119/images/itunes-image.png', 1, null, null)
      ;

        INSERT INTO library_tracks_playlists
                (trackId, playlistId, trackIndex, addedAtTimestamp)
                values ('podcast:track:clgz9riqy004w3b6ezrb6i3xl', 'podcast:playlist:clgz9riqw000d3b6emzyjak9r', 54, 1649862240000)
      ;

        -- TODO: INSERT OR REPLACE once fixed in SKDB...
        -- INSERT OR REPLACE INTO library_tracks
        DELETE FROM library_tracks WHERE id = 'podcast:track:clgz9riqy004z3b6elyobcreo'; 
        INSERT INTO library_tracks
                (id, name, albumId, trackNumber, durationMs, isrc, imageUrl, audioUrl, externalLink, description)
                values ('podcast:track:clgz9riqy004z3b6elyobcreo', 'VISION Radio S02E14', 'podcast:album:clgz9riqw000d3b6emzyjak9r-clgz9riqy00503b6eghvhsdmw', 0, 3600000, null, 'https://episodes.castos.com/6138cb87d83982-66320119/images/VR-SE2-Thumbs-Square-3000x300014.png', 'https://episodes.castos.com/6138cb87d83982-66320119/39103/3ba324e3-6cc2-4553-a8c2-69be40eacd24/VISION-Radio-S02E14.mp3', 'https://visionradio.castos.com/episodes/vision-radio-s02e14', '<p><span style="font-weight: 400;">Stream / Download: </span><a href="https://visionrecordings.nl/radio"><span style="font-weight: 400;">https://visionrecordings.nl/radio</span></a></p>
<p><span style="font-weight: 400;">VISION Radio this week: &lsquo;Realm&rsquo; from The Upbeats in the remix by Upgrade, taken from the &lsquo;Not Forever Reimagined&rsquo; album, out now! More new music by Phace, Particle, Kasra, Genic, Billain and more.. Enjoy!</span></p>
<p>&nbsp;</p>
<p><span style="font-weight: 400;">Join our Discord community: http://discord.gg/visionrecordings</span></p>
<p><span style="font-weight: 400;">Support us on Patreon:&zwnj; &zwnj;​​&zwnj;https://patreon.com/visionrecordings</span></p>
<p><span style="font-weight: 400;">Shop on our webstore: https://store.visionrecordings.nl</span></p>
<p><span style="font-weight: 400;">Listen to our Spotify playlist: &zwnj;​​​&zwnj;https://sptfy.com/5nap</span></p>
<p>&nbsp;</p>
<p><span style="font-weight: 400;">Follow VISION</span></p>
<p><span style="font-weight: 400;">Twitter: https://twitter.com/visionrecs</span></p>
<p><span style="font-weight: 400;">Instagram: https://instagram.com/visionrecordings</span></p>
<p><span style="font-weight: 400;">Facebook: https://facebook.com/VisionRecordings</span></p>
<p><span style="font-weight: 400;">Spotify: https://play.spotify.com/user/visionrecordings</span></p>
<p>&nbsp;</p>
<p><span style="font-weight: 400;">The Upbeats - Realm (Upgrade Remix) &bull; VISION</span></p>
<p><span style="font-weight: 400;">Particle - That Hz &bull; CRITICAL</span></p>
<p><span style="font-weight: 400;">Salute - Jennifer (Phace Bootleg) &bull; ECHOREX</span></p>
<p><span style="font-weight: 400;">A-PAR - Severus &bull; SLOW ROAST</span></p>
<p><span style="font-weight: 400;">Flava D - Snakebite &bull; HOSPITAL</span></p>
<p><span style="font-weight: 400;">Art Twisted - Inverted Reality &bull; CITRUS</span></p>
<p><span style="font-weight: 400;">KarmasynK - The Edge &bull; DARKMODE</span></p>
<p><span style="font-weight: 400;">Jon Casey - B.T.T. &bull; BANDCAMP</span></p>
<p><span style="font-weight: 400;">Kasra - Elastic &bull; CRITICAL</span></p>
<p><span style="font-weight: 400;">Notequal - Oasis &bull; HANZOM</span></p>
<p><span style="font-weight: 400;">NickBee - Fusion (A K A Remix) &bull; EKOU</span></p>
<p><span style="font-weight: 400;">Burr Oak - Always Leaving &bull; FREE DOWNLOAD</span></p>
<p><span style="font-weight: 400;">Billain - Sukapunch &bull; RENRAKU</span></p>
<p><span style="font-weight: 400;">Genic - Inspo &bull; DISPATCH</span></p>
<p><span style="font-weight: 400;">Calyx & Teebee - War Dub &bull; RAM</span></p>
<p><span style="font-weight: 400;">NC-17 - Wolfen &bull; DISPATCH</span></p>
<p><span style="font-weight: 400;">Ankou - Menace &bull; BANDCAMP</span></p>
<p><span style="font-weight: 400;">BTK - Outta Jungle (One Mindz Remix) &bull; DUTTY</span></p>
<p><span style="font-weight: 400;">Resslek x Polarized - RAHHH &bull; TRANSPARANT</span></p>
<p><span style="font-weight: 400;">The Upbeats - Villains Cowl (Feat. Armanni Reign) (Buunshin Remix) &bull; VISION &bull; VISION RADIO RELOAD</span></p>
<p><span style="font-weight: 400;">Aagentah - Oxygen &bull; DUB</span></p>
<p><span style="font-weight: 400;">Clikvork - Fragments &bull; BIOLOGICAL BEATS</span></p>
<p><span style="font-weight: 400;">Hijinx - Shush &bull; 1985</span></p>
<p><span style="font-weight: 400;">Yunis - Woofer &bull; 2020</span></p>')
      ;

        -- TODO: INSERT OR REPLACE once fixed in SKDB...
        -- INSERT OR REPLACE INTO library_artists
        DELETE FROM library_artists WHERE id = 'podcast:artist:clgz9riqw000d3b6emzyjak9r-clgz9riqy00513b6ejn7ayc2m';
        INSERT INTO library_artists
        (id, name, imageUrl, colorsString)
        values ('podcast:artist:clgz9riqw000d3b6emzyjak9r-clgz9riqy00513b6ejn7ayc2m', 'VISION Radio', 'https://episodes.castos.com/6138cb87d83982-66320119/images/itunes-image.png', null)
      ;

        INSERT INTO library_tracks_artists
        (trackId, artistId)
        values ('podcast:track:clgz9riqy004z3b6elyobcreo', 'podcast:artist:clgz9riqw000d3b6emzyjak9r-clgz9riqy00513b6ejn7ayc2m')
      ;

        -- TODO: INSERT OR REPLACE once fixed in SKDB...
        -- INSERT OR REPLACE INTO library_albums
        DELETE FROM library_albums WHERE id = 'podcast:album:clgz9riqw000d3b6emzyjak9r-clgz9riqy00503b6eghvhsdmw';
        INSERT INTO library_albums
        (id, name, colorsString, imageUrl, trackCount, releaseDate, copyrights)
        values ('podcast:album:clgz9riqw000d3b6emzyjak9r-clgz9riqy00503b6eghvhsdmw', 'VISION Radio', null, 'https://episodes.castos.com/6138cb87d83982-66320119/images/itunes-image.png', 1, null, null)
      ;

        INSERT INTO library_tracks_playlists
                (trackId, playlistId, trackIndex, addedAtTimestamp)
                values ('podcast:track:clgz9riqy004z3b6elyobcreo', 'podcast:playlist:clgz9riqw000d3b6emzyjak9r', 55, 1649257200000)
      ;

        -- TODO: INSERT OR REPLACE once fixed in SKDB...
        -- INSERT OR REPLACE INTO library_tracks
        DELETE FROM library_tracks WHERE id = 'podcast:track:clgz9riqy00523b6eegoj5zeu'; 
        INSERT INTO library_tracks
                (id, name, albumId, trackNumber, durationMs, isrc, imageUrl, audioUrl, externalLink, description)
                values ('podcast:track:clgz9riqy00523b6eegoj5zeu', 'VISION Radio S02E13', 'podcast:album:clgz9riqw000d3b6emzyjak9r-clgz9riqy00533b6e773ccv1e', 0, 3600000, null, 'https://episodes.castos.com/6138cb87d83982-66320119/images/VR-SE2-Thumbs-Square-3000x300013.png', 'https://episodes.castos.com/6138cb87d83982-66320119/39103/570c574f-eef8-4e3c-bfcb-13d302618cb8/VISION-Radio-S02E13.mp3', 'https://visionradio.castos.com/episodes/vision-radio-s02e13', '<p><span style="font-weight: 400;">Stream / Download: </span><a href="https://visionrecordings.nl/radio"><span style="font-weight: 400;">https://visionrecordings.nl/radio</span></a></p>
<p><span style="font-weight: 400;">VISION Radio this week: We premiere &lsquo;Not Forever Reimagined&rsquo; an album by The Upbeats, kicking it off with Buunshin&rsquo;s take on &lsquo;Villains Cowl&rsquo;. Two new remixes by Audio and NickBee for the resonance II, and more new music by Niallo, Fre4knc, Genic and more.. Enjoy!</span></p>
<p>&nbsp;</p>
<p><span style="font-weight: 400;">Join our Discord community: http://discord.gg/visionrecordings</span></p>
<p><span style="font-weight: 400;">Support us on Patreon:&zwnj; &zwnj;​​&zwnj;https://patreon.com/visionrecordings</span></p>
<p><span style="font-weight: 400;">Shop on our webstore: https://store.visionrecordings.nl</span></p>
<p><span style="font-weight: 400;">Listen to our Spotify playlist: &zwnj;​​​&zwnj;https://sptfy.com/5nap</span></p>
<p>&nbsp;</p>
<p><span style="font-weight: 400;">Follow VISION</span></p>
<p><span style="font-weight: 400;">Twitter: https://twitter.com/visionrecs</span></p>
<p><span style="font-weight: 400;">Instagram: https://instagram.com/visionrecordings</span></p>
<p><span style="font-weight: 400;">Facebook: https://facebook.com/VisionRecordings</span></p>
<p><span style="font-weight: 400;">Spotify: https://play.spotify.com/user/visionrecordings</span></p>
<p>&nbsp;</p>
<p><span style="font-weight: 400;">The Upbeats - Villains Cowl (Feat. Armanni Reign) (Buunshin Remix) &bull; VISION</span></p>
<p><span style="font-weight: 400;">Noisia - Sunhammer ft. Amon Tobin (Audio Remix) &bull; VISION</span></p>
<p><span style="font-weight: 400;">Noisia - Motion Blur (NickBee Remix) &bull; VISION</span></p>
<p><span style="font-weight: 400;">JuLo - Squish Pave Bevel &bull; INCURZION</span></p>
<p><span style="font-weight: 400;">Niallo - Juxtaposition &bull; INCURZION</span></p>
<p><span style="font-weight: 400;">Genic - Chonka &bull; DISPATCH</span></p>
<p><span style="font-weight: 400;">Fre4knc - Shinkansen &bull; FLEXOUT</span></p>
<p><span style="font-weight: 400;">Secula - You Cry For Everything &bull; MUSIC SQUAD</span></p>
<p><span style="font-weight: 400;">Current Value - CIRCULATE &bull; EATBRAIN</span></p>
<p><span style="font-weight: 400;">Stokka & Dopplershift - Take Control (Trex Remix) &bull; SINE</span></p>
<p><span style="font-weight: 400;">Aeded - Funny Bunny &bull; DUB</span></p>
<p><span style="font-weight: 400;">Noisia & Phace - Close Second &bull; BANDCAMP &bull; VISION RADIO RELOAD</span></p>
<p><span style="font-weight: 400;">Forbidden Society - Liar &bull; FORBIDDEN SOCIETY</span></p>
<p><span style="font-weight: 400;">Stokka - Camo &bull; FLEXOUT</span></p>
<p><span style="font-weight: 400;">Particle & Molecular - Switch Hunt &bull; CRITICAL</span></p>
<p><span style="font-weight: 400;">Rido & Holotrope - Maybe &bull; PLATFORM</span></p>
<p><span style="font-weight: 400;">Noisia & Former - Pleasure Model (Synergy Remix) &bull; VISION &bull; VISION RADIO RELOAD</span></p>
<p><span style="font-weight: 400;">Ezor - Get U &bull; EKOU</span></p>
<p><span style="font-weight: 400;">Yunis - Rumble &bull; 2020</span></p>
<p><span style="font-weight: 400;">Klinical & Sustance - Skip Tracer &bull; CRITICAL</span></p>
<p><span style="font-weight: 400;">Kyrist - Chimera (INFRAH Remix)&nbsp; &bull; KYNETIC</span></p>
<p><span style="font-weight: 400;">Gyrofield - Gutenberg &bull; BANDCAMP &bull; VISION RADIO RELOAD</span></p>
<p><span style="font-weight: 400;">NC-17 - Punch Drunk Love &bull; DISPATCH</span></p>
<p><span style="font-weight: 400;">Trisicloplox - Sleepless Malice &bull; SILENT MOTION</span></p>')
      ;

        -- TODO: INSERT OR REPLACE once fixed in SKDB...
        -- INSERT OR REPLACE INTO library_artists
        DELETE FROM library_artists WHERE id = 'podcast:artist:clgz9riqw000d3b6emzyjak9r-clgz9riqy00543b6et5vei3rl';
        INSERT INTO library_artists
        (id, name, imageUrl, colorsString)
        values ('podcast:artist:clgz9riqw000d3b6emzyjak9r-clgz9riqy00543b6et5vei3rl', 'VISION Radio', 'https://episodes.castos.com/6138cb87d83982-66320119/images/itunes-image.png', null)
      ;

        INSERT INTO library_tracks_artists
        (trackId, artistId)
        values ('podcast:track:clgz9riqy00523b6eegoj5zeu', 'podcast:artist:clgz9riqw000d3b6emzyjak9r-clgz9riqy00543b6et5vei3rl')
      ;

        -- TODO: INSERT OR REPLACE once fixed in SKDB...
        -- INSERT OR REPLACE INTO library_albums
        DELETE FROM library_albums WHERE id = 'podcast:album:clgz9riqw000d3b6emzyjak9r-clgz9riqy00533b6e773ccv1e';
        INSERT INTO library_albums
        (id, name, colorsString, imageUrl, trackCount, releaseDate, copyrights)
        values ('podcast:album:clgz9riqw000d3b6emzyjak9r-clgz9riqy00533b6e773ccv1e', 'VISION Radio', null, 'https://episodes.castos.com/6138cb87d83982-66320119/images/itunes-image.png', 1, null, null)
      ;

        INSERT INTO library_tracks_playlists
                (trackId, playlistId, trackIndex, addedAtTimestamp)
                values ('podcast:track:clgz9riqy00523b6eegoj5zeu', 'podcast:playlist:clgz9riqw000d3b6emzyjak9r', 56, 1648652400000)
      ;

        -- TODO: INSERT OR REPLACE once fixed in SKDB...
        -- INSERT OR REPLACE INTO library_tracks
        DELETE FROM library_tracks WHERE id = 'podcast:track:clgz9riqy00553b6e5fgmn5q2'; 
        INSERT INTO library_tracks
                (id, name, albumId, trackNumber, durationMs, isrc, imageUrl, audioUrl, externalLink, description)
                values ('podcast:track:clgz9riqy00553b6e5fgmn5q2', 'VISION Radio S02E12', 'podcast:album:clgz9riqw000d3b6emzyjak9r-clgz9riqy00563b6ebudokxes', 0, 3600000, null, 'https://episodes.castos.com/6138cb87d83982-66320119/images/VR-SE2-Thumbs-Square-3000x300012.png', 'https://episodes.castos.com/6138cb87d83982-66320119/39103/84f34334-f9f6-486c-9b8f-6c50d0b85f30/VISION-Radio-S02E12.mp3', 'https://visionradio.castos.com/episodes/vision-radio-s02e12', '<p><span style="font-weight: 400;">Stream / Download: </span><a href="https://visionrecordings.nl/radio"><span style="font-weight: 400;">https://visionrecordings.nl/radio</span></a></p>
<p><span style="font-weight: 400;">VISION Radio this week: Two remixes taken from &lsquo;The Resonance II&rsquo; by Synergy and Holly, out now on VISION. More new music by Mefjus & Maksim MC, IMANU, Two Fingers, Muadeep and more.. Enjoy!</span></p>
<p><span style="font-weight: 400;"><br /></span><span style="font-weight: 400;">Ebow"s Lo-Fi Space Jam: </span><a href="https://elliottyorke.bandcamp.com/merch/ebows-lo-fi-space-jam-ticket"><span style="font-weight: 400;">https://elliottyorke.bandcamp.com/merch/ebows-lo-fi-space-jam-ticket</span></a></p>
<p>&nbsp;</p>
<p><span style="font-weight: 400;">Join our Discord community: http://discord.gg/visionrecordings</span></p>
<p><span style="font-weight: 400;">Support us on Patreon:&zwnj; &zwnj;​​&zwnj;https://patreon.com/visionrecordings</span></p>
<p><span style="font-weight: 400;">Shop on our webstore: https://store.visionrecordings.nl</span></p>
<p><span style="font-weight: 400;">Listen to our Spotify playlist: &zwnj;​​​&zwnj;https://sptfy.com/5nap</span></p>
<p>&nbsp;</p>
<p><span style="font-weight: 400;">Follow VISION</span></p>
<p><span style="font-weight: 400;">Twitter: https://twitter.com/visionrecs</span></p>
<p><span style="font-weight: 400;">Instagram: https://instagram.com/visionrecordings</span></p>
<p><span style="font-weight: 400;">Facebook: https://facebook.com/VisionRecordings</span></p>
<p><span style="font-weight: 400;">Spotify: https://play.spotify.com/user/visionrecordings</span></p>
<p><span style="font-weight: 400;"><br /></span><span style="font-weight: 400;">Noisia & Former - Pleasure Model (Synergy Remix) &bull; VISION</span></p>
<p><span style="font-weight: 400;">I Am Legion - Choosing For You (Holly Remix) &bull; VISION</span></p>
<p><span style="font-weight: 400;">Thread - Gatekeeper &bull; INTEGRAL</span></p>
<p><span style="font-weight: 400;">Mefjus & Maksim MC - Twist Em &bull; UKF</span></p>
<p><span style="font-weight: 400;">Damage Report & Twisted Individual - Fatberg &bull; GRID</span></p>
<p><span style="font-weight: 400;">Two Fingers & Muadeep - Blood Moon &bull; NOMARK</span></p>
<p><span style="font-weight: 400;">Nami - Transmission &bull; OVERVIEW</span></p>
<p><span style="font-weight: 400;">KIDSONIC - Network &bull; POLITICAL DRUMZ</span></p>
<p><span style="font-weight: 400;">Particle - Driving Me Crazy &bull; CRITICAL</span></p>
<p><span style="font-weight: 400;">Gladde Paling - Innerlijke Kracht &bull; BIG PALING SOUND</span></p>
<p><span style="font-weight: 400;">IMANU & KUCKA - It"s Our Destiny &bull; DEADBEATS</span></p>
<p><span style="font-weight: 400;">Quartz - Krokodil &bull; UTOPIA</span></p>
<p><span style="font-weight: 400;">Art School Fantasies - Mouth Cruncher &bull; AIRLOCK</span></p>
<p><span style="font-weight: 400;">Break & Total Science - Blame You &bull; TRIII</span></p>
<p><span style="font-weight: 400;">Alix Perez - VTRN &bull; 1985</span></p>
<p><span style="font-weight: 400;">Theoretical - Slice &bull; ONYX</span></p>
<p><span style="font-weight: 400;">Nymfo - The Flow &bull; SOFA SOUND</span></p>
<p><span style="font-weight: 400;">Yunis - Acid &bull; 2020</span></p>
<p><span style="font-weight: 400;">Simula - Macabre &bull; NEKSUS</span></p>
<p><span style="font-weight: 400;">Starkey Ft. Aprilfoolchild - Little Miss Sunshine &bull; SATURATE</span></p>
<p><span style="font-weight: 400;">Gyrofield - Urgency &bull; CRITICAL &bull; VISION RADIO RELOAD</span></p>
<p><span style="font-weight: 400;">Omina - Habitat &bull; DARKMODE</span></p>
<p><span style="font-weight: 400;">Evasion - Slowdance &bull; INFLUENZA</span></p>')
      ;

        -- TODO: INSERT OR REPLACE once fixed in SKDB...
        -- INSERT OR REPLACE INTO library_artists
        DELETE FROM library_artists WHERE id = 'podcast:artist:clgz9riqw000d3b6emzyjak9r-clgz9riqy00573b6e87b9b736';
        INSERT INTO library_artists
        (id, name, imageUrl, colorsString)
        values ('podcast:artist:clgz9riqw000d3b6emzyjak9r-clgz9riqy00573b6e87b9b736', 'VISION Radio', 'https://episodes.castos.com/6138cb87d83982-66320119/images/itunes-image.png', null)
      ;

        INSERT INTO library_tracks_artists
        (trackId, artistId)
        values ('podcast:track:clgz9riqy00553b6e5fgmn5q2', 'podcast:artist:clgz9riqw000d3b6emzyjak9r-clgz9riqy00573b6e87b9b736')
      ;

        -- TODO: INSERT OR REPLACE once fixed in SKDB...
        -- INSERT OR REPLACE INTO library_albums
        DELETE FROM library_albums WHERE id = 'podcast:album:clgz9riqw000d3b6emzyjak9r-clgz9riqy00563b6ebudokxes';
        INSERT INTO library_albums
        (id, name, colorsString, imageUrl, trackCount, releaseDate, copyrights)
        values ('podcast:album:clgz9riqw000d3b6emzyjak9r-clgz9riqy00563b6ebudokxes', 'VISION Radio', null, 'https://episodes.castos.com/6138cb87d83982-66320119/images/itunes-image.png', 1, null, null)
      ;

        INSERT INTO library_tracks_playlists
                (trackId, playlistId, trackIndex, addedAtTimestamp)
                values ('podcast:track:clgz9riqy00553b6e5fgmn5q2', 'podcast:playlist:clgz9riqw000d3b6emzyjak9r', 57, 1648051200000)
      ;

        -- TODO: INSERT OR REPLACE once fixed in SKDB...
        -- INSERT OR REPLACE INTO library_tracks
        DELETE FROM library_tracks WHERE id = 'podcast:track:clgz9riqy00583b6e23ktr8ai'; 
        INSERT INTO library_tracks
                (id, name, albumId, trackNumber, durationMs, isrc, imageUrl, audioUrl, externalLink, description)
                values ('podcast:track:clgz9riqy00583b6e23ktr8ai', 'VISION Radio S02E11 (Together With Ukraine)', 'podcast:album:clgz9riqw000d3b6emzyjak9r-clgz9riqy00593b6e7k1txuz8', 0, 3600000, null, 'https://episodes.castos.com/6138cb87d83982-66320119/images/VR-SE2-Thumbs-Square-3000x300011.png', 'https://episodes.castos.com/6138cb87d83982-66320119/39103/2dec738e-298e-4f5d-abe5-48e9553b906a/VISION-Radio-S02E11.mp3', 'https://visionradio.castos.com/episodes/vision-radio-s02e11-together-with-ukraine', '<p><span style="font-weight: 400;">VISION Radio this week: In support of Ukraine, we play a selection of the &ldquo;Together With Ukraine&rdquo; bass music compilation album, available on bandcamp. All proceeds will be donated to the Ukraine Red Cross. Please support if possible.</span></p>')
      ;

        -- TODO: INSERT OR REPLACE once fixed in SKDB...
        -- INSERT OR REPLACE INTO library_artists
        DELETE FROM library_artists WHERE id = 'podcast:artist:clgz9riqw000d3b6emzyjak9r-clgz9riqy005a3b6evronl2oh';
        INSERT INTO library_artists
        (id, name, imageUrl, colorsString)
        values ('podcast:artist:clgz9riqw000d3b6emzyjak9r-clgz9riqy005a3b6evronl2oh', 'VISION Radio', 'https://episodes.castos.com/6138cb87d83982-66320119/images/itunes-image.png', null)
      ;

        INSERT INTO library_tracks_artists
        (trackId, artistId)
        values ('podcast:track:clgz9riqy00583b6e23ktr8ai', 'podcast:artist:clgz9riqw000d3b6emzyjak9r-clgz9riqy005a3b6evronl2oh')
      ;

        -- TODO: INSERT OR REPLACE once fixed in SKDB...
        -- INSERT OR REPLACE INTO library_albums
        DELETE FROM library_albums WHERE id = 'podcast:album:clgz9riqw000d3b6emzyjak9r-clgz9riqy00593b6e7k1txuz8';
        INSERT INTO library_albums
        (id, name, colorsString, imageUrl, trackCount, releaseDate, copyrights)
        values ('podcast:album:clgz9riqw000d3b6emzyjak9r-clgz9riqy00593b6e7k1txuz8', 'VISION Radio', null, 'https://episodes.castos.com/6138cb87d83982-66320119/images/itunes-image.png', 1, null, null)
      ;

        INSERT INTO library_tracks_playlists
                (trackId, playlistId, trackIndex, addedAtTimestamp)
                values ('podcast:track:clgz9riqy00583b6e23ktr8ai', 'podcast:playlist:clgz9riqw000d3b6emzyjak9r', 58, 1647445800000)
      ;

        -- TODO: INSERT OR REPLACE once fixed in SKDB...
        -- INSERT OR REPLACE INTO library_tracks
        DELETE FROM library_tracks WHERE id = 'podcast:track:clgz9riqy005b3b6eekpbmqmv'; 
        INSERT INTO library_tracks
                (id, name, albumId, trackNumber, durationMs, isrc, imageUrl, audioUrl, externalLink, description)
                values ('podcast:track:clgz9riqy005b3b6eekpbmqmv', 'VISION Radio S02E10 (Together with Ukraine)', 'podcast:album:clgz9riqw000d3b6emzyjak9r-clgz9riqy005c3b6emgy1qif5', 0, 3600000, null, 'https://episodes.castos.com/6138cb87d83982-66320119/images/VR-SE2-Thumbs-Square-3000x300010.png', 'https://episodes.castos.com/6138cb87d83982-66320119/HmrdLB6qEokbrpngMXqWrNAs8JUbFJ6c78AyCoFI.mp3', 'https://visionradio.castos.com/episodes/vision-radio-s02e10-together-with-ukraine', '<p>VISION Radio this week: In support of Ukraine, we play a selection of the &ldquo;Together With Ukraine&rdquo; bass music compilation album, available on bandcamp. All proceeds will be donated to the Ukraine Red Cross. Please support if possible.</p>')
      ;

        -- TODO: INSERT OR REPLACE once fixed in SKDB...
        -- INSERT OR REPLACE INTO library_artists
        DELETE FROM library_artists WHERE id = 'podcast:artist:clgz9riqw000d3b6emzyjak9r-clgz9riqy005d3b6enemhptjj';
        INSERT INTO library_artists
        (id, name, imageUrl, colorsString)
        values ('podcast:artist:clgz9riqw000d3b6emzyjak9r-clgz9riqy005d3b6enemhptjj', 'VISION Radio', 'https://episodes.castos.com/6138cb87d83982-66320119/images/itunes-image.png', null)
      ;

        INSERT INTO library_tracks_artists
        (trackId, artistId)
        values ('podcast:track:clgz9riqy005b3b6eekpbmqmv', 'podcast:artist:clgz9riqw000d3b6emzyjak9r-clgz9riqy005d3b6enemhptjj')
      ;

        -- TODO: INSERT OR REPLACE once fixed in SKDB...
        -- INSERT OR REPLACE INTO library_albums
        DELETE FROM library_albums WHERE id = 'podcast:album:clgz9riqw000d3b6emzyjak9r-clgz9riqy005c3b6emgy1qif5';
        INSERT INTO library_albums
        (id, name, colorsString, imageUrl, trackCount, releaseDate, copyrights)
        values ('podcast:album:clgz9riqw000d3b6emzyjak9r-clgz9riqy005c3b6emgy1qif5', 'VISION Radio', null, 'https://episodes.castos.com/6138cb87d83982-66320119/images/itunes-image.png', 1, null, null)
      ;

        INSERT INTO library_tracks_playlists
                (trackId, playlistId, trackIndex, addedAtTimestamp)
                values ('podcast:track:clgz9riqy005b3b6eekpbmqmv', 'podcast:playlist:clgz9riqw000d3b6emzyjak9r', 59, 1646844780000)
      ;

        -- TODO: INSERT OR REPLACE once fixed in SKDB...
        -- INSERT OR REPLACE INTO library_tracks
        DELETE FROM library_tracks WHERE id = 'podcast:track:clgz9riqy005e3b6e9l1x0gn2'; 
        INSERT INTO library_tracks
                (id, name, albumId, trackNumber, durationMs, isrc, imageUrl, audioUrl, externalLink, description)
                values ('podcast:track:clgz9riqy005e3b6e9l1x0gn2', 'VISION Radio S02E09', 'podcast:album:clgz9riqw000d3b6emzyjak9r-clgz9riqy005f3b6eiy2qmc5g', 0, 3600000, null, 'https://episodes.castos.com/6138cb87d83982-66320119/images/VR-SE2-Thumbs-Square-3000x30009.png', 'https://episodes.castos.com/6138cb87d83982-66320119/CNCCfOSOnVQXrINYfde17LansUfD74bVvVcx8txR.mp3', 'https://visionradio.castos.com/episodes/vision-radio-s02e09', '<p>VISION Radio this week: &lsquo;The Hole Pt. 1&rsquo; in the remix by Phace and &lsquo;Sunhammer&rsquo; remixed by Cocktail Party Effect. Out now on The Resonance II on VISION. More new music by Emperor, Fre4knc, Gyrofield, Niallo and more..</p>')
      ;

        -- TODO: INSERT OR REPLACE once fixed in SKDB...
        -- INSERT OR REPLACE INTO library_artists
        DELETE FROM library_artists WHERE id = 'podcast:artist:clgz9riqw000d3b6emzyjak9r-clgz9riqy005g3b6eppi05saz';
        INSERT INTO library_artists
        (id, name, imageUrl, colorsString)
        values ('podcast:artist:clgz9riqw000d3b6emzyjak9r-clgz9riqy005g3b6eppi05saz', 'VISION Radio', 'https://episodes.castos.com/6138cb87d83982-66320119/images/itunes-image.png', null)
      ;

        INSERT INTO library_tracks_artists
        (trackId, artistId)
        values ('podcast:track:clgz9riqy005e3b6e9l1x0gn2', 'podcast:artist:clgz9riqw000d3b6emzyjak9r-clgz9riqy005g3b6eppi05saz')
      ;

        -- TODO: INSERT OR REPLACE once fixed in SKDB...
        -- INSERT OR REPLACE INTO library_albums
        DELETE FROM library_albums WHERE id = 'podcast:album:clgz9riqw000d3b6emzyjak9r-clgz9riqy005f3b6eiy2qmc5g';
        INSERT INTO library_albums
        (id, name, colorsString, imageUrl, trackCount, releaseDate, copyrights)
        values ('podcast:album:clgz9riqw000d3b6emzyjak9r-clgz9riqy005f3b6eiy2qmc5g', 'VISION Radio', null, 'https://episodes.castos.com/6138cb87d83982-66320119/images/itunes-image.png', 1, null, null)
      ;

        INSERT INTO library_tracks_playlists
                (trackId, playlistId, trackIndex, addedAtTimestamp)
                values ('podcast:track:clgz9riqy005e3b6e9l1x0gn2', 'podcast:playlist:clgz9riqw000d3b6emzyjak9r', 60, 1646227500000)
      ;

        -- TODO: INSERT OR REPLACE once fixed in SKDB...
        -- INSERT OR REPLACE INTO library_tracks
        DELETE FROM library_tracks WHERE id = 'podcast:track:clgz9riqy005h3b6ekafis3yq'; 
        INSERT INTO library_tracks
                (id, name, albumId, trackNumber, durationMs, isrc, imageUrl, audioUrl, externalLink, description)
                values ('podcast:track:clgz9riqy005h3b6ekafis3yq', 'VISION Radio S02E08', 'podcast:album:clgz9riqw000d3b6emzyjak9r-clgz9riqy005i3b6exp6vujgy', 0, 3600000, null, 'https://episodes.castos.com/6138cb87d83982-66320119/images/VR-SE2-Thumbs-Square-3000x30008.png', 'https://episodes.castos.com/6138cb87d83982-66320119/2YMnGgWz5RPhzSbHYd3oxFDyLGwLi23kZ8uI4bbZ.mp3', 'https://visionradio.castos.com/episodes/vision-radio-s02e08', '<p>VISION Radio this week: More remixes from &lsquo;The Resonance II&rsquo;, this week by Mat Zo and Matrix. More new music by Fre4knc, Gyrofield, Calyx & Teebee, MAACHINEN and more..</p>')
      ;

        -- TODO: INSERT OR REPLACE once fixed in SKDB...
        -- INSERT OR REPLACE INTO library_artists
        DELETE FROM library_artists WHERE id = 'podcast:artist:clgz9riqw000d3b6emzyjak9r-clgz9riqy005j3b6ejz6xg23h';
        INSERT INTO library_artists
        (id, name, imageUrl, colorsString)
        values ('podcast:artist:clgz9riqw000d3b6emzyjak9r-clgz9riqy005j3b6ejz6xg23h', 'VISION Radio', 'https://episodes.castos.com/6138cb87d83982-66320119/images/itunes-image.png', null)
      ;

        INSERT INTO library_tracks_artists
        (trackId, artistId)
        values ('podcast:track:clgz9riqy005h3b6ekafis3yq', 'podcast:artist:clgz9riqw000d3b6emzyjak9r-clgz9riqy005j3b6ejz6xg23h')
      ;

        -- TODO: INSERT OR REPLACE once fixed in SKDB...
        -- INSERT OR REPLACE INTO library_albums
        DELETE FROM library_albums WHERE id = 'podcast:album:clgz9riqw000d3b6emzyjak9r-clgz9riqy005i3b6exp6vujgy';
        INSERT INTO library_albums
        (id, name, colorsString, imageUrl, trackCount, releaseDate, copyrights)
        values ('podcast:album:clgz9riqw000d3b6emzyjak9r-clgz9riqy005i3b6exp6vujgy', 'VISION Radio', null, 'https://episodes.castos.com/6138cb87d83982-66320119/images/itunes-image.png', 1, null, null)
      ;

        INSERT INTO library_tracks_playlists
                (trackId, playlistId, trackIndex, addedAtTimestamp)
                values ('podcast:track:clgz9riqy005h3b6ekafis3yq', 'podcast:playlist:clgz9riqw000d3b6emzyjak9r', 61, 1645619520000)
      ;

        -- TODO: INSERT OR REPLACE once fixed in SKDB...
        -- INSERT OR REPLACE INTO library_tracks
        DELETE FROM library_tracks WHERE id = 'podcast:track:clgz9riqy005k3b6ewc9clux4'; 
        INSERT INTO library_tracks
                (id, name, albumId, trackNumber, durationMs, isrc, imageUrl, audioUrl, externalLink, description)
                values ('podcast:track:clgz9riqy005k3b6ewc9clux4', 'VISION Radio S02E07', 'podcast:album:clgz9riqw000d3b6emzyjak9r-clgz9riqy005l3b6edhxi9owf', 0, 3600000, null, 'https://episodes.castos.com/6138cb87d83982-66320119/images/VR-SE2-Thumbs-Square-3000x30007.png', 'https://episodes.castos.com/6138cb87d83982-66320119/hvyLR2Yn49OEBhib2xmWYOaRpn94iaZnWC0k5tQ5.mp3', 'https://visionradio.castos.com/episodes/vision-radio-s02e07-1', '<p>VISION Radio this week: We announce &lsquo;The Resonance II&rsquo; with 2 remixes by Former and Skeptical, out this Friday on VISION! More new music by TRAKA, Hal, Subp Yao, KarmasynK, Forbidden Society and more&hellip; Enjoy!</p>')
      ;

        -- TODO: INSERT OR REPLACE once fixed in SKDB...
        -- INSERT OR REPLACE INTO library_artists
        DELETE FROM library_artists WHERE id = 'podcast:artist:clgz9riqw000d3b6emzyjak9r-clgz9riqy005m3b6elxa5bvva';
        INSERT INTO library_artists
        (id, name, imageUrl, colorsString)
        values ('podcast:artist:clgz9riqw000d3b6emzyjak9r-clgz9riqy005m3b6elxa5bvva', 'VISION Radio', 'https://episodes.castos.com/6138cb87d83982-66320119/images/itunes-image.png', null)
      ;

        INSERT INTO library_tracks_artists
        (trackId, artistId)
        values ('podcast:track:clgz9riqy005k3b6ewc9clux4', 'podcast:artist:clgz9riqw000d3b6emzyjak9r-clgz9riqy005m3b6elxa5bvva')
      ;

        -- TODO: INSERT OR REPLACE once fixed in SKDB...
        -- INSERT OR REPLACE INTO library_albums
        DELETE FROM library_albums WHERE id = 'podcast:album:clgz9riqw000d3b6emzyjak9r-clgz9riqy005l3b6edhxi9owf';
        INSERT INTO library_albums
        (id, name, colorsString, imageUrl, trackCount, releaseDate, copyrights)
        values ('podcast:album:clgz9riqw000d3b6emzyjak9r-clgz9riqy005l3b6edhxi9owf', 'VISION Radio', null, 'https://episodes.castos.com/6138cb87d83982-66320119/images/itunes-image.png', 1, null, null)
      ;

        INSERT INTO library_tracks_playlists
                (trackId, playlistId, trackIndex, addedAtTimestamp)
                values ('podcast:track:clgz9riqy005k3b6ewc9clux4', 'podcast:playlist:clgz9riqw000d3b6emzyjak9r', 62, 1645006620000)
      ;

        -- TODO: INSERT OR REPLACE once fixed in SKDB...
        -- INSERT OR REPLACE INTO library_tracks
        DELETE FROM library_tracks WHERE id = 'podcast:track:clgz9riqy005n3b6eb5by1b8o'; 
        INSERT INTO library_tracks
                (id, name, albumId, trackNumber, durationMs, isrc, imageUrl, audioUrl, externalLink, description)
                values ('podcast:track:clgz9riqy005n3b6eb5by1b8o', 'VISION Radio S02E06', 'podcast:album:clgz9riqw000d3b6emzyjak9r-clgz9riqy005o3b6e1cym3em6', 0, 3600000, null, 'https://episodes.castos.com/6138cb87d83982-66320119/images/VR-SE2-Thumbs-Square-3000x30006.png', 'https://episodes.castos.com/6138cb87d83982-66320119/uRTWfOqHFxi6UNXhegSZyH0eM3HsxDrXrFQmnPYt.mp3', 'https://visionradio.castos.com/episodes/vision-radio-s02e06-1', '<p>Stream / Download: https://visionrecordings.nl/radio VISION Radio this week: TRAKA with &lsquo;Vodja&rsquo; and YAANO with &lsquo;Lust&rsquo; kick off the show, followed with more new music by Censored The Audio, FKA.SAKA, Arclight, Calyx & Teebee and more..</p>')
      ;

        -- TODO: INSERT OR REPLACE once fixed in SKDB...
        -- INSERT OR REPLACE INTO library_artists
        DELETE FROM library_artists WHERE id = 'podcast:artist:clgz9riqw000d3b6emzyjak9r-clgz9riqy005p3b6e348kopit';
        INSERT INTO library_artists
        (id, name, imageUrl, colorsString)
        values ('podcast:artist:clgz9riqw000d3b6emzyjak9r-clgz9riqy005p3b6e348kopit', 'VISION Radio', 'https://episodes.castos.com/6138cb87d83982-66320119/images/itunes-image.png', null)
      ;

        INSERT INTO library_tracks_artists
        (trackId, artistId)
        values ('podcast:track:clgz9riqy005n3b6eb5by1b8o', 'podcast:artist:clgz9riqw000d3b6emzyjak9r-clgz9riqy005p3b6e348kopit')
      ;

        -- TODO: INSERT OR REPLACE once fixed in SKDB...
        -- INSERT OR REPLACE INTO library_albums
        DELETE FROM library_albums WHERE id = 'podcast:album:clgz9riqw000d3b6emzyjak9r-clgz9riqy005o3b6e1cym3em6';
        INSERT INTO library_albums
        (id, name, colorsString, imageUrl, trackCount, releaseDate, copyrights)
        values ('podcast:album:clgz9riqw000d3b6emzyjak9r-clgz9riqy005o3b6e1cym3em6', 'VISION Radio', null, 'https://episodes.castos.com/6138cb87d83982-66320119/images/itunes-image.png', 1, null, null)
      ;

        INSERT INTO library_tracks_playlists
                (trackId, playlistId, trackIndex, addedAtTimestamp)
                values ('podcast:track:clgz9riqy005n3b6eb5by1b8o', 'podcast:playlist:clgz9riqw000d3b6emzyjak9r', 63, 1644864900000)
      ;

        -- TODO: INSERT OR REPLACE once fixed in SKDB...
        -- INSERT OR REPLACE INTO library_tracks
        DELETE FROM library_tracks WHERE id = 'podcast:track:clgz9riqy005q3b6eskyx7jer'; 
        INSERT INTO library_tracks
                (id, name, albumId, trackNumber, durationMs, isrc, imageUrl, audioUrl, externalLink, description)
                values ('podcast:track:clgz9riqy005q3b6eskyx7jer', 'VISION Radio S02E05', 'podcast:album:clgz9riqw000d3b6emzyjak9r-clgz9riqy005r3b6e1b6gwgkq', 0, 3600000, null, 'https://episodes.castos.com/6138cb87d83982-66320119/images/VR-SE2-Thumbs-Square-3000x30005.png', 'https://episodes.castos.com/6138cb87d83982-66320119/AHnbaWXiylXwNVpdcpCZIcmnvnl3AimYmsjDbUND.mp3', 'https://visionradio.castos.com/episodes/vision-radio-s02e05-1', '<p>VISION Radio this week: Early promos from YUKU by TRAKA and T&Eacute;N&Egrave;BRE, look out for those in the not so near future! More new music by Secula, Phentix, Quartz, Zonderling, Kung and more&hellip;</p>')
      ;

        -- TODO: INSERT OR REPLACE once fixed in SKDB...
        -- INSERT OR REPLACE INTO library_artists
        DELETE FROM library_artists WHERE id = 'podcast:artist:clgz9riqw000d3b6emzyjak9r-clgz9riqy005s3b6ecozb8wum';
        INSERT INTO library_artists
        (id, name, imageUrl, colorsString)
        values ('podcast:artist:clgz9riqw000d3b6emzyjak9r-clgz9riqy005s3b6ecozb8wum', 'VISION Radio', 'https://episodes.castos.com/6138cb87d83982-66320119/images/itunes-image.png', null)
      ;

        INSERT INTO library_tracks_artists
        (trackId, artistId)
        values ('podcast:track:clgz9riqy005q3b6eskyx7jer', 'podcast:artist:clgz9riqw000d3b6emzyjak9r-clgz9riqy005s3b6ecozb8wum')
      ;

        -- TODO: INSERT OR REPLACE once fixed in SKDB...
        -- INSERT OR REPLACE INTO library_albums
        DELETE FROM library_albums WHERE id = 'podcast:album:clgz9riqw000d3b6emzyjak9r-clgz9riqy005r3b6e1b6gwgkq';
        INSERT INTO library_albums
        (id, name, colorsString, imageUrl, trackCount, releaseDate, copyrights)
        values ('podcast:album:clgz9riqw000d3b6emzyjak9r-clgz9riqy005r3b6e1b6gwgkq', 'VISION Radio', null, 'https://episodes.castos.com/6138cb87d83982-66320119/images/itunes-image.png', 1, null, null)
      ;

        INSERT INTO library_tracks_playlists
                (trackId, playlistId, trackIndex, addedAtTimestamp)
                values ('podcast:track:clgz9riqy005q3b6eskyx7jer', 'podcast:playlist:clgz9riqw000d3b6emzyjak9r', 64, 1643797680000)
      ;

        -- TODO: INSERT OR REPLACE once fixed in SKDB...
        -- INSERT OR REPLACE INTO library_tracks
        DELETE FROM library_tracks WHERE id = 'podcast:track:clgz9riqy005t3b6e7uu1swdo'; 
        INSERT INTO library_tracks
                (id, name, albumId, trackNumber, durationMs, isrc, imageUrl, audioUrl, externalLink, description)
                values ('podcast:track:clgz9riqy005t3b6e7uu1swdo', 'VISION Radio S02E04', 'podcast:album:clgz9riqw000d3b6emzyjak9r-clgz9riqy005u3b6ekdlk7ie2', 0, 3624000, null, 'https://episodes.castos.com/6138cb87d83982-66320119/images/VR-SE2-Thumbs-Square-3000x30004.png', 'https://episodes.castos.com/6138cb87d83982-66320119/DnuVakp1iJtoqzpPNVjrMW2ZpVsnw0QB1rxYMo81.mp3', 'https://visionradio.castos.com/episodes/vision-radio-s02e04-1', '<p>VISION Radio this week: &lsquo;The Abyss&rsquo; by Deathmachine, out now on PRSPCT recordings. More new music by Mono Poly. Heist, Screamarts, Yatuza, Gestalt and more..</p>')
      ;

        -- TODO: INSERT OR REPLACE once fixed in SKDB...
        -- INSERT OR REPLACE INTO library_artists
        DELETE FROM library_artists WHERE id = 'podcast:artist:clgz9riqw000d3b6emzyjak9r-clgz9riqy005v3b6ejx8z9umh';
        INSERT INTO library_artists
        (id, name, imageUrl, colorsString)
        values ('podcast:artist:clgz9riqw000d3b6emzyjak9r-clgz9riqy005v3b6ejx8z9umh', 'VISION Radio', 'https://episodes.castos.com/6138cb87d83982-66320119/images/itunes-image.png', null)
      ;

        INSERT INTO library_tracks_artists
        (trackId, artistId)
        values ('podcast:track:clgz9riqy005t3b6e7uu1swdo', 'podcast:artist:clgz9riqw000d3b6emzyjak9r-clgz9riqy005v3b6ejx8z9umh')
      ;

        -- TODO: INSERT OR REPLACE once fixed in SKDB...
        -- INSERT OR REPLACE INTO library_albums
        DELETE FROM library_albums WHERE id = 'podcast:album:clgz9riqw000d3b6emzyjak9r-clgz9riqy005u3b6ekdlk7ie2';
        INSERT INTO library_albums
        (id, name, colorsString, imageUrl, trackCount, releaseDate, copyrights)
        values ('podcast:album:clgz9riqw000d3b6emzyjak9r-clgz9riqy005u3b6ekdlk7ie2', 'VISION Radio', null, 'https://episodes.castos.com/6138cb87d83982-66320119/images/itunes-image.png', 1, null, null)
      ;

        INSERT INTO library_tracks_playlists
                (trackId, playlistId, trackIndex, addedAtTimestamp)
                values ('podcast:track:clgz9riqy005t3b6e7uu1swdo', 'podcast:playlist:clgz9riqw000d3b6emzyjak9r', 65, 1643797320000)
      ;

        -- TODO: INSERT OR REPLACE once fixed in SKDB...
        -- INSERT OR REPLACE INTO library_tracks
        DELETE FROM library_tracks WHERE id = 'podcast:track:clgz9riqy005w3b6e3nr0zt35'; 
        INSERT INTO library_tracks
                (id, name, albumId, trackNumber, durationMs, isrc, imageUrl, audioUrl, externalLink, description)
                values ('podcast:track:clgz9riqy005w3b6e3nr0zt35', 'VISION Radio S02E03', 'podcast:album:clgz9riqw000d3b6emzyjak9r-clgz9riqy005x3b6efdwxhj5f', 0, 3600000, null, 'https://episodes.castos.com/6138cb87d83982-66320119/images/VR-SE2-Thumbs-Square-3000x30003.png', 'https://episodes.castos.com/6138cb87d83982-66320119/wFk0dzZYwrzaOKbNQQSZLfRGyhPNq4WyIzzUS66N.mp3', 'https://visionradio.castos.com/episodes/vision-radio-s02e03-1', '<p>VISION Radio this week: &lsquo;Incessant&rsquo; by Noisia, in the remix by IMANU, out now on &lsquo;The Resonance I&rsquo; on VISION. More new music by Mono Poly, Dj Fresh x Buunshin, Gyrofield, Screamarts and more&hellip; Enjoy!</p>')
      ;

        -- TODO: INSERT OR REPLACE once fixed in SKDB...
        -- INSERT OR REPLACE INTO library_artists
        DELETE FROM library_artists WHERE id = 'podcast:artist:clgz9riqw000d3b6emzyjak9r-clgz9riqy005y3b6ev65rum55';
        INSERT INTO library_artists
        (id, name, imageUrl, colorsString)
        values ('podcast:artist:clgz9riqw000d3b6emzyjak9r-clgz9riqy005y3b6ev65rum55', 'VISION Radio', 'https://episodes.castos.com/6138cb87d83982-66320119/images/itunes-image.png', null)
      ;

        INSERT INTO library_tracks_artists
        (trackId, artistId)
        values ('podcast:track:clgz9riqy005w3b6e3nr0zt35', 'podcast:artist:clgz9riqw000d3b6emzyjak9r-clgz9riqy005y3b6ev65rum55')
      ;

        -- TODO: INSERT OR REPLACE once fixed in SKDB...
        -- INSERT OR REPLACE INTO library_albums
        DELETE FROM library_albums WHERE id = 'podcast:album:clgz9riqw000d3b6emzyjak9r-clgz9riqy005x3b6efdwxhj5f';
        INSERT INTO library_albums
        (id, name, colorsString, imageUrl, trackCount, releaseDate, copyrights)
        values ('podcast:album:clgz9riqw000d3b6emzyjak9r-clgz9riqy005x3b6efdwxhj5f', 'VISION Radio', null, 'https://episodes.castos.com/6138cb87d83982-66320119/images/itunes-image.png', 1, null, null)
      ;

        INSERT INTO library_tracks_playlists
                (trackId, playlistId, trackIndex, addedAtTimestamp)
                values ('podcast:track:clgz9riqy005w3b6e3nr0zt35', 'podcast:playlist:clgz9riqw000d3b6emzyjak9r', 66, 1642601520000)
      ;

        -- TODO: INSERT OR REPLACE once fixed in SKDB...
        -- INSERT OR REPLACE INTO library_tracks
        DELETE FROM library_tracks WHERE id = 'podcast:track:clgz9riqy005z3b6esrkqw4gn'; 
        INSERT INTO library_tracks
                (id, name, albumId, trackNumber, durationMs, isrc, imageUrl, audioUrl, externalLink, description)
                values ('podcast:track:clgz9riqy005z3b6esrkqw4gn', 'VISION Radio S02E02', 'podcast:album:clgz9riqw000d3b6emzyjak9r-clgz9riqy00603b6e0913enx2', 0, 3600000, null, 'https://episodes.castos.com/6138cb87d83982-66320119/images/VR-SE2-Thumbs-Square-3000x30002.png', 'https://episodes.castos.com/6138cb87d83982-66320119/rsr9Z7TeQl3yN9Z0KLt7C4fyobvCiA8f2Fn0pdAR.mp3', 'https://visionradio.castos.com/episodes/vision-radio-s02e02-1', '<p>VISION Radio this week: &lsquo;Stamp Out&rsquo; by Noisia, in the remix by Levela, and The Caracal & Grey Codes Tank Engine Remix of &lsquo;Tommy&rsquo;s Theme&rsquo;, taken from&lsquo;The Resonance I&rsquo; EP, out now on VISION. All this and more..</p>')
      ;

        -- TODO: INSERT OR REPLACE once fixed in SKDB...
        -- INSERT OR REPLACE INTO library_artists
        DELETE FROM library_artists WHERE id = 'podcast:artist:clgz9riqw000d3b6emzyjak9r-clgz9riqy00613b6e0m5asmzj';
        INSERT INTO library_artists
        (id, name, imageUrl, colorsString)
        values ('podcast:artist:clgz9riqw000d3b6emzyjak9r-clgz9riqy00613b6e0m5asmzj', 'VISION Radio', 'https://episodes.castos.com/6138cb87d83982-66320119/images/itunes-image.png', null)
      ;

        INSERT INTO library_tracks_artists
        (trackId, artistId)
        values ('podcast:track:clgz9riqy005z3b6esrkqw4gn', 'podcast:artist:clgz9riqw000d3b6emzyjak9r-clgz9riqy00613b6e0m5asmzj')
      ;

        -- TODO: INSERT OR REPLACE once fixed in SKDB...
        -- INSERT OR REPLACE INTO library_albums
        DELETE FROM library_albums WHERE id = 'podcast:album:clgz9riqw000d3b6emzyjak9r-clgz9riqy00603b6e0913enx2';
        INSERT INTO library_albums
        (id, name, colorsString, imageUrl, trackCount, releaseDate, copyrights)
        values ('podcast:album:clgz9riqw000d3b6emzyjak9r-clgz9riqy00603b6e0913enx2', 'VISION Radio', null, 'https://episodes.castos.com/6138cb87d83982-66320119/images/itunes-image.png', 1, null, null)
      ;

        INSERT INTO library_tracks_playlists
                (trackId, playlistId, trackIndex, addedAtTimestamp)
                values ('podcast:track:clgz9riqy005z3b6esrkqw4gn', 'podcast:playlist:clgz9riqw000d3b6emzyjak9r', 67, 1642032720000)
      ;

        -- TODO: INSERT OR REPLACE once fixed in SKDB...
        -- INSERT OR REPLACE INTO library_tracks
        DELETE FROM library_tracks WHERE id = 'podcast:track:clgz9riqy00623b6erp1271c4'; 
        INSERT INTO library_tracks
                (id, name, albumId, trackNumber, durationMs, isrc, imageUrl, audioUrl, externalLink, description)
                values ('podcast:track:clgz9riqy00623b6erp1271c4', 'VISION Radio S02E01', 'podcast:album:clgz9riqw000d3b6emzyjak9r-clgz9riqy00633b6erb6lmd3i', 0, 3600000, null, 'https://episodes.castos.com/6138cb87d83982-66320119/images/VR-SE2-Thumbs-Square-3000x3000.png', 'https://episodes.castos.com/6138cb87d83982-66320119/ConAUHrzyJkrjuuXHoetfx326a2auTCnQHQG5Ulg.mp3', 'https://visionradio.castos.com/episodes/vision-radio-s02e01-1', '<p>VISION Radio this week: &lsquo;Reptillians&rsquo; by Noisia & Mefjus & Hybris, in the remix by Chee! More new music by Enta, IMANU & The Caracal Project, Mono Poly, H&Oslash;ST, Tsuruda and more..</p>')
      ;

        -- TODO: INSERT OR REPLACE once fixed in SKDB...
        -- INSERT OR REPLACE INTO library_artists
        DELETE FROM library_artists WHERE id = 'podcast:artist:clgz9riqw000d3b6emzyjak9r-clgz9riqy00643b6e0axcylu5';
        INSERT INTO library_artists
        (id, name, imageUrl, colorsString)
        values ('podcast:artist:clgz9riqw000d3b6emzyjak9r-clgz9riqy00643b6e0axcylu5', 'VISION Radio', 'https://episodes.castos.com/6138cb87d83982-66320119/images/itunes-image.png', null)
      ;

        INSERT INTO library_tracks_artists
        (trackId, artistId)
        values ('podcast:track:clgz9riqy00623b6erp1271c4', 'podcast:artist:clgz9riqw000d3b6emzyjak9r-clgz9riqy00643b6e0axcylu5')
      ;

        -- TODO: INSERT OR REPLACE once fixed in SKDB...
        -- INSERT OR REPLACE INTO library_albums
        DELETE FROM library_albums WHERE id = 'podcast:album:clgz9riqw000d3b6emzyjak9r-clgz9riqy00633b6erb6lmd3i';
        INSERT INTO library_albums
        (id, name, colorsString, imageUrl, trackCount, releaseDate, copyrights)
        values ('podcast:album:clgz9riqw000d3b6emzyjak9r-clgz9riqy00633b6erb6lmd3i', 'VISION Radio', null, 'https://episodes.castos.com/6138cb87d83982-66320119/images/itunes-image.png', 1, null, null)
      ;

        INSERT INTO library_tracks_playlists
                (trackId, playlistId, trackIndex, addedAtTimestamp)
                values ('podcast:track:clgz9riqy00623b6erp1271c4', 'podcast:playlist:clgz9riqw000d3b6emzyjak9r', 68, 1641386700000)
      ;

        -- TODO: INSERT OR REPLACE once fixed in SKDB...
        -- INSERT OR REPLACE INTO library_tracks
        DELETE FROM library_tracks WHERE id = 'podcast:track:clgz9riqy00653b6evhcdvebu'; 
        INSERT INTO library_tracks
                (id, name, albumId, trackNumber, durationMs, isrc, imageUrl, audioUrl, externalLink, description)
                values ('podcast:track:clgz9riqy00653b6evhcdvebu', 'VISION Radio S01E52 (The Reload Special)', 'podcast:album:clgz9riqw000d3b6emzyjak9r-clgz9riqy00663b6e9j8q94fz', 0, 4968000, null, 'https://episodes.castos.com/6138cb87d83982-66320119/images/itunes-image.png', 'https://episodes.castos.com/6138cb87d83982-66320119/EZcgQAe7btX6V4eqTpITKjj3pQeLVVDjFpz03Jiw.mp3', 'https://visionradio.castos.com/episodes/vision-radio-s01e52-the-reload-special-1', 'VISION Radio this‌ ‌week:‌ The reload special! We play all the songs reloaded by our patrons this year, enjoy!')
      ;

        -- TODO: INSERT OR REPLACE once fixed in SKDB...
        -- INSERT OR REPLACE INTO library_artists
        DELETE FROM library_artists WHERE id = 'podcast:artist:clgz9riqw000d3b6emzyjak9r-clgz9riqy00673b6e83otq517';
        INSERT INTO library_artists
        (id, name, imageUrl, colorsString)
        values ('podcast:artist:clgz9riqw000d3b6emzyjak9r-clgz9riqy00673b6e83otq517', 'VISION Radio', 'https://episodes.castos.com/6138cb87d83982-66320119/images/itunes-image.png', null)
      ;

        INSERT INTO library_tracks_artists
        (trackId, artistId)
        values ('podcast:track:clgz9riqy00653b6evhcdvebu', 'podcast:artist:clgz9riqw000d3b6emzyjak9r-clgz9riqy00673b6e83otq517')
      ;

        -- TODO: INSERT OR REPLACE once fixed in SKDB...
        -- INSERT OR REPLACE INTO library_albums
        DELETE FROM library_albums WHERE id = 'podcast:album:clgz9riqw000d3b6emzyjak9r-clgz9riqy00663b6e9j8q94fz';
        INSERT INTO library_albums
        (id, name, colorsString, imageUrl, trackCount, releaseDate, copyrights)
        values ('podcast:album:clgz9riqw000d3b6emzyjak9r-clgz9riqy00663b6e9j8q94fz', 'VISION Radio', null, 'https://episodes.castos.com/6138cb87d83982-66320119/images/itunes-image.png', 1, null, null)
      ;

        INSERT INTO library_tracks_playlists
                (trackId, playlistId, trackIndex, addedAtTimestamp)
                values ('podcast:track:clgz9riqy00653b6evhcdvebu', 'podcast:playlist:clgz9riqw000d3b6emzyjak9r', 69, 1640772454000)
      ;

        -- TODO: INSERT OR REPLACE once fixed in SKDB...
        -- INSERT OR REPLACE INTO library_tracks
        DELETE FROM library_tracks WHERE id = 'podcast:track:clgz9riqy00683b6ecgvsk3rv'; 
        INSERT INTO library_tracks
                (id, name, albumId, trackNumber, durationMs, isrc, imageUrl, audioUrl, externalLink, description)
                values ('podcast:track:clgz9riqy00683b6ecgvsk3rv', 'VISION Radio S01E51', 'podcast:album:clgz9riqw000d3b6emzyjak9r-clgz9riqy00693b6eppzsucbk', 0, 3600000, null, 'https://episodes.castos.com/6138cb87d83982-66320119/images/itunes-image.png', 'https://episodes.castos.com/6138cb87d83982-66320119/AHkS1ZdRePGRy6oLMcvggtrVeqOKPgTZZ4LgQMw1.mp3', 'https://visionradio.castos.com/episodes/vision-radio-s01e51-1', 'VISION Radio this‌ ‌week:‌ Posij remixes ‘Lekker’ by Hustle Athletics (aka Noisia) and Malux took on ‘ Could This Be’ for his remix contribution to ‘The Resonance I’, out now on VISION! All this and more..')
      ;

        -- TODO: INSERT OR REPLACE once fixed in SKDB...
        -- INSERT OR REPLACE INTO library_artists
        DELETE FROM library_artists WHERE id = 'podcast:artist:clgz9riqw000d3b6emzyjak9r-clgz9riqy006a3b6e7oyghwa7';
        INSERT INTO library_artists
        (id, name, imageUrl, colorsString)
        values ('podcast:artist:clgz9riqw000d3b6emzyjak9r-clgz9riqy006a3b6e7oyghwa7', 'VISION Radio', 'https://episodes.castos.com/6138cb87d83982-66320119/images/itunes-image.png', null)
      ;

        INSERT INTO library_tracks_artists
        (trackId, artistId)
        values ('podcast:track:clgz9riqy00683b6ecgvsk3rv', 'podcast:artist:clgz9riqw000d3b6emzyjak9r-clgz9riqy006a3b6e7oyghwa7')
      ;

        -- TODO: INSERT OR REPLACE once fixed in SKDB...
        -- INSERT OR REPLACE INTO library_albums
        DELETE FROM library_albums WHERE id = 'podcast:album:clgz9riqw000d3b6emzyjak9r-clgz9riqy00693b6eppzsucbk';
        INSERT INTO library_albums
        (id, name, colorsString, imageUrl, trackCount, releaseDate, copyrights)
        values ('podcast:album:clgz9riqw000d3b6emzyjak9r-clgz9riqy00693b6eppzsucbk', 'VISION Radio', null, 'https://episodes.castos.com/6138cb87d83982-66320119/images/itunes-image.png', 1, null, null)
      ;

        INSERT INTO library_tracks_playlists
                (trackId, playlistId, trackIndex, addedAtTimestamp)
                values ('podcast:track:clgz9riqy00683b6ecgvsk3rv', 'podcast:playlist:clgz9riqw000d3b6emzyjak9r', 70, 1640178420000)
      ;

        -- TODO: INSERT OR REPLACE once fixed in SKDB...
        -- INSERT OR REPLACE INTO library_tracks
        DELETE FROM library_tracks WHERE id = 'podcast:track:clgz9riqy006b3b6eigrtrrli'; 
        INSERT INTO library_tracks
                (id, name, albumId, trackNumber, durationMs, isrc, imageUrl, audioUrl, externalLink, description)
                values ('podcast:track:clgz9riqy006b3b6eigrtrrli', 'VISION Radio S01E50', 'podcast:album:clgz9riqw000d3b6emzyjak9r-clgz9riqy006c3b6ed457ryns', 0, 3600000, null, 'https://episodes.castos.com/6138cb87d83982-66320119/images/itunes-image.png', 'https://episodes.castos.com/6138cb87d83982-66320119/gIK3s1NYTlW4bY8tndZjrGpYwLnATfyqrKTZEdre.mp3', 'https://visionradio.castos.com/episodes/vision-radio-s01e50-1', 'VISION Radio this‌ ‌week:‌ We announce ‘The Resonance I’, a compilation of remixed Noisia songs. In this episode Buunshin remixes Purpose, and Skylark takes on Floating Zero. Two collabs of Noisia and Phace in the rrrrremix! All this and more..')
      ;

        -- TODO: INSERT OR REPLACE once fixed in SKDB...
        -- INSERT OR REPLACE INTO library_artists
        DELETE FROM library_artists WHERE id = 'podcast:artist:clgz9riqw000d3b6emzyjak9r-clgz9riqy006d3b6epaazjobr';
        INSERT INTO library_artists
        (id, name, imageUrl, colorsString)
        values ('podcast:artist:clgz9riqw000d3b6emzyjak9r-clgz9riqy006d3b6epaazjobr', 'VISION Radio', 'https://episodes.castos.com/6138cb87d83982-66320119/images/itunes-image.png', null)
      ;

        INSERT INTO library_tracks_artists
        (trackId, artistId)
        values ('podcast:track:clgz9riqy006b3b6eigrtrrli', 'podcast:artist:clgz9riqw000d3b6emzyjak9r-clgz9riqy006d3b6epaazjobr')
      ;

        -- TODO: INSERT OR REPLACE once fixed in SKDB...
        -- INSERT OR REPLACE INTO library_albums
        DELETE FROM library_albums WHERE id = 'podcast:album:clgz9riqw000d3b6emzyjak9r-clgz9riqy006c3b6ed457ryns';
        INSERT INTO library_albums
        (id, name, colorsString, imageUrl, trackCount, releaseDate, copyrights)
        values ('podcast:album:clgz9riqw000d3b6emzyjak9r-clgz9riqy006c3b6ed457ryns', 'VISION Radio', null, 'https://episodes.castos.com/6138cb87d83982-66320119/images/itunes-image.png', 1, null, null)
      ;

        INSERT INTO library_tracks_playlists
                (trackId, playlistId, trackIndex, addedAtTimestamp)
                values ('podcast:track:clgz9riqy006b3b6eigrtrrli', 'podcast:playlist:clgz9riqw000d3b6emzyjak9r', 71, 1639570259000)
      ;

        -- TODO: INSERT OR REPLACE once fixed in SKDB...
        -- INSERT OR REPLACE INTO library_tracks
        DELETE FROM library_tracks WHERE id = 'podcast:track:clgz9riqy006e3b6ejoyjga0a'; 
        INSERT INTO library_tracks
                (id, name, albumId, trackNumber, durationMs, isrc, imageUrl, audioUrl, externalLink, description)
                values ('podcast:track:clgz9riqy006e3b6ejoyjga0a', 'VISION Radio S01E49', 'podcast:album:clgz9riqw000d3b6emzyjak9r-clgz9riqy006f3b6ecplycs0x', 0, 3600000, null, 'https://episodes.castos.com/6138cb87d83982-66320119/images/itunes-image.png', 'https://episodes.castos.com/6138cb87d83982-66320119/HYNlG6ae30xHFv1m7OVC299Hr8DTcsp5MOLp8rIn.mp3', 'https://visionradio.castos.com/episodes/vision-radio-s01e49-1', 'VISION Radio this‌ ‌week:‌ ‘Useless’ by Phace, taken from the ‘System Irrelevant’ album, out now on Neosignal. More new music by Audio, Current Value, Kije & Moytra, Simula, Ways & Rueben and more.. Enjoy!')
      ;

        -- TODO: INSERT OR REPLACE once fixed in SKDB...
        -- INSERT OR REPLACE INTO library_artists
        DELETE FROM library_artists WHERE id = 'podcast:artist:clgz9riqw000d3b6emzyjak9r-clgz9riqy006g3b6egvdfhybq';
        INSERT INTO library_artists
        (id, name, imageUrl, colorsString)
        values ('podcast:artist:clgz9riqw000d3b6emzyjak9r-clgz9riqy006g3b6egvdfhybq', 'VISION Radio', 'https://episodes.castos.com/6138cb87d83982-66320119/images/itunes-image.png', null)
      ;

        INSERT INTO library_tracks_artists
        (trackId, artistId)
        values ('podcast:track:clgz9riqy006e3b6ejoyjga0a', 'podcast:artist:clgz9riqw000d3b6emzyjak9r-clgz9riqy006g3b6egvdfhybq')
      ;

        -- TODO: INSERT OR REPLACE once fixed in SKDB...
        -- INSERT OR REPLACE INTO library_albums
        DELETE FROM library_albums WHERE id = 'podcast:album:clgz9riqw000d3b6emzyjak9r-clgz9riqy006f3b6ecplycs0x';
        INSERT INTO library_albums
        (id, name, colorsString, imageUrl, trackCount, releaseDate, copyrights)
        values ('podcast:album:clgz9riqw000d3b6emzyjak9r-clgz9riqy006f3b6ecplycs0x', 'VISION Radio', null, 'https://episodes.castos.com/6138cb87d83982-66320119/images/itunes-image.png', 1, null, null)
      ;

        INSERT INTO library_tracks_playlists
                (trackId, playlistId, trackIndex, addedAtTimestamp)
                values ('podcast:track:clgz9riqy006e3b6ejoyjga0a', 'podcast:playlist:clgz9riqw000d3b6emzyjak9r', 72, 1639144839000)
      ;

        -- TODO: INSERT OR REPLACE once fixed in SKDB...
        -- INSERT OR REPLACE INTO library_tracks
        DELETE FROM library_tracks WHERE id = 'podcast:track:clgz9riqy006h3b6eneltmkn5'; 
        INSERT INTO library_tracks
                (id, name, albumId, trackNumber, durationMs, isrc, imageUrl, audioUrl, externalLink, description)
                values ('podcast:track:clgz9riqy006h3b6eneltmkn5', 'VISION Radio S01E48', 'podcast:album:clgz9riqw000d3b6emzyjak9r-clgz9riqy006i3b6ec9afz9t6', 0, 3600000, null, 'https://episodes.castos.com/6138cb87d83982-66320119/images/itunes-image.png', 'https://episodes.castos.com/6138cb87d83982-66320119/8zMl01agqE3p9NhaKSwPaT4hIUwPOsdcTg9yTmRO.mp3', 'https://visionradio.castos.com/episodes/vision-radio-s01e48-1', 'VISION Radio this‌ ‌week:‌ ‘Claymore’ by Audio, taken from the ‘[Unsocial]’ album, out now on Ram Records. More new music by Phace, Kije, Ways & Reuben, Sam Binga & Particle, Paige Julia and more.. Enjoy!')
      ;

        -- TODO: INSERT OR REPLACE once fixed in SKDB...
        -- INSERT OR REPLACE INTO library_artists
        DELETE FROM library_artists WHERE id = 'podcast:artist:clgz9riqw000d3b6emzyjak9r-clgz9riqy006j3b6e38jb4lzj';
        INSERT INTO library_artists
        (id, name, imageUrl, colorsString)
        values ('podcast:artist:clgz9riqw000d3b6emzyjak9r-clgz9riqy006j3b6e38jb4lzj', 'VISION Radio', 'https://episodes.castos.com/6138cb87d83982-66320119/images/itunes-image.png', null)
      ;

        INSERT INTO library_tracks_artists
        (trackId, artistId)
        values ('podcast:track:clgz9riqy006h3b6eneltmkn5', 'podcast:artist:clgz9riqw000d3b6emzyjak9r-clgz9riqy006j3b6e38jb4lzj')
      ;

        -- TODO: INSERT OR REPLACE once fixed in SKDB...
        -- INSERT OR REPLACE INTO library_albums
        DELETE FROM library_albums WHERE id = 'podcast:album:clgz9riqw000d3b6emzyjak9r-clgz9riqy006i3b6ec9afz9t6';
        INSERT INTO library_albums
        (id, name, colorsString, imageUrl, trackCount, releaseDate, copyrights)
        values ('podcast:album:clgz9riqw000d3b6emzyjak9r-clgz9riqy006i3b6ec9afz9t6', 'VISION Radio', null, 'https://episodes.castos.com/6138cb87d83982-66320119/images/itunes-image.png', 1, null, null)
      ;

        INSERT INTO library_tracks_playlists
                (trackId, playlistId, trackIndex, addedAtTimestamp)
                values ('podcast:track:clgz9riqy006h3b6eneltmkn5', 'podcast:playlist:clgz9riqw000d3b6emzyjak9r', 73, 1638360127000)
      ;

        -- TODO: INSERT OR REPLACE once fixed in SKDB...
        -- INSERT OR REPLACE INTO library_tracks
        DELETE FROM library_tracks WHERE id = 'podcast:track:clgz9riqy006k3b6e4j3acu1d'; 
        INSERT INTO library_tracks
                (id, name, albumId, trackNumber, durationMs, isrc, imageUrl, audioUrl, externalLink, description)
                values ('podcast:track:clgz9riqy006k3b6e4j3acu1d', 'VISION Radio S01E47', 'podcast:album:clgz9riqw000d3b6emzyjak9r-clgz9riqz006l3b6excazld79', 0, 3600000, null, 'https://episodes.castos.com/6138cb87d83982-66320119/images/itunes-image.png', 'https://episodes.castos.com/6138cb87d83982-66320119/SIRXrzmq6RSCceAg4VOy0CbH2YFJfvq17uONyV74.mp3', 'https://visionradio.castos.com/episodes/vision-radio-s01e47-1', 'VISION Radio this‌ ‌week:‌ ‘Ooze This’ by Audio, taken from the ‘[Unsocial]’ album, out this Friday on Ram Records. More new music by Phace, Posij, Evol Intent, Particle and more.. Enjoy!')
      ;

        -- TODO: INSERT OR REPLACE once fixed in SKDB...
        -- INSERT OR REPLACE INTO library_artists
        DELETE FROM library_artists WHERE id = 'podcast:artist:clgz9riqw000d3b6emzyjak9r-clgz9riqz006m3b6e5p20d6is';
        INSERT INTO library_artists
        (id, name, imageUrl, colorsString)
        values ('podcast:artist:clgz9riqw000d3b6emzyjak9r-clgz9riqz006m3b6e5p20d6is', 'VISION Radio', 'https://episodes.castos.com/6138cb87d83982-66320119/images/itunes-image.png', null)
      ;

        INSERT INTO library_tracks_artists
        (trackId, artistId)
        values ('podcast:track:clgz9riqy006k3b6e4j3acu1d', 'podcast:artist:clgz9riqw000d3b6emzyjak9r-clgz9riqz006m3b6e5p20d6is')
      ;

        -- TODO: INSERT OR REPLACE once fixed in SKDB...
        -- INSERT OR REPLACE INTO library_albums
        DELETE FROM library_albums WHERE id = 'podcast:album:clgz9riqw000d3b6emzyjak9r-clgz9riqz006l3b6excazld79';
        INSERT INTO library_albums
        (id, name, colorsString, imageUrl, trackCount, releaseDate, copyrights)
        values ('podcast:album:clgz9riqw000d3b6emzyjak9r-clgz9riqz006l3b6excazld79', 'VISION Radio', null, 'https://episodes.castos.com/6138cb87d83982-66320119/images/itunes-image.png', 1, null, null)
      ;

        INSERT INTO library_tracks_playlists
                (trackId, playlistId, trackIndex, addedAtTimestamp)
                values ('podcast:track:clgz9riqy006k3b6e4j3acu1d', 'podcast:playlist:clgz9riqw000d3b6emzyjak9r', 74, 1637752883000)
      ;

        -- TODO: INSERT OR REPLACE once fixed in SKDB...
        -- INSERT OR REPLACE INTO library_tracks
        DELETE FROM library_tracks WHERE id = 'podcast:track:clgz9riqz006n3b6e1nc66hc9'; 
        INSERT INTO library_tracks
                (id, name, albumId, trackNumber, durationMs, isrc, imageUrl, audioUrl, externalLink, description)
                values ('podcast:track:clgz9riqz006n3b6e1nc66hc9', 'VISION Radio S01E46', 'podcast:album:clgz9riqw000d3b6emzyjak9r-clgz9riqz006o3b6egodgv73a', 0, 3600000, null, 'https://episodes.castos.com/6138cb87d83982-66320119/images/itunes-image.png', 'https://episodes.castos.com/6138cb87d83982-66320119/SY7HwJbWsGyIwRoFFmqbP61o0u1Z1c8gM7MXDBxd.mp3', 'https://visionradio.castos.com/episodes/vision-radio-s01e46-1', 'VISION Radio this‌ ‌week:‌ New music by Agressor Bunx, Teezy, Posij, Chrizpy Chris, Current Value and more.. Enjoy!')
      ;

        -- TODO: INSERT OR REPLACE once fixed in SKDB...
        -- INSERT OR REPLACE INTO library_artists
        DELETE FROM library_artists WHERE id = 'podcast:artist:clgz9riqw000d3b6emzyjak9r-clgz9riqz006p3b6ezg623tkh';
        INSERT INTO library_artists
        (id, name, imageUrl, colorsString)
        values ('podcast:artist:clgz9riqw000d3b6emzyjak9r-clgz9riqz006p3b6ezg623tkh', 'VISION Radio', 'https://episodes.castos.com/6138cb87d83982-66320119/images/itunes-image.png', null)
      ;

        INSERT INTO library_tracks_artists
        (trackId, artistId)
        values ('podcast:track:clgz9riqz006n3b6e1nc66hc9', 'podcast:artist:clgz9riqw000d3b6emzyjak9r-clgz9riqz006p3b6ezg623tkh')
      ;

        -- TODO: INSERT OR REPLACE once fixed in SKDB...
        -- INSERT OR REPLACE INTO library_albums
        DELETE FROM library_albums WHERE id = 'podcast:album:clgz9riqw000d3b6emzyjak9r-clgz9riqz006o3b6egodgv73a';
        INSERT INTO library_albums
        (id, name, colorsString, imageUrl, trackCount, releaseDate, copyrights)
        values ('podcast:album:clgz9riqw000d3b6emzyjak9r-clgz9riqz006o3b6egodgv73a', 'VISION Radio', null, 'https://episodes.castos.com/6138cb87d83982-66320119/images/itunes-image.png', 1, null, null)
      ;

        INSERT INTO library_tracks_playlists
                (trackId, playlistId, trackIndex, addedAtTimestamp)
                values ('podcast:track:clgz9riqz006n3b6e1nc66hc9', 'podcast:playlist:clgz9riqw000d3b6emzyjak9r', 75, 1637152619000)
      ;

        -- TODO: INSERT OR REPLACE once fixed in SKDB...
        -- INSERT OR REPLACE INTO library_tracks
        DELETE FROM library_tracks WHERE id = 'podcast:track:clgz9riqz006q3b6e5ozodqyn'; 
        INSERT INTO library_tracks
                (id, name, albumId, trackNumber, durationMs, isrc, imageUrl, audioUrl, externalLink, description)
                values ('podcast:track:clgz9riqz006q3b6e5ozodqyn', 'VISION Radio S01E45', 'podcast:album:clgz9riqw000d3b6emzyjak9r-clgz9riqz006r3b6eyfqr3ggv', 0, 3600000, null, 'https://episodes.castos.com/6138cb87d83982-66320119/images/itunes-image.png', 'https://episodes.castos.com/6138cb87d83982-66320119/MxZfQUFrJ39LilBUZI360knhQXTQnKat6A5KnKiT.mp3', 'https://visionradio.castos.com/episodes/vision-radio-s01e45-1', 'VISION Radio this‌ ‌week:‌ ‘Kimura’ by Audio, ‘Shout’ by EastColors and ‘Go’ by Posij.  More new music by Mefjus, Fade Black, Ankou, Urbandawn, Phace and more… Enjoy!')
      ;

        -- TODO: INSERT OR REPLACE once fixed in SKDB...
        -- INSERT OR REPLACE INTO library_artists
        DELETE FROM library_artists WHERE id = 'podcast:artist:clgz9riqw000d3b6emzyjak9r-clgz9riqz006s3b6e8tsw8p5r';
        INSERT INTO library_artists
        (id, name, imageUrl, colorsString)
        values ('podcast:artist:clgz9riqw000d3b6emzyjak9r-clgz9riqz006s3b6e8tsw8p5r', 'VISION Radio', 'https://episodes.castos.com/6138cb87d83982-66320119/images/itunes-image.png', null)
      ;

        INSERT INTO library_tracks_artists
        (trackId, artistId)
        values ('podcast:track:clgz9riqz006q3b6e5ozodqyn', 'podcast:artist:clgz9riqw000d3b6emzyjak9r-clgz9riqz006s3b6e8tsw8p5r')
      ;

        -- TODO: INSERT OR REPLACE once fixed in SKDB...
        -- INSERT OR REPLACE INTO library_albums
        DELETE FROM library_albums WHERE id = 'podcast:album:clgz9riqw000d3b6emzyjak9r-clgz9riqz006r3b6eyfqr3ggv';
        INSERT INTO library_albums
        (id, name, colorsString, imageUrl, trackCount, releaseDate, copyrights)
        values ('podcast:album:clgz9riqw000d3b6emzyjak9r-clgz9riqz006r3b6eyfqr3ggv', 'VISION Radio', null, 'https://episodes.castos.com/6138cb87d83982-66320119/images/itunes-image.png', 1, null, null)
      ;

        INSERT INTO library_tracks_playlists
                (trackId, playlistId, trackIndex, addedAtTimestamp)
                values ('podcast:track:clgz9riqz006q3b6e5ozodqyn', 'podcast:playlist:clgz9riqw000d3b6emzyjak9r', 76, 1636548017000)
      ;

        -- TODO: INSERT OR REPLACE once fixed in SKDB...
        -- INSERT OR REPLACE INTO library_tracks
        DELETE FROM library_tracks WHERE id = 'podcast:track:clgz9riqz006t3b6ekavc2fgj'; 
        INSERT INTO library_tracks
                (id, name, albumId, trackNumber, durationMs, isrc, imageUrl, audioUrl, externalLink, description)
                values ('podcast:track:clgz9riqz006t3b6ekavc2fgj', 'VISION Radio S01E44', 'podcast:album:clgz9riqw000d3b6emzyjak9r-clgz9riqz006u3b6edjodoay5', 0, 3600000, null, 'https://episodes.castos.com/6138cb87d83982-66320119/images/itunes-image.png', 'https://episodes.castos.com/6138cb87d83982-66320119/CWx1bmvTxL3WinBcV6IaYVJkknJo85lHinsy4iw6.mp3', 'https://visionradio.castos.com/episodes/vision-radio-s01e44-1', 'VISION Radio this‌ ‌week:‌ ‘YGT YGT YGT’ by Posij, out now on Deadbeats! More new music by Audio, Levela, Skantia x Annix, Lavance, Motiv and more.. Enjoy!')
      ;

        -- TODO: INSERT OR REPLACE once fixed in SKDB...
        -- INSERT OR REPLACE INTO library_artists
        DELETE FROM library_artists WHERE id = 'podcast:artist:clgz9riqw000d3b6emzyjak9r-clgz9riqz006v3b6ei0mojnhs';
        INSERT INTO library_artists
        (id, name, imageUrl, colorsString)
        values ('podcast:artist:clgz9riqw000d3b6emzyjak9r-clgz9riqz006v3b6ei0mojnhs', 'VISION Radio', 'https://episodes.castos.com/6138cb87d83982-66320119/images/itunes-image.png', null)
      ;

        INSERT INTO library_tracks_artists
        (trackId, artistId)
        values ('podcast:track:clgz9riqz006t3b6ekavc2fgj', 'podcast:artist:clgz9riqw000d3b6emzyjak9r-clgz9riqz006v3b6ei0mojnhs')
      ;

        -- TODO: INSERT OR REPLACE once fixed in SKDB...
        -- INSERT OR REPLACE INTO library_albums
        DELETE FROM library_albums WHERE id = 'podcast:album:clgz9riqw000d3b6emzyjak9r-clgz9riqz006u3b6edjodoay5';
        INSERT INTO library_albums
        (id, name, colorsString, imageUrl, trackCount, releaseDate, copyrights)
        values ('podcast:album:clgz9riqw000d3b6emzyjak9r-clgz9riqz006u3b6edjodoay5', 'VISION Radio', null, 'https://episodes.castos.com/6138cb87d83982-66320119/images/itunes-image.png', 1, null, null)
      ;

        INSERT INTO library_tracks_playlists
                (trackId, playlistId, trackIndex, addedAtTimestamp)
                values ('podcast:track:clgz9riqz006t3b6ekavc2fgj', 'podcast:playlist:clgz9riqw000d3b6emzyjak9r', 77, 1635935405000)
      ;

        -- TODO: INSERT OR REPLACE once fixed in SKDB...
        -- INSERT OR REPLACE INTO library_tracks
        DELETE FROM library_tracks WHERE id = 'podcast:track:clgz9riqz006w3b6em0w990hc'; 
        INSERT INTO library_tracks
                (id, name, albumId, trackNumber, durationMs, isrc, imageUrl, audioUrl, externalLink, description)
                values ('podcast:track:clgz9riqz006w3b6em0w990hc', 'VISION Radio S01E43', 'podcast:album:clgz9riqw000d3b6emzyjak9r-clgz9riqz006x3b6eoq5swij3', 0, 3600000, null, 'https://episodes.castos.com/6138cb87d83982-66320119/images/itunes-image.png', 'https://episodes.castos.com/6138cb87d83982-66320119/XM7DEVGyNsLfKG4h2P8SR4L6u7zLvckLKtigA8Qa.mp3', 'https://visionradio.castos.com/episodes/vision-radio-s01e43-1', 'VISION Radio this‌ ‌week:‌ ‘Hardware’ by Monty & Visages and PAV4N & Strategy, taken from Monty’s upcoming album ‘Hit The Light’, coming soon on 1985 music. More new music by, Thys, Mefjus, Forbidden Society & Agressor bunx, Skylark and more.. Enjoy!')
      ;

        -- TODO: INSERT OR REPLACE once fixed in SKDB...
        -- INSERT OR REPLACE INTO library_artists
        DELETE FROM library_artists WHERE id = 'podcast:artist:clgz9riqw000d3b6emzyjak9r-clgz9riqz006y3b6e1kqvbhpe';
        INSERT INTO library_artists
        (id, name, imageUrl, colorsString)
        values ('podcast:artist:clgz9riqw000d3b6emzyjak9r-clgz9riqz006y3b6e1kqvbhpe', 'VISION Radio', 'https://episodes.castos.com/6138cb87d83982-66320119/images/itunes-image.png', null)
      ;

        INSERT INTO library_tracks_artists
        (trackId, artistId)
        values ('podcast:track:clgz9riqz006w3b6em0w990hc', 'podcast:artist:clgz9riqw000d3b6emzyjak9r-clgz9riqz006y3b6e1kqvbhpe')
      ;

        -- TODO: INSERT OR REPLACE once fixed in SKDB...
        -- INSERT OR REPLACE INTO library_albums
        DELETE FROM library_albums WHERE id = 'podcast:album:clgz9riqw000d3b6emzyjak9r-clgz9riqz006x3b6eoq5swij3';
        INSERT INTO library_albums
        (id, name, colorsString, imageUrl, trackCount, releaseDate, copyrights)
        values ('podcast:album:clgz9riqw000d3b6emzyjak9r-clgz9riqz006x3b6eoq5swij3', 'VISION Radio', null, 'https://episodes.castos.com/6138cb87d83982-66320119/images/itunes-image.png', 1, null, null)
      ;

        INSERT INTO library_tracks_playlists
                (trackId, playlistId, trackIndex, addedAtTimestamp)
                values ('podcast:track:clgz9riqz006w3b6em0w990hc', 'podcast:playlist:clgz9riqw000d3b6emzyjak9r', 78, 1635327605000)
      ;

        -- TODO: INSERT OR REPLACE once fixed in SKDB...
        -- INSERT OR REPLACE INTO library_tracks
        DELETE FROM library_tracks WHERE id = 'podcast:track:clgz9riqz006z3b6eft8xi41f'; 
        INSERT INTO library_tracks
                (id, name, albumId, trackNumber, durationMs, isrc, imageUrl, audioUrl, externalLink, description)
                values ('podcast:track:clgz9riqz006z3b6eft8xi41f', 'VISION Radio S01E42', 'podcast:album:clgz9riqw000d3b6emzyjak9r-clgz9riqz00703b6em3j2juh4', 0, 3600000, null, 'https://episodes.castos.com/6138cb87d83982-66320119/images/itunes-image.png', 'https://episodes.castos.com/6138cb87d83982-66320119/fFclW0H6SiVGeumOXHACr8I3y0EOIGse1JnNuG9F.mp3', 'https://visionradio.castos.com/episodes/vision-radio-s01e42-1', 'VISION Radio this‌ ‌week:‌ ‘Altona’ by Phace, ‘Broken Flute’ by Bacon & BRK in the remix by Wingz, and ‘Roadrunner’ by Watch The Ride. all this and more things.. Enjoy!')
      ;

        -- TODO: INSERT OR REPLACE once fixed in SKDB...
        -- INSERT OR REPLACE INTO library_artists
        DELETE FROM library_artists WHERE id = 'podcast:artist:clgz9riqw000d3b6emzyjak9r-clgz9riqz00713b6e01rx2btb';
        INSERT INTO library_artists
        (id, name, imageUrl, colorsString)
        values ('podcast:artist:clgz9riqw000d3b6emzyjak9r-clgz9riqz00713b6e01rx2btb', 'VISION Radio', 'https://episodes.castos.com/6138cb87d83982-66320119/images/itunes-image.png', null)
      ;

        INSERT INTO library_tracks_artists
        (trackId, artistId)
        values ('podcast:track:clgz9riqz006z3b6eft8xi41f', 'podcast:artist:clgz9riqw000d3b6emzyjak9r-clgz9riqz00713b6e01rx2btb')
      ;

        -- TODO: INSERT OR REPLACE once fixed in SKDB...
        -- INSERT OR REPLACE INTO library_albums
        DELETE FROM library_albums WHERE id = 'podcast:album:clgz9riqw000d3b6emzyjak9r-clgz9riqz00703b6em3j2juh4';
        INSERT INTO library_albums
        (id, name, colorsString, imageUrl, trackCount, releaseDate, copyrights)
        values ('podcast:album:clgz9riqw000d3b6emzyjak9r-clgz9riqz00703b6em3j2juh4', 'VISION Radio', null, 'https://episodes.castos.com/6138cb87d83982-66320119/images/itunes-image.png', 1, null, null)
      ;

        INSERT INTO library_tracks_playlists
                (trackId, playlistId, trackIndex, addedAtTimestamp)
                values ('podcast:track:clgz9riqz006z3b6eft8xi41f', 'podcast:playlist:clgz9riqw000d3b6emzyjak9r', 79, 1634725714000)
      ;

        -- TODO: INSERT OR REPLACE once fixed in SKDB...
        -- INSERT OR REPLACE INTO library_tracks
        DELETE FROM library_tracks WHERE id = 'podcast:track:clgz9riqz00723b6ermvbj780'; 
        INSERT INTO library_tracks
                (id, name, albumId, trackNumber, durationMs, isrc, imageUrl, audioUrl, externalLink, description)
                values ('podcast:track:clgz9riqz00723b6ermvbj780', 'VISION Radio S01E41', 'podcast:album:clgz9riqw000d3b6emzyjak9r-clgz9riqz00733b6ef6klgqi4', 0, 3600000, null, 'https://episodes.castos.com/6138cb87d83982-66320119/images/itunes-image.png', 'https://episodes.castos.com/6138cb87d83982-66320119/POdCNSMZG4Zk4q6K7xibgRdmIJsiEQJqXLSWmXtm.mp3', 'https://visionradio.castos.com/episodes/vision-radio-s01e41-1', 'VISION Radio this‌ ‌week:‌ ‘Infinity’ by The Upbeats, Jordan Dennis and Levine Lale, out now on their ‘Not Forever’ album on VISION. More new music by Phace, Skylark, Integrate, Phentix, Hyroglifics, The Caracal Project and more..')
      ;

        -- TODO: INSERT OR REPLACE once fixed in SKDB...
        -- INSERT OR REPLACE INTO library_artists
        DELETE FROM library_artists WHERE id = 'podcast:artist:clgz9riqw000d3b6emzyjak9r-clgz9riqz00743b6ezrl9i8q6';
        INSERT INTO library_artists
        (id, name, imageUrl, colorsString)
        values ('podcast:artist:clgz9riqw000d3b6emzyjak9r-clgz9riqz00743b6ezrl9i8q6', 'VISION Radio', 'https://episodes.castos.com/6138cb87d83982-66320119/images/itunes-image.png', null)
      ;

        INSERT INTO library_tracks_artists
        (trackId, artistId)
        values ('podcast:track:clgz9riqz00723b6ermvbj780', 'podcast:artist:clgz9riqw000d3b6emzyjak9r-clgz9riqz00743b6ezrl9i8q6')
      ;

        -- TODO: INSERT OR REPLACE once fixed in SKDB...
        -- INSERT OR REPLACE INTO library_albums
        DELETE FROM library_albums WHERE id = 'podcast:album:clgz9riqw000d3b6emzyjak9r-clgz9riqz00733b6ef6klgqi4';
        INSERT INTO library_albums
        (id, name, colorsString, imageUrl, trackCount, releaseDate, copyrights)
        values ('podcast:album:clgz9riqw000d3b6emzyjak9r-clgz9riqz00733b6ef6klgqi4', 'VISION Radio', null, 'https://episodes.castos.com/6138cb87d83982-66320119/images/itunes-image.png', 1, null, null)
      ;

        INSERT INTO library_tracks_playlists
                (trackId, playlistId, trackIndex, addedAtTimestamp)
                values ('podcast:track:clgz9riqz00723b6ermvbj780', 'podcast:playlist:clgz9riqw000d3b6emzyjak9r', 80, 1634120580000)
      ;

        -- TODO: INSERT OR REPLACE once fixed in SKDB...
        -- INSERT OR REPLACE INTO library_tracks
        DELETE FROM library_tracks WHERE id = 'podcast:track:clgz9riqz00753b6e5lsjyxjr'; 
        INSERT INTO library_tracks
                (id, name, albumId, trackNumber, durationMs, isrc, imageUrl, audioUrl, externalLink, description)
                values ('podcast:track:clgz9riqz00753b6e5lsjyxjr', 'VISION Radio S01E40', 'podcast:album:clgz9riqw000d3b6emzyjak9r-clgz9riqz00763b6e3cf7kntu', 0, 3618000, null, 'https://episodes.castos.com/6138cb87d83982-66320119/images/itunes-image.png', 'https://episodes.castos.com/6138cb87d83982-66320119/rNEQSX5acXr38QJqjDXbjDlKItN5EnILTIYS7s6i.mp3', 'https://visionradio.castos.com/episodes/vision-radio-s01e40-1', 'VISION‌ ‌Radio‌ ‌this‌ ‌week:‌ ‘Theodore’ by The Upbeats, taken from their ‘Not Forever’ album, out now on VISION! More new music by The Caracal Project, Dead End, Pythius, Hyroglifics, Bukez Finezt and more..')
      ;

        -- TODO: INSERT OR REPLACE once fixed in SKDB...
        -- INSERT OR REPLACE INTO library_artists
        DELETE FROM library_artists WHERE id = 'podcast:artist:clgz9riqw000d3b6emzyjak9r-clgz9riqz00773b6ehr3jz8ak';
        INSERT INTO library_artists
        (id, name, imageUrl, colorsString)
        values ('podcast:artist:clgz9riqw000d3b6emzyjak9r-clgz9riqz00773b6ehr3jz8ak', 'VISION Radio', 'https://episodes.castos.com/6138cb87d83982-66320119/images/itunes-image.png', null)
      ;

        INSERT INTO library_tracks_artists
        (trackId, artistId)
        values ('podcast:track:clgz9riqz00753b6e5lsjyxjr', 'podcast:artist:clgz9riqw000d3b6emzyjak9r-clgz9riqz00773b6ehr3jz8ak')
      ;

        -- TODO: INSERT OR REPLACE once fixed in SKDB...
        -- INSERT OR REPLACE INTO library_albums
        DELETE FROM library_albums WHERE id = 'podcast:album:clgz9riqw000d3b6emzyjak9r-clgz9riqz00763b6e3cf7kntu';
        INSERT INTO library_albums
        (id, name, colorsString, imageUrl, trackCount, releaseDate, copyrights)
        values ('podcast:album:clgz9riqw000d3b6emzyjak9r-clgz9riqz00763b6e3cf7kntu', 'VISION Radio', null, 'https://episodes.castos.com/6138cb87d83982-66320119/images/itunes-image.png', 1, null, null)
      ;

        INSERT INTO library_tracks_playlists
                (trackId, playlistId, trackIndex, addedAtTimestamp)
                values ('podcast:track:clgz9riqz00753b6e5lsjyxjr', 'podcast:playlist:clgz9riqw000d3b6emzyjak9r', 81, 1633515610000)
      ;

        -- TODO: INSERT OR REPLACE once fixed in SKDB...
        -- INSERT OR REPLACE INTO library_tracks
        DELETE FROM library_tracks WHERE id = 'podcast:track:clgz9riqz00783b6e86f4d443'; 
        INSERT INTO library_tracks
                (id, name, albumId, trackNumber, durationMs, isrc, imageUrl, audioUrl, externalLink, description)
                values ('podcast:track:clgz9riqz00783b6e86f4d443', 'VISION Radio S01E39', 'podcast:album:clgz9riqw000d3b6emzyjak9r-clgz9riqz00793b6exeq9qkbz', 0, 3599000, null, 'https://episodes.castos.com/6138cb87d83982-66320119/images/itunes-image.png', 'https://episodes.castos.com/6138cb87d83982-66320119/xqS3icf8Z5WMcXJcgHXFSzoBC0j6eLGSyjn66OXo.mp3', 'https://visionradio.castos.com/episodes/vision-radio-s01e39-1', 'VISION‌ ‌Radio‌ ‌this‌ ‌week:‌ ‘Something Bad’ a big collab between Mefjus and Black Sun Empire, out now on Blackout. More new music by Tsuruda & Chee, Kasra, Flowdan, The Caracal Project & Rohaan, and more.. Enjoy!')
      ;

        -- TODO: INSERT OR REPLACE once fixed in SKDB...
        -- INSERT OR REPLACE INTO library_artists
        DELETE FROM library_artists WHERE id = 'podcast:artist:clgz9riqw000d3b6emzyjak9r-clgz9riqz007a3b6e8uad7yhr';
        INSERT INTO library_artists
        (id, name, imageUrl, colorsString)
        values ('podcast:artist:clgz9riqw000d3b6emzyjak9r-clgz9riqz007a3b6e8uad7yhr', 'VISION Radio', 'https://episodes.castos.com/6138cb87d83982-66320119/images/itunes-image.png', null)
      ;

        INSERT INTO library_tracks_artists
        (trackId, artistId)
        values ('podcast:track:clgz9riqz00783b6e86f4d443', 'podcast:artist:clgz9riqw000d3b6emzyjak9r-clgz9riqz007a3b6e8uad7yhr')
      ;

        -- TODO: INSERT OR REPLACE once fixed in SKDB...
        -- INSERT OR REPLACE INTO library_albums
        DELETE FROM library_albums WHERE id = 'podcast:album:clgz9riqw000d3b6emzyjak9r-clgz9riqz00793b6exeq9qkbz';
        INSERT INTO library_albums
        (id, name, colorsString, imageUrl, trackCount, releaseDate, copyrights)
        values ('podcast:album:clgz9riqw000d3b6emzyjak9r-clgz9riqz00793b6exeq9qkbz', 'VISION Radio', null, 'https://episodes.castos.com/6138cb87d83982-66320119/images/itunes-image.png', 1, null, null)
      ;

        INSERT INTO library_tracks_playlists
                (trackId, playlistId, trackIndex, addedAtTimestamp)
                values ('podcast:track:clgz9riqz00783b6e86f4d443', 'podcast:playlist:clgz9riqw000d3b6emzyjak9r', 82, 1632912360000)
      ;

        -- TODO: INSERT OR REPLACE once fixed in SKDB...
        -- INSERT OR REPLACE INTO library_tracks
        DELETE FROM library_tracks WHERE id = 'podcast:track:clgz9riqz007b3b6eoig4r0x1'; 
        INSERT INTO library_tracks
                (id, name, albumId, trackNumber, durationMs, isrc, imageUrl, audioUrl, externalLink, description)
                values ('podcast:track:clgz9riqz007b3b6eoig4r0x1', 'VISION Radio S01E38', 'podcast:album:clgz9riqw000d3b6emzyjak9r-clgz9riqz007c3b6edgwlk423', 0, 3600000, null, 'https://episodes.castos.com/6138cb87d83982-66320119/images/itunes-image.png', 'https://episodes.castos.com/6138cb87d83982-66320119/4UghpZXSaprUhkJbhZlC4tJHYCRVcxLpZJ9xBiSh.mp3', 'https://visionradio.castos.com/episodes/vision-radio-s01e38-1', 'VISION‌ ‌Radio‌ ‌this‌ ‌week:‌ ‘Horizon’ by The Upbeats, ‘Te Vi Caer’ by The Caracal Project and Maria-Lea, and ‘Choice Time’ by NickBee. All this and more… Enjoy!')
      ;

        -- TODO: INSERT OR REPLACE once fixed in SKDB...
        -- INSERT OR REPLACE INTO library_artists
        DELETE FROM library_artists WHERE id = 'podcast:artist:clgz9riqw000d3b6emzyjak9r-clgz9riqz007d3b6efaxoyhhf';
        INSERT INTO library_artists
        (id, name, imageUrl, colorsString)
        values ('podcast:artist:clgz9riqw000d3b6emzyjak9r-clgz9riqz007d3b6efaxoyhhf', 'VISION Radio', 'https://episodes.castos.com/6138cb87d83982-66320119/images/itunes-image.png', null)
      ;

        INSERT INTO library_tracks_artists
        (trackId, artistId)
        values ('podcast:track:clgz9riqz007b3b6eoig4r0x1', 'podcast:artist:clgz9riqw000d3b6emzyjak9r-clgz9riqz007d3b6efaxoyhhf')
      ;

        -- TODO: INSERT OR REPLACE once fixed in SKDB...
        -- INSERT OR REPLACE INTO library_albums
        DELETE FROM library_albums WHERE id = 'podcast:album:clgz9riqw000d3b6emzyjak9r-clgz9riqz007c3b6edgwlk423';
        INSERT INTO library_albums
        (id, name, colorsString, imageUrl, trackCount, releaseDate, copyrights)
        values ('podcast:album:clgz9riqw000d3b6emzyjak9r-clgz9riqz007c3b6edgwlk423', 'VISION Radio', null, 'https://episodes.castos.com/6138cb87d83982-66320119/images/itunes-image.png', 1, null, null)
      ;

        INSERT INTO library_tracks_playlists
                (trackId, playlistId, trackIndex, addedAtTimestamp)
                values ('podcast:track:clgz9riqz007b3b6eoig4r0x1', 'podcast:playlist:clgz9riqw000d3b6emzyjak9r', 83, 1632303461000)
      ;

        -- TODO: INSERT OR REPLACE once fixed in SKDB...
        -- INSERT OR REPLACE INTO library_tracks
        DELETE FROM library_tracks WHERE id = 'podcast:track:clgz9riqz007e3b6ew3ul3at1'; 
        INSERT INTO library_tracks
                (id, name, albumId, trackNumber, durationMs, isrc, imageUrl, audioUrl, externalLink, description)
                values ('podcast:track:clgz9riqz007e3b6ew3ul3at1', 'VISION Radio S01E37', 'podcast:album:clgz9riqw000d3b6emzyjak9r-clgz9riqz007f3b6eamavpvug', 0, 3600000, null, 'https://episodes.castos.com/6138cb87d83982-66320119/images/itunes-image.png', 'https://episodes.castos.com/6138cb87d83982-66320119/mE1JX4RDGeUwV11VF18Whckaf6zyCK8btuNUrhBH.mp3', 'https://visionradio.castos.com/episodes/vision-radio-s01e37-1', 'VISION‌ ‌Radio‌ ‌this‌ ‌week:‌ ‘Watch Me’ by The Upbeats ft. Syrene Favore, taken from their ‘Not Forever’ album, out now on VISION! More new music by Dan Structure, Fre4knc & Swift, NickBee, Thys, Scartip and more.. ')
      ;

        -- TODO: INSERT OR REPLACE once fixed in SKDB...
        -- INSERT OR REPLACE INTO library_artists
        DELETE FROM library_artists WHERE id = 'podcast:artist:clgz9riqw000d3b6emzyjak9r-clgz9riqz007g3b6eydzzjyn3';
        INSERT INTO library_artists
        (id, name, imageUrl, colorsString)
        values ('podcast:artist:clgz9riqw000d3b6emzyjak9r-clgz9riqz007g3b6eydzzjyn3', 'VISION Radio', 'https://episodes.castos.com/6138cb87d83982-66320119/images/itunes-image.png', null)
      ;

        INSERT INTO library_tracks_artists
        (trackId, artistId)
        values ('podcast:track:clgz9riqz007e3b6ew3ul3at1', 'podcast:artist:clgz9riqw000d3b6emzyjak9r-clgz9riqz007g3b6eydzzjyn3')
      ;

        -- TODO: INSERT OR REPLACE once fixed in SKDB...
        -- INSERT OR REPLACE INTO library_albums
        DELETE FROM library_albums WHERE id = 'podcast:album:clgz9riqw000d3b6emzyjak9r-clgz9riqz007f3b6eamavpvug';
        INSERT INTO library_albums
        (id, name, colorsString, imageUrl, trackCount, releaseDate, copyrights)
        values ('podcast:album:clgz9riqw000d3b6emzyjak9r-clgz9riqz007f3b6eamavpvug', 'VISION Radio', null, 'https://episodes.castos.com/6138cb87d83982-66320119/images/itunes-image.png', 1, null, null)
      ;

        INSERT INTO library_tracks_playlists
                (trackId, playlistId, trackIndex, addedAtTimestamp)
                values ('podcast:track:clgz9riqz007e3b6ew3ul3at1', 'podcast:playlist:clgz9riqw000d3b6emzyjak9r', 84, 1631700900000)
      ;

        -- TODO: INSERT OR REPLACE once fixed in SKDB...
        -- INSERT OR REPLACE INTO library_tracks
        DELETE FROM library_tracks WHERE id = 'podcast:track:clgz9riqz007h3b6ececel44d'; 
        INSERT INTO library_tracks
                (id, name, albumId, trackNumber, durationMs, isrc, imageUrl, audioUrl, externalLink, description)
                values ('podcast:track:clgz9riqz007h3b6ececel44d', 'VISION Radio S01E36', 'podcast:album:clgz9riqw000d3b6emzyjak9r-clgz9riqz007i3b6e66qi64xr', 0, 3600000, null, 'https://episodes.castos.com/6138cb87d83982-66320119/images/itunes-image.png', 'https://episodes.castos.com/6138cb87d83982-66320119/F4mqCf0sCCMVrZPBHOY5krV3m1uAMEBQOBsugoMr.mp3', 'https://visionradio.castos.com/episodes/vision-radio-s01e36-1', 'VISION‌ ‌Radio‌ ‌this‌ ‌week:‌ ‘Bosscorp’ by The Upbeats, out now on their ‘Not Forever’ album on VISION. More new music by Skeptical, NickBee, Warhead, IMANU & HYPRESSION, Thys and more.. Enjoy!')
      ;

        -- TODO: INSERT OR REPLACE once fixed in SKDB...
        -- INSERT OR REPLACE INTO library_artists
        DELETE FROM library_artists WHERE id = 'podcast:artist:clgz9riqw000d3b6emzyjak9r-clgz9riqz007j3b6el3feivcw';
        INSERT INTO library_artists
        (id, name, imageUrl, colorsString)
        values ('podcast:artist:clgz9riqw000d3b6emzyjak9r-clgz9riqz007j3b6el3feivcw', 'VISION Radio', 'https://episodes.castos.com/6138cb87d83982-66320119/images/itunes-image.png', null)
      ;

        INSERT INTO library_tracks_artists
        (trackId, artistId)
        values ('podcast:track:clgz9riqz007h3b6ececel44d', 'podcast:artist:clgz9riqw000d3b6emzyjak9r-clgz9riqz007j3b6el3feivcw')
      ;

        -- TODO: INSERT OR REPLACE once fixed in SKDB...
        -- INSERT OR REPLACE INTO library_albums
        DELETE FROM library_albums WHERE id = 'podcast:album:clgz9riqw000d3b6emzyjak9r-clgz9riqz007i3b6e66qi64xr';
        INSERT INTO library_albums
        (id, name, colorsString, imageUrl, trackCount, releaseDate, copyrights)
        values ('podcast:album:clgz9riqw000d3b6emzyjak9r-clgz9riqz007i3b6e66qi64xr', 'VISION Radio', null, 'https://episodes.castos.com/6138cb87d83982-66320119/images/itunes-image.png', 1, null, null)
      ;

        INSERT INTO library_tracks_playlists
                (trackId, playlistId, trackIndex, addedAtTimestamp)
                values ('podcast:track:clgz9riqz007h3b6ececel44d', 'podcast:playlist:clgz9riqw000d3b6emzyjak9r', 85, 1631113264000)
      ;

        -- TODO: INSERT OR REPLACE once fixed in SKDB...
        -- INSERT OR REPLACE INTO library_tracks
        DELETE FROM library_tracks WHERE id = 'podcast:track:clgz9riqz007k3b6elo2w9j6o'; 
        INSERT INTO library_tracks
                (id, name, albumId, trackNumber, durationMs, isrc, imageUrl, audioUrl, externalLink, description)
                values ('podcast:track:clgz9riqz007k3b6elo2w9j6o', 'VISION Radio S01E35', 'podcast:album:clgz9riqw000d3b6emzyjak9r-clgz9riqz007l3b6evy5r0ba5', 0, 3600000, null, 'https://episodes.castos.com/6138cb87d83982-66320119/images/itunes-image.png', 'https://episodes.castos.com/6138cb87d83982-66320119/cGiAskoI8ue4CYkS2O0QWdXJy3mrg9XCZzmUapMF.mp3', 'https://visionradio.castos.com/episodes/vision-radio-s01e35-1', 'VISION‌ ‌Radio‌ ‌this‌ ‌week:‌ ‘All We’ve Got’ by The Upbeats & Sylvee, out now on their album ‘Not Forever’. More new music by QZB, Drone, Sustance, Thys, Leo Cap, PRFCT Mandem and more..')
      ;

        -- TODO: INSERT OR REPLACE once fixed in SKDB...
        -- INSERT OR REPLACE INTO library_artists
        DELETE FROM library_artists WHERE id = 'podcast:artist:clgz9riqw000d3b6emzyjak9r-clgz9riqz007m3b6eifed4t63';
        INSERT INTO library_artists
        (id, name, imageUrl, colorsString)
        values ('podcast:artist:clgz9riqw000d3b6emzyjak9r-clgz9riqz007m3b6eifed4t63', 'VISION Radio', 'https://episodes.castos.com/6138cb87d83982-66320119/images/itunes-image.png', null)
      ;

        INSERT INTO library_tracks_artists
        (trackId, artistId)
        values ('podcast:track:clgz9riqz007k3b6elo2w9j6o', 'podcast:artist:clgz9riqw000d3b6emzyjak9r-clgz9riqz007m3b6eifed4t63')
      ;

        -- TODO: INSERT OR REPLACE once fixed in SKDB...
        -- INSERT OR REPLACE INTO library_albums
        DELETE FROM library_albums WHERE id = 'podcast:album:clgz9riqw000d3b6emzyjak9r-clgz9riqz007l3b6evy5r0ba5';
        INSERT INTO library_albums
        (id, name, colorsString, imageUrl, trackCount, releaseDate, copyrights)
        values ('podcast:album:clgz9riqw000d3b6emzyjak9r-clgz9riqz007l3b6evy5r0ba5', 'VISION Radio', null, 'https://episodes.castos.com/6138cb87d83982-66320119/images/itunes-image.png', 1, null, null)
      ;

        INSERT INTO library_tracks_playlists
                (trackId, playlistId, trackIndex, addedAtTimestamp)
                values ('podcast:track:clgz9riqz007k3b6elo2w9j6o', 'podcast:playlist:clgz9riqw000d3b6emzyjak9r', 86, 1630491684000)
      ;

        -- TODO: INSERT OR REPLACE once fixed in SKDB...
        -- INSERT OR REPLACE INTO library_tracks
        DELETE FROM library_tracks WHERE id = 'podcast:track:clgz9riqz007n3b6e7q4ncc3a'; 
        INSERT INTO library_tracks
                (id, name, albumId, trackNumber, durationMs, isrc, imageUrl, audioUrl, externalLink, description)
                values ('podcast:track:clgz9riqz007n3b6e7q4ncc3a', 'VISION Radio S01E34', 'podcast:album:clgz9riqw000d3b6emzyjak9r-clgz9riqz007o3b6edvw4vj64', 0, 3600000, null, 'https://episodes.castos.com/6138cb87d83982-66320119/images/itunes-image.png', 'https://episodes.castos.com/6138cb87d83982-66320119/V9UwjyzNmolf8jvvnOhrLeSadBK5CULxyEAdesVk.mp3', 'https://visionradio.castos.com/episodes/vision-radio-s01e34-1', 'VISION‌ ‌Radio‌ ‌this‌ ‌week:‌ We premiere ‘Beams’ by The Upbeats and Joe Dukie from Fat Freddy’s Drop, the full album ‘Not Forever’ will be out this week on VISION! More new music by Misanthrop, Formula, Scurrow, Tsuruda, Sustance and more..')
      ;

        -- TODO: INSERT OR REPLACE once fixed in SKDB...
        -- INSERT OR REPLACE INTO library_artists
        DELETE FROM library_artists WHERE id = 'podcast:artist:clgz9riqw000d3b6emzyjak9r-clgz9riqz007p3b6evsfz5kmn';
        INSERT INTO library_artists
        (id, name, imageUrl, colorsString)
        values ('podcast:artist:clgz9riqw000d3b6emzyjak9r-clgz9riqz007p3b6evsfz5kmn', 'VISION Radio', 'https://episodes.castos.com/6138cb87d83982-66320119/images/itunes-image.png', null)
      ;

        INSERT INTO library_tracks_artists
        (trackId, artistId)
        values ('podcast:track:clgz9riqz007n3b6e7q4ncc3a', 'podcast:artist:clgz9riqw000d3b6emzyjak9r-clgz9riqz007p3b6evsfz5kmn')
      ;

        -- TODO: INSERT OR REPLACE once fixed in SKDB...
        -- INSERT OR REPLACE INTO library_albums
        DELETE FROM library_albums WHERE id = 'podcast:album:clgz9riqw000d3b6emzyjak9r-clgz9riqz007o3b6edvw4vj64';
        INSERT INTO library_albums
        (id, name, colorsString, imageUrl, trackCount, releaseDate, copyrights)
        values ('podcast:album:clgz9riqw000d3b6emzyjak9r-clgz9riqz007o3b6edvw4vj64', 'VISION Radio', null, 'https://episodes.castos.com/6138cb87d83982-66320119/images/itunes-image.png', 1, null, null)
      ;

        INSERT INTO library_tracks_playlists
                (trackId, playlistId, trackIndex, addedAtTimestamp)
                values ('podcast:track:clgz9riqz007n3b6e7q4ncc3a', 'podcast:playlist:clgz9riqw000d3b6emzyjak9r', 87, 1629891000000)
      ;

        -- TODO: INSERT OR REPLACE once fixed in SKDB...
        -- INSERT OR REPLACE INTO library_tracks
        DELETE FROM library_tracks WHERE id = 'podcast:track:clgz9riqz007q3b6en4sesxko'; 
        INSERT INTO library_tracks
                (id, name, albumId, trackNumber, durationMs, isrc, imageUrl, audioUrl, externalLink, description)
                values ('podcast:track:clgz9riqz007q3b6en4sesxko', 'VISION Radio S01E33', 'podcast:album:clgz9riqw000d3b6emzyjak9r-clgz9riqz007r3b6e83lwauam', 0, 3600000, null, 'https://episodes.castos.com/6138cb87d83982-66320119/images/itunes-image.png', 'https://episodes.castos.com/6138cb87d83982-66320119/dO0jca9AYj4BLVo25HudqK4fVauzYvwds8ZrCUVa.mp3', 'https://visionradio.castos.com/episodes/vision-radio-s01e33-1', 'VISION‌ ‌Radio‌ ‌this‌ ‌week:‌ ‌Thys releases ‘Into Safety’ a four track EP, on his brand new label ‘Eccentric O’. More new music by Phace, Zound, Young.Raj, Camo & Krooked & Mefjus, Simula, Black Barrel and more.. Enjoy!')
      ;

        -- TODO: INSERT OR REPLACE once fixed in SKDB...
        -- INSERT OR REPLACE INTO library_artists
        DELETE FROM library_artists WHERE id = 'podcast:artist:clgz9riqw000d3b6emzyjak9r-clgz9riqz007s3b6ew1pnoz0e';
        INSERT INTO library_artists
        (id, name, imageUrl, colorsString)
        values ('podcast:artist:clgz9riqw000d3b6emzyjak9r-clgz9riqz007s3b6ew1pnoz0e', 'VISION Radio', 'https://episodes.castos.com/6138cb87d83982-66320119/images/itunes-image.png', null)
      ;

        INSERT INTO library_tracks_artists
        (trackId, artistId)
        values ('podcast:track:clgz9riqz007q3b6en4sesxko', 'podcast:artist:clgz9riqw000d3b6emzyjak9r-clgz9riqz007s3b6ew1pnoz0e')
      ;

        -- TODO: INSERT OR REPLACE once fixed in SKDB...
        -- INSERT OR REPLACE INTO library_albums
        DELETE FROM library_albums WHERE id = 'podcast:album:clgz9riqw000d3b6emzyjak9r-clgz9riqz007r3b6e83lwauam';
        INSERT INTO library_albums
        (id, name, colorsString, imageUrl, trackCount, releaseDate, copyrights)
        values ('podcast:album:clgz9riqw000d3b6emzyjak9r-clgz9riqz007r3b6e83lwauam', 'VISION Radio', null, 'https://episodes.castos.com/6138cb87d83982-66320119/images/itunes-image.png', 1, null, null)
      ;

        INSERT INTO library_tracks_playlists
                (trackId, playlistId, trackIndex, addedAtTimestamp)
                values ('podcast:track:clgz9riqz007q3b6en4sesxko', 'podcast:playlist:clgz9riqw000d3b6emzyjak9r', 88, 1629390536000)
      ;

        -- TODO: INSERT OR REPLACE once fixed in SKDB...
        -- INSERT OR REPLACE INTO library_tracks
        DELETE FROM library_tracks WHERE id = 'podcast:track:clgz9riqz007t3b6e8qv6uso6'; 
        INSERT INTO library_tracks
                (id, name, albumId, trackNumber, durationMs, isrc, imageUrl, audioUrl, externalLink, description)
                values ('podcast:track:clgz9riqz007t3b6e8qv6uso6', 'VISION Radio S01E32 (Co-Hosted By The Upbeats)', 'podcast:album:clgz9riqw000d3b6emzyjak9r-clgz9riqz007u3b6exqgsrmc9', 0, 3600000, null, 'https://episodes.castos.com/6138cb87d83982-66320119/images/itunes-image.png', 'https://episodes.castos.com/6138cb87d83982-66320119/c8EZ9MjAK4MU9pHZPOpsL52lPC8fRXYpXimqBsNE.mp3', 'https://visionradio.castos.com/episodes/vision-radio-s01e32-co-hosted-by-the-upbeats-1', 'VISION‌ ‌Radio‌ ‌this‌ ‌week:‌ ‌The Upbeats take over the show! Listen to an hour long selection by Snake & Wolf, with Dave on co-host duties. Their new single ‘Infinity’ is out this Friday on VISION! Enjoy!')
      ;

        -- TODO: INSERT OR REPLACE once fixed in SKDB...
        -- INSERT OR REPLACE INTO library_artists
        DELETE FROM library_artists WHERE id = 'podcast:artist:clgz9riqw000d3b6emzyjak9r-clgz9riqz007v3b6egfymwoc5';
        INSERT INTO library_artists
        (id, name, imageUrl, colorsString)
        values ('podcast:artist:clgz9riqw000d3b6emzyjak9r-clgz9riqz007v3b6egfymwoc5', 'VISION Radio', 'https://episodes.castos.com/6138cb87d83982-66320119/images/itunes-image.png', null)
      ;

        INSERT INTO library_tracks_artists
        (trackId, artistId)
        values ('podcast:track:clgz9riqz007t3b6e8qv6uso6', 'podcast:artist:clgz9riqw000d3b6emzyjak9r-clgz9riqz007v3b6egfymwoc5')
      ;

        -- TODO: INSERT OR REPLACE once fixed in SKDB...
        -- INSERT OR REPLACE INTO library_albums
        DELETE FROM library_albums WHERE id = 'podcast:album:clgz9riqw000d3b6emzyjak9r-clgz9riqz007u3b6exqgsrmc9';
        INSERT INTO library_albums
        (id, name, colorsString, imageUrl, trackCount, releaseDate, copyrights)
        values ('podcast:album:clgz9riqw000d3b6emzyjak9r-clgz9riqz007u3b6exqgsrmc9', 'VISION Radio', null, 'https://episodes.castos.com/6138cb87d83982-66320119/images/itunes-image.png', 1, null, null)
      ;

        INSERT INTO library_tracks_playlists
                (trackId, playlistId, trackIndex, addedAtTimestamp)
                values ('podcast:track:clgz9riqz007t3b6e8qv6uso6', 'podcast:playlist:clgz9riqw000d3b6emzyjak9r', 89, 1628678962000)
      ;

        -- TODO: INSERT OR REPLACE once fixed in SKDB...
        -- INSERT OR REPLACE INTO library_tracks
        DELETE FROM library_tracks WHERE id = 'podcast:track:clgz9riqz007w3b6emj8vz77m'; 
        INSERT INTO library_tracks
                (id, name, albumId, trackNumber, durationMs, isrc, imageUrl, audioUrl, externalLink, description)
                values ('podcast:track:clgz9riqz007w3b6emj8vz77m', 'VISION Radio S01E31', 'podcast:album:clgz9riqw000d3b6emzyjak9r-clgz9riqz007x3b6ev7ul1dze', 0, 3600000, null, 'https://episodes.castos.com/6138cb87d83982-66320119/images/itunes-image.png', 'https://episodes.castos.com/6138cb87d83982-66320119/eLXgH0SlWMn8FZF3ONh14YgEaFt8hhrDJxKUt8qA.mp3', 'https://visionradio.castos.com/episodes/vision-radio-s01e31-1', 'VISION‌ ‌Radio‌ ‌this‌ ‌week:‌ ‌’Stay’ by Rohaan in the remix by Posij, Teej drops a dancefloor hitter, and Tsuruda brings the halftime heat. More new music by Murdock, Ivy Lab, Breakage, Xtrah and more.. Enjoy!')
      ;

        -- TODO: INSERT OR REPLACE once fixed in SKDB...
        -- INSERT OR REPLACE INTO library_artists
        DELETE FROM library_artists WHERE id = 'podcast:artist:clgz9riqw000d3b6emzyjak9r-clgz9riqz007y3b6etp9wcdc2';
        INSERT INTO library_artists
        (id, name, imageUrl, colorsString)
        values ('podcast:artist:clgz9riqw000d3b6emzyjak9r-clgz9riqz007y3b6etp9wcdc2', 'VISION Radio', 'https://episodes.castos.com/6138cb87d83982-66320119/images/itunes-image.png', null)
      ;

        INSERT INTO library_tracks_artists
        (trackId, artistId)
        values ('podcast:track:clgz9riqz007w3b6emj8vz77m', 'podcast:artist:clgz9riqw000d3b6emzyjak9r-clgz9riqz007y3b6etp9wcdc2')
      ;

        -- TODO: INSERT OR REPLACE once fixed in SKDB...
        -- INSERT OR REPLACE INTO library_albums
        DELETE FROM library_albums WHERE id = 'podcast:album:clgz9riqw000d3b6emzyjak9r-clgz9riqz007x3b6ev7ul1dze';
        INSERT INTO library_albums
        (id, name, colorsString, imageUrl, trackCount, releaseDate, copyrights)
        values ('podcast:album:clgz9riqw000d3b6emzyjak9r-clgz9riqz007x3b6ev7ul1dze', 'VISION Radio', null, 'https://episodes.castos.com/6138cb87d83982-66320119/images/itunes-image.png', 1, null, null)
      ;

        INSERT INTO library_tracks_playlists
                (trackId, playlistId, trackIndex, addedAtTimestamp)
                values ('podcast:track:clgz9riqz007w3b6emj8vz77m', 'podcast:playlist:clgz9riqw000d3b6emzyjak9r', 90, 1628073855000)
      ;

        -- TODO: INSERT OR REPLACE once fixed in SKDB...
        -- INSERT OR REPLACE INTO library_tracks
        DELETE FROM library_tracks WHERE id = 'podcast:track:clgz9riqz007z3b6el2u41k7b'; 
        INSERT INTO library_tracks
                (id, name, albumId, trackNumber, durationMs, isrc, imageUrl, audioUrl, externalLink, description)
                values ('podcast:track:clgz9riqz007z3b6el2u41k7b', 'VISION Radio S01E30 (Co-Hosted By Dj Ride)', 'podcast:album:clgz9riqw000d3b6emzyjak9r-clgz9riqz00803b6eaudp61yx', 0, 3600000, null, 'https://episodes.castos.com/6138cb87d83982-66320119/images/itunes-image.png', 'https://episodes.castos.com/6138cb87d83982-66320119/6cpvkbmy8U7DiBtZttpTgw57jex0KjRKauohpwTa.mp3', 'https://visionradio.castos.com/episodes/vision-radio-s01e30-co-hosted-by-dj-ride-1', 'VISION‌ ‌Radio‌ ‌this‌ ‌week:‌ ‌Celebrating the ‘Enro’ Mixtape/EP by Dj Ride, he’s taking over selection duties for this week. Lot’s of portuguese legends, and the music that has inspired him the most. Enjoy!')
      ;

        -- TODO: INSERT OR REPLACE once fixed in SKDB...
        -- INSERT OR REPLACE INTO library_artists
        DELETE FROM library_artists WHERE id = 'podcast:artist:clgz9riqw000d3b6emzyjak9r-clgz9riqz00813b6e7c835if2';
        INSERT INTO library_artists
        (id, name, imageUrl, colorsString)
        values ('podcast:artist:clgz9riqw000d3b6emzyjak9r-clgz9riqz00813b6e7c835if2', 'VISION Radio', 'https://episodes.castos.com/6138cb87d83982-66320119/images/itunes-image.png', null)
      ;

        INSERT INTO library_tracks_artists
        (trackId, artistId)
        values ('podcast:track:clgz9riqz007z3b6el2u41k7b', 'podcast:artist:clgz9riqw000d3b6emzyjak9r-clgz9riqz00813b6e7c835if2')
      ;

        -- TODO: INSERT OR REPLACE once fixed in SKDB...
        -- INSERT OR REPLACE INTO library_albums
        DELETE FROM library_albums WHERE id = 'podcast:album:clgz9riqw000d3b6emzyjak9r-clgz9riqz00803b6eaudp61yx';
        INSERT INTO library_albums
        (id, name, colorsString, imageUrl, trackCount, releaseDate, copyrights)
        values ('podcast:album:clgz9riqw000d3b6emzyjak9r-clgz9riqz00803b6eaudp61yx', 'VISION Radio', null, 'https://episodes.castos.com/6138cb87d83982-66320119/images/itunes-image.png', 1, null, null)
      ;

        INSERT INTO library_tracks_playlists
                (trackId, playlistId, trackIndex, addedAtTimestamp)
                values ('podcast:track:clgz9riqz007z3b6el2u41k7b', 'podcast:playlist:clgz9riqw000d3b6emzyjak9r', 91, 1627475797000)
      ;

        -- TODO: INSERT OR REPLACE once fixed in SKDB...
        -- INSERT OR REPLACE INTO library_tracks
        DELETE FROM library_tracks WHERE id = 'podcast:track:clgz9riqz00823b6ex61nnyta'; 
        INSERT INTO library_tracks
                (id, name, albumId, trackNumber, durationMs, isrc, imageUrl, audioUrl, externalLink, description)
                values ('podcast:track:clgz9riqz00823b6ex61nnyta', 'VISION Radio S01E29', 'podcast:album:clgz9riqw000d3b6emzyjak9r-clgz9riqz00833b6el3u1gr9t', 0, 3600000, null, 'https://episodes.castos.com/6138cb87d83982-66320119/images/itunes-image.png', 'https://episodes.castos.com/6138cb87d83982-66320119/GaifBe0J203SVNrMO4yEQk8FNKOHxit6EdoearGy.mp3', 'https://visionradio.castos.com/episodes/vision-radio-s01e29-1', 'VISION‌ ‌Radio‌ ‌this‌ ‌week:‌ ‌We premiere ‘Not Forever’ by The Upbeats, taken from their album that will release the 27th of August, on our VISION imprint. More new music by Dj Ride, Rohaan & Buunshin, Dj Hazard, Xtrah and more.. Enjoy!')
      ;

        -- TODO: INSERT OR REPLACE once fixed in SKDB...
        -- INSERT OR REPLACE INTO library_artists
        DELETE FROM library_artists WHERE id = 'podcast:artist:clgz9riqw000d3b6emzyjak9r-clgz9riqz00843b6ejhcbjxq3';
        INSERT INTO library_artists
        (id, name, imageUrl, colorsString)
        values ('podcast:artist:clgz9riqw000d3b6emzyjak9r-clgz9riqz00843b6ejhcbjxq3', 'VISION Radio', 'https://episodes.castos.com/6138cb87d83982-66320119/images/itunes-image.png', null)
      ;

        INSERT INTO library_tracks_artists
        (trackId, artistId)
        values ('podcast:track:clgz9riqz00823b6ex61nnyta', 'podcast:artist:clgz9riqw000d3b6emzyjak9r-clgz9riqz00843b6ejhcbjxq3')
      ;

        -- TODO: INSERT OR REPLACE once fixed in SKDB...
        -- INSERT OR REPLACE INTO library_albums
        DELETE FROM library_albums WHERE id = 'podcast:album:clgz9riqw000d3b6emzyjak9r-clgz9riqz00833b6el3u1gr9t';
        INSERT INTO library_albums
        (id, name, colorsString, imageUrl, trackCount, releaseDate, copyrights)
        values ('podcast:album:clgz9riqw000d3b6emzyjak9r-clgz9riqz00833b6el3u1gr9t', 'VISION Radio', null, 'https://episodes.castos.com/6138cb87d83982-66320119/images/itunes-image.png', 1, null, null)
      ;

        INSERT INTO library_tracks_playlists
                (trackId, playlistId, trackIndex, addedAtTimestamp)
                values ('podcast:track:clgz9riqz00823b6ex61nnyta', 'podcast:playlist:clgz9riqw000d3b6emzyjak9r', 92, 1626872572000)
      ;

        -- TODO: INSERT OR REPLACE once fixed in SKDB...
        -- INSERT OR REPLACE INTO library_tracks
        DELETE FROM library_tracks WHERE id = 'podcast:track:clgz9riqz00853b6eq2lq28vf'; 
        INSERT INTO library_tracks
                (id, name, albumId, trackNumber, durationMs, isrc, imageUrl, audioUrl, externalLink, description)
                values ('podcast:track:clgz9riqz00853b6eq2lq28vf', 'VISION Radio S01E28', 'podcast:album:clgz9riqw000d3b6emzyjak9r-clgz9riqz00863b6eklhuqcrc', 0, 3368000, null, 'https://episodes.castos.com/6138cb87d83982-66320119/images/itunes-image.png', 'https://episodes.castos.com/6138cb87d83982-66320119/wGwfsu2PbTyg4obxx36Vzdq0xd7QFS7ZLBWowGQo.mp3', 'https://visionradio.castos.com/episodes/vision-radio-s01e28-1', 'VISION‌ ‌Radio‌ ‌this‌ ‌week:‌ ‌’SMTHINGNEW’ by Dj Ride, taken from the ENRO EP / Mixtape, out now on VISION! More new music by Teddy Killerz, Fre4knc, Ivy Lab, Alix Perez, Posij and more.. Enjoy!')
      ;

        -- TODO: INSERT OR REPLACE once fixed in SKDB...
        -- INSERT OR REPLACE INTO library_artists
        DELETE FROM library_artists WHERE id = 'podcast:artist:clgz9riqw000d3b6emzyjak9r-clgz9riqz00873b6epcmo6rt9';
        INSERT INTO library_artists
        (id, name, imageUrl, colorsString)
        values ('podcast:artist:clgz9riqw000d3b6emzyjak9r-clgz9riqz00873b6epcmo6rt9', 'VISION Radio', 'https://episodes.castos.com/6138cb87d83982-66320119/images/itunes-image.png', null)
      ;

        INSERT INTO library_tracks_artists
        (trackId, artistId)
        values ('podcast:track:clgz9riqz00853b6eq2lq28vf', 'podcast:artist:clgz9riqw000d3b6emzyjak9r-clgz9riqz00873b6epcmo6rt9')
      ;

        -- TODO: INSERT OR REPLACE once fixed in SKDB...
        -- INSERT OR REPLACE INTO library_albums
        DELETE FROM library_albums WHERE id = 'podcast:album:clgz9riqw000d3b6emzyjak9r-clgz9riqz00863b6eklhuqcrc';
        INSERT INTO library_albums
        (id, name, colorsString, imageUrl, trackCount, releaseDate, copyrights)
        values ('podcast:album:clgz9riqw000d3b6emzyjak9r-clgz9riqz00863b6eklhuqcrc', 'VISION Radio', null, 'https://episodes.castos.com/6138cb87d83982-66320119/images/itunes-image.png', 1, null, null)
      ;

        INSERT INTO library_tracks_playlists
                (trackId, playlistId, trackIndex, addedAtTimestamp)
                values ('podcast:track:clgz9riqz00853b6eq2lq28vf', 'podcast:playlist:clgz9riqw000d3b6emzyjak9r', 93, 1626269100000)
      ;

        -- TODO: INSERT OR REPLACE once fixed in SKDB...
        -- INSERT OR REPLACE INTO library_tracks
        DELETE FROM library_tracks WHERE id = 'podcast:track:clgz9riqz00883b6eey7l5ul1'; 
        INSERT INTO library_tracks
                (id, name, albumId, trackNumber, durationMs, isrc, imageUrl, audioUrl, externalLink, description)
                values ('podcast:track:clgz9riqz00883b6eey7l5ul1', 'VISION Radio S01E27 (Posij @ Kingsnight 2021)', 'podcast:album:clgz9riqw000d3b6emzyjak9r-clgz9riqz00893b6emqscczc6', 0, 3577000, null, 'https://episodes.castos.com/6138cb87d83982-66320119/images/itunes-image.png', 'https://episodes.castos.com/6138cb87d83982-66320119/pWMY8CbNRutg3zL7MjSeFbmsnnWSuM4WIUmaPfWs.mp3', 'https://visionradio.castos.com/episodes/vision-radio-s01e27-posij-at-kingsnight-2021-1', 'VISION‌ ‌Radio‌ ‌this‌ ‌week: Posij’s set from the 2021 Kingsnight party. Filled with unfinished beats and works in progress. Enjoy!   Subscribe‌ ‌to‌ ‌VISION‌ ‌Radio:‌ ‌https://visionrecordings.nl/radio‌ ')
      ;

        -- TODO: INSERT OR REPLACE once fixed in SKDB...
        -- INSERT OR REPLACE INTO library_artists
        DELETE FROM library_artists WHERE id = 'podcast:artist:clgz9riqw000d3b6emzyjak9r-clgz9riqz008a3b6ev1fwv9x3';
        INSERT INTO library_artists
        (id, name, imageUrl, colorsString)
        values ('podcast:artist:clgz9riqw000d3b6emzyjak9r-clgz9riqz008a3b6ev1fwv9x3', 'VISION Radio', 'https://episodes.castos.com/6138cb87d83982-66320119/images/itunes-image.png', null)
      ;

        INSERT INTO library_tracks_artists
        (trackId, artistId)
        values ('podcast:track:clgz9riqz00883b6eey7l5ul1', 'podcast:artist:clgz9riqw000d3b6emzyjak9r-clgz9riqz008a3b6ev1fwv9x3')
      ;

        -- TODO: INSERT OR REPLACE once fixed in SKDB...
        -- INSERT OR REPLACE INTO library_albums
        DELETE FROM library_albums WHERE id = 'podcast:album:clgz9riqw000d3b6emzyjak9r-clgz9riqz00893b6emqscczc6';
        INSERT INTO library_albums
        (id, name, colorsString, imageUrl, trackCount, releaseDate, copyrights)
        values ('podcast:album:clgz9riqw000d3b6emzyjak9r-clgz9riqz00893b6emqscczc6', 'VISION Radio', null, 'https://episodes.castos.com/6138cb87d83982-66320119/images/itunes-image.png', 1, null, null)
      ;

        INSERT INTO library_tracks_playlists
                (trackId, playlistId, trackIndex, addedAtTimestamp)
                values ('podcast:track:clgz9riqz00883b6eey7l5ul1', 'podcast:playlist:clgz9riqw000d3b6emzyjak9r', 94, 1625656175000)
      ;

        -- TODO: INSERT OR REPLACE once fixed in SKDB...
        -- INSERT OR REPLACE INTO library_tracks
        DELETE FROM library_tracks WHERE id = 'podcast:track:clgz9riqz008b3b6et7ucyiut'; 
        INSERT INTO library_tracks
                (id, name, albumId, trackNumber, durationMs, isrc, imageUrl, audioUrl, externalLink, description)
                values ('podcast:track:clgz9riqz008b3b6et7ucyiut', 'VISION Radio S01E26 (Noisia @ Kingsnight 2021)', 'podcast:album:clgz9riqw000d3b6emzyjak9r-clgz9riqz008c3b6e60oly5m3', 0, 3529000, null, 'https://episodes.castos.com/6138cb87d83982-66320119/images/itunes-image.png', 'https://episodes.castos.com/6138cb87d83982-66320119/yZD5DhcI6S8qXQOTFk0qjZ1X3iZza7q5gBovtkN3.mp3', 'https://visionradio.castos.com/episodes/vision-radio-s01e26-noisia-at-kingsnight-2021-1', 'VISION‌ ‌Radio‌ ‌this‌ ‌week holds Noisia’s dj-set from our recent Kingsnight live-stream hosted in April this year. Filled with loads of exclusives. Enjoy!')
      ;

        -- TODO: INSERT OR REPLACE once fixed in SKDB...
        -- INSERT OR REPLACE INTO library_artists
        DELETE FROM library_artists WHERE id = 'podcast:artist:clgz9riqw000d3b6emzyjak9r-clgz9riqz008d3b6e3unr8ikv';
        INSERT INTO library_artists
        (id, name, imageUrl, colorsString)
        values ('podcast:artist:clgz9riqw000d3b6emzyjak9r-clgz9riqz008d3b6e3unr8ikv', 'VISION Radio', 'https://episodes.castos.com/6138cb87d83982-66320119/images/itunes-image.png', null)
      ;

        INSERT INTO library_tracks_artists
        (trackId, artistId)
        values ('podcast:track:clgz9riqz008b3b6et7ucyiut', 'podcast:artist:clgz9riqw000d3b6emzyjak9r-clgz9riqz008d3b6e3unr8ikv')
      ;

        -- TODO: INSERT OR REPLACE once fixed in SKDB...
        -- INSERT OR REPLACE INTO library_albums
        DELETE FROM library_albums WHERE id = 'podcast:album:clgz9riqw000d3b6emzyjak9r-clgz9riqz008c3b6e60oly5m3';
        INSERT INTO library_albums
        (id, name, colorsString, imageUrl, trackCount, releaseDate, copyrights)
        values ('podcast:album:clgz9riqw000d3b6emzyjak9r-clgz9riqz008c3b6e60oly5m3', 'VISION Radio', null, 'https://episodes.castos.com/6138cb87d83982-66320119/images/itunes-image.png', 1, null, null)
      ;

        INSERT INTO library_tracks_playlists
                (trackId, playlistId, trackIndex, addedAtTimestamp)
                values ('podcast:track:clgz9riqz008b3b6et7ucyiut', 'podcast:playlist:clgz9riqw000d3b6emzyjak9r', 95, 1625218478000)
      ;

        -- TODO: INSERT OR REPLACE once fixed in SKDB...
        -- INSERT OR REPLACE INTO library_tracks
        DELETE FROM library_tracks WHERE id = 'podcast:track:clgz9riqz008e3b6ev98le8c0'; 
        INSERT INTO library_tracks
                (id, name, albumId, trackNumber, durationMs, isrc, imageUrl, audioUrl, externalLink, description)
                values ('podcast:track:clgz9riqz008e3b6ev98le8c0', 'VISION Radio S01E25', 'podcast:album:clgz9riqw000d3b6emzyjak9r-clgz9riqz008f3b6enopur31v', 0, 3600000, null, 'https://episodes.castos.com/6138cb87d83982-66320119/images/itunes-image.png', 'https://episodes.castos.com/6138cb87d83982-66320119/E8QbYtYXiHuD6U9Eris77tD6CeaKZNZNRvhvmSdw.mp3', 'https://visionradio.castos.com/episodes/vision-radio-s01e25-1', 'VISION‌ ‌Radio‌ ‌this‌ ‌week:‌ ‌We premiere ‘Horizon’ by The Upbeats on VISION, and ‘Edge Of Disaster’ by Posij on Mad Zoo, both will be out this Friday! More new music by Genic, Subp Yao, Hazard, Current Value, Scartip and more..')
      ;

        -- TODO: INSERT OR REPLACE once fixed in SKDB...
        -- INSERT OR REPLACE INTO library_artists
        DELETE FROM library_artists WHERE id = 'podcast:artist:clgz9riqw000d3b6emzyjak9r-clgz9riqz008g3b6edtu2yv3u';
        INSERT INTO library_artists
        (id, name, imageUrl, colorsString)
        values ('podcast:artist:clgz9riqw000d3b6emzyjak9r-clgz9riqz008g3b6edtu2yv3u', 'VISION Radio', 'https://episodes.castos.com/6138cb87d83982-66320119/images/itunes-image.png', null)
      ;

        INSERT INTO library_tracks_artists
        (trackId, artistId)
        values ('podcast:track:clgz9riqz008e3b6ev98le8c0', 'podcast:artist:clgz9riqw000d3b6emzyjak9r-clgz9riqz008g3b6edtu2yv3u')
      ;

        -- TODO: INSERT OR REPLACE once fixed in SKDB...
        -- INSERT OR REPLACE INTO library_albums
        DELETE FROM library_albums WHERE id = 'podcast:album:clgz9riqw000d3b6emzyjak9r-clgz9riqz008f3b6enopur31v';
        INSERT INTO library_albums
        (id, name, colorsString, imageUrl, trackCount, releaseDate, copyrights)
        values ('podcast:album:clgz9riqw000d3b6emzyjak9r-clgz9riqz008f3b6enopur31v', 'VISION Radio', null, 'https://episodes.castos.com/6138cb87d83982-66320119/images/itunes-image.png', 1, null, null)
      ;

        INSERT INTO library_tracks_playlists
                (trackId, playlistId, trackIndex, addedAtTimestamp)
                values ('podcast:track:clgz9riqz008e3b6ev98le8c0', 'podcast:playlist:clgz9riqw000d3b6emzyjak9r', 96, 1624449600000)
      ;

        -- TODO: INSERT OR REPLACE once fixed in SKDB...
        -- INSERT OR REPLACE INTO library_tracks
        DELETE FROM library_tracks WHERE id = 'podcast:track:clgz9riqz008h3b6e862dgnhj'; 
        INSERT INTO library_tracks
                (id, name, albumId, trackNumber, durationMs, isrc, imageUrl, audioUrl, externalLink, description)
                values ('podcast:track:clgz9riqz008h3b6e862dgnhj', 'VISION Radio S01E24', 'podcast:album:clgz9riqw000d3b6emzyjak9r-clgz9riqz008i3b6evxtw2i64', 0, 3600000, null, 'https://episodes.castos.com/6138cb87d83982-66320119/images/itunes-image.png', 'https://episodes.castos.com/6138cb87d83982-66320119/Rj6vNCy0jufxrkcqH5XMgNoXuIVK6BYfmtWyNh0r.mp3', 'https://visionradio.castos.com/episodes/vision-radio-s01e24-1', 'VISION Radio this week: We play ‘Supersonic’, our collab with Skrillex, Josh Pan and Dylan Brady! Posij drops ‘Blood’, Subp Yao brings a headbanger named ‘Rob Boss’ and Parallel & Kastro’s ‘Recursion’ shakes our brains. All this and more..')
      ;

        -- TODO: INSERT OR REPLACE once fixed in SKDB...
        -- INSERT OR REPLACE INTO library_artists
        DELETE FROM library_artists WHERE id = 'podcast:artist:clgz9riqw000d3b6emzyjak9r-clgz9riqz008j3b6e294c4vmu';
        INSERT INTO library_artists
        (id, name, imageUrl, colorsString)
        values ('podcast:artist:clgz9riqw000d3b6emzyjak9r-clgz9riqz008j3b6e294c4vmu', 'VISION Radio', 'https://episodes.castos.com/6138cb87d83982-66320119/images/itunes-image.png', null)
      ;

        INSERT INTO library_tracks_artists
        (trackId, artistId)
        values ('podcast:track:clgz9riqz008h3b6e862dgnhj', 'podcast:artist:clgz9riqw000d3b6emzyjak9r-clgz9riqz008j3b6e294c4vmu')
      ;

        -- TODO: INSERT OR REPLACE once fixed in SKDB...
        -- INSERT OR REPLACE INTO library_albums
        DELETE FROM library_albums WHERE id = 'podcast:album:clgz9riqw000d3b6emzyjak9r-clgz9riqz008i3b6evxtw2i64';
        INSERT INTO library_albums
        (id, name, colorsString, imageUrl, trackCount, releaseDate, copyrights)
        values ('podcast:album:clgz9riqw000d3b6emzyjak9r-clgz9riqz008i3b6evxtw2i64', 'VISION Radio', null, 'https://episodes.castos.com/6138cb87d83982-66320119/images/itunes-image.png', 1, null, null)
      ;

        INSERT INTO library_tracks_playlists
                (trackId, playlistId, trackIndex, addedAtTimestamp)
                values ('podcast:track:clgz9riqz008h3b6e862dgnhj', 'podcast:playlist:clgz9riqw000d3b6emzyjak9r', 97, 1623837634000)
      ;

        -- TODO: INSERT OR REPLACE once fixed in SKDB...
        -- INSERT OR REPLACE INTO library_tracks
        DELETE FROM library_tracks WHERE id = 'podcast:track:clgz9riqz008k3b6eddv5ebbt'; 
        INSERT INTO library_tracks
                (id, name, albumId, trackNumber, durationMs, isrc, imageUrl, audioUrl, externalLink, description)
                values ('podcast:track:clgz9riqz008k3b6eddv5ebbt', 'VISION Radio S01E23', 'podcast:album:clgz9riqw000d3b6emzyjak9r-clgz9riqz008l3b6ei7cvwtaw', 0, 3600000, null, 'https://episodes.castos.com/6138cb87d83982-66320119/images/itunes-image.png', 'https://episodes.castos.com/6138cb87d83982-66320119/LNOrcSNZcz9WF4CjsvYZfb9tNiZW3DXNeyfK8VJS.mp3', 'https://visionradio.castos.com/episodes/vision-radio-s01e23-1', 'VISION Radio this week: ‘Dangerous Sound’ by Eprom, taken from the ‘Atlas’ V.A. EP on 1985. A throwback to ‘Stigma’, a collection of rollers by Dan Structure, YAANO & Klinical and a selection of beats by Subp Yao, Yung Raj and Alasen. All this and more..')
      ;

        -- TODO: INSERT OR REPLACE once fixed in SKDB...
        -- INSERT OR REPLACE INTO library_artists
        DELETE FROM library_artists WHERE id = 'podcast:artist:clgz9riqw000d3b6emzyjak9r-clgz9riqz008m3b6e1x654fx6';
        INSERT INTO library_artists
        (id, name, imageUrl, colorsString)
        values ('podcast:artist:clgz9riqw000d3b6emzyjak9r-clgz9riqz008m3b6e1x654fx6', 'VISION Radio', 'https://episodes.castos.com/6138cb87d83982-66320119/images/itunes-image.png', null)
      ;

        INSERT INTO library_tracks_artists
        (trackId, artistId)
        values ('podcast:track:clgz9riqz008k3b6eddv5ebbt', 'podcast:artist:clgz9riqw000d3b6emzyjak9r-clgz9riqz008m3b6e1x654fx6')
      ;

        -- TODO: INSERT OR REPLACE once fixed in SKDB...
        -- INSERT OR REPLACE INTO library_albums
        DELETE FROM library_albums WHERE id = 'podcast:album:clgz9riqw000d3b6emzyjak9r-clgz9riqz008l3b6ei7cvwtaw';
        INSERT INTO library_albums
        (id, name, colorsString, imageUrl, trackCount, releaseDate, copyrights)
        values ('podcast:album:clgz9riqw000d3b6emzyjak9r-clgz9riqz008l3b6ei7cvwtaw', 'VISION Radio', null, 'https://episodes.castos.com/6138cb87d83982-66320119/images/itunes-image.png', 1, null, null)
      ;

        INSERT INTO library_tracks_playlists
                (trackId, playlistId, trackIndex, addedAtTimestamp)
                values ('podcast:track:clgz9riqz008k3b6eddv5ebbt', 'podcast:playlist:clgz9riqw000d3b6emzyjak9r', 98, 1623232636000)
      ;

        -- TODO: INSERT OR REPLACE once fixed in SKDB...
        -- INSERT OR REPLACE INTO library_tracks
        DELETE FROM library_tracks WHERE id = 'podcast:track:clgz9riqz008n3b6eu3j6bsh2'; 
        INSERT INTO library_tracks
                (id, name, albumId, trackNumber, durationMs, isrc, imageUrl, audioUrl, externalLink, description)
                values ('podcast:track:clgz9riqz008n3b6eu3j6bsh2', 'VISION Radio S01E22', 'podcast:album:clgz9riqw000d3b6emzyjak9r-clgz9riqz008o3b6ef5p1fmiq', 0, 3600000, null, 'https://episodes.castos.com/6138cb87d83982-66320119/images/itunes-image.png', 'https://episodes.castos.com/6138cb87d83982-66320119/adpIGWvcGEk6a1WNLyjqjxktNUmDtIm1rN6U94Io.mp3', 'https://visionradio.castos.com/episodes/vision-radio-s01e22-1', 'VISION Radio this week: DLR remixes ‘2021’ by Future Cut, new Gyrofield heat from the Inspected imprint, and Tsuruda on a drum and bass tip! New music by Ternion Sound, Yung Raj, Levels and more..')
      ;

        -- TODO: INSERT OR REPLACE once fixed in SKDB...
        -- INSERT OR REPLACE INTO library_artists
        DELETE FROM library_artists WHERE id = 'podcast:artist:clgz9riqw000d3b6emzyjak9r-clgz9riqz008p3b6ey8fjxfgg';
        INSERT INTO library_artists
        (id, name, imageUrl, colorsString)
        values ('podcast:artist:clgz9riqw000d3b6emzyjak9r-clgz9riqz008p3b6ey8fjxfgg', 'VISION Radio', 'https://episodes.castos.com/6138cb87d83982-66320119/images/itunes-image.png', null)
      ;

        INSERT INTO library_tracks_artists
        (trackId, artistId)
        values ('podcast:track:clgz9riqz008n3b6eu3j6bsh2', 'podcast:artist:clgz9riqw000d3b6emzyjak9r-clgz9riqz008p3b6ey8fjxfgg')
      ;

        -- TODO: INSERT OR REPLACE once fixed in SKDB...
        -- INSERT OR REPLACE INTO library_albums
        DELETE FROM library_albums WHERE id = 'podcast:album:clgz9riqw000d3b6emzyjak9r-clgz9riqz008o3b6ef5p1fmiq';
        INSERT INTO library_albums
        (id, name, colorsString, imageUrl, trackCount, releaseDate, copyrights)
        values ('podcast:album:clgz9riqw000d3b6emzyjak9r-clgz9riqz008o3b6ef5p1fmiq', 'VISION Radio', null, 'https://episodes.castos.com/6138cb87d83982-66320119/images/itunes-image.png', 1, null, null)
      ;

        INSERT INTO library_tracks_playlists
                (trackId, playlistId, trackIndex, addedAtTimestamp)
                values ('podcast:track:clgz9riqz008n3b6eu3j6bsh2', 'podcast:playlist:clgz9riqw000d3b6emzyjak9r', 99, 1622629440000)
      ;

        -- TODO: INSERT OR REPLACE once fixed in SKDB...
        -- INSERT OR REPLACE INTO library_tracks
        DELETE FROM library_tracks WHERE id = 'podcast:track:clgz9riqz008q3b6e5fqo6feu'; 
        INSERT INTO library_tracks
                (id, name, albumId, trackNumber, durationMs, isrc, imageUrl, audioUrl, externalLink, description)
                values ('podcast:track:clgz9riqz008q3b6e5fqo6feu', 'VISION Radio S01E21', 'podcast:album:clgz9riqw000d3b6emzyjak9r-clgz9riqz008r3b6e6mm4iwmr', 0, 3610000, null, 'https://episodes.castos.com/6138cb87d83982-66320119/images/itunes-image.png', 'https://episodes.castos.com/6138cb87d83982-66320119/N4vHDBKdVVblDS3tVjWoSZ7mndnCGphOGUaNd7xZ.mp3', 'https://visionradio.castos.com/episodes/vision-radio-s01e21-1', 'VISION Radio this week: Fresh and new DLR music in the shape of ‘U.D.O.’, Alyness with a fresh take, Tsuruda with the heavy heavy, and our friends IMANU and Posij have new music too!')
      ;

        -- TODO: INSERT OR REPLACE once fixed in SKDB...
        -- INSERT OR REPLACE INTO library_artists
        DELETE FROM library_artists WHERE id = 'podcast:artist:clgz9riqw000d3b6emzyjak9r-clgz9riqz008s3b6exmw3aqsa';
        INSERT INTO library_artists
        (id, name, imageUrl, colorsString)
        values ('podcast:artist:clgz9riqw000d3b6emzyjak9r-clgz9riqz008s3b6exmw3aqsa', 'VISION Radio', 'https://episodes.castos.com/6138cb87d83982-66320119/images/itunes-image.png', null)
      ;

        INSERT INTO library_tracks_artists
        (trackId, artistId)
        values ('podcast:track:clgz9riqz008q3b6e5fqo6feu', 'podcast:artist:clgz9riqw000d3b6emzyjak9r-clgz9riqz008s3b6exmw3aqsa')
      ;

        -- TODO: INSERT OR REPLACE once fixed in SKDB...
        -- INSERT OR REPLACE INTO library_albums
        DELETE FROM library_albums WHERE id = 'podcast:album:clgz9riqw000d3b6emzyjak9r-clgz9riqz008r3b6e6mm4iwmr';
        INSERT INTO library_albums
        (id, name, colorsString, imageUrl, trackCount, releaseDate, copyrights)
        values ('podcast:album:clgz9riqw000d3b6emzyjak9r-clgz9riqz008r3b6e6mm4iwmr', 'VISION Radio', null, 'https://episodes.castos.com/6138cb87d83982-66320119/images/itunes-image.png', 1, null, null)
      ;

        INSERT INTO library_tracks_playlists
                (trackId, playlistId, trackIndex, addedAtTimestamp)
                values ('podcast:track:clgz9riqz008q3b6e5fqo6feu', 'podcast:playlist:clgz9riqw000d3b6emzyjak9r', 100, 1622028840000)
      ;

        -- TODO: INSERT OR REPLACE once fixed in SKDB...
        -- INSERT OR REPLACE INTO library_tracks
        DELETE FROM library_tracks WHERE id = 'podcast:track:clgz9riqz008t3b6eyqk4p4x5'; 
        INSERT INTO library_tracks
                (id, name, albumId, trackNumber, durationMs, isrc, imageUrl, audioUrl, externalLink, description)
                values ('podcast:track:clgz9riqz008t3b6eyqk4p4x5', 'VISION Radio S01E20', 'podcast:album:clgz9riqw000d3b6emzyjak9r-clgz9riqz008u3b6ebw79m25o', 0, 3600000, null, 'https://episodes.castos.com/6138cb87d83982-66320119/images/itunes-image.png', 'https://episodes.castos.com/6138cb87d83982-66320119/Xpfa6Audu5QhYVRcwVXcX6nEooDoVgES1bYclrNc.mp3', 'https://visionradio.castos.com/episodes/vision-radio-s01e20-1', 'VISION Radio this week: We premiere ‘Divide’ by The Upbeats and Sylvee, out this Friday on VISION! More new music by Meph & Notequal, Tsuruda, Phace x AFFE MARIA, Droptek and more..')
      ;

        -- TODO: INSERT OR REPLACE once fixed in SKDB...
        -- INSERT OR REPLACE INTO library_artists
        DELETE FROM library_artists WHERE id = 'podcast:artist:clgz9riqw000d3b6emzyjak9r-clgz9riqz008v3b6etbf7gszj';
        INSERT INTO library_artists
        (id, name, imageUrl, colorsString)
        values ('podcast:artist:clgz9riqw000d3b6emzyjak9r-clgz9riqz008v3b6etbf7gszj', 'VISION Radio', 'https://episodes.castos.com/6138cb87d83982-66320119/images/itunes-image.png', null)
      ;

        INSERT INTO library_tracks_artists
        (trackId, artistId)
        values ('podcast:track:clgz9riqz008t3b6eyqk4p4x5', 'podcast:artist:clgz9riqw000d3b6emzyjak9r-clgz9riqz008v3b6etbf7gszj')
      ;

        -- TODO: INSERT OR REPLACE once fixed in SKDB...
        -- INSERT OR REPLACE INTO library_albums
        DELETE FROM library_albums WHERE id = 'podcast:album:clgz9riqw000d3b6emzyjak9r-clgz9riqz008u3b6ebw79m25o';
        INSERT INTO library_albums
        (id, name, colorsString, imageUrl, trackCount, releaseDate, copyrights)
        values ('podcast:album:clgz9riqw000d3b6emzyjak9r-clgz9riqz008u3b6ebw79m25o', 'VISION Radio', null, 'https://episodes.castos.com/6138cb87d83982-66320119/images/itunes-image.png', 1, null, null)
      ;

        INSERT INTO library_tracks_playlists
                (trackId, playlistId, trackIndex, addedAtTimestamp)
                values ('podcast:track:clgz9riqz008t3b6eyqk4p4x5', 'podcast:playlist:clgz9riqw000d3b6emzyjak9r', 101, 1621418522000)
      ;

        -- TODO: INSERT OR REPLACE once fixed in SKDB...
        -- INSERT OR REPLACE INTO library_tracks
        DELETE FROM library_tracks WHERE id = 'podcast:track:clgz9riqz008w3b6ehlg5deba'; 
        INSERT INTO library_tracks
                (id, name, albumId, trackNumber, durationMs, isrc, imageUrl, audioUrl, externalLink, description)
                values ('podcast:track:clgz9riqz008w3b6ehlg5deba', 'VISION Radio S01E19 (Co-Hosted By KOAN Sound)', 'podcast:album:clgz9riqw000d3b6emzyjak9r-clgz9riqz008x3b6etf2c2zn7', 0, 3600000, null, 'https://episodes.castos.com/6138cb87d83982-66320119/images/itunes-image.png', 'https://episodes.castos.com/6138cb87d83982-66320119/LLwGbUbk45ntnesaWTC35EzLhJKWUeUgcdH32vXU.mp3', 'https://visionradio.castos.com/episodes/vision-radio-s01e19-co-hosted-by-koan-sound-1', 'VISION Radio this week: KOAN Sound take over the show! Listen to an hour long selection by Will and Jim, with Dave on co-host duties. The ‘Chronos’ EP is out now on VISION. Enjoy!')
      ;

        -- TODO: INSERT OR REPLACE once fixed in SKDB...
        -- INSERT OR REPLACE INTO library_artists
        DELETE FROM library_artists WHERE id = 'podcast:artist:clgz9riqw000d3b6emzyjak9r-clgz9riqz008y3b6epagrqvxh';
        INSERT INTO library_artists
        (id, name, imageUrl, colorsString)
        values ('podcast:artist:clgz9riqw000d3b6emzyjak9r-clgz9riqz008y3b6epagrqvxh', 'VISION Radio', 'https://episodes.castos.com/6138cb87d83982-66320119/images/itunes-image.png', null)
      ;

        INSERT INTO library_tracks_artists
        (trackId, artistId)
        values ('podcast:track:clgz9riqz008w3b6ehlg5deba', 'podcast:artist:clgz9riqw000d3b6emzyjak9r-clgz9riqz008y3b6epagrqvxh')
      ;

        -- TODO: INSERT OR REPLACE once fixed in SKDB...
        -- INSERT OR REPLACE INTO library_albums
        DELETE FROM library_albums WHERE id = 'podcast:album:clgz9riqw000d3b6emzyjak9r-clgz9riqz008x3b6etf2c2zn7';
        INSERT INTO library_albums
        (id, name, colorsString, imageUrl, trackCount, releaseDate, copyrights)
        values ('podcast:album:clgz9riqw000d3b6emzyjak9r-clgz9riqz008x3b6etf2c2zn7', 'VISION Radio', null, 'https://episodes.castos.com/6138cb87d83982-66320119/images/itunes-image.png', 1, null, null)
      ;

        INSERT INTO library_tracks_playlists
                (trackId, playlistId, trackIndex, addedAtTimestamp)
                values ('podcast:track:clgz9riqz008w3b6ehlg5deba', 'podcast:playlist:clgz9riqw000d3b6emzyjak9r', 102, 1620815040000)
      ;

        -- TODO: INSERT OR REPLACE once fixed in SKDB...
        -- INSERT OR REPLACE INTO library_tracks
        DELETE FROM library_tracks WHERE id = 'podcast:track:clgz9riqz008z3b6e8huxo3ia'; 
        INSERT INTO library_tracks
                (id, name, albumId, trackNumber, durationMs, isrc, imageUrl, audioUrl, externalLink, description)
                values ('podcast:track:clgz9riqz008z3b6e8huxo3ia', 'VISION Radio S01E18', 'podcast:album:clgz9riqw000d3b6emzyjak9r-clgz9riqz00903b6ebcv3nns2', 0, 3600000, null, 'https://episodes.castos.com/6138cb87d83982-66320119/images/itunes-image.png', 'https://episodes.castos.com/6138cb87d83982-66320119/vkjCBIbKGR6FiHXz66s1fFO2nt5ahAu4hKF3egSM.mp3', 'https://visionradio.castos.com/episodes/vision-radio-s01e18-1', 'VISION Radio this week: We premiere ‘Red Shift’ by KOAN Sound, taken from the ‘Chronos’ EP, out this Friday on VISION! More new music by Gyrofield, Waeys & Particle, Rillium, XHL and more.. Enjoy!')
      ;

        -- TODO: INSERT OR REPLACE once fixed in SKDB...
        -- INSERT OR REPLACE INTO library_artists
        DELETE FROM library_artists WHERE id = 'podcast:artist:clgz9riqw000d3b6emzyjak9r-clgz9riqz00913b6e03am0daz';
        INSERT INTO library_artists
        (id, name, imageUrl, colorsString)
        values ('podcast:artist:clgz9riqw000d3b6emzyjak9r-clgz9riqz00913b6e03am0daz', 'VISION Radio', 'https://episodes.castos.com/6138cb87d83982-66320119/images/itunes-image.png', null)
      ;

        INSERT INTO library_tracks_artists
        (trackId, artistId)
        values ('podcast:track:clgz9riqz008z3b6e8huxo3ia', 'podcast:artist:clgz9riqw000d3b6emzyjak9r-clgz9riqz00913b6e03am0daz')
      ;

        -- TODO: INSERT OR REPLACE once fixed in SKDB...
        -- INSERT OR REPLACE INTO library_albums
        DELETE FROM library_albums WHERE id = 'podcast:album:clgz9riqw000d3b6emzyjak9r-clgz9riqz00903b6ebcv3nns2';
        INSERT INTO library_albums
        (id, name, colorsString, imageUrl, trackCount, releaseDate, copyrights)
        values ('podcast:album:clgz9riqw000d3b6emzyjak9r-clgz9riqz00903b6ebcv3nns2', 'VISION Radio', null, 'https://episodes.castos.com/6138cb87d83982-66320119/images/itunes-image.png', 1, null, null)
      ;

        INSERT INTO library_tracks_playlists
                (trackId, playlistId, trackIndex, addedAtTimestamp)
                values ('podcast:track:clgz9riqz008z3b6e8huxo3ia', 'podcast:playlist:clgz9riqw000d3b6emzyjak9r', 103, 1620201407000)
      ;

        -- TODO: INSERT OR REPLACE once fixed in SKDB...
        -- INSERT OR REPLACE INTO library_tracks
        DELETE FROM library_tracks WHERE id = 'podcast:track:clgz9riqz00923b6ehker6xyn'; 
        INSERT INTO library_tracks
                (id, name, albumId, trackNumber, durationMs, isrc, imageUrl, audioUrl, externalLink, description)
                values ('podcast:track:clgz9riqz00923b6ehker6xyn', 'VISION Radio S01E17', 'podcast:album:clgz9riqw000d3b6emzyjak9r-clgz9riqz00933b6evce79yqd', 0, 3600000, null, 'https://episodes.castos.com/6138cb87d83982-66320119/images/itunes-image.png', 'https://episodes.castos.com/6138cb87d83982-66320119/2B0tbBpmPSNIJYxZ4hIu19MQwRkmXIQdkBfXLfw4.mp3', 'https://visionradio.castos.com/episodes/vision-radio-s01e17-1', 'VISION Radio this week: ‘Hindsight’ by Sleepnet, taken from the ‘First Light’ EP, out now. More new music by Secula, Synth Ethics, Trillium, Dunk, Synergy and more..')
      ;

        -- TODO: INSERT OR REPLACE once fixed in SKDB...
        -- INSERT OR REPLACE INTO library_artists
        DELETE FROM library_artists WHERE id = 'podcast:artist:clgz9riqw000d3b6emzyjak9r-clgz9riqz00943b6ep9f2t0ei';
        INSERT INTO library_artists
        (id, name, imageUrl, colorsString)
        values ('podcast:artist:clgz9riqw000d3b6emzyjak9r-clgz9riqz00943b6ep9f2t0ei', 'VISION Radio', 'https://episodes.castos.com/6138cb87d83982-66320119/images/itunes-image.png', null)
      ;

        INSERT INTO library_tracks_artists
        (trackId, artistId)
        values ('podcast:track:clgz9riqz00923b6ehker6xyn', 'podcast:artist:clgz9riqw000d3b6emzyjak9r-clgz9riqz00943b6ep9f2t0ei')
      ;

        -- TODO: INSERT OR REPLACE once fixed in SKDB...
        -- INSERT OR REPLACE INTO library_albums
        DELETE FROM library_albums WHERE id = 'podcast:album:clgz9riqw000d3b6emzyjak9r-clgz9riqz00933b6evce79yqd';
        INSERT INTO library_albums
        (id, name, colorsString, imageUrl, trackCount, releaseDate, copyrights)
        values ('podcast:album:clgz9riqw000d3b6emzyjak9r-clgz9riqz00933b6evce79yqd', 'VISION Radio', null, 'https://episodes.castos.com/6138cb87d83982-66320119/images/itunes-image.png', 1, null, null)
      ;

        INSERT INTO library_tracks_playlists
                (trackId, playlistId, trackIndex, addedAtTimestamp)
                values ('podcast:track:clgz9riqz00923b6ehker6xyn', 'podcast:playlist:clgz9riqw000d3b6emzyjak9r', 104, 1619603191000)
      ;

        -- TODO: INSERT OR REPLACE once fixed in SKDB...
        -- INSERT OR REPLACE INTO library_tracks
        DELETE FROM library_tracks WHERE id = 'podcast:track:clgz9riqz00953b6ercpb5o6r'; 
        INSERT INTO library_tracks
                (id, name, albumId, trackNumber, durationMs, isrc, imageUrl, audioUrl, externalLink, description)
                values ('podcast:track:clgz9riqz00953b6ercpb5o6r', 'VISION Radio S01E16', 'podcast:album:clgz9riqw000d3b6emzyjak9r-clgz9riqz00963b6ebwe9p6nt', 0, 3600000, null, 'https://episodes.castos.com/6138cb87d83982-66320119/images/itunes-image.png', 'https://episodes.castos.com/6138cb87d83982-66320119/qlPs3UIOnHZAydMh0qTL9qRkp6lviMfQxdYfcy9l.mp3', 'https://visionradio.castos.com/episodes/vision-radio-s01e16-1', 'VISION Radio this week: The Upbeats are back! We premiere ´Realm´, out this Friday on VISION. More new music by Amon Tobin, Sulex, Vici, Yung Raj, Enei and more..')
      ;

        -- TODO: INSERT OR REPLACE once fixed in SKDB...
        -- INSERT OR REPLACE INTO library_artists
        DELETE FROM library_artists WHERE id = 'podcast:artist:clgz9riqw000d3b6emzyjak9r-clgz9riqz00973b6etwmxacsr';
        INSERT INTO library_artists
        (id, name, imageUrl, colorsString)
        values ('podcast:artist:clgz9riqw000d3b6emzyjak9r-clgz9riqz00973b6etwmxacsr', 'VISION Radio', 'https://episodes.castos.com/6138cb87d83982-66320119/images/itunes-image.png', null)
      ;

        INSERT INTO library_tracks_artists
        (trackId, artistId)
        values ('podcast:track:clgz9riqz00953b6ercpb5o6r', 'podcast:artist:clgz9riqw000d3b6emzyjak9r-clgz9riqz00973b6etwmxacsr')
      ;

        -- TODO: INSERT OR REPLACE once fixed in SKDB...
        -- INSERT OR REPLACE INTO library_albums
        DELETE FROM library_albums WHERE id = 'podcast:album:clgz9riqw000d3b6emzyjak9r-clgz9riqz00963b6ebwe9p6nt';
        INSERT INTO library_albums
        (id, name, colorsString, imageUrl, trackCount, releaseDate, copyrights)
        values ('podcast:album:clgz9riqw000d3b6emzyjak9r-clgz9riqz00963b6ebwe9p6nt', 'VISION Radio', null, 'https://episodes.castos.com/6138cb87d83982-66320119/images/itunes-image.png', 1, null, null)
      ;

        INSERT INTO library_tracks_playlists
                (trackId, playlistId, trackIndex, addedAtTimestamp)
                values ('podcast:track:clgz9riqz00953b6ercpb5o6r', 'podcast:playlist:clgz9riqw000d3b6emzyjak9r', 105, 1618992563000)
      ;

        -- TODO: INSERT OR REPLACE once fixed in SKDB...
        -- INSERT OR REPLACE INTO library_tracks
        DELETE FROM library_tracks WHERE id = 'podcast:track:clgz9riqz00983b6eylif84kw'; 
        INSERT INTO library_tracks
                (id, name, albumId, trackNumber, durationMs, isrc, imageUrl, audioUrl, externalLink, description)
                values ('podcast:track:clgz9riqz00983b6eylif84kw', 'VISION Radio S01E15', 'podcast:album:clgz9riqw000d3b6emzyjak9r-clgz9riqz00993b6e1bviqm71', 0, 3600000, null, 'https://episodes.castos.com/6138cb87d83982-66320119/images/itunes-image.png', 'https://episodes.castos.com/6138cb87d83982-66320119/xdowCxIjAdLOKrmVr1SDb363f0ZnkwxueXTPYAmP.mp3', 'https://visionradio.castos.com/episodes/vision-radio-s01e15-1', 'VISION Radio this week: ‘Idle’ by Phace and Buunshin, out on Neosignal on the 30th of April! More new music by Sleepnet, Objectiv, Ways & Levels and more… Enjoy!')
      ;

        -- TODO: INSERT OR REPLACE once fixed in SKDB...
        -- INSERT OR REPLACE INTO library_artists
        DELETE FROM library_artists WHERE id = 'podcast:artist:clgz9riqw000d3b6emzyjak9r-clgz9riqz009a3b6ecih3bkf3';
        INSERT INTO library_artists
        (id, name, imageUrl, colorsString)
        values ('podcast:artist:clgz9riqw000d3b6emzyjak9r-clgz9riqz009a3b6ecih3bkf3', 'VISION Radio', 'https://episodes.castos.com/6138cb87d83982-66320119/images/itunes-image.png', null)
      ;

        INSERT INTO library_tracks_artists
        (trackId, artistId)
        values ('podcast:track:clgz9riqz00983b6eylif84kw', 'podcast:artist:clgz9riqw000d3b6emzyjak9r-clgz9riqz009a3b6ecih3bkf3')
      ;

        -- TODO: INSERT OR REPLACE once fixed in SKDB...
        -- INSERT OR REPLACE INTO library_albums
        DELETE FROM library_albums WHERE id = 'podcast:album:clgz9riqw000d3b6emzyjak9r-clgz9riqz00993b6e1bviqm71';
        INSERT INTO library_albums
        (id, name, colorsString, imageUrl, trackCount, releaseDate, copyrights)
        values ('podcast:album:clgz9riqw000d3b6emzyjak9r-clgz9riqz00993b6e1bviqm71', 'VISION Radio', null, 'https://episodes.castos.com/6138cb87d83982-66320119/images/itunes-image.png', 1, null, null)
      ;

        INSERT INTO library_tracks_playlists
                (trackId, playlistId, trackIndex, addedAtTimestamp)
                values ('podcast:track:clgz9riqz00983b6eylif84kw', 'podcast:playlist:clgz9riqw000d3b6emzyjak9r', 106, 1618394207000)
      ;

        -- TODO: INSERT OR REPLACE once fixed in SKDB...
        -- INSERT OR REPLACE INTO library_tracks
        DELETE FROM library_tracks WHERE id = 'podcast:track:clgz9riqz009b3b6e3c9he6gm'; 
        INSERT INTO library_tracks
                (id, name, albumId, trackNumber, durationMs, isrc, imageUrl, audioUrl, externalLink, description)
                values ('podcast:track:clgz9riqz009b3b6e3c9he6gm', 'VISION Radio S01E14', 'podcast:album:clgz9riqw000d3b6emzyjak9r-clgz9riqz009c3b6etuy0pjwh', 0, 3600000, null, 'https://episodes.castos.com/6138cb87d83982-66320119/images/itunes-image.png', 'https://episodes.castos.com/6138cb87d83982-66320119/ZrPpXOBS54wsljJxeJ3L8JJUPwgKShpVNQmTHRlS.mp3', 'https://visionradio.castos.com/episodes/vision-radio-s01e14-1', 'VISION Radio this week: ‘Void Song’ by Sleepnet & Former, taken from the ‘First Light’ EP, out now. More new music by Waeys, Skope, Gyrofield, Current Value, Forbidden Society and more..')
      ;

        -- TODO: INSERT OR REPLACE once fixed in SKDB...
        -- INSERT OR REPLACE INTO library_artists
        DELETE FROM library_artists WHERE id = 'podcast:artist:clgz9riqw000d3b6emzyjak9r-clgz9riqz009d3b6e756pt21b';
        INSERT INTO library_artists
        (id, name, imageUrl, colorsString)
        values ('podcast:artist:clgz9riqw000d3b6emzyjak9r-clgz9riqz009d3b6e756pt21b', 'VISION Radio', 'https://episodes.castos.com/6138cb87d83982-66320119/images/itunes-image.png', null)
      ;

        INSERT INTO library_tracks_artists
        (trackId, artistId)
        values ('podcast:track:clgz9riqz009b3b6e3c9he6gm', 'podcast:artist:clgz9riqw000d3b6emzyjak9r-clgz9riqz009d3b6e756pt21b')
      ;

        -- TODO: INSERT OR REPLACE once fixed in SKDB...
        -- INSERT OR REPLACE INTO library_albums
        DELETE FROM library_albums WHERE id = 'podcast:album:clgz9riqw000d3b6emzyjak9r-clgz9riqz009c3b6etuy0pjwh';
        INSERT INTO library_albums
        (id, name, colorsString, imageUrl, trackCount, releaseDate, copyrights)
        values ('podcast:album:clgz9riqw000d3b6emzyjak9r-clgz9riqz009c3b6etuy0pjwh', 'VISION Radio', null, 'https://episodes.castos.com/6138cb87d83982-66320119/images/itunes-image.png', 1, null, null)
      ;

        INSERT INTO library_tracks_playlists
                (trackId, playlistId, trackIndex, addedAtTimestamp)
                values ('podcast:track:clgz9riqz009b3b6e3c9he6gm', 'podcast:playlist:clgz9riqw000d3b6emzyjak9r', 107, 1617795060000)
      ;

        -- TODO: INSERT OR REPLACE once fixed in SKDB...
        -- INSERT OR REPLACE INTO library_tracks
        DELETE FROM library_tracks WHERE id = 'podcast:track:clgz9riqz009e3b6e7na7shyp'; 
        INSERT INTO library_tracks
                (id, name, albumId, trackNumber, durationMs, isrc, imageUrl, audioUrl, externalLink, description)
                values ('podcast:track:clgz9riqz009e3b6e7na7shyp', 'VISION Radio S01E13', 'podcast:album:clgz9riqw000d3b6emzyjak9r-clgz9riqz009f3b6en62fc9ip', 0, 3600000, null, 'https://episodes.castos.com/6138cb87d83982-66320119/images/itunes-image.png', 'https://episodes.castos.com/6138cb87d83982-66320119/dudUJ7MFHWjuSRQiZn5h7lkASm3x7wlMJsqtAG5m.mp3', 'https://visionradio.castos.com/episodes/vision-radio-s01e13-1', 'VISION Radio this week: We premiere ‘Chronos’ by KOAN Sound, out this Friday! More new music by Amon Tobin & Current Value, Wingz, Objectiv, Shy FX & Breakage and more..')
      ;

        -- TODO: INSERT OR REPLACE once fixed in SKDB...
        -- INSERT OR REPLACE INTO library_artists
        DELETE FROM library_artists WHERE id = 'podcast:artist:clgz9riqw000d3b6emzyjak9r-clgz9riqz009g3b6egsg3h4jn';
        INSERT INTO library_artists
        (id, name, imageUrl, colorsString)
        values ('podcast:artist:clgz9riqw000d3b6emzyjak9r-clgz9riqz009g3b6egsg3h4jn', 'VISION Radio', 'https://episodes.castos.com/6138cb87d83982-66320119/images/itunes-image.png', null)
      ;

        INSERT INTO library_tracks_artists
        (trackId, artistId)
        values ('podcast:track:clgz9riqz009e3b6e7na7shyp', 'podcast:artist:clgz9riqw000d3b6emzyjak9r-clgz9riqz009g3b6egsg3h4jn')
      ;

        -- TODO: INSERT OR REPLACE once fixed in SKDB...
        -- INSERT OR REPLACE INTO library_albums
        DELETE FROM library_albums WHERE id = 'podcast:album:clgz9riqw000d3b6emzyjak9r-clgz9riqz009f3b6en62fc9ip';
        INSERT INTO library_albums
        (id, name, colorsString, imageUrl, trackCount, releaseDate, copyrights)
        values ('podcast:album:clgz9riqw000d3b6emzyjak9r-clgz9riqz009f3b6en62fc9ip', 'VISION Radio', null, 'https://episodes.castos.com/6138cb87d83982-66320119/images/itunes-image.png', 1, null, null)
      ;

        INSERT INTO library_tracks_playlists
                (trackId, playlistId, trackIndex, addedAtTimestamp)
                values ('podcast:track:clgz9riqz009e3b6e7na7shyp', 'podcast:playlist:clgz9riqw000d3b6emzyjak9r', 108, 1617184350000)
      ;

        -- TODO: INSERT OR REPLACE once fixed in SKDB...
        -- INSERT OR REPLACE INTO library_tracks
        DELETE FROM library_tracks WHERE id = 'podcast:track:clgz9riqz009h3b6e23ssum0y'; 
        INSERT INTO library_tracks
                (id, name, albumId, trackNumber, durationMs, isrc, imageUrl, audioUrl, externalLink, description)
                values ('podcast:track:clgz9riqz009h3b6e23ssum0y', 'VISION Radio S01E12', 'podcast:album:clgz9riqw000d3b6emzyjak9r-clgz9riqz009i3b6eyn1tnvj0', 0, 3600000, null, 'https://episodes.castos.com/6138cb87d83982-66320119/images/itunes-image.png', 'https://episodes.castos.com/6138cb87d83982-66320119/8j3QsZ5TD3mKODh43qzbwYPwd5aCu3nJlkAHwcN7.mp3', 'https://visionradio.castos.com/episodes/vision-radio-s01e12-1', 'VISION Radio this week: ‘Glass Hearts’ by Sleepnet & IMANU, taken from the ‘First Light’ EP, out now. More new music by Muadeep, M-zine, Current Value, Burr Oak, Prestige and more..')
      ;

        -- TODO: INSERT OR REPLACE once fixed in SKDB...
        -- INSERT OR REPLACE INTO library_artists
        DELETE FROM library_artists WHERE id = 'podcast:artist:clgz9riqw000d3b6emzyjak9r-clgz9riqz009j3b6ey53emkz6';
        INSERT INTO library_artists
        (id, name, imageUrl, colorsString)
        values ('podcast:artist:clgz9riqw000d3b6emzyjak9r-clgz9riqz009j3b6ey53emkz6', 'VISION Radio', 'https://episodes.castos.com/6138cb87d83982-66320119/images/itunes-image.png', null)
      ;

        INSERT INTO library_tracks_artists
        (trackId, artistId)
        values ('podcast:track:clgz9riqz009h3b6e23ssum0y', 'podcast:artist:clgz9riqw000d3b6emzyjak9r-clgz9riqz009j3b6ey53emkz6')
      ;

        -- TODO: INSERT OR REPLACE once fixed in SKDB...
        -- INSERT OR REPLACE INTO library_albums
        DELETE FROM library_albums WHERE id = 'podcast:album:clgz9riqw000d3b6emzyjak9r-clgz9riqz009i3b6eyn1tnvj0';
        INSERT INTO library_albums
        (id, name, colorsString, imageUrl, trackCount, releaseDate, copyrights)
        values ('podcast:album:clgz9riqw000d3b6emzyjak9r-clgz9riqz009i3b6eyn1tnvj0', 'VISION Radio', null, 'https://episodes.castos.com/6138cb87d83982-66320119/images/itunes-image.png', 1, null, null)
      ;

        INSERT INTO library_tracks_playlists
                (trackId, playlistId, trackIndex, addedAtTimestamp)
                values ('podcast:track:clgz9riqz009h3b6e23ssum0y', 'podcast:playlist:clgz9riqw000d3b6emzyjak9r', 109, 1616583861000)
      ;

        -- TODO: INSERT OR REPLACE once fixed in SKDB...
        -- INSERT OR REPLACE INTO library_tracks
        DELETE FROM library_tracks WHERE id = 'podcast:track:clgz9riqz009k3b6e4jxbqn43'; 
        INSERT INTO library_tracks
                (id, name, albumId, trackNumber, durationMs, isrc, imageUrl, audioUrl, externalLink, description)
                values ('podcast:track:clgz9riqz009k3b6e4jxbqn43', 'VISION Radio S01E11', 'podcast:album:clgz9riqw000d3b6emzyjak9r-clgz9riqz009l3b6e0bya3dqo', 0, 3600000, null, 'https://episodes.castos.com/6138cb87d83982-66320119/images/itunes-image.png', 'https://episodes.castos.com/6138cb87d83982-66320119/EAd28EFQ3i4UIJhbSfqbrSml35ytNGWm5LWhuCLa.mp3', 'https://visionradio.castos.com/episodes/vision-radio-s01e11-1', 'VISION Radio this week: ‘Love No More’ by Sleepnet, taken from the ‘First Light’ EP, out now. More new music by Calyx & Teebee, Ankou, Teddy Killerz, Current Value and more.. Enjoy!')
      ;

        -- TODO: INSERT OR REPLACE once fixed in SKDB...
        -- INSERT OR REPLACE INTO library_artists
        DELETE FROM library_artists WHERE id = 'podcast:artist:clgz9riqw000d3b6emzyjak9r-clgz9riqz009m3b6e6fdedj3b';
        INSERT INTO library_artists
        (id, name, imageUrl, colorsString)
        values ('podcast:artist:clgz9riqw000d3b6emzyjak9r-clgz9riqz009m3b6e6fdedj3b', 'VISION Radio', 'https://episodes.castos.com/6138cb87d83982-66320119/images/itunes-image.png', null)
      ;

        INSERT INTO library_tracks_artists
        (trackId, artistId)
        values ('podcast:track:clgz9riqz009k3b6e4jxbqn43', 'podcast:artist:clgz9riqw000d3b6emzyjak9r-clgz9riqz009m3b6e6fdedj3b')
      ;

        -- TODO: INSERT OR REPLACE once fixed in SKDB...
        -- INSERT OR REPLACE INTO library_albums
        DELETE FROM library_albums WHERE id = 'podcast:album:clgz9riqw000d3b6emzyjak9r-clgz9riqz009l3b6e0bya3dqo';
        INSERT INTO library_albums
        (id, name, colorsString, imageUrl, trackCount, releaseDate, copyrights)
        values ('podcast:album:clgz9riqw000d3b6emzyjak9r-clgz9riqz009l3b6e0bya3dqo', 'VISION Radio', null, 'https://episodes.castos.com/6138cb87d83982-66320119/images/itunes-image.png', 1, null, null)
      ;

        INSERT INTO library_tracks_playlists
                (trackId, playlistId, trackIndex, addedAtTimestamp)
                values ('podcast:track:clgz9riqz009k3b6e4jxbqn43', 'podcast:playlist:clgz9riqw000d3b6emzyjak9r', 110, 1615983060000)
      ;

        -- TODO: INSERT OR REPLACE once fixed in SKDB...
        -- INSERT OR REPLACE INTO library_tracks
        DELETE FROM library_tracks WHERE id = 'podcast:track:clgz9riqz009n3b6enli1dl40'; 
        INSERT INTO library_tracks
                (id, name, albumId, trackNumber, durationMs, isrc, imageUrl, audioUrl, externalLink, description)
                values ('podcast:track:clgz9riqz009n3b6enli1dl40', 'VISION Radio S01E10', 'podcast:album:clgz9riqw000d3b6emzyjak9r-clgz9riqz009o3b6eqgmd6c00', 0, 3600000, null, 'https://episodes.castos.com/6138cb87d83982-66320119/images/itunes-image.png', 'https://episodes.castos.com/6138cb87d83982-66320119/QT8HQF3l8eTqUQKcoyhCSzOFtgJk0ij9WSUmtiTZ.mp3', 'https://visionradio.castos.com/episodes/vision-radio-s01e10-1', 'VISION Radio this week: We premiere ‘First Light’ by Sleepnet, and have new music by Phace x Kemal, Rohaan, Ivy Lab, Annix, Subtension and more..')
      ;

        -- TODO: INSERT OR REPLACE once fixed in SKDB...
        -- INSERT OR REPLACE INTO library_artists
        DELETE FROM library_artists WHERE id = 'podcast:artist:clgz9riqw000d3b6emzyjak9r-clgz9riqz009p3b6eck6ggha6';
        INSERT INTO library_artists
        (id, name, imageUrl, colorsString)
        values ('podcast:artist:clgz9riqw000d3b6emzyjak9r-clgz9riqz009p3b6eck6ggha6', 'VISION Radio', 'https://episodes.castos.com/6138cb87d83982-66320119/images/itunes-image.png', null)
      ;

        INSERT INTO library_tracks_artists
        (trackId, artistId)
        values ('podcast:track:clgz9riqz009n3b6enli1dl40', 'podcast:artist:clgz9riqw000d3b6emzyjak9r-clgz9riqz009p3b6eck6ggha6')
      ;

        -- TODO: INSERT OR REPLACE once fixed in SKDB...
        -- INSERT OR REPLACE INTO library_albums
        DELETE FROM library_albums WHERE id = 'podcast:album:clgz9riqw000d3b6emzyjak9r-clgz9riqz009o3b6eqgmd6c00';
        INSERT INTO library_albums
        (id, name, colorsString, imageUrl, trackCount, releaseDate, copyrights)
        values ('podcast:album:clgz9riqw000d3b6emzyjak9r-clgz9riqz009o3b6eqgmd6c00', 'VISION Radio', null, 'https://episodes.castos.com/6138cb87d83982-66320119/images/itunes-image.png', 1, null, null)
      ;

        INSERT INTO library_tracks_playlists
                (trackId, playlistId, trackIndex, addedAtTimestamp)
                values ('podcast:track:clgz9riqz009n3b6enli1dl40', 'podcast:playlist:clgz9riqw000d3b6emzyjak9r', 111, 1615385107000)
      ;

        -- TODO: INSERT OR REPLACE once fixed in SKDB...
        -- INSERT OR REPLACE INTO library_tracks
        DELETE FROM library_tracks WHERE id = 'podcast:track:clgz9riqz009q3b6e8vtd9v7w'; 
        INSERT INTO library_tracks
                (id, name, albumId, trackNumber, durationMs, isrc, imageUrl, audioUrl, externalLink, description)
                values ('podcast:track:clgz9riqz009q3b6e8vtd9v7w', 'VISION Radio S01E09', 'podcast:album:clgz9riqw000d3b6emzyjak9r-clgz9riqz009r3b6e770v86ye', 0, 3600000, null, 'https://episodes.castos.com/6138cb87d83982-66320119/images/itunes-image.png', 'https://episodes.castos.com/6138cb87d83982-66320119/sDLto20Kx2hKzzUX13nvDxsIG6Wl0lS9zyiaSSsB.mp3', 'https://visionradio.castos.com/episodes/vision-radio-s01e09-1', 'VISION Radio this week: ‘Turn up’ by Chee, new Nami music, Kung brings a beautiful dub, Creatures & Rizzle collab, and Sleepnet is now on its third reload! All this and more..')
      ;

        -- TODO: INSERT OR REPLACE once fixed in SKDB...
        -- INSERT OR REPLACE INTO library_artists
        DELETE FROM library_artists WHERE id = 'podcast:artist:clgz9riqw000d3b6emzyjak9r-clgz9riqz009s3b6efigdcsfg';
        INSERT INTO library_artists
        (id, name, imageUrl, colorsString)
        values ('podcast:artist:clgz9riqw000d3b6emzyjak9r-clgz9riqz009s3b6efigdcsfg', 'VISION Radio', 'https://episodes.castos.com/6138cb87d83982-66320119/images/itunes-image.png', null)
      ;

        INSERT INTO library_tracks_artists
        (trackId, artistId)
        values ('podcast:track:clgz9riqz009q3b6e8vtd9v7w', 'podcast:artist:clgz9riqw000d3b6emzyjak9r-clgz9riqz009s3b6efigdcsfg')
      ;

        -- TODO: INSERT OR REPLACE once fixed in SKDB...
        -- INSERT OR REPLACE INTO library_albums
        DELETE FROM library_albums WHERE id = 'podcast:album:clgz9riqw000d3b6emzyjak9r-clgz9riqz009r3b6e770v86ye';
        INSERT INTO library_albums
        (id, name, colorsString, imageUrl, trackCount, releaseDate, copyrights)
        values ('podcast:album:clgz9riqw000d3b6emzyjak9r-clgz9riqz009r3b6e770v86ye', 'VISION Radio', null, 'https://episodes.castos.com/6138cb87d83982-66320119/images/itunes-image.png', 1, null, null)
      ;

        INSERT INTO library_tracks_playlists
                (trackId, playlistId, trackIndex, addedAtTimestamp)
                values ('podcast:track:clgz9riqz009q3b6e8vtd9v7w', 'podcast:playlist:clgz9riqw000d3b6emzyjak9r', 112, 1614767125000)
      ;

        -- TODO: INSERT OR REPLACE once fixed in SKDB...
        -- INSERT OR REPLACE INTO library_tracks
        DELETE FROM library_tracks WHERE id = 'podcast:track:clgz9riqz009t3b6ekf5jer1q'; 
        INSERT INTO library_tracks
                (id, name, albumId, trackNumber, durationMs, isrc, imageUrl, audioUrl, externalLink, description)
                values ('podcast:track:clgz9riqz009t3b6ekf5jer1q', 'VISION Radio S01E08', 'podcast:album:clgz9riqw000d3b6emzyjak9r-clgz9riqz009u3b6eijt5h3pz', 0, 3600000, null, 'https://episodes.castos.com/6138cb87d83982-66320119/images/itunes-image.png', 'https://episodes.castos.com/6138cb87d83982-66320119/J6MmdHycRl9y8fTKnVALkq2RneJHP9MfryrLd4en.mp3', 'https://visionradio.castos.com/episodes/vision-radio-s01e08-1', 'Hello person, this week we premiere ‘Ghettoshit’ by Phace and Submarine, and have more new music by Latesleeper, Holotrope, The Caracal Project, IMANU, Calibre and more..')
      ;

        -- TODO: INSERT OR REPLACE once fixed in SKDB...
        -- INSERT OR REPLACE INTO library_artists
        DELETE FROM library_artists WHERE id = 'podcast:artist:clgz9riqw000d3b6emzyjak9r-clgz9riqz009v3b6evjzyhyi7';
        INSERT INTO library_artists
        (id, name, imageUrl, colorsString)
        values ('podcast:artist:clgz9riqw000d3b6emzyjak9r-clgz9riqz009v3b6evjzyhyi7', 'VISION Radio', 'https://episodes.castos.com/6138cb87d83982-66320119/images/itunes-image.png', null)
      ;

        INSERT INTO library_tracks_artists
        (trackId, artistId)
        values ('podcast:track:clgz9riqz009t3b6ekf5jer1q', 'podcast:artist:clgz9riqw000d3b6emzyjak9r-clgz9riqz009v3b6evjzyhyi7')
      ;

        -- TODO: INSERT OR REPLACE once fixed in SKDB...
        -- INSERT OR REPLACE INTO library_albums
        DELETE FROM library_albums WHERE id = 'podcast:album:clgz9riqw000d3b6emzyjak9r-clgz9riqz009u3b6eijt5h3pz';
        INSERT INTO library_albums
        (id, name, colorsString, imageUrl, trackCount, releaseDate, copyrights)
        values ('podcast:album:clgz9riqw000d3b6emzyjak9r-clgz9riqz009u3b6eijt5h3pz', 'VISION Radio', null, 'https://episodes.castos.com/6138cb87d83982-66320119/images/itunes-image.png', 1, null, null)
      ;

        INSERT INTO library_tracks_playlists
                (trackId, playlistId, trackIndex, addedAtTimestamp)
                values ('podcast:track:clgz9riqz009t3b6ekf5jer1q', 'podcast:playlist:clgz9riqw000d3b6emzyjak9r', 113, 1614172560000)
      ;

        -- TODO: INSERT OR REPLACE once fixed in SKDB...
        -- INSERT OR REPLACE INTO library_tracks
        DELETE FROM library_tracks WHERE id = 'podcast:track:clgz9riqz009w3b6eno09ts04'; 
        INSERT INTO library_tracks
                (id, name, albumId, trackNumber, durationMs, isrc, imageUrl, audioUrl, externalLink, description)
                values ('podcast:track:clgz9riqz009w3b6eno09ts04', 'VISION Radio S01E07', 'podcast:album:clgz9riqw000d3b6emzyjak9r-clgz9riqz009x3b6eyrehfhyw', 0, 3600000, null, 'https://episodes.castos.com/6138cb87d83982-66320119/images/itunes-image.png', 'https://episodes.castos.com/6138cb87d83982-66320119/3VCo5bsgHU6Ob3lnTTb894e1XcBTFMxwDwl2aw8y.mp3', 'https://visionradio.castos.com/episodes/vision-radio-s01e07-1', 'Hello person, this week we have Latesleeper and Gyrofield with ‘Wake Up Slap’, Malux with ‘Swamp Thug’ and a Bukez Finezt remix for ‘Ghastly’ by Samba & Chokez.. All that and more!')
      ;

        -- TODO: INSERT OR REPLACE once fixed in SKDB...
        -- INSERT OR REPLACE INTO library_artists
        DELETE FROM library_artists WHERE id = 'podcast:artist:clgz9riqw000d3b6emzyjak9r-clgz9riqz009y3b6exocbmubk';
        INSERT INTO library_artists
        (id, name, imageUrl, colorsString)
        values ('podcast:artist:clgz9riqw000d3b6emzyjak9r-clgz9riqz009y3b6exocbmubk', 'VISION Radio', 'https://episodes.castos.com/6138cb87d83982-66320119/images/itunes-image.png', null)
      ;

        INSERT INTO library_tracks_artists
        (trackId, artistId)
        values ('podcast:track:clgz9riqz009w3b6eno09ts04', 'podcast:artist:clgz9riqw000d3b6emzyjak9r-clgz9riqz009y3b6exocbmubk')
      ;

        -- TODO: INSERT OR REPLACE once fixed in SKDB...
        -- INSERT OR REPLACE INTO library_albums
        DELETE FROM library_albums WHERE id = 'podcast:album:clgz9riqw000d3b6emzyjak9r-clgz9riqz009x3b6eyrehfhyw';
        INSERT INTO library_albums
        (id, name, colorsString, imageUrl, trackCount, releaseDate, copyrights)
        values ('podcast:album:clgz9riqw000d3b6emzyjak9r-clgz9riqz009x3b6eyrehfhyw', 'VISION Radio', null, 'https://episodes.castos.com/6138cb87d83982-66320119/images/itunes-image.png', 1, null, null)
      ;

        INSERT INTO library_tracks_playlists
                (trackId, playlistId, trackIndex, addedAtTimestamp)
                values ('podcast:track:clgz9riqz009w3b6eno09ts04', 'podcast:playlist:clgz9riqw000d3b6emzyjak9r', 114, 1613563800000)
      ;

        -- TODO: INSERT OR REPLACE once fixed in SKDB...
        -- INSERT OR REPLACE INTO library_tracks
        DELETE FROM library_tracks WHERE id = 'podcast:track:clgz9riqz009z3b6eep5jl3v8'; 
        INSERT INTO library_tracks
                (id, name, albumId, trackNumber, durationMs, isrc, imageUrl, audioUrl, externalLink, description)
                values ('podcast:track:clgz9riqz009z3b6eep5jl3v8', 'VISION Radio S01E06', 'podcast:album:clgz9riqw000d3b6emzyjak9r-clgz9riqz00a03b6e6ty2ygx6', 0, 3600000, null, 'https://episodes.castos.com/6138cb87d83982-66320119/images/itunes-image.png', 'https://episodes.castos.com/6138cb87d83982-66320119/KFWhYj28ppV7XgOSSRGnPsfz0BYmkWqw1N5OW7vK.mp3', 'https://visionradio.castos.com/episodes/vision-radio-s01e06-1', 'Hello person, this week we premiere ‘Angel Blade’ by Sleepnet, out this Friday on VISION. Jon Casey did a RE-UP edit of Berry Patch by Machinedrum & Holly, Secula drops more heat on NËU, and Bop closes the show with some smooth garage vibes.')
      ;

        -- TODO: INSERT OR REPLACE once fixed in SKDB...
        -- INSERT OR REPLACE INTO library_artists
        DELETE FROM library_artists WHERE id = 'podcast:artist:clgz9riqw000d3b6emzyjak9r-clgz9riqz00a13b6el0akibes';
        INSERT INTO library_artists
        (id, name, imageUrl, colorsString)
        values ('podcast:artist:clgz9riqw000d3b6emzyjak9r-clgz9riqz00a13b6el0akibes', 'VISION Radio', 'https://episodes.castos.com/6138cb87d83982-66320119/images/itunes-image.png', null)
      ;

        INSERT INTO library_tracks_artists
        (trackId, artistId)
        values ('podcast:track:clgz9riqz009z3b6eep5jl3v8', 'podcast:artist:clgz9riqw000d3b6emzyjak9r-clgz9riqz00a13b6el0akibes')
      ;

        -- TODO: INSERT OR REPLACE once fixed in SKDB...
        -- INSERT OR REPLACE INTO library_albums
        DELETE FROM library_albums WHERE id = 'podcast:album:clgz9riqw000d3b6emzyjak9r-clgz9riqz00a03b6e6ty2ygx6';
        INSERT INTO library_albums
        (id, name, colorsString, imageUrl, trackCount, releaseDate, copyrights)
        values ('podcast:album:clgz9riqw000d3b6emzyjak9r-clgz9riqz00a03b6e6ty2ygx6', 'VISION Radio', null, 'https://episodes.castos.com/6138cb87d83982-66320119/images/itunes-image.png', 1, null, null)
      ;

        INSERT INTO library_tracks_playlists
                (trackId, playlistId, trackIndex, addedAtTimestamp)
                values ('podcast:track:clgz9riqz009z3b6eep5jl3v8', 'podcast:playlist:clgz9riqw000d3b6emzyjak9r', 115, 1612966320000)
      ;

        -- TODO: INSERT OR REPLACE once fixed in SKDB...
        -- INSERT OR REPLACE INTO library_tracks
        DELETE FROM library_tracks WHERE id = 'podcast:track:clgz9riqz00a23b6et8d1k4r9'; 
        INSERT INTO library_tracks
                (id, name, albumId, trackNumber, durationMs, isrc, imageUrl, audioUrl, externalLink, description)
                values ('podcast:track:clgz9riqz00a23b6et8d1k4r9', 'VISION Radio S01E05', 'podcast:album:clgz9riqw000d3b6emzyjak9r-clgz9riqz00a33b6eus4fifoe', 0, 3602000, null, 'https://episodes.castos.com/6138cb87d83982-66320119/images/itunes-image.png', 'https://episodes.castos.com/6138cb87d83982-66320119/rubcj4mxQw28hMrNZhFk3EIvURCxsRCDnejZwNZS.mp3', 'https://visionradio.castos.com/episodes/vision-radio-s01e05-1', 'Hello person, this week we premiere ‘Screwed Up’ by Secula on NËU, play more new BOU music from Critical, and end on a live recording of Thys and the Noordpool Orkest. All this and more..')
      ;

        -- TODO: INSERT OR REPLACE once fixed in SKDB...
        -- INSERT OR REPLACE INTO library_artists
        DELETE FROM library_artists WHERE id = 'podcast:artist:clgz9riqw000d3b6emzyjak9r-clgz9riqz00a43b6ezxyziimp';
        INSERT INTO library_artists
        (id, name, imageUrl, colorsString)
        values ('podcast:artist:clgz9riqw000d3b6emzyjak9r-clgz9riqz00a43b6ezxyziimp', 'VISION Radio', 'https://episodes.castos.com/6138cb87d83982-66320119/images/itunes-image.png', null)
      ;

        INSERT INTO library_tracks_artists
        (trackId, artistId)
        values ('podcast:track:clgz9riqz00a23b6et8d1k4r9', 'podcast:artist:clgz9riqw000d3b6emzyjak9r-clgz9riqz00a43b6ezxyziimp')
      ;

        -- TODO: INSERT OR REPLACE once fixed in SKDB...
        -- INSERT OR REPLACE INTO library_albums
        DELETE FROM library_albums WHERE id = 'podcast:album:clgz9riqw000d3b6emzyjak9r-clgz9riqz00a33b6eus4fifoe';
        INSERT INTO library_albums
        (id, name, colorsString, imageUrl, trackCount, releaseDate, copyrights)
        values ('podcast:album:clgz9riqw000d3b6emzyjak9r-clgz9riqz00a33b6eus4fifoe', 'VISION Radio', null, 'https://episodes.castos.com/6138cb87d83982-66320119/images/itunes-image.png', 1, null, null)
      ;

        INSERT INTO library_tracks_playlists
                (trackId, playlistId, trackIndex, addedAtTimestamp)
                values ('podcast:track:clgz9riqz00a23b6et8d1k4r9', 'podcast:playlist:clgz9riqw000d3b6emzyjak9r', 116, 1612350180000)
      ;

        -- TODO: INSERT OR REPLACE once fixed in SKDB...
        -- INSERT OR REPLACE INTO library_tracks
        DELETE FROM library_tracks WHERE id = 'podcast:track:clgz9riqz00a53b6egbu585en'; 
        INSERT INTO library_tracks
                (id, name, albumId, trackNumber, durationMs, isrc, imageUrl, audioUrl, externalLink, description)
                values ('podcast:track:clgz9riqz00a53b6egbu585en', 'VISION Radio S01E04', 'podcast:album:clgz9riqw000d3b6emzyjak9r-clgz9riqz00a63b6e323gv261', 0, 3600000, null, 'https://episodes.castos.com/6138cb87d83982-66320119/images/itunes-image.png', 'https://episodes.castos.com/6138cb87d83982-66320119/Ewj30a4lS3Op4Ip19Sifwg11N1bYeEj6TftqwGMD.mp3', 'https://visionradio.castos.com/episodes/vision-radio-s01e04-1', 'VISION Radio this week: ‘Bloom’ by IMANU in the remix by Kimyan Law, ‘Droplettes’ by Xtrah & Genic on Playaz, and the percussion driven ‘Cult Process’ by Particle & Klinical. All this and more..')
      ;

        -- TODO: INSERT OR REPLACE once fixed in SKDB...
        -- INSERT OR REPLACE INTO library_artists
        DELETE FROM library_artists WHERE id = 'podcast:artist:clgz9riqw000d3b6emzyjak9r-clgz9riqz00a73b6elhlv8it1';
        INSERT INTO library_artists
        (id, name, imageUrl, colorsString)
        values ('podcast:artist:clgz9riqw000d3b6emzyjak9r-clgz9riqz00a73b6elhlv8it1', 'VISION Radio', 'https://episodes.castos.com/6138cb87d83982-66320119/images/itunes-image.png', null)
      ;

        INSERT INTO library_tracks_artists
        (trackId, artistId)
        values ('podcast:track:clgz9riqz00a53b6egbu585en', 'podcast:artist:clgz9riqw000d3b6emzyjak9r-clgz9riqz00a73b6elhlv8it1')
      ;

        -- TODO: INSERT OR REPLACE once fixed in SKDB...
        -- INSERT OR REPLACE INTO library_albums
        DELETE FROM library_albums WHERE id = 'podcast:album:clgz9riqw000d3b6emzyjak9r-clgz9riqz00a63b6e323gv261';
        INSERT INTO library_albums
        (id, name, colorsString, imageUrl, trackCount, releaseDate, copyrights)
        values ('podcast:album:clgz9riqw000d3b6emzyjak9r-clgz9riqz00a63b6e323gv261', 'VISION Radio', null, 'https://episodes.castos.com/6138cb87d83982-66320119/images/itunes-image.png', 1, null, null)
      ;

        INSERT INTO library_tracks_playlists
                (trackId, playlistId, trackIndex, addedAtTimestamp)
                values ('podcast:track:clgz9riqz00a53b6egbu585en', 'podcast:playlist:clgz9riqw000d3b6emzyjak9r', 117, 1611753360000)
      ;

        -- TODO: INSERT OR REPLACE once fixed in SKDB...
        -- INSERT OR REPLACE INTO library_tracks
        DELETE FROM library_tracks WHERE id = 'podcast:track:clgz9riqz00a83b6ew7e9v503'; 
        INSERT INTO library_tracks
                (id, name, albumId, trackNumber, durationMs, isrc, imageUrl, audioUrl, externalLink, description)
                values ('podcast:track:clgz9riqz00a83b6ew7e9v503', 'VISION Radio S01E03', 'podcast:album:clgz9riqw000d3b6emzyjak9r-clgz9riqz00a93b6ep0ajgiy1', 0, 3600000, null, 'https://episodes.castos.com/6138cb87d83982-66320119/images/itunes-image.png', 'https://episodes.castos.com/6138cb87d83982-66320119/azjmaPBbk4kncdGTcQ8msJiXNEEgq3a9ncP8oOJ0.mp3', 'https://visionradio.castos.com/episodes/vision-radio-s01e03-1', 'Hello person, this week we have ´Noir´ by IMANU in the remix by Bop, and we go back 5 years for ´Fake´ by Bl4ck Owlz, released on the retired INVISIBLE imprint. More new music by Division, TEK-DIF, Ternion Sound, Synergy and more..')
      ;

        -- TODO: INSERT OR REPLACE once fixed in SKDB...
        -- INSERT OR REPLACE INTO library_artists
        DELETE FROM library_artists WHERE id = 'podcast:artist:clgz9riqw000d3b6emzyjak9r-clgz9riqz00aa3b6ew1anqh2q';
        INSERT INTO library_artists
        (id, name, imageUrl, colorsString)
        values ('podcast:artist:clgz9riqw000d3b6emzyjak9r-clgz9riqz00aa3b6ew1anqh2q', 'VISION Radio', 'https://episodes.castos.com/6138cb87d83982-66320119/images/itunes-image.png', null)
      ;

        INSERT INTO library_tracks_artists
        (trackId, artistId)
        values ('podcast:track:clgz9riqz00a83b6ew7e9v503', 'podcast:artist:clgz9riqw000d3b6emzyjak9r-clgz9riqz00aa3b6ew1anqh2q')
      ;

        -- TODO: INSERT OR REPLACE once fixed in SKDB...
        -- INSERT OR REPLACE INTO library_albums
        DELETE FROM library_albums WHERE id = 'podcast:album:clgz9riqw000d3b6emzyjak9r-clgz9riqz00a93b6ep0ajgiy1';
        INSERT INTO library_albums
        (id, name, colorsString, imageUrl, trackCount, releaseDate, copyrights)
        values ('podcast:album:clgz9riqw000d3b6emzyjak9r-clgz9riqz00a93b6ep0ajgiy1', 'VISION Radio', null, 'https://episodes.castos.com/6138cb87d83982-66320119/images/itunes-image.png', 1, null, null)
      ;

        INSERT INTO library_tracks_playlists
                (trackId, playlistId, trackIndex, addedAtTimestamp)
                values ('podcast:track:clgz9riqz00a83b6ew7e9v503', 'podcast:playlist:clgz9riqw000d3b6emzyjak9r', 118, 1611143580000)
      ;

        -- TODO: INSERT OR REPLACE once fixed in SKDB...
        -- INSERT OR REPLACE INTO library_tracks
        DELETE FROM library_tracks WHERE id = 'podcast:track:clgz9riqz00ab3b6e0fum80ev'; 
        INSERT INTO library_tracks
                (id, name, albumId, trackNumber, durationMs, isrc, imageUrl, audioUrl, externalLink, description)
                values ('podcast:track:clgz9riqz00ab3b6e0fum80ev', 'VISION Radio S01E02', 'podcast:album:clgz9riqw000d3b6emzyjak9r-clgz9riqz00ac3b6ep0tdvgkr', 0, 3600000, null, 'https://episodes.castos.com/6138cb87d83982-66320119/images/itunes-image.png', 'https://episodes.castos.com/6138cb87d83982-66320119/a0elakM8lFnUuoENAifeYeDBmrZNatMFDaaEj3Tq.mp3', 'https://visionradio.castos.com/episodes/vision-radio-s01e02-1', 'Hello Person, this week we have ‘Music To Stay In Your House To’ by IMANU, in the Buunshin ‘Go Outside’ remix, taken from the ‘RE: IMANU’ EP, out now on VISION. New music by Phace, Workforce, Ternion Sound, Bou & Upgrade, and more..')
      ;

        -- TODO: INSERT OR REPLACE once fixed in SKDB...
        -- INSERT OR REPLACE INTO library_artists
        DELETE FROM library_artists WHERE id = 'podcast:artist:clgz9riqw000d3b6emzyjak9r-clgz9riqz00ad3b6eu52sjziz';
        INSERT INTO library_artists
        (id, name, imageUrl, colorsString)
        values ('podcast:artist:clgz9riqw000d3b6emzyjak9r-clgz9riqz00ad3b6eu52sjziz', 'VISION Radio', 'https://episodes.castos.com/6138cb87d83982-66320119/images/itunes-image.png', null)
      ;

        INSERT INTO library_tracks_artists
        (trackId, artistId)
        values ('podcast:track:clgz9riqz00ab3b6e0fum80ev', 'podcast:artist:clgz9riqw000d3b6emzyjak9r-clgz9riqz00ad3b6eu52sjziz')
      ;

        -- TODO: INSERT OR REPLACE once fixed in SKDB...
        -- INSERT OR REPLACE INTO library_albums
        DELETE FROM library_albums WHERE id = 'podcast:album:clgz9riqw000d3b6emzyjak9r-clgz9riqz00ac3b6ep0tdvgkr';
        INSERT INTO library_albums
        (id, name, colorsString, imageUrl, trackCount, releaseDate, copyrights)
        values ('podcast:album:clgz9riqw000d3b6emzyjak9r-clgz9riqz00ac3b6ep0tdvgkr', 'VISION Radio', null, 'https://episodes.castos.com/6138cb87d83982-66320119/images/itunes-image.png', 1, null, null)
      ;

        INSERT INTO library_tracks_playlists
                (trackId, playlistId, trackIndex, addedAtTimestamp)
                values ('podcast:track:clgz9riqz00ab3b6e0fum80ev', 'podcast:playlist:clgz9riqw000d3b6emzyjak9r', 119, 1610568900000)
      ;

        -- TODO: INSERT OR REPLACE once fixed in SKDB...
        -- INSERT OR REPLACE INTO library_tracks
        DELETE FROM library_tracks WHERE id = 'podcast:track:clgz9riqz00ae3b6e71jwc80s'; 
        INSERT INTO library_tracks
                (id, name, albumId, trackNumber, durationMs, isrc, imageUrl, audioUrl, externalLink, description)
                values ('podcast:track:clgz9riqz00ae3b6e71jwc80s', 'VISION Radio S01E01', 'podcast:album:clgz9riqw000d3b6emzyjak9r-clgz9riqz00af3b6e2gn6um98', 0, 3600000, null, 'https://episodes.castos.com/6138cb87d83982-66320119/images/itunes-image.png', 'https://episodes.castos.com/6138cb87d83982-66320119/JzFRwZgXBUt7gluyWYHm2SntDyG12fXxioLp6SNU.mp3', 'https://visionradio.castos.com/episodes/vision-radio-s01e01-1', 'Hello person, welcome to the very first episode of VISION Radio (f.k.a. Noisia Radio). We’re kicking things off with ‘The Tide’ by Noisia, the first release on VISION. We have ‘Nonplus’ by IMANU in the remix by Skantia and more...')
      ;

        -- TODO: INSERT OR REPLACE once fixed in SKDB...
        -- INSERT OR REPLACE INTO library_artists
        DELETE FROM library_artists WHERE id = 'podcast:artist:clgz9riqw000d3b6emzyjak9r-clgz9riqz00ag3b6exiw3evan';
        INSERT INTO library_artists
        (id, name, imageUrl, colorsString)
        values ('podcast:artist:clgz9riqw000d3b6emzyjak9r-clgz9riqz00ag3b6exiw3evan', 'VISION Radio', 'https://episodes.castos.com/6138cb87d83982-66320119/images/itunes-image.png', null)
      ;

        INSERT INTO library_tracks_artists
        (trackId, artistId)
        values ('podcast:track:clgz9riqz00ae3b6e71jwc80s', 'podcast:artist:clgz9riqw000d3b6emzyjak9r-clgz9riqz00ag3b6exiw3evan')
      ;

        -- TODO: INSERT OR REPLACE once fixed in SKDB...
        -- INSERT OR REPLACE INTO library_albums
        DELETE FROM library_albums WHERE id = 'podcast:album:clgz9riqw000d3b6emzyjak9r-clgz9riqz00af3b6e2gn6um98';
        INSERT INTO library_albums
        (id, name, colorsString, imageUrl, trackCount, releaseDate, copyrights)
        values ('podcast:album:clgz9riqw000d3b6emzyjak9r-clgz9riqz00af3b6e2gn6um98', 'VISION Radio', null, 'https://episodes.castos.com/6138cb87d83982-66320119/images/itunes-image.png', 1, null, null)
      ;

        INSERT INTO library_tracks_playlists
                (trackId, playlistId, trackIndex, addedAtTimestamp)
                values ('podcast:track:clgz9riqz00ae3b6e71jwc80s', 'podcast:playlist:clgz9riqw000d3b6emzyjak9r', 120, 1609942680000)
      ;

        -- TODO: INSERT OR REPLACE once fixed in SKDB...
        -- INSERT OR REPLACE INTO library_tracks
        DELETE FROM library_tracks WHERE id = 'podcast:track:clgz9riqz00ah3b6ef10l0zxk'; 
        INSERT INTO library_tracks
                (id, name, albumId, trackNumber, durationMs, isrc, imageUrl, audioUrl, externalLink, description)
                values ('podcast:track:clgz9riqz00ah3b6ef10l0zxk', 'Noisia Radio S06E53 (The Reload Special)', 'podcast:album:clgz9riqw000d3b6emzyjak9r-clgz9riqz00ai3b6esitcjehj', 0, 3706000, null, 'https://episodes.castos.com/6138cb87d83982-66320119/images/itunes-image.png', 'https://episodes.castos.com/6138cb87d83982-66320119/SFMlrPHm4LOM7KyBCoGHUYwyL64otL1lMVDVajrD.mp3', 'https://visionradio.castos.com/episodes/noisia-radio-s06e53-the-reload-special-1', 'This week: The very last episode of Noisia Radio. We’ve compiled all the 2020 reloads that were voted in by our patrons for this one. Thanks for listening to 289 episodes, and let’s meet again next year, on VISION Radio!')
      ;

        -- TODO: INSERT OR REPLACE once fixed in SKDB...
        -- INSERT OR REPLACE INTO library_artists
        DELETE FROM library_artists WHERE id = 'podcast:artist:clgz9riqw000d3b6emzyjak9r-clgz9riqz00aj3b6eih33opdk';
        INSERT INTO library_artists
        (id, name, imageUrl, colorsString)
        values ('podcast:artist:clgz9riqw000d3b6emzyjak9r-clgz9riqz00aj3b6eih33opdk', 'VISION Radio', 'https://episodes.castos.com/6138cb87d83982-66320119/images/itunes-image.png', null)
      ;

        INSERT INTO library_tracks_artists
        (trackId, artistId)
        values ('podcast:track:clgz9riqz00ah3b6ef10l0zxk', 'podcast:artist:clgz9riqw000d3b6emzyjak9r-clgz9riqz00aj3b6eih33opdk')
      ;

        -- TODO: INSERT OR REPLACE once fixed in SKDB...
        -- INSERT OR REPLACE INTO library_albums
        DELETE FROM library_albums WHERE id = 'podcast:album:clgz9riqw000d3b6emzyjak9r-clgz9riqz00ai3b6esitcjehj';
        INSERT INTO library_albums
        (id, name, colorsString, imageUrl, trackCount, releaseDate, copyrights)
        values ('podcast:album:clgz9riqw000d3b6emzyjak9r-clgz9riqz00ai3b6esitcjehj', 'VISION Radio', null, 'https://episodes.castos.com/6138cb87d83982-66320119/images/itunes-image.png', 1, null, null)
      ;

        INSERT INTO library_tracks_playlists
                (trackId, playlistId, trackIndex, addedAtTimestamp)
                values ('podcast:track:clgz9riqz00ah3b6ef10l0zxk', 'podcast:playlist:clgz9riqw000d3b6emzyjak9r', 121, 1609333800000)
      ;

        -- TODO: INSERT OR REPLACE once fixed in SKDB...
        -- INSERT OR REPLACE INTO library_tracks
        DELETE FROM library_tracks WHERE id = 'podcast:track:clgz9riqz00ak3b6ekowgke6e'; 
        INSERT INTO library_tracks
                (id, name, albumId, trackNumber, durationMs, isrc, imageUrl, audioUrl, externalLink, description)
                values ('podcast:track:clgz9riqz00ak3b6ekowgke6e', 'Noisia Radio S06E52', 'podcast:album:clgz9riqw000d3b6emzyjak9r-clgz9riqz00al3b6e28qkx8jc', 0, 3600000, null, 'https://episodes.castos.com/6138cb87d83982-66320119/images/itunes-image.png', 'https://episodes.castos.com/6138cb87d83982-66320119/6V56gnb2204Y7DEB2UTyZptNksOM0Ca3iQAxOl1z.mp3', 'https://visionradio.castos.com/episodes/noisia-radio-s06e52-1', 'Noisia‌ ‌Radio‌ ‌this‌ ‌week:‌ ‌The Herzeloyde remix for ‘Whatever It Takes’ by IMANU, taken from the ‘Re IMANU’ ep, out now on VISION! More new music by Bou & Mefjus, Gyrofield, Not Yes, Serum x Kasra, QZB and more… Enjoy!')
      ;

        -- TODO: INSERT OR REPLACE once fixed in SKDB...
        -- INSERT OR REPLACE INTO library_artists
        DELETE FROM library_artists WHERE id = 'podcast:artist:clgz9riqw000d3b6emzyjak9r-clgz9riqz00am3b6ef2ugms80';
        INSERT INTO library_artists
        (id, name, imageUrl, colorsString)
        values ('podcast:artist:clgz9riqw000d3b6emzyjak9r-clgz9riqz00am3b6ef2ugms80', 'VISION Radio', 'https://episodes.castos.com/6138cb87d83982-66320119/images/itunes-image.png', null)
      ;

        INSERT INTO library_tracks_artists
        (trackId, artistId)
        values ('podcast:track:clgz9riqz00ak3b6ekowgke6e', 'podcast:artist:clgz9riqw000d3b6emzyjak9r-clgz9riqz00am3b6ef2ugms80')
      ;

        -- TODO: INSERT OR REPLACE once fixed in SKDB...
        -- INSERT OR REPLACE INTO library_albums
        DELETE FROM library_albums WHERE id = 'podcast:album:clgz9riqw000d3b6emzyjak9r-clgz9riqz00al3b6e28qkx8jc';
        INSERT INTO library_albums
        (id, name, colorsString, imageUrl, trackCount, releaseDate, copyrights)
        values ('podcast:album:clgz9riqw000d3b6emzyjak9r-clgz9riqz00al3b6e28qkx8jc', 'VISION Radio', null, 'https://episodes.castos.com/6138cb87d83982-66320119/images/itunes-image.png', 1, null, null)
      ;

        INSERT INTO library_tracks_playlists
                (trackId, playlistId, trackIndex, addedAtTimestamp)
                values ('podcast:track:clgz9riqz00ak3b6ekowgke6e', 'podcast:playlist:clgz9riqw000d3b6emzyjak9r', 122, 1608725664000)
      ;

        -- TODO: INSERT OR REPLACE once fixed in SKDB...
        -- INSERT OR REPLACE INTO library_tracks
        DELETE FROM library_tracks WHERE id = 'podcast:track:clgz9riqz00an3b6e8k59npl7'; 
        INSERT INTO library_tracks
                (id, name, albumId, trackNumber, durationMs, isrc, imageUrl, audioUrl, externalLink, description)
                values ('podcast:track:clgz9riqz00an3b6e8k59npl7', 'Noisia Radio S06E51', 'podcast:album:clgz9riqw000d3b6emzyjak9r-clgz9riqz00ao3b6em4ujhgsq', 0, 3600000, null, 'https://episodes.castos.com/6138cb87d83982-66320119/images/itunes-image.png', 'https://episodes.castos.com/6138cb87d83982-66320119/2T2PZNHJmQDj19COFSnKOktECY4538DJWXY7dnRz.mp3', 'https://visionradio.castos.com/episodes/noisia-radio-s06e51-1', 'Noisia‌ ‌Radio‌ ‌this‌ ‌week:‌ ‌We premiere the ATRIP remix for ‘Monchou’ by IMANU, taken from the ‘Re IMANU’ ep, where several artists remix music from the latest IMANU EP’s, out this Friday on VISION!')
      ;

        -- TODO: INSERT OR REPLACE once fixed in SKDB...
        -- INSERT OR REPLACE INTO library_artists
        DELETE FROM library_artists WHERE id = 'podcast:artist:clgz9riqw000d3b6emzyjak9r-clgz9riqz00ap3b6ej23c81n5';
        INSERT INTO library_artists
        (id, name, imageUrl, colorsString)
        values ('podcast:artist:clgz9riqw000d3b6emzyjak9r-clgz9riqz00ap3b6ej23c81n5', 'VISION Radio', 'https://episodes.castos.com/6138cb87d83982-66320119/images/itunes-image.png', null)
      ;

        INSERT INTO library_tracks_artists
        (trackId, artistId)
        values ('podcast:track:clgz9riqz00an3b6e8k59npl7', 'podcast:artist:clgz9riqw000d3b6emzyjak9r-clgz9riqz00ap3b6ej23c81n5')
      ;

        -- TODO: INSERT OR REPLACE once fixed in SKDB...
        -- INSERT OR REPLACE INTO library_albums
        DELETE FROM library_albums WHERE id = 'podcast:album:clgz9riqw000d3b6emzyjak9r-clgz9riqz00ao3b6em4ujhgsq';
        INSERT INTO library_albums
        (id, name, colorsString, imageUrl, trackCount, releaseDate, copyrights)
        values ('podcast:album:clgz9riqw000d3b6emzyjak9r-clgz9riqz00ao3b6em4ujhgsq', 'VISION Radio', null, 'https://episodes.castos.com/6138cb87d83982-66320119/images/itunes-image.png', 1, null, null)
      ;

        INSERT INTO library_tracks_playlists
                (trackId, playlistId, trackIndex, addedAtTimestamp)
                values ('podcast:track:clgz9riqz00an3b6e8k59npl7', 'podcast:playlist:clgz9riqw000d3b6emzyjak9r', 123, 1608125818000)
      ;

        -- TODO: INSERT OR REPLACE once fixed in SKDB...
        -- INSERT OR REPLACE INTO library_tracks
        DELETE FROM library_tracks WHERE id = 'podcast:track:clgz9riqz00aq3b6ebdwtl4u3'; 
        INSERT INTO library_tracks
                (id, name, albumId, trackNumber, durationMs, isrc, imageUrl, audioUrl, externalLink, description)
                values ('podcast:track:clgz9riqz00aq3b6ebdwtl4u3', 'Noisia Radio S06E50', 'podcast:album:clgz9riqw000d3b6emzyjak9r-clgz9riqz00ar3b6etid8l2t2', 0, 3600000, null, 'https://episodes.castos.com/6138cb87d83982-66320119/images/itunes-image.png', 'https://episodes.castos.com/6138cb87d83982-66320119/3t0S2TqC2kFAQV7Qz855LEPeSOVc5pQ4aHHAaVt1.mp3', 'https://visionradio.castos.com/episodes/noisia-radio-s06e50-1', 'Noisia Radio this week: ‘Badlands’ by Thys & Amon Tobin, taken from the ‘Ithaca’ EP on VISION. We have a selection from the ‘Overview Part. 3’ EP, more new music by Missin, Not Yes, Zombie Cats and more..')
      ;

        -- TODO: INSERT OR REPLACE once fixed in SKDB...
        -- INSERT OR REPLACE INTO library_artists
        DELETE FROM library_artists WHERE id = 'podcast:artist:clgz9riqw000d3b6emzyjak9r-clgz9riqz00as3b6em99av4em';
        INSERT INTO library_artists
        (id, name, imageUrl, colorsString)
        values ('podcast:artist:clgz9riqw000d3b6emzyjak9r-clgz9riqz00as3b6em99av4em', 'VISION Radio', 'https://episodes.castos.com/6138cb87d83982-66320119/images/itunes-image.png', null)
      ;

        INSERT INTO library_tracks_artists
        (trackId, artistId)
        values ('podcast:track:clgz9riqz00aq3b6ebdwtl4u3', 'podcast:artist:clgz9riqw000d3b6emzyjak9r-clgz9riqz00as3b6em99av4em')
      ;

        -- TODO: INSERT OR REPLACE once fixed in SKDB...
        -- INSERT OR REPLACE INTO library_albums
        DELETE FROM library_albums WHERE id = 'podcast:album:clgz9riqw000d3b6emzyjak9r-clgz9riqz00ar3b6etid8l2t2';
        INSERT INTO library_albums
        (id, name, colorsString, imageUrl, trackCount, releaseDate, copyrights)
        values ('podcast:album:clgz9riqw000d3b6emzyjak9r-clgz9riqz00ar3b6etid8l2t2', 'VISION Radio', null, 'https://episodes.castos.com/6138cb87d83982-66320119/images/itunes-image.png', 1, null, null)
      ;

        INSERT INTO library_tracks_playlists
                (trackId, playlistId, trackIndex, addedAtTimestamp)
                values ('podcast:track:clgz9riqz00aq3b6ebdwtl4u3', 'podcast:playlist:clgz9riqw000d3b6emzyjak9r', 124, 1607516612000)
      ;

        -- TODO: INSERT OR REPLACE once fixed in SKDB...
        -- INSERT OR REPLACE INTO library_tracks
        DELETE FROM library_tracks WHERE id = 'podcast:track:clgz9riqz00at3b6eyr9wovke'; 
        INSERT INTO library_tracks
                (id, name, albumId, trackNumber, durationMs, isrc, imageUrl, audioUrl, externalLink, description)
                values ('podcast:track:clgz9riqz00at3b6eyr9wovke', 'Noisia Radio S06E49', 'podcast:album:clgz9riqw000d3b6emzyjak9r-clgz9riqz00au3b6enxfzhodw', 0, 3600000, null, 'https://episodes.castos.com/6138cb87d83982-66320119/images/itunes-image.png', 'https://episodes.castos.com/6138cb87d83982-66320119/rKKn22dNELEVDUj64TNwmOiy6xy1gP6qY18do3f9.mp3', 'https://visionradio.castos.com/episodes/noisia-radio-s06e49-1', 'Noisia Radio this week: Forbidden Society goes in deep with ‘Resist’ and Ivy Lab drops ‘Husk’ from their ‘Blonde’ EP. All this and more new music by Molecular, Synergy, Not Yes, Thys & Amon Tobin, Høst and more… Enjoy!')
      ;

        -- TODO: INSERT OR REPLACE once fixed in SKDB...
        -- INSERT OR REPLACE INTO library_artists
        DELETE FROM library_artists WHERE id = 'podcast:artist:clgz9riqw000d3b6emzyjak9r-clgz9riqz00av3b6e468g8a7o';
        INSERT INTO library_artists
        (id, name, imageUrl, colorsString)
        values ('podcast:artist:clgz9riqw000d3b6emzyjak9r-clgz9riqz00av3b6e468g8a7o', 'VISION Radio', 'https://episodes.castos.com/6138cb87d83982-66320119/images/itunes-image.png', null)
      ;

        INSERT INTO library_tracks_artists
        (trackId, artistId)
        values ('podcast:track:clgz9riqz00at3b6eyr9wovke', 'podcast:artist:clgz9riqw000d3b6emzyjak9r-clgz9riqz00av3b6e468g8a7o')
      ;

        -- TODO: INSERT OR REPLACE once fixed in SKDB...
        -- INSERT OR REPLACE INTO library_albums
        DELETE FROM library_albums WHERE id = 'podcast:album:clgz9riqw000d3b6emzyjak9r-clgz9riqz00au3b6enxfzhodw';
        INSERT INTO library_albums
        (id, name, colorsString, imageUrl, trackCount, releaseDate, copyrights)
        values ('podcast:album:clgz9riqw000d3b6emzyjak9r-clgz9riqz00au3b6enxfzhodw', 'VISION Radio', null, 'https://episodes.castos.com/6138cb87d83982-66320119/images/itunes-image.png', 1, null, null)
      ;

        INSERT INTO library_tracks_playlists
                (trackId, playlistId, trackIndex, addedAtTimestamp)
                values ('podcast:track:clgz9riqz00at3b6eyr9wovke', 'podcast:playlist:clgz9riqw000d3b6emzyjak9r', 125, 1606910359000)
      ;

        -- TODO: INSERT OR REPLACE once fixed in SKDB...
        -- INSERT OR REPLACE INTO library_tracks
        DELETE FROM library_tracks WHERE id = 'podcast:track:clgz9riqz00aw3b6eaym065tx'; 
        INSERT INTO library_tracks
                (id, name, albumId, trackNumber, durationMs, isrc, imageUrl, audioUrl, externalLink, description)
                values ('podcast:track:clgz9riqz00aw3b6eaym065tx', 'Noisia Radio S06E48', 'podcast:album:clgz9riqw000d3b6emzyjak9r-clgz9riqz00ax3b6e9a858b32', 0, 3600000, null, 'https://episodes.castos.com/6138cb87d83982-66320119/images/itunes-image.png', 'https://episodes.castos.com/6138cb87d83982-66320119/a6FOtwN7OALKkLJFSGBAITwkqlvHEYnNiHxfhUF1.mp3', 'https://visionradio.castos.com/episodes/noisia-radio-s06e48-1', 'Noisia Radio this week: Fre4knc in the remix for ANMA’s ‘Kick ‘Em All’, The Caracal Project on good-title duties with ‘Watercats’. ‘Turning Points’ by Thys & Amon Tobin to balance these percussion-heavy songs out, all this and more! Aaaairhooorn.')
      ;

        -- TODO: INSERT OR REPLACE once fixed in SKDB...
        -- INSERT OR REPLACE INTO library_artists
        DELETE FROM library_artists WHERE id = 'podcast:artist:clgz9riqw000d3b6emzyjak9r-clgz9riqz00ay3b6eg889rrnj';
        INSERT INTO library_artists
        (id, name, imageUrl, colorsString)
        values ('podcast:artist:clgz9riqw000d3b6emzyjak9r-clgz9riqz00ay3b6eg889rrnj', 'VISION Radio', 'https://episodes.castos.com/6138cb87d83982-66320119/images/itunes-image.png', null)
      ;

        INSERT INTO library_tracks_artists
        (trackId, artistId)
        values ('podcast:track:clgz9riqz00aw3b6eaym065tx', 'podcast:artist:clgz9riqw000d3b6emzyjak9r-clgz9riqz00ay3b6eg889rrnj')
      ;

        -- TODO: INSERT OR REPLACE once fixed in SKDB...
        -- INSERT OR REPLACE INTO library_albums
        DELETE FROM library_albums WHERE id = 'podcast:album:clgz9riqw000d3b6emzyjak9r-clgz9riqz00ax3b6e9a858b32';
        INSERT INTO library_albums
        (id, name, colorsString, imageUrl, trackCount, releaseDate, copyrights)
        values ('podcast:album:clgz9riqw000d3b6emzyjak9r-clgz9riqz00ax3b6e9a858b32', 'VISION Radio', null, 'https://episodes.castos.com/6138cb87d83982-66320119/images/itunes-image.png', 1, null, null)
      ;

        INSERT INTO library_tracks_playlists
                (trackId, playlistId, trackIndex, addedAtTimestamp)
                values ('podcast:track:clgz9riqz00aw3b6eaym065tx', 'podcast:playlist:clgz9riqw000d3b6emzyjak9r', 126, 1606316438000)
      ;

        -- TODO: INSERT OR REPLACE once fixed in SKDB...
        -- INSERT OR REPLACE INTO library_tracks
        DELETE FROM library_tracks WHERE id = 'podcast:track:clgz9riqz00az3b6ex4o4farx'; 
        INSERT INTO library_tracks
                (id, name, albumId, trackNumber, durationMs, isrc, imageUrl, audioUrl, externalLink, description)
                values ('podcast:track:clgz9riqz00az3b6ex4o4farx', 'Noisia Radio S06E47', 'podcast:album:clgz9riqw000d3b6emzyjak9r-clgz9riqz00b03b6eikoluruv', 0, 3600000, null, 'https://episodes.castos.com/6138cb87d83982-66320119/images/itunes-image.png', 'https://episodes.castos.com/6138cb87d83982-66320119/QtzzgaICDV7JzdY0GY7gG8GygzndohNjJmjCrhZI.mp3', 'https://visionradio.castos.com/episodes/noisia-radio-s06e47-1', 'Noisia Radio this week: ‘Departure’ by Thys & Amon Tobin, taken from their ‘Ithaca’ EP. A project they’ve been working on for years, seeing its release this Friday on VISION. More new music by Buunshin, Notequal, Skylark, Høst, Badklaat and more..')
      ;

        -- TODO: INSERT OR REPLACE once fixed in SKDB...
        -- INSERT OR REPLACE INTO library_artists
        DELETE FROM library_artists WHERE id = 'podcast:artist:clgz9riqw000d3b6emzyjak9r-clgz9riqz00b13b6em5szn0en';
        INSERT INTO library_artists
        (id, name, imageUrl, colorsString)
        values ('podcast:artist:clgz9riqw000d3b6emzyjak9r-clgz9riqz00b13b6em5szn0en', 'VISION Radio', 'https://episodes.castos.com/6138cb87d83982-66320119/images/itunes-image.png', null)
      ;

        INSERT INTO library_tracks_artists
        (trackId, artistId)
        values ('podcast:track:clgz9riqz00az3b6ex4o4farx', 'podcast:artist:clgz9riqw000d3b6emzyjak9r-clgz9riqz00b13b6em5szn0en')
      ;

        -- TODO: INSERT OR REPLACE once fixed in SKDB...
        -- INSERT OR REPLACE INTO library_albums
        DELETE FROM library_albums WHERE id = 'podcast:album:clgz9riqw000d3b6emzyjak9r-clgz9riqz00b03b6eikoluruv';
        INSERT INTO library_albums
        (id, name, colorsString, imageUrl, trackCount, releaseDate, copyrights)
        values ('podcast:album:clgz9riqw000d3b6emzyjak9r-clgz9riqz00b03b6eikoluruv', 'VISION Radio', null, 'https://episodes.castos.com/6138cb87d83982-66320119/images/itunes-image.png', 1, null, null)
      ;

        INSERT INTO library_tracks_playlists
                (trackId, playlistId, trackIndex, addedAtTimestamp)
                values ('podcast:track:clgz9riqz00az3b6ex4o4farx', 'podcast:playlist:clgz9riqw000d3b6emzyjak9r', 127, 1605700920000)
      ;

        -- TODO: INSERT OR REPLACE once fixed in SKDB...
        -- INSERT OR REPLACE INTO library_tracks
        DELETE FROM library_tracks WHERE id = 'podcast:track:clgz9riqz00b23b6em5e6wr7t'; 
        INSERT INTO library_tracks
                (id, name, albumId, trackNumber, durationMs, isrc, imageUrl, audioUrl, externalLink, description)
                values ('podcast:track:clgz9riqz00b23b6em5e6wr7t', 'Noisia Radio S06E46', 'podcast:album:clgz9riqw000d3b6emzyjak9r-clgz9riqz00b33b6e5wbrvs8f', 0, 3600000, null, 'https://episodes.castos.com/6138cb87d83982-66320119/images/itunes-image.png', 'https://episodes.castos.com/6138cb87d83982-66320119/hEM6jo2edK6TDrSvuOuATcx4HnSsiSTsHSoO3k4Q.mp3', 'https://visionradio.castos.com/episodes/noisia-radio-s06e46-1', 'Noisia Radio this week: Lots of new heat by lots of friends! A beautifully designed piece by Alix Perez & Halogenix, new Buunshin fighting music, and Hybris on the blips and blops for Dabs on Dispatch. All this and more things!')
      ;

        -- TODO: INSERT OR REPLACE once fixed in SKDB...
        -- INSERT OR REPLACE INTO library_artists
        DELETE FROM library_artists WHERE id = 'podcast:artist:clgz9riqw000d3b6emzyjak9r-clgz9riqz00b43b6ey68a229z';
        INSERT INTO library_artists
        (id, name, imageUrl, colorsString)
        values ('podcast:artist:clgz9riqw000d3b6emzyjak9r-clgz9riqz00b43b6ey68a229z', 'VISION Radio', 'https://episodes.castos.com/6138cb87d83982-66320119/images/itunes-image.png', null)
      ;

        INSERT INTO library_tracks_artists
        (trackId, artistId)
        values ('podcast:track:clgz9riqz00b23b6em5e6wr7t', 'podcast:artist:clgz9riqw000d3b6emzyjak9r-clgz9riqz00b43b6ey68a229z')
      ;

        -- TODO: INSERT OR REPLACE once fixed in SKDB...
        -- INSERT OR REPLACE INTO library_albums
        DELETE FROM library_albums WHERE id = 'podcast:album:clgz9riqw000d3b6emzyjak9r-clgz9riqz00b33b6e5wbrvs8f';
        INSERT INTO library_albums
        (id, name, colorsString, imageUrl, trackCount, releaseDate, copyrights)
        values ('podcast:album:clgz9riqw000d3b6emzyjak9r-clgz9riqz00b33b6e5wbrvs8f', 'VISION Radio', null, 'https://episodes.castos.com/6138cb87d83982-66320119/images/itunes-image.png', 1, null, null)
      ;

        INSERT INTO library_tracks_playlists
                (trackId, playlistId, trackIndex, addedAtTimestamp)
                values ('podcast:track:clgz9riqz00b23b6em5e6wr7t', 'podcast:playlist:clgz9riqw000d3b6emzyjak9r', 128, 1605097841000)
      ;

        -- TODO: INSERT OR REPLACE once fixed in SKDB...
        -- INSERT OR REPLACE INTO library_tracks
        DELETE FROM library_tracks WHERE id = 'podcast:track:clgz9riqz00b53b6e0vqz1unz'; 
        INSERT INTO library_tracks
                (id, name, albumId, trackNumber, durationMs, isrc, imageUrl, audioUrl, externalLink, description)
                values ('podcast:track:clgz9riqz00b53b6e0vqz1unz', 'Noisia Radio S06E45', 'podcast:album:clgz9riqw000d3b6emzyjak9r-clgz9riqz00b63b6eng82v0cg', 0, 3599000, null, 'https://episodes.castos.com/6138cb87d83982-66320119/images/itunes-image.png', 'https://episodes.castos.com/6138cb87d83982-66320119/B5j3cV25h1oz4NNbtJaKMSyjuypUC3N5xyVJOwS3.mp3', 'https://visionradio.castos.com/episodes/noisia-radio-s06e45-1', 'Noisia Radio this week: Nik on trumpet and Thijs on flute are announcing our selection of tunes including new Ivy Lab, Jon Tho, Medusa, Netsky & Urbandawn, MISSIN, Kid drama & Garvo and more.. Enjoy!')
      ;

        -- TODO: INSERT OR REPLACE once fixed in SKDB...
        -- INSERT OR REPLACE INTO library_artists
        DELETE FROM library_artists WHERE id = 'podcast:artist:clgz9riqw000d3b6emzyjak9r-clgz9riqz00b73b6eupl22exs';
        INSERT INTO library_artists
        (id, name, imageUrl, colorsString)
        values ('podcast:artist:clgz9riqw000d3b6emzyjak9r-clgz9riqz00b73b6eupl22exs', 'VISION Radio', 'https://episodes.castos.com/6138cb87d83982-66320119/images/itunes-image.png', null)
      ;

        INSERT INTO library_tracks_artists
        (trackId, artistId)
        values ('podcast:track:clgz9riqz00b53b6e0vqz1unz', 'podcast:artist:clgz9riqw000d3b6emzyjak9r-clgz9riqz00b73b6eupl22exs')
      ;

        -- TODO: INSERT OR REPLACE once fixed in SKDB...
        -- INSERT OR REPLACE INTO library_albums
        DELETE FROM library_albums WHERE id = 'podcast:album:clgz9riqw000d3b6emzyjak9r-clgz9riqz00b63b6eng82v0cg';
        INSERT INTO library_albums
        (id, name, colorsString, imageUrl, trackCount, releaseDate, copyrights)
        values ('podcast:album:clgz9riqw000d3b6emzyjak9r-clgz9riqz00b63b6eng82v0cg', 'VISION Radio', null, 'https://episodes.castos.com/6138cb87d83982-66320119/images/itunes-image.png', 1, null, null)
      ;

        INSERT INTO library_tracks_playlists
                (trackId, playlistId, trackIndex, addedAtTimestamp)
                values ('podcast:track:clgz9riqz00b53b6e0vqz1unz', 'podcast:playlist:clgz9riqw000d3b6emzyjak9r', 129, 1604494440000)
      ;

        -- TODO: INSERT OR REPLACE once fixed in SKDB...
        -- INSERT OR REPLACE INTO library_tracks
        DELETE FROM library_tracks WHERE id = 'podcast:track:clgz9riqz00b83b6emyc1vghi'; 
        INSERT INTO library_tracks
                (id, name, albumId, trackNumber, durationMs, isrc, imageUrl, audioUrl, externalLink, description)
                values ('podcast:track:clgz9riqz00b83b6emyc1vghi', 'Noisia Radio S06E44', 'podcast:album:clgz9riqw000d3b6emzyjak9r-clgz9riqz00b93b6eyak1fqhb', 0, 3600000, null, 'https://episodes.castos.com/6138cb87d83982-66320119/images/itunes-image.png', 'https://episodes.castos.com/6138cb87d83982-66320119/6sLkxrJBGRP0eDxiXiSkBspLOTsp8vq89c97CV3J.mp3', 'https://visionradio.castos.com/episodes/noisia-radio-s06e44-1', 'Noisia Radio this week: “Sterven’ by Buunshin, alongside a surprising amount of tracks with vocals in it! More new music by Holographic, Division, Workforce & Halogenix, Serum, Holly and more.. Enjoy!')
      ;

        -- TODO: INSERT OR REPLACE once fixed in SKDB...
        -- INSERT OR REPLACE INTO library_artists
        DELETE FROM library_artists WHERE id = 'podcast:artist:clgz9riqw000d3b6emzyjak9r-clgz9riqz00ba3b6ewj6rz0l2';
        INSERT INTO library_artists
        (id, name, imageUrl, colorsString)
        values ('podcast:artist:clgz9riqw000d3b6emzyjak9r-clgz9riqz00ba3b6ewj6rz0l2', 'VISION Radio', 'https://episodes.castos.com/6138cb87d83982-66320119/images/itunes-image.png', null)
      ;

        INSERT INTO library_tracks_artists
        (trackId, artistId)
        values ('podcast:track:clgz9riqz00b83b6emyc1vghi', 'podcast:artist:clgz9riqw000d3b6emzyjak9r-clgz9riqz00ba3b6ewj6rz0l2')
      ;

        -- TODO: INSERT OR REPLACE once fixed in SKDB...
        -- INSERT OR REPLACE INTO library_albums
        DELETE FROM library_albums WHERE id = 'podcast:album:clgz9riqw000d3b6emzyjak9r-clgz9riqz00b93b6eyak1fqhb';
        INSERT INTO library_albums
        (id, name, colorsString, imageUrl, trackCount, releaseDate, copyrights)
        values ('podcast:album:clgz9riqw000d3b6emzyjak9r-clgz9riqz00b93b6eyak1fqhb', 'VISION Radio', null, 'https://episodes.castos.com/6138cb87d83982-66320119/images/itunes-image.png', 1, null, null)
      ;

        INSERT INTO library_tracks_playlists
                (trackId, playlistId, trackIndex, addedAtTimestamp)
                values ('podcast:track:clgz9riqz00b83b6emyc1vghi', 'podcast:playlist:clgz9riqw000d3b6emzyjak9r', 130, 1603896240000)
      ;

        -- TODO: INSERT OR REPLACE once fixed in SKDB...
        -- INSERT OR REPLACE INTO library_tracks
        DELETE FROM library_tracks WHERE id = 'podcast:track:clgz9riqz00bb3b6ez0mylrzp'; 
        INSERT INTO library_tracks
                (id, name, albumId, trackNumber, durationMs, isrc, imageUrl, audioUrl, externalLink, description)
                values ('podcast:track:clgz9riqz00bb3b6ez0mylrzp', 'Noisia Radio S06E43 (Outer Edges ∴ Live)', 'podcast:album:clgz9riqw000d3b6emzyjak9r-clgz9riqz00bc3b6e0febqn1t', 0, 3705000, null, 'https://episodes.castos.com/6138cb87d83982-66320119/images/itunes-image.png', 'https://episodes.castos.com/6138cb87d83982-66320119/rHhtr75VKozpo0pRtNQ4Huid9cGto7wqd2cXbF0W.mp3', 'https://visionradio.castos.com/episodes/noisia-radio-s06e43-outer-edges-live-1', 'Noisia Radio This week. With no festivals happening, we decided to release a live version of our "Outer Edges" AV show. During this episode we"ll be taking you through the process of creating the actual show.')
      ;

        -- TODO: INSERT OR REPLACE once fixed in SKDB...
        -- INSERT OR REPLACE INTO library_artists
        DELETE FROM library_artists WHERE id = 'podcast:artist:clgz9riqw000d3b6emzyjak9r-clgz9riqz00bd3b6e0qorqxw4';
        INSERT INTO library_artists
        (id, name, imageUrl, colorsString)
        values ('podcast:artist:clgz9riqw000d3b6emzyjak9r-clgz9riqz00bd3b6e0qorqxw4', 'VISION Radio', 'https://episodes.castos.com/6138cb87d83982-66320119/images/itunes-image.png', null)
      ;

        INSERT INTO library_tracks_artists
        (trackId, artistId)
        values ('podcast:track:clgz9riqz00bb3b6ez0mylrzp', 'podcast:artist:clgz9riqw000d3b6emzyjak9r-clgz9riqz00bd3b6e0qorqxw4')
      ;

        -- TODO: INSERT OR REPLACE once fixed in SKDB...
        -- INSERT OR REPLACE INTO library_albums
        DELETE FROM library_albums WHERE id = 'podcast:album:clgz9riqw000d3b6emzyjak9r-clgz9riqz00bc3b6e0febqn1t';
        INSERT INTO library_albums
        (id, name, colorsString, imageUrl, trackCount, releaseDate, copyrights)
        values ('podcast:album:clgz9riqw000d3b6emzyjak9r-clgz9riqz00bc3b6e0febqn1t', 'VISION Radio', null, 'https://episodes.castos.com/6138cb87d83982-66320119/images/itunes-image.png', 1, null, null)
      ;

        INSERT INTO library_tracks_playlists
                (trackId, playlistId, trackIndex, addedAtTimestamp)
                values ('podcast:track:clgz9riqz00bb3b6ez0mylrzp', 'podcast:playlist:clgz9riqw000d3b6emzyjak9r', 131, 1603280040000)
      ;

        -- TODO: INSERT OR REPLACE once fixed in SKDB...
        -- INSERT OR REPLACE INTO library_tracks
        DELETE FROM library_tracks WHERE id = 'podcast:track:clgz9riqz00be3b6emsvnzsaf'; 
        INSERT INTO library_tracks
                (id, name, albumId, trackNumber, durationMs, isrc, imageUrl, audioUrl, externalLink, description)
                values ('podcast:track:clgz9riqz00be3b6emsvnzsaf', 'Noisia Radio S06E42 (Incl. Posij & Former Guest Mix)', 'podcast:album:clgz9riqw000d3b6emzyjak9r-clgz9riqz00bf3b6e8obd1kgc', 0, 3604000, null, 'https://episodes.castos.com/6138cb87d83982-66320119/images/itunes-image.png', 'https://episodes.castos.com/6138cb87d83982-66320119/C6kCVYofaiwliI2ndIvCggOdUgYjwIIBDVOvkx6E.mp3', 'https://visionradio.castos.com/episodes/noisia-radio-s06e42-incl-posij-former-guest-mix-1', 'Noisia Radio this week: Posij & Former have a ‘Sun Tracker’ EP listening party in the guest mix, and tell some short stories about their music. Gyrofield is in the Noisia Radio Reload, and we have a great selection of new music. Enjoy!')
      ;

        -- TODO: INSERT OR REPLACE once fixed in SKDB...
        -- INSERT OR REPLACE INTO library_artists
        DELETE FROM library_artists WHERE id = 'podcast:artist:clgz9riqw000d3b6emzyjak9r-clgz9riqz00bg3b6egpwl93ix';
        INSERT INTO library_artists
        (id, name, imageUrl, colorsString)
        values ('podcast:artist:clgz9riqw000d3b6emzyjak9r-clgz9riqz00bg3b6egpwl93ix', 'VISION Radio', 'https://episodes.castos.com/6138cb87d83982-66320119/images/itunes-image.png', null)
      ;

        INSERT INTO library_tracks_artists
        (trackId, artistId)
        values ('podcast:track:clgz9riqz00be3b6emsvnzsaf', 'podcast:artist:clgz9riqw000d3b6emzyjak9r-clgz9riqz00bg3b6egpwl93ix')
      ;

        -- TODO: INSERT OR REPLACE once fixed in SKDB...
        -- INSERT OR REPLACE INTO library_albums
        DELETE FROM library_albums WHERE id = 'podcast:album:clgz9riqw000d3b6emzyjak9r-clgz9riqz00bf3b6e8obd1kgc';
        INSERT INTO library_albums
        (id, name, colorsString, imageUrl, trackCount, releaseDate, copyrights)
        values ('podcast:album:clgz9riqw000d3b6emzyjak9r-clgz9riqz00bf3b6e8obd1kgc', 'VISION Radio', null, 'https://episodes.castos.com/6138cb87d83982-66320119/images/itunes-image.png', 1, null, null)
      ;

        INSERT INTO library_tracks_playlists
                (trackId, playlistId, trackIndex, addedAtTimestamp)
                values ('podcast:track:clgz9riqz00be3b6emsvnzsaf', 'podcast:playlist:clgz9riqw000d3b6emzyjak9r', 132, 1602678039000)
      ;

        -- TODO: INSERT OR REPLACE once fixed in SKDB...
        -- INSERT OR REPLACE INTO library_tracks
        DELETE FROM library_tracks WHERE id = 'podcast:track:clgz9riqz00bh3b6efsqoasjl'; 
        INSERT INTO library_tracks
                (id, name, albumId, trackNumber, durationMs, isrc, imageUrl, audioUrl, externalLink, description)
                values ('podcast:track:clgz9riqz00bh3b6efsqoasjl', 'Noisia Radio S06E41', 'podcast:album:clgz9riqw000d3b6emzyjak9r-clgz9riqz00bi3b6ezfuxo2ii', 0, 3600000, null, 'https://episodes.castos.com/6138cb87d83982-66320119/images/itunes-image.png', 'https://episodes.castos.com/6138cb87d83982-66320119/dn86tevT3jowJobda62vUsk1vwNOEtgtoh3e7fnu.mp3', 'https://visionradio.castos.com/episodes/noisia-radio-s06e41-1', 'Noisia Radio this week: We announce the ‘Sun Tracker’ EP by Posij & Former, premiering ‘Blue Flesh’, the full EP will be out this Friday on VISION. More new music by Waeys, Latesleeper, Gyrofield, Thook and many more.. Enjoy!')
      ;

        -- TODO: INSERT OR REPLACE once fixed in SKDB...
        -- INSERT OR REPLACE INTO library_artists
        DELETE FROM library_artists WHERE id = 'podcast:artist:clgz9riqw000d3b6emzyjak9r-clgz9riqz00bj3b6e8e3jpbnj';
        INSERT INTO library_artists
        (id, name, imageUrl, colorsString)
        values ('podcast:artist:clgz9riqw000d3b6emzyjak9r-clgz9riqz00bj3b6e8e3jpbnj', 'VISION Radio', 'https://episodes.castos.com/6138cb87d83982-66320119/images/itunes-image.png', null)
      ;

        INSERT INTO library_tracks_artists
        (trackId, artistId)
        values ('podcast:track:clgz9riqz00bh3b6efsqoasjl', 'podcast:artist:clgz9riqw000d3b6emzyjak9r-clgz9riqz00bj3b6e8e3jpbnj')
      ;

        -- TODO: INSERT OR REPLACE once fixed in SKDB...
        -- INSERT OR REPLACE INTO library_albums
        DELETE FROM library_albums WHERE id = 'podcast:album:clgz9riqw000d3b6emzyjak9r-clgz9riqz00bi3b6ezfuxo2ii';
        INSERT INTO library_albums
        (id, name, colorsString, imageUrl, trackCount, releaseDate, copyrights)
        values ('podcast:album:clgz9riqw000d3b6emzyjak9r-clgz9riqz00bi3b6ezfuxo2ii', 'VISION Radio', null, 'https://episodes.castos.com/6138cb87d83982-66320119/images/itunes-image.png', 1, null, null)
      ;

        INSERT INTO library_tracks_playlists
                (trackId, playlistId, trackIndex, addedAtTimestamp)
                values ('podcast:track:clgz9riqz00bh3b6efsqoasjl', 'podcast:playlist:clgz9riqw000d3b6emzyjak9r', 133, 1602067183000)
      ;

        -- TODO: INSERT OR REPLACE once fixed in SKDB...
        -- INSERT OR REPLACE INTO library_tracks
        DELETE FROM library_tracks WHERE id = 'podcast:track:clgz9riqz00bk3b6eq7hm78fh'; 
        INSERT INTO library_tracks
                (id, name, albumId, trackNumber, durationMs, isrc, imageUrl, audioUrl, externalLink, description)
                values ('podcast:track:clgz9riqz00bk3b6eq7hm78fh', 'Noisia Radio S06E40 (MISSION 01 Special)', 'podcast:album:clgz9riqw000d3b6emzyjak9r-clgz9riqz00bl3b6eb367djtp', 0, 3600000, null, 'https://episodes.castos.com/6138cb87d83982-66320119/images/itunes-image.png', 'https://episodes.castos.com/6138cb87d83982-66320119/LCzbfnCi156QZw45pE2SWB2PsaYwyM0JxCMzzfWx.mp3', 'https://visionradio.castos.com/episodes/noisia-radio-s06e40-mission-01-special-1', 'Noisia Radio this week: A special, dedicated to the release of "MISSION 01", a new compilation series on our VISION imprint. We play all featured tracks, paired with words from us three, unveiling insights on the new direction we’re heading with the label')
      ;

        -- TODO: INSERT OR REPLACE once fixed in SKDB...
        -- INSERT OR REPLACE INTO library_artists
        DELETE FROM library_artists WHERE id = 'podcast:artist:clgz9riqw000d3b6emzyjak9r-clgz9riqz00bm3b6etxx20asf';
        INSERT INTO library_artists
        (id, name, imageUrl, colorsString)
        values ('podcast:artist:clgz9riqw000d3b6emzyjak9r-clgz9riqz00bm3b6etxx20asf', 'VISION Radio', 'https://episodes.castos.com/6138cb87d83982-66320119/images/itunes-image.png', null)
      ;

        INSERT INTO library_tracks_artists
        (trackId, artistId)
        values ('podcast:track:clgz9riqz00bk3b6eq7hm78fh', 'podcast:artist:clgz9riqw000d3b6emzyjak9r-clgz9riqz00bm3b6etxx20asf')
      ;

        -- TODO: INSERT OR REPLACE once fixed in SKDB...
        -- INSERT OR REPLACE INTO library_albums
        DELETE FROM library_albums WHERE id = 'podcast:album:clgz9riqw000d3b6emzyjak9r-clgz9riqz00bl3b6eb367djtp';
        INSERT INTO library_albums
        (id, name, colorsString, imageUrl, trackCount, releaseDate, copyrights)
        values ('podcast:album:clgz9riqw000d3b6emzyjak9r-clgz9riqz00bl3b6eb367djtp', 'VISION Radio', null, 'https://episodes.castos.com/6138cb87d83982-66320119/images/itunes-image.png', 1, null, null)
      ;

        INSERT INTO library_tracks_playlists
                (trackId, playlistId, trackIndex, addedAtTimestamp)
                values ('podcast:track:clgz9riqz00bk3b6eq7hm78fh', 'podcast:playlist:clgz9riqw000d3b6emzyjak9r', 134, 1601465304000)
      ;

        -- TODO: INSERT OR REPLACE once fixed in SKDB...
        -- INSERT OR REPLACE INTO library_tracks
        DELETE FROM library_tracks WHERE id = 'podcast:track:clgz9riqz00bn3b6exig4ha44'; 
        INSERT INTO library_tracks
                (id, name, albumId, trackNumber, durationMs, isrc, imageUrl, audioUrl, externalLink, description)
                values ('podcast:track:clgz9riqz00bn3b6exig4ha44', 'Noisia Radio S06E39', 'podcast:album:clgz9riqw000d3b6emzyjak9r-clgz9riqz00bo3b6ec150eoee', 0, 3600000, null, 'https://episodes.castos.com/6138cb87d83982-66320119/images/itunes-image.png', 'https://episodes.castos.com/6138cb87d83982-66320119/5jRGfNlIfstKLeNHPBz226I7RpwQri02H5C0rCoS.mp3', 'https://visionradio.castos.com/episodes/noisia-radio-s06e39-1', 'Noisia Radio this week: We announce ‘MISSION 01’, a humongous Various Artists project on Vision. We start with contributions from Audio & Forbidden Society and Mono/Poly. MISSION 01 is out in full this Friday. All this and more..')
      ;

        -- TODO: INSERT OR REPLACE once fixed in SKDB...
        -- INSERT OR REPLACE INTO library_artists
        DELETE FROM library_artists WHERE id = 'podcast:artist:clgz9riqw000d3b6emzyjak9r-clgz9riqz00bp3b6eyrtcx3wc';
        INSERT INTO library_artists
        (id, name, imageUrl, colorsString)
        values ('podcast:artist:clgz9riqw000d3b6emzyjak9r-clgz9riqz00bp3b6eyrtcx3wc', 'VISION Radio', 'https://episodes.castos.com/6138cb87d83982-66320119/images/itunes-image.png', null)
      ;

        INSERT INTO library_tracks_artists
        (trackId, artistId)
        values ('podcast:track:clgz9riqz00bn3b6exig4ha44', 'podcast:artist:clgz9riqw000d3b6emzyjak9r-clgz9riqz00bp3b6eyrtcx3wc')
      ;

        -- TODO: INSERT OR REPLACE once fixed in SKDB...
        -- INSERT OR REPLACE INTO library_albums
        DELETE FROM library_albums WHERE id = 'podcast:album:clgz9riqw000d3b6emzyjak9r-clgz9riqz00bo3b6ec150eoee';
        INSERT INTO library_albums
        (id, name, colorsString, imageUrl, trackCount, releaseDate, copyrights)
        values ('podcast:album:clgz9riqw000d3b6emzyjak9r-clgz9riqz00bo3b6ec150eoee', 'VISION Radio', null, 'https://episodes.castos.com/6138cb87d83982-66320119/images/itunes-image.png', 1, null, null)
      ;

        INSERT INTO library_tracks_playlists
                (trackId, playlistId, trackIndex, addedAtTimestamp)
                values ('podcast:track:clgz9riqz00bn3b6exig4ha44', 'podcast:playlist:clgz9riqw000d3b6emzyjak9r', 135, 1600856160000)
      ;

        -- TODO: INSERT OR REPLACE once fixed in SKDB...
        -- INSERT OR REPLACE INTO library_tracks
        DELETE FROM library_tracks WHERE id = 'podcast:track:clgz9riqz00bq3b6e7z2gr9oc'; 
        INSERT INTO library_tracks
                (id, name, albumId, trackNumber, durationMs, isrc, imageUrl, audioUrl, externalLink, description)
                values ('podcast:track:clgz9riqz00bq3b6e7z2gr9oc', 'Noisia Radio S06E38 (IMANU & Buunshin Takeover)', 'podcast:album:clgz9riqw000d3b6emzyjak9r-clgz9riqz00br3b6e5t2wzdhv', 0, 3600000, null, 'https://episodes.castos.com/6138cb87d83982-66320119/images/itunes-image.png', 'https://episodes.castos.com/6138cb87d83982-66320119/N74O8pGAsxO1QWUrP8F29TwxcHNtDe7nVZRyRqZD.mp3', 'https://visionradio.castos.com/episodes/noisia-radio-s06e38-imanu-buunshin-takeover-1', 'Noisia Radio this week: To celebrate the release of IMANU"s ‘Cheren" EP on VISION, IMANU and Buunshin take over the show with a great selection and the cutest giggles. Hope you enjoy it as much as we did!')
      ;

        -- TODO: INSERT OR REPLACE once fixed in SKDB...
        -- INSERT OR REPLACE INTO library_artists
        DELETE FROM library_artists WHERE id = 'podcast:artist:clgz9riqw000d3b6emzyjak9r-clgz9riqz00bs3b6e20ndzrc6';
        INSERT INTO library_artists
        (id, name, imageUrl, colorsString)
        values ('podcast:artist:clgz9riqw000d3b6emzyjak9r-clgz9riqz00bs3b6e20ndzrc6', 'VISION Radio', 'https://episodes.castos.com/6138cb87d83982-66320119/images/itunes-image.png', null)
      ;

        INSERT INTO library_tracks_artists
        (trackId, artistId)
        values ('podcast:track:clgz9riqz00bq3b6e7z2gr9oc', 'podcast:artist:clgz9riqw000d3b6emzyjak9r-clgz9riqz00bs3b6e20ndzrc6')
      ;

        -- TODO: INSERT OR REPLACE once fixed in SKDB...
        -- INSERT OR REPLACE INTO library_albums
        DELETE FROM library_albums WHERE id = 'podcast:album:clgz9riqw000d3b6emzyjak9r-clgz9riqz00br3b6e5t2wzdhv';
        INSERT INTO library_albums
        (id, name, colorsString, imageUrl, trackCount, releaseDate, copyrights)
        values ('podcast:album:clgz9riqw000d3b6emzyjak9r-clgz9riqz00br3b6e5t2wzdhv', 'VISION Radio', null, 'https://episodes.castos.com/6138cb87d83982-66320119/images/itunes-image.png', 1, null, null)
      ;

        INSERT INTO library_tracks_playlists
                (trackId, playlistId, trackIndex, addedAtTimestamp)
                values ('podcast:track:clgz9riqz00bq3b6e7z2gr9oc', 'podcast:playlist:clgz9riqw000d3b6emzyjak9r', 136, 1600258431000)
      ;

        -- TODO: INSERT OR REPLACE once fixed in SKDB...
        -- INSERT OR REPLACE INTO library_tracks
        DELETE FROM library_tracks WHERE id = 'podcast:track:clgz9riqz00bt3b6e20ba4f6e'; 
        INSERT INTO library_tracks
                (id, name, albumId, trackNumber, durationMs, isrc, imageUrl, audioUrl, externalLink, description)
                values ('podcast:track:clgz9riqz00bt3b6e20ba4f6e', 'Noisia Radio S06E37', 'podcast:album:clgz9riqw000d3b6emzyjak9r-clgz9riqz00bu3b6ecq4ypyk3', 0, 3637000, null, 'https://episodes.castos.com/6138cb87d83982-66320119/images/itunes-image.png', 'https://episodes.castos.com/6138cb87d83982-66320119/H1c0Obp97aanIXevo7WEpeXSUK8p720BD6mNpplc.mp3', 'https://visionradio.castos.com/episodes/noisia-radio-s06e37-1', 'Noisia Radio this week: We premiere ‘Cheren’ by IMANU, title track from his new EP out this Friday on VISION! Also, new music by Serum x Kasra, Chrizpy Chriz, Tom Finster, SD and more...')
      ;

        -- TODO: INSERT OR REPLACE once fixed in SKDB...
        -- INSERT OR REPLACE INTO library_artists
        DELETE FROM library_artists WHERE id = 'podcast:artist:clgz9riqw000d3b6emzyjak9r-clgz9riqz00bv3b6e9qh72jq3';
        INSERT INTO library_artists
        (id, name, imageUrl, colorsString)
        values ('podcast:artist:clgz9riqw000d3b6emzyjak9r-clgz9riqz00bv3b6e9qh72jq3', 'VISION Radio', 'https://episodes.castos.com/6138cb87d83982-66320119/images/itunes-image.png', null)
      ;

        INSERT INTO library_tracks_artists
        (trackId, artistId)
        values ('podcast:track:clgz9riqz00bt3b6e20ba4f6e', 'podcast:artist:clgz9riqw000d3b6emzyjak9r-clgz9riqz00bv3b6e9qh72jq3')
      ;

        -- TODO: INSERT OR REPLACE once fixed in SKDB...
        -- INSERT OR REPLACE INTO library_albums
        DELETE FROM library_albums WHERE id = 'podcast:album:clgz9riqw000d3b6emzyjak9r-clgz9riqz00bu3b6ecq4ypyk3';
        INSERT INTO library_albums
        (id, name, colorsString, imageUrl, trackCount, releaseDate, copyrights)
        values ('podcast:album:clgz9riqw000d3b6emzyjak9r-clgz9riqz00bu3b6ecq4ypyk3', 'VISION Radio', null, 'https://episodes.castos.com/6138cb87d83982-66320119/images/itunes-image.png', 1, null, null)
      ;

        INSERT INTO library_tracks_playlists
                (trackId, playlistId, trackIndex, addedAtTimestamp)
                values ('podcast:track:clgz9riqz00bt3b6e20ba4f6e', 'podcast:playlist:clgz9riqw000d3b6emzyjak9r', 137, 1599651293000)
      ;

        -- TODO: INSERT OR REPLACE once fixed in SKDB...
        -- INSERT OR REPLACE INTO library_tracks
        DELETE FROM library_tracks WHERE id = 'podcast:track:clgz9riqz00bw3b6e9ikf946n'; 
        INSERT INTO library_tracks
                (id, name, albumId, trackNumber, durationMs, isrc, imageUrl, audioUrl, externalLink, description)
                values ('podcast:track:clgz9riqz00bw3b6e9ikf946n', 'Noisia Radio S06E36', 'podcast:album:clgz9riqw000d3b6emzyjak9r-clgz9riqz00bx3b6eko8xvcy9', 0, 3672000, null, 'https://episodes.castos.com/6138cb87d83982-66320119/images/itunes-image.png', 'https://episodes.castos.com/6138cb87d83982-66320119/arPIuUw46cQg60FSOgQW14Rp1mtj3qYElFd3e9mr.mp3', 'https://visionradio.castos.com/episodes/noisia-radio-s06e36-1', 'Noisia Radio this week: NU IMANU music on VISION. The premiere of ‘Nagow’ together with Buunshin, out this Friday! Taken from the Cheren EP, out Sept 11th. More music by Thys featuring Lordel, Serum and Kasra, and The Caracal Project. Buckle up!')
      ;

        -- TODO: INSERT OR REPLACE once fixed in SKDB...
        -- INSERT OR REPLACE INTO library_artists
        DELETE FROM library_artists WHERE id = 'podcast:artist:clgz9riqw000d3b6emzyjak9r-clgz9riqz00by3b6egmr5u9xr';
        INSERT INTO library_artists
        (id, name, imageUrl, colorsString)
        values ('podcast:artist:clgz9riqw000d3b6emzyjak9r-clgz9riqz00by3b6egmr5u9xr', 'VISION Radio', 'https://episodes.castos.com/6138cb87d83982-66320119/images/itunes-image.png', null)
      ;

        INSERT INTO library_tracks_artists
        (trackId, artistId)
        values ('podcast:track:clgz9riqz00bw3b6e9ikf946n', 'podcast:artist:clgz9riqw000d3b6emzyjak9r-clgz9riqz00by3b6egmr5u9xr')
      ;

        -- TODO: INSERT OR REPLACE once fixed in SKDB...
        -- INSERT OR REPLACE INTO library_albums
        DELETE FROM library_albums WHERE id = 'podcast:album:clgz9riqw000d3b6emzyjak9r-clgz9riqz00bx3b6eko8xvcy9';
        INSERT INTO library_albums
        (id, name, colorsString, imageUrl, trackCount, releaseDate, copyrights)
        values ('podcast:album:clgz9riqw000d3b6emzyjak9r-clgz9riqz00bx3b6eko8xvcy9', 'VISION Radio', null, 'https://episodes.castos.com/6138cb87d83982-66320119/images/itunes-image.png', 1, null, null)
      ;

        INSERT INTO library_tracks_playlists
                (trackId, playlistId, trackIndex, addedAtTimestamp)
                values ('podcast:track:clgz9riqz00bw3b6e9ikf946n', 'podcast:playlist:clgz9riqw000d3b6emzyjak9r', 138, 1599056280000)
      ;

        -- TODO: INSERT OR REPLACE once fixed in SKDB...
        -- INSERT OR REPLACE INTO library_tracks
        DELETE FROM library_tracks WHERE id = 'podcast:track:clgz9riqz00bz3b6e4e8fbixe'; 
        INSERT INTO library_tracks
                (id, name, albumId, trackNumber, durationMs, isrc, imageUrl, audioUrl, externalLink, description)
                values ('podcast:track:clgz9riqz00bz3b6e4e8fbixe', 'Noisia Radio S06E35', 'podcast:album:clgz9riqw000d3b6emzyjak9r-clgz9riqz00c03b6e43fedhg9', 0, 3598000, null, 'https://episodes.castos.com/6138cb87d83982-66320119/images/itunes-image.png', 'https://episodes.castos.com/6138cb87d83982-66320119/v1FOLDdY2lqTWDxQ1GIAaTZXfh5MYyfNLH66vxrN.mp3', 'https://visionradio.castos.com/episodes/noisia-radio-s06e35-1', 'Noisia Radio: Sinistarr"s remix for ‘Unmoved Mover’ by Thys (EP out on Friday!), Skylark drops a smooth but dark roller, Killbox do their thing on ‘Mutiny’, and Chrizpy Chriz drops it wonky on the YUKU imprint. All this and more.. Enjoy!')
      ;

        -- TODO: INSERT OR REPLACE once fixed in SKDB...
        -- INSERT OR REPLACE INTO library_artists
        DELETE FROM library_artists WHERE id = 'podcast:artist:clgz9riqw000d3b6emzyjak9r-clgz9riqz00c13b6eukv754sz';
        INSERT INTO library_artists
        (id, name, imageUrl, colorsString)
        values ('podcast:artist:clgz9riqw000d3b6emzyjak9r-clgz9riqz00c13b6eukv754sz', 'VISION Radio', 'https://episodes.castos.com/6138cb87d83982-66320119/images/itunes-image.png', null)
      ;

        INSERT INTO library_tracks_artists
        (trackId, artistId)
        values ('podcast:track:clgz9riqz00bz3b6e4e8fbixe', 'podcast:artist:clgz9riqw000d3b6emzyjak9r-clgz9riqz00c13b6eukv754sz')
      ;

        -- TODO: INSERT OR REPLACE once fixed in SKDB...
        -- INSERT OR REPLACE INTO library_albums
        DELETE FROM library_albums WHERE id = 'podcast:album:clgz9riqw000d3b6emzyjak9r-clgz9riqz00c03b6e43fedhg9';
        INSERT INTO library_albums
        (id, name, colorsString, imageUrl, trackCount, releaseDate, copyrights)
        values ('podcast:album:clgz9riqw000d3b6emzyjak9r-clgz9riqz00c03b6e43fedhg9', 'VISION Radio', null, 'https://episodes.castos.com/6138cb87d83982-66320119/images/itunes-image.png', 1, null, null)
      ;

        INSERT INTO library_tracks_playlists
                (trackId, playlistId, trackIndex, addedAtTimestamp)
                values ('podcast:track:clgz9riqz00bz3b6e4e8fbixe', 'podcast:playlist:clgz9riqw000d3b6emzyjak9r', 139, 1598447040000)
      ;

        -- TODO: INSERT OR REPLACE once fixed in SKDB...
        -- INSERT OR REPLACE INTO library_tracks
        DELETE FROM library_tracks WHERE id = 'podcast:track:clgz9riqz00c23b6el12ttgtx'; 
        INSERT INTO library_tracks
                (id, name, albumId, trackNumber, durationMs, isrc, imageUrl, audioUrl, externalLink, description)
                values ('podcast:track:clgz9riqz00c23b6el12ttgtx', 'Noisia Radio S06E34', 'podcast:album:clgz9riqw000d3b6emzyjak9r-clgz9riqz00c33b6evoq35m23', 0, 3600000, null, 'https://episodes.castos.com/6138cb87d83982-66320119/images/itunes-image.png', 'https://episodes.castos.com/6138cb87d83982-66320119/6EsYdRfKe5nxSNR40aFwJyCtccKT9LjOzws0muE1.mp3', 'https://visionradio.castos.com/episodes/noisia-radio-s06e34-1', 'Noisia Radio this week: We premiere ‘Unmoved Mover’ by our very own Thys, out now on VISION (the EP is out August 28th). More new music by Mefjus, HØST, Chromonicci, Skylark, Sumgii, Illphaze and more..')
      ;

        -- TODO: INSERT OR REPLACE once fixed in SKDB...
        -- INSERT OR REPLACE INTO library_artists
        DELETE FROM library_artists WHERE id = 'podcast:artist:clgz9riqw000d3b6emzyjak9r-clgz9riqz00c43b6ewyhuti3i';
        INSERT INTO library_artists
        (id, name, imageUrl, colorsString)
        values ('podcast:artist:clgz9riqw000d3b6emzyjak9r-clgz9riqz00c43b6ewyhuti3i', 'VISION Radio', 'https://episodes.castos.com/6138cb87d83982-66320119/images/itunes-image.png', null)
      ;

        INSERT INTO library_tracks_artists
        (trackId, artistId)
        values ('podcast:track:clgz9riqz00c23b6el12ttgtx', 'podcast:artist:clgz9riqw000d3b6emzyjak9r-clgz9riqz00c43b6ewyhuti3i')
      ;

        -- TODO: INSERT OR REPLACE once fixed in SKDB...
        -- INSERT OR REPLACE INTO library_albums
        DELETE FROM library_albums WHERE id = 'podcast:album:clgz9riqw000d3b6emzyjak9r-clgz9riqz00c33b6evoq35m23';
        INSERT INTO library_albums
        (id, name, colorsString, imageUrl, trackCount, releaseDate, copyrights)
        values ('podcast:album:clgz9riqw000d3b6emzyjak9r-clgz9riqz00c33b6evoq35m23', 'VISION Radio', null, 'https://episodes.castos.com/6138cb87d83982-66320119/images/itunes-image.png', 1, null, null)
      ;

        INSERT INTO library_tracks_playlists
                (trackId, playlistId, trackIndex, addedAtTimestamp)
                values ('podcast:track:clgz9riqz00c23b6el12ttgtx', 'podcast:playlist:clgz9riqw000d3b6emzyjak9r', 140, 1597834317000)
      ;

        -- TODO: INSERT OR REPLACE once fixed in SKDB...
        -- INSERT OR REPLACE INTO library_tracks
        DELETE FROM library_tracks WHERE id = 'podcast:track:clgz9riqz00c53b6ew5o6lkjy'; 
        INSERT INTO library_tracks
                (id, name, albumId, trackNumber, durationMs, isrc, imageUrl, audioUrl, externalLink, description)
                values ('podcast:track:clgz9riqz00c53b6ew5o6lkjy', 'Noisia Radio S06E33 (Incl. Emperor Guest Mix)', 'podcast:album:clgz9riqw000d3b6emzyjak9r-clgz9riqz00c63b6eb505kpfv', 0, 3669000, null, 'https://episodes.castos.com/6138cb87d83982-66320119/images/itunes-image.png', 'https://episodes.castos.com/6138cb87d83982-66320119/2H4WXSfySHIhQ8QJGAK4VCk7jJcs9MIK4CHPNXnc.mp3', 'https://visionradio.castos.com/episodes/noisia-radio-s06e33-incl-emperor-guest-mix-1', 'Noisia Radio this week: To celebrate the release of the ‘Sunder’ EP by Emperor, we have a thirty minute guest mix by the man himself, filled with bangers! Alongside that we have a great selection from the likes of Burr Oak, Skylark, and more.. Enjoy!')
      ;

        -- TODO: INSERT OR REPLACE once fixed in SKDB...
        -- INSERT OR REPLACE INTO library_artists
        DELETE FROM library_artists WHERE id = 'podcast:artist:clgz9riqw000d3b6emzyjak9r-clgz9riqz00c73b6eoev0u49g';
        INSERT INTO library_artists
        (id, name, imageUrl, colorsString)
        values ('podcast:artist:clgz9riqw000d3b6emzyjak9r-clgz9riqz00c73b6eoev0u49g', 'VISION Radio', 'https://episodes.castos.com/6138cb87d83982-66320119/images/itunes-image.png', null)
      ;

        INSERT INTO library_tracks_artists
        (trackId, artistId)
        values ('podcast:track:clgz9riqz00c53b6ew5o6lkjy', 'podcast:artist:clgz9riqw000d3b6emzyjak9r-clgz9riqz00c73b6eoev0u49g')
      ;

        -- TODO: INSERT OR REPLACE once fixed in SKDB...
        -- INSERT OR REPLACE INTO library_albums
        DELETE FROM library_albums WHERE id = 'podcast:album:clgz9riqw000d3b6emzyjak9r-clgz9riqz00c63b6eb505kpfv';
        INSERT INTO library_albums
        (id, name, colorsString, imageUrl, trackCount, releaseDate, copyrights)
        values ('podcast:album:clgz9riqw000d3b6emzyjak9r-clgz9riqz00c63b6eb505kpfv', 'VISION Radio', null, 'https://episodes.castos.com/6138cb87d83982-66320119/images/itunes-image.png', 1, null, null)
      ;

        INSERT INTO library_tracks_playlists
                (trackId, playlistId, trackIndex, addedAtTimestamp)
                values ('podcast:track:clgz9riqz00c53b6ew5o6lkjy', 'podcast:playlist:clgz9riqw000d3b6emzyjak9r', 141, 1597235040000)
      ;

        -- TODO: INSERT OR REPLACE once fixed in SKDB...
        -- INSERT OR REPLACE INTO library_tracks
        DELETE FROM library_tracks WHERE id = 'podcast:track:clgz9riqz00c83b6exz0jvflu'; 
        INSERT INTO library_tracks
                (id, name, albumId, trackNumber, durationMs, isrc, imageUrl, audioUrl, externalLink, description)
                values ('podcast:track:clgz9riqz00c83b6exz0jvflu', 'Noisia Radio S06E32', 'podcast:album:clgz9riqw000d3b6emzyjak9r-clgz9riqz00c93b6ekylob620', 0, 3600000, null, 'https://episodes.castos.com/6138cb87d83982-66320119/images/itunes-image.png', 'https://episodes.castos.com/6138cb87d83982-66320119/TfcWNvRAjGx4aIiXoTRfA546CSDDGKcAyjSq3PgD.mp3', 'https://visionradio.castos.com/episodes/noisia-radio-s06e32-1', 'Noisia Radio this week: ‘Faceless’ by Phace & Was A Be, taken from ‘Linked 04’, out now on Neosignal. A brand new Killbox single, Noer The Boy with a different kind of riddim, and ‘I Will Stop’ by Woulg adds a special vibe.')
      ;

        -- TODO: INSERT OR REPLACE once fixed in SKDB...
        -- INSERT OR REPLACE INTO library_artists
        DELETE FROM library_artists WHERE id = 'podcast:artist:clgz9riqw000d3b6emzyjak9r-clgz9riqz00ca3b6ejnjm4cmb';
        INSERT INTO library_artists
        (id, name, imageUrl, colorsString)
        values ('podcast:artist:clgz9riqw000d3b6emzyjak9r-clgz9riqz00ca3b6ejnjm4cmb', 'VISION Radio', 'https://episodes.castos.com/6138cb87d83982-66320119/images/itunes-image.png', null)
      ;

        INSERT INTO library_tracks_artists
        (trackId, artistId)
        values ('podcast:track:clgz9riqz00c83b6exz0jvflu', 'podcast:artist:clgz9riqw000d3b6emzyjak9r-clgz9riqz00ca3b6ejnjm4cmb')
      ;

        -- TODO: INSERT OR REPLACE once fixed in SKDB...
        -- INSERT OR REPLACE INTO library_albums
        DELETE FROM library_albums WHERE id = 'podcast:album:clgz9riqw000d3b6emzyjak9r-clgz9riqz00c93b6ekylob620';
        INSERT INTO library_albums
        (id, name, colorsString, imageUrl, trackCount, releaseDate, copyrights)
        values ('podcast:album:clgz9riqw000d3b6emzyjak9r-clgz9riqz00c93b6ekylob620', 'VISION Radio', null, 'https://episodes.castos.com/6138cb87d83982-66320119/images/itunes-image.png', 1, null, null)
      ;

        INSERT INTO library_tracks_playlists
                (trackId, playlistId, trackIndex, addedAtTimestamp)
                values ('podcast:track:clgz9riqz00c83b6exz0jvflu', 'podcast:playlist:clgz9riqw000d3b6emzyjak9r', 142, 1596630600000)
      ;

        -- TODO: INSERT OR REPLACE once fixed in SKDB...
        -- INSERT OR REPLACE INTO library_tracks
        DELETE FROM library_tracks WHERE id = 'podcast:track:clgz9riqz00cb3b6e4muc4s0h'; 
        INSERT INTO library_tracks
                (id, name, albumId, trackNumber, durationMs, isrc, imageUrl, audioUrl, externalLink, description)
                values ('podcast:track:clgz9riqz00cb3b6e4muc4s0h', 'Noisia Radio S06E31', 'podcast:album:clgz9riqw000d3b6emzyjak9r-clgz9riqz00cc3b6ebftskjyn', 0, 3600000, null, 'https://episodes.castos.com/6138cb87d83982-66320119/images/itunes-image.png', 'https://episodes.castos.com/6138cb87d83982-66320119/T7dnphKvzVOJICi2hP5lglGM1t2oRSPyVzcPypbX.mp3', 'https://visionradio.castos.com/episodes/noisia-radio-s06e31-1', 'Noisia Radio this week: ‘Artifice’ by Emperor, taken from the ‘Sunder’ EP, out on VISION. Phace & Was A Be change the rave, Spor is back, and our friend PAV4N launches his new label 4NCURRENC¥ with ‘Doom’ by himself & SUKH KNIGHT. Enjoy!')
      ;

        -- TODO: INSERT OR REPLACE once fixed in SKDB...
        -- INSERT OR REPLACE INTO library_artists
        DELETE FROM library_artists WHERE id = 'podcast:artist:clgz9riqw000d3b6emzyjak9r-clgz9riqz00cd3b6e020bchgr';
        INSERT INTO library_artists
        (id, name, imageUrl, colorsString)
        values ('podcast:artist:clgz9riqw000d3b6emzyjak9r-clgz9riqz00cd3b6e020bchgr', 'VISION Radio', 'https://episodes.castos.com/6138cb87d83982-66320119/images/itunes-image.png', null)
      ;

        INSERT INTO library_tracks_artists
        (trackId, artistId)
        values ('podcast:track:clgz9riqz00cb3b6e4muc4s0h', 'podcast:artist:clgz9riqw000d3b6emzyjak9r-clgz9riqz00cd3b6e020bchgr')
      ;

        -- TODO: INSERT OR REPLACE once fixed in SKDB...
        -- INSERT OR REPLACE INTO library_albums
        DELETE FROM library_albums WHERE id = 'podcast:album:clgz9riqw000d3b6emzyjak9r-clgz9riqz00cc3b6ebftskjyn';
        INSERT INTO library_albums
        (id, name, colorsString, imageUrl, trackCount, releaseDate, copyrights)
        values ('podcast:album:clgz9riqw000d3b6emzyjak9r-clgz9riqz00cc3b6ebftskjyn', 'VISION Radio', null, 'https://episodes.castos.com/6138cb87d83982-66320119/images/itunes-image.png', 1, null, null)
      ;

        INSERT INTO library_tracks_playlists
                (trackId, playlistId, trackIndex, addedAtTimestamp)
                values ('podcast:track:clgz9riqz00cb3b6e4muc4s0h', 'podcast:playlist:clgz9riqw000d3b6emzyjak9r', 143, 1596028020000)
      ;

        -- TODO: INSERT OR REPLACE once fixed in SKDB...
        -- INSERT OR REPLACE INTO library_tracks
        DELETE FROM library_tracks WHERE id = 'podcast:track:clgz9riqz00ce3b6esntotb7u'; 
        INSERT INTO library_tracks
                (id, name, albumId, trackNumber, durationMs, isrc, imageUrl, audioUrl, externalLink, description)
                values ('podcast:track:clgz9riqz00ce3b6esntotb7u', 'Noisia Radio S06E30', 'podcast:album:clgz9riqw000d3b6emzyjak9r-clgz9riqz00cf3b6e5g35gzg2', 0, 3600000, null, 'https://episodes.castos.com/6138cb87d83982-66320119/images/itunes-image.png', 'https://episodes.castos.com/6138cb87d83982-66320119/Sp351DaUuloEE5GKqDh1Y9zwcZEXMvHp6Y3gDZxI.mp3', 'https://visionradio.castos.com/episodes/noisia-radio-s06e30-1', 'Noisia Radio this week: ‘Shakedown’ A brand new collaboration by Emperor & Levela, taken from the ‘Sunder’ EP, out now on VISION. We go back in time with ‘Be True’ by Commix, a true classic. New music by Bold Theory, Warhead & Teej, Current Value and more')
      ;

        -- TODO: INSERT OR REPLACE once fixed in SKDB...
        -- INSERT OR REPLACE INTO library_artists
        DELETE FROM library_artists WHERE id = 'podcast:artist:clgz9riqw000d3b6emzyjak9r-clgz9riqz00cg3b6el8p6wege';
        INSERT INTO library_artists
        (id, name, imageUrl, colorsString)
        values ('podcast:artist:clgz9riqw000d3b6emzyjak9r-clgz9riqz00cg3b6el8p6wege', 'VISION Radio', 'https://episodes.castos.com/6138cb87d83982-66320119/images/itunes-image.png', null)
      ;

        INSERT INTO library_tracks_artists
        (trackId, artistId)
        values ('podcast:track:clgz9riqz00ce3b6esntotb7u', 'podcast:artist:clgz9riqw000d3b6emzyjak9r-clgz9riqz00cg3b6el8p6wege')
      ;

        -- TODO: INSERT OR REPLACE once fixed in SKDB...
        -- INSERT OR REPLACE INTO library_albums
        DELETE FROM library_albums WHERE id = 'podcast:album:clgz9riqw000d3b6emzyjak9r-clgz9riqz00cf3b6e5g35gzg2';
        INSERT INTO library_albums
        (id, name, colorsString, imageUrl, trackCount, releaseDate, copyrights)
        values ('podcast:album:clgz9riqw000d3b6emzyjak9r-clgz9riqz00cf3b6e5g35gzg2', 'VISION Radio', null, 'https://episodes.castos.com/6138cb87d83982-66320119/images/itunes-image.png', 1, null, null)
      ;

        INSERT INTO library_tracks_playlists
                (trackId, playlistId, trackIndex, addedAtTimestamp)
                values ('podcast:track:clgz9riqz00ce3b6esntotb7u', 'podcast:playlist:clgz9riqw000d3b6emzyjak9r', 144, 1595424713000)
      ;

        -- TODO: INSERT OR REPLACE once fixed in SKDB...
        -- INSERT OR REPLACE INTO library_tracks
        DELETE FROM library_tracks WHERE id = 'podcast:track:clgz9riqz00ch3b6eynvw4vr8'; 
        INSERT INTO library_tracks
                (id, name, albumId, trackNumber, durationMs, isrc, imageUrl, audioUrl, externalLink, description)
                values ('podcast:track:clgz9riqz00ch3b6eynvw4vr8', 'Noisia Radio S06E29', 'podcast:album:clgz9riqw000d3b6emzyjak9r-clgz9riqz00ci3b6e08tn0jb6', 0, 3600000, null, 'https://episodes.castos.com/6138cb87d83982-66320119/images/itunes-image.png', 'https://episodes.castos.com/6138cb87d83982-66320119/yfyYPOst1QOWoEc0jjHbPPu3zhdOvLmElL1gSDJk.mp3', 'https://visionradio.castos.com/episodes/noisia-radio-s06e29-1', 'Noisia Radio this week: We play the premiere of "Snuffle Ting" from Emperor"s "Sunder" EP, which comes out this week! Mefjus goes all out on his remix for ‘Broken’. Enjoy!')
      ;

        -- TODO: INSERT OR REPLACE once fixed in SKDB...
        -- INSERT OR REPLACE INTO library_artists
        DELETE FROM library_artists WHERE id = 'podcast:artist:clgz9riqw000d3b6emzyjak9r-clgz9riqz00cj3b6ef1xew57y';
        INSERT INTO library_artists
        (id, name, imageUrl, colorsString)
        values ('podcast:artist:clgz9riqw000d3b6emzyjak9r-clgz9riqz00cj3b6ef1xew57y', 'VISION Radio', 'https://episodes.castos.com/6138cb87d83982-66320119/images/itunes-image.png', null)
      ;

        INSERT INTO library_tracks_artists
        (trackId, artistId)
        values ('podcast:track:clgz9riqz00ch3b6eynvw4vr8', 'podcast:artist:clgz9riqw000d3b6emzyjak9r-clgz9riqz00cj3b6ef1xew57y')
      ;

        -- TODO: INSERT OR REPLACE once fixed in SKDB...
        -- INSERT OR REPLACE INTO library_albums
        DELETE FROM library_albums WHERE id = 'podcast:album:clgz9riqw000d3b6emzyjak9r-clgz9riqz00ci3b6e08tn0jb6';
        INSERT INTO library_albums
        (id, name, colorsString, imageUrl, trackCount, releaseDate, copyrights)
        values ('podcast:album:clgz9riqw000d3b6emzyjak9r-clgz9riqz00ci3b6e08tn0jb6', 'VISION Radio', null, 'https://episodes.castos.com/6138cb87d83982-66320119/images/itunes-image.png', 1, null, null)
      ;

        INSERT INTO library_tracks_playlists
                (trackId, playlistId, trackIndex, addedAtTimestamp)
                values ('podcast:track:clgz9riqz00ch3b6eynvw4vr8', 'podcast:playlist:clgz9riqw000d3b6emzyjak9r', 145, 1594814880000)
      ;

        -- TODO: INSERT OR REPLACE once fixed in SKDB...
        -- INSERT OR REPLACE INTO library_tracks
        DELETE FROM library_tracks WHERE id = 'podcast:track:clgz9riqz00ck3b6ehn4gg1n0'; 
        INSERT INTO library_tracks
                (id, name, albumId, trackNumber, durationMs, isrc, imageUrl, audioUrl, externalLink, description)
                values ('podcast:track:clgz9riqz00ck3b6ehn4gg1n0', 'Noisia Radio S06E28 (Incl. Forbidden Society Guest Mix)', 'podcast:album:clgz9riqw000d3b6emzyjak9r-clgz9riqz00cl3b6e7i3w3wk5', 0, 3653000, null, 'https://episodes.castos.com/6138cb87d83982-66320119/images/itunes-image.png', 'https://episodes.castos.com/6138cb87d83982-66320119/2KSlQWD6JENcaDgJOOQKWrNNTYAmXtm7K1syP6x5.mp3', 'https://visionradio.castos.com/episodes/noisia-radio-s06e28-incl-forbidden-society-guest-mix-1', 'Noisia Radio this week: A guest mix by Forbidden Society to celebrate the release of the ‘Subworld’ EP. We premiere ‘Sunder’ by Emperor, and grab the full ‘Sunder’ EP on July 17th on VISION. More new music by Arkaik, Whiney, Current Value, and more..')
      ;

        -- TODO: INSERT OR REPLACE once fixed in SKDB...
        -- INSERT OR REPLACE INTO library_artists
        DELETE FROM library_artists WHERE id = 'podcast:artist:clgz9riqw000d3b6emzyjak9r-clgz9riqz00cm3b6e2e8s4uro';
        INSERT INTO library_artists
        (id, name, imageUrl, colorsString)
        values ('podcast:artist:clgz9riqw000d3b6emzyjak9r-clgz9riqz00cm3b6e2e8s4uro', 'VISION Radio', 'https://episodes.castos.com/6138cb87d83982-66320119/images/itunes-image.png', null)
      ;

        INSERT INTO library_tracks_artists
        (trackId, artistId)
        values ('podcast:track:clgz9riqz00ck3b6ehn4gg1n0', 'podcast:artist:clgz9riqw000d3b6emzyjak9r-clgz9riqz00cm3b6e2e8s4uro')
      ;

        -- TODO: INSERT OR REPLACE once fixed in SKDB...
        -- INSERT OR REPLACE INTO library_albums
        DELETE FROM library_albums WHERE id = 'podcast:album:clgz9riqw000d3b6emzyjak9r-clgz9riqz00cl3b6e7i3w3wk5';
        INSERT INTO library_albums
        (id, name, colorsString, imageUrl, trackCount, releaseDate, copyrights)
        values ('podcast:album:clgz9riqw000d3b6emzyjak9r-clgz9riqz00cl3b6e7i3w3wk5', 'VISION Radio', null, 'https://episodes.castos.com/6138cb87d83982-66320119/images/itunes-image.png', 1, null, null)
      ;

        INSERT INTO library_tracks_playlists
                (trackId, playlistId, trackIndex, addedAtTimestamp)
                values ('podcast:track:clgz9riqz00ck3b6ehn4gg1n0', 'podcast:playlist:clgz9riqw000d3b6emzyjak9r', 146, 1594213200000)
      ;

        -- TODO: INSERT OR REPLACE once fixed in SKDB...
        -- INSERT OR REPLACE INTO library_tracks
        DELETE FROM library_tracks WHERE id = 'podcast:track:clgz9riqz00cn3b6ezhu0g5m8'; 
        INSERT INTO library_tracks
                (id, name, albumId, trackNumber, durationMs, isrc, imageUrl, audioUrl, externalLink, description)
                values ('podcast:track:clgz9riqz00cn3b6ezhu0g5m8', 'Noisia Radio S06E27', 'podcast:album:clgz9riqw000d3b6emzyjak9r-clgz9riqz00co3b6eqnd8jvhh', 0, 3600000, null, 'https://episodes.castos.com/6138cb87d83982-66320119/images/itunes-image.png', 'https://episodes.castos.com/6138cb87d83982-66320119/NGivP5t4lvLKrXk304h0vXspSf6daNHaj4lAbjmy.mp3', 'https://visionradio.castos.com/episodes/noisia-radio-s06e27-1', 'Noisia Radio this week: ‘Excuses’ by Forbidden Society, taken from the ‘Subworld’ EP, out now on our VISION imprint. More new music by Hyroglifics x Kasra, Current Value, Ternion Sound, Arkaik & Skylark, Two Fingers and a throwback to The Upbeats!')
      ;

        -- TODO: INSERT OR REPLACE once fixed in SKDB...
        -- INSERT OR REPLACE INTO library_artists
        DELETE FROM library_artists WHERE id = 'podcast:artist:clgz9riqw000d3b6emzyjak9r-clgz9riqz00cp3b6e4kkgn93p';
        INSERT INTO library_artists
        (id, name, imageUrl, colorsString)
        values ('podcast:artist:clgz9riqw000d3b6emzyjak9r-clgz9riqz00cp3b6e4kkgn93p', 'VISION Radio', 'https://episodes.castos.com/6138cb87d83982-66320119/images/itunes-image.png', null)
      ;

        INSERT INTO library_tracks_artists
        (trackId, artistId)
        values ('podcast:track:clgz9riqz00cn3b6ezhu0g5m8', 'podcast:artist:clgz9riqw000d3b6emzyjak9r-clgz9riqz00cp3b6e4kkgn93p')
      ;

        -- TODO: INSERT OR REPLACE once fixed in SKDB...
        -- INSERT OR REPLACE INTO library_albums
        DELETE FROM library_albums WHERE id = 'podcast:album:clgz9riqw000d3b6emzyjak9r-clgz9riqz00co3b6eqnd8jvhh';
        INSERT INTO library_albums
        (id, name, colorsString, imageUrl, trackCount, releaseDate, copyrights)
        values ('podcast:album:clgz9riqw000d3b6emzyjak9r-clgz9riqz00co3b6eqnd8jvhh', 'VISION Radio', null, 'https://episodes.castos.com/6138cb87d83982-66320119/images/itunes-image.png', 1, null, null)
      ;

        INSERT INTO library_tracks_playlists
                (trackId, playlistId, trackIndex, addedAtTimestamp)
                values ('podcast:track:clgz9riqz00cn3b6ezhu0g5m8', 'podcast:playlist:clgz9riqw000d3b6emzyjak9r', 147, 1593609635000)
      ;

        -- TODO: INSERT OR REPLACE once fixed in SKDB...
        -- INSERT OR REPLACE INTO library_tracks
        DELETE FROM library_tracks WHERE id = 'podcast:track:clgz9riqz00cq3b6e3zz0t51u'; 
        INSERT INTO library_tracks
                (id, name, albumId, trackNumber, durationMs, isrc, imageUrl, audioUrl, externalLink, description)
                values ('podcast:track:clgz9riqz00cq3b6e3zz0t51u', 'Noisia Radio S06E26', 'podcast:album:clgz9riqw000d3b6emzyjak9r-clgz9riqz00cr3b6e2gv67983', 0, 3602000, null, 'https://episodes.castos.com/6138cb87d83982-66320119/images/itunes-image.png', 'https://episodes.castos.com/6138cb87d83982-66320119/tfGX07BRsPIBEWiNYm73TO87m7t08pZqGDNzUR2w.mp3', 'https://visionradio.castos.com/episodes/noisia-radio-s06e26-1', 'Noisia Radio this week: We premiere the title-track off the ‘Subworld’ EP by Forbidden Society, out Friday on VISION, and we play ‘Yangmei’ by Machinedrum & Holly in the remix by Noer The Boy. More new music by Enei, Defex, and more..')
      ;

        -- TODO: INSERT OR REPLACE once fixed in SKDB...
        -- INSERT OR REPLACE INTO library_artists
        DELETE FROM library_artists WHERE id = 'podcast:artist:clgz9riqw000d3b6emzyjak9r-clgz9riqz00cs3b6e49wzpwg0';
        INSERT INTO library_artists
        (id, name, imageUrl, colorsString)
        values ('podcast:artist:clgz9riqw000d3b6emzyjak9r-clgz9riqz00cs3b6e49wzpwg0', 'VISION Radio', 'https://episodes.castos.com/6138cb87d83982-66320119/images/itunes-image.png', null)
      ;

        INSERT INTO library_tracks_artists
        (trackId, artistId)
        values ('podcast:track:clgz9riqz00cq3b6e3zz0t51u', 'podcast:artist:clgz9riqw000d3b6emzyjak9r-clgz9riqz00cs3b6e49wzpwg0')
      ;

        -- TODO: INSERT OR REPLACE once fixed in SKDB...
        -- INSERT OR REPLACE INTO library_albums
        DELETE FROM library_albums WHERE id = 'podcast:album:clgz9riqw000d3b6emzyjak9r-clgz9riqz00cr3b6e2gv67983';
        INSERT INTO library_albums
        (id, name, colorsString, imageUrl, trackCount, releaseDate, copyrights)
        values ('podcast:album:clgz9riqw000d3b6emzyjak9r-clgz9riqz00cr3b6e2gv67983', 'VISION Radio', null, 'https://episodes.castos.com/6138cb87d83982-66320119/images/itunes-image.png', 1, null, null)
      ;

        INSERT INTO library_tracks_playlists
                (trackId, playlistId, trackIndex, addedAtTimestamp)
                values ('podcast:track:clgz9riqz00cq3b6e3zz0t51u', 'podcast:playlist:clgz9riqw000d3b6emzyjak9r', 148, 1593000000000)
      ;

        -- TODO: INSERT OR REPLACE once fixed in SKDB...
        -- INSERT OR REPLACE INTO library_tracks
        DELETE FROM library_tracks WHERE id = 'podcast:track:clgz9riqz00ct3b6eeulmkl8y'; 
        INSERT INTO library_tracks
                (id, name, albumId, trackNumber, durationMs, isrc, imageUrl, audioUrl, externalLink, description)
                values ('podcast:track:clgz9riqz00ct3b6eeulmkl8y', 'Noisia Radio S06E25 (Incl. Arigto Guest Mix)', 'podcast:album:clgz9riqw000d3b6emzyjak9r-clgz9riqz00cu3b6em5ci17ig', 0, 3610000, null, 'https://episodes.castos.com/6138cb87d83982-66320119/images/itunes-image.png', 'https://episodes.castos.com/6138cb87d83982-66320119/ZsoCo25o6msZdwMUMsYljNtfvNmnAXOQq82Tu2SW.mp3', 'https://visionradio.castos.com/episodes/noisia-radio-s06e25-incl-arigto-guest-mix-1', 'Noisia Radio this week: We play the Former & Posij remix of ‘Goji’ by Machinedrum & Holly. Arigto provided us with an excellent guest mix, to celebrate the release of ‘Unseen, Untold, Forgotten.’ More new music by Enei, Myth, ASC, Prestige and more..')
      ;

        -- TODO: INSERT OR REPLACE once fixed in SKDB...
        -- INSERT OR REPLACE INTO library_artists
        DELETE FROM library_artists WHERE id = 'podcast:artist:clgz9riqw000d3b6emzyjak9r-clgz9riqz00cv3b6e7y95d9z4';
        INSERT INTO library_artists
        (id, name, imageUrl, colorsString)
        values ('podcast:artist:clgz9riqw000d3b6emzyjak9r-clgz9riqz00cv3b6e7y95d9z4', 'VISION Radio', 'https://episodes.castos.com/6138cb87d83982-66320119/images/itunes-image.png', null)
      ;

        INSERT INTO library_tracks_artists
        (trackId, artistId)
        values ('podcast:track:clgz9riqz00ct3b6eeulmkl8y', 'podcast:artist:clgz9riqw000d3b6emzyjak9r-clgz9riqz00cv3b6e7y95d9z4')
      ;

        -- TODO: INSERT OR REPLACE once fixed in SKDB...
        -- INSERT OR REPLACE INTO library_albums
        DELETE FROM library_albums WHERE id = 'podcast:album:clgz9riqw000d3b6emzyjak9r-clgz9riqz00cu3b6em5ci17ig';
        INSERT INTO library_albums
        (id, name, colorsString, imageUrl, trackCount, releaseDate, copyrights)
        values ('podcast:album:clgz9riqw000d3b6emzyjak9r-clgz9riqz00cu3b6em5ci17ig', 'VISION Radio', null, 'https://episodes.castos.com/6138cb87d83982-66320119/images/itunes-image.png', 1, null, null)
      ;

        INSERT INTO library_tracks_playlists
                (trackId, playlistId, trackIndex, addedAtTimestamp)
                values ('podcast:track:clgz9riqz00ct3b6eeulmkl8y', 'podcast:playlist:clgz9riqw000d3b6emzyjak9r', 149, 1592418956000)
      ;

        -- TODO: INSERT OR REPLACE once fixed in SKDB...
        -- INSERT OR REPLACE INTO library_tracks
        DELETE FROM library_tracks WHERE id = 'podcast:track:clgz9riqz00cw3b6ejtwvujvq'; 
        INSERT INTO library_tracks
                (id, name, albumId, trackNumber, durationMs, isrc, imageUrl, audioUrl, externalLink, description)
                values ('podcast:track:clgz9riqz00cw3b6ejtwvujvq', 'Noisia Radio S06E24', 'podcast:album:clgz9riqw000d3b6emzyjak9r-clgz9riqz00cx3b6eucchzf4i', 0, 3701000, null, 'https://episodes.castos.com/6138cb87d83982-66320119/images/itunes-image.png', 'https://episodes.castos.com/6138cb87d83982-66320119/lVvlNzj5LDIVJw6DwLcKygsChjGrlJXe4105PhDx.mp3', 'https://visionradio.castos.com/episodes/noisia-radio-s06e24-1', 'Noisia Radio this week: We play the Halogenix remix of ‘Berry Patch’ by Machinedrum & Holly, and ‘Contradictory Truths’ by Arigto, out now on Division. More new music by Enei & Particle, Shades, Amoss & Fre4knc, Waeys, Annix & Skantia and more.. ')
      ;

        -- TODO: INSERT OR REPLACE once fixed in SKDB...
        -- INSERT OR REPLACE INTO library_artists
        DELETE FROM library_artists WHERE id = 'podcast:artist:clgz9riqw000d3b6emzyjak9r-clgz9riqz00cy3b6e8kc75wqp';
        INSERT INTO library_artists
        (id, name, imageUrl, colorsString)
        values ('podcast:artist:clgz9riqw000d3b6emzyjak9r-clgz9riqz00cy3b6e8kc75wqp', 'VISION Radio', 'https://episodes.castos.com/6138cb87d83982-66320119/images/itunes-image.png', null)
      ;

        INSERT INTO library_tracks_artists
        (trackId, artistId)
        values ('podcast:track:clgz9riqz00cw3b6ejtwvujvq', 'podcast:artist:clgz9riqw000d3b6emzyjak9r-clgz9riqz00cy3b6e8kc75wqp')
      ;

        -- TODO: INSERT OR REPLACE once fixed in SKDB...
        -- INSERT OR REPLACE INTO library_albums
        DELETE FROM library_albums WHERE id = 'podcast:album:clgz9riqw000d3b6emzyjak9r-clgz9riqz00cx3b6eucchzf4i';
        INSERT INTO library_albums
        (id, name, colorsString, imageUrl, trackCount, releaseDate, copyrights)
        values ('podcast:album:clgz9riqw000d3b6emzyjak9r-clgz9riqz00cx3b6eucchzf4i', 'VISION Radio', null, 'https://episodes.castos.com/6138cb87d83982-66320119/images/itunes-image.png', 1, null, null)
      ;

        INSERT INTO library_tracks_playlists
                (trackId, playlistId, trackIndex, addedAtTimestamp)
                values ('podcast:track:clgz9riqz00cw3b6ejtwvujvq', 'podcast:playlist:clgz9riqw000d3b6emzyjak9r', 150, 1591796460000)
      ;

        -- TODO: INSERT OR REPLACE once fixed in SKDB...
        -- INSERT OR REPLACE INTO library_tracks
        DELETE FROM library_tracks WHERE id = 'podcast:track:clgz9riqz00cz3b6e0mx7e0hk'; 
        INSERT INTO library_tracks
                (id, name, albumId, trackNumber, durationMs, isrc, imageUrl, audioUrl, externalLink, description)
                values ('podcast:track:clgz9riqz00cz3b6e0mx7e0hk', 'Noisia Radio S06E23 (IMANU Takeover)', 'podcast:album:clgz9riqw000d3b6emzyjak9r-clgz9riqz00d03b6e2mtk66iq', 0, 3668000, null, 'https://episodes.castos.com/6138cb87d83982-66320119/images/itunes-image.png', 'https://episodes.castos.com/6138cb87d83982-66320119/YHd1W8e3M9WCg68D84TqgWQQB2r5SgCfOCT7KggE.mp3', 'https://visionradio.castos.com/episodes/noisia-radio-s06e23-imanu-takeover-1', 'Noisia Radio this week: IMANU takes over the whole episode.')
      ;

        -- TODO: INSERT OR REPLACE once fixed in SKDB...
        -- INSERT OR REPLACE INTO library_artists
        DELETE FROM library_artists WHERE id = 'podcast:artist:clgz9riqw000d3b6emzyjak9r-clgz9riqz00d13b6eywa6s6qu';
        INSERT INTO library_artists
        (id, name, imageUrl, colorsString)
        values ('podcast:artist:clgz9riqw000d3b6emzyjak9r-clgz9riqz00d13b6eywa6s6qu', 'VISION Radio', 'https://episodes.castos.com/6138cb87d83982-66320119/images/itunes-image.png', null)
      ;

        INSERT INTO library_tracks_artists
        (trackId, artistId)
        values ('podcast:track:clgz9riqz00cz3b6e0mx7e0hk', 'podcast:artist:clgz9riqw000d3b6emzyjak9r-clgz9riqz00d13b6eywa6s6qu')
      ;

        -- TODO: INSERT OR REPLACE once fixed in SKDB...
        -- INSERT OR REPLACE INTO library_albums
        DELETE FROM library_albums WHERE id = 'podcast:album:clgz9riqw000d3b6emzyjak9r-clgz9riqz00d03b6e2mtk66iq';
        INSERT INTO library_albums
        (id, name, colorsString, imageUrl, trackCount, releaseDate, copyrights)
        values ('podcast:album:clgz9riqw000d3b6emzyjak9r-clgz9riqz00d03b6e2mtk66iq', 'VISION Radio', null, 'https://episodes.castos.com/6138cb87d83982-66320119/images/itunes-image.png', 1, null, null)
      ;

        INSERT INTO library_tracks_playlists
                (trackId, playlistId, trackIndex, addedAtTimestamp)
                values ('podcast:track:clgz9riqz00cz3b6e0mx7e0hk', 'podcast:playlist:clgz9riqw000d3b6emzyjak9r', 151, 1591183080000)
      ;

        -- TODO: INSERT OR REPLACE once fixed in SKDB...
        -- INSERT OR REPLACE INTO library_tracks
        DELETE FROM library_tracks WHERE id = 'podcast:track:clgz9riqz00d23b6e65lv6y0q'; 
        INSERT INTO library_tracks
                (id, name, albumId, trackNumber, durationMs, isrc, imageUrl, audioUrl, externalLink, description)
                values ('podcast:track:clgz9riqz00d23b6e65lv6y0q', 'Noisia Radio S06E22', 'podcast:album:clgz9riqw000d3b6emzyjak9r-clgz9riqz00d33b6eekznw0fq', 0, 3600000, null, 'https://episodes.castos.com/6138cb87d83982-66320119/images/itunes-image.png', 'https://episodes.castos.com/6138cb87d83982-66320119/pRclvxEO4obByHoJqDwUvndzG0GEpvtaGTImXAvw.mp3', 'https://visionradio.castos.com/episodes/noisia-radio-s06e22-1', 'Hello Person! We premiere ‘Come Forward’ by IMANU, from his ‘Memento’ EP, out Friday on VISION, and we announce ‘unseen, untold, forgotten’ by Arigto, also out on Friday via DIVISION. Take them away, keyboard Nik!')
      ;

        -- TODO: INSERT OR REPLACE once fixed in SKDB...
        -- INSERT OR REPLACE INTO library_artists
        DELETE FROM library_artists WHERE id = 'podcast:artist:clgz9riqw000d3b6emzyjak9r-clgz9riqz00d43b6e8auvz2jc';
        INSERT INTO library_artists
        (id, name, imageUrl, colorsString)
        values ('podcast:artist:clgz9riqw000d3b6emzyjak9r-clgz9riqz00d43b6e8auvz2jc', 'VISION Radio', 'https://episodes.castos.com/6138cb87d83982-66320119/images/itunes-image.png', null)
      ;

        INSERT INTO library_tracks_artists
        (trackId, artistId)
        values ('podcast:track:clgz9riqz00d23b6e65lv6y0q', 'podcast:artist:clgz9riqw000d3b6emzyjak9r-clgz9riqz00d43b6e8auvz2jc')
      ;

        -- TODO: INSERT OR REPLACE once fixed in SKDB...
        -- INSERT OR REPLACE INTO library_albums
        DELETE FROM library_albums WHERE id = 'podcast:album:clgz9riqw000d3b6emzyjak9r-clgz9riqz00d33b6eekznw0fq';
        INSERT INTO library_albums
        (id, name, colorsString, imageUrl, trackCount, releaseDate, copyrights)
        values ('podcast:album:clgz9riqw000d3b6emzyjak9r-clgz9riqz00d33b6eekznw0fq', 'VISION Radio', null, 'https://episodes.castos.com/6138cb87d83982-66320119/images/itunes-image.png', 1, null, null)
      ;

        INSERT INTO library_tracks_playlists
                (trackId, playlistId, trackIndex, addedAtTimestamp)
                values ('podcast:track:clgz9riqz00d23b6e65lv6y0q', 'podcast:playlist:clgz9riqw000d3b6emzyjak9r', 152, 1590587460000)
      ;

        -- TODO: INSERT OR REPLACE once fixed in SKDB...
        -- INSERT OR REPLACE INTO library_tracks
        DELETE FROM library_tracks WHERE id = 'podcast:track:clgz9riqz00d53b6eei5b2c3r'; 
        INSERT INTO library_tracks
                (id, name, albumId, trackNumber, durationMs, isrc, imageUrl, audioUrl, externalLink, description)
                values ('podcast:track:clgz9riqz00d53b6eei5b2c3r', 'Noisia Radio S06E21 (Mefjus "Particles" Takeover)', 'podcast:album:clgz9riqw000d3b6emzyjak9r-clgz9riqz00d63b6e6oc29kq1', 0, 3600000, null, 'https://episodes.castos.com/6138cb87d83982-66320119/images/itunes-image.png', 'https://episodes.castos.com/6138cb87d83982-66320119/ZZH5VLTcFvI2uam7CnchY3MO1JI2mjJjEIh4xPHF.mp3', 'https://visionradio.castos.com/episodes/noisia-radio-s06e21-mefjus-particles-takeover-1', 'Noisia‌ ‌Radio‌ ‌this‌ ‌week:‌ Mefjus takes over the full episode to celebrate the release of his massive ‘Particles’ EP on VISION. A collaborative project together with Camo & Krooked, Skeptical, Phace, IMANU, Break and us. Take it away Martin!')
      ;

        -- TODO: INSERT OR REPLACE once fixed in SKDB...
        -- INSERT OR REPLACE INTO library_artists
        DELETE FROM library_artists WHERE id = 'podcast:artist:clgz9riqw000d3b6emzyjak9r-clgz9riqz00d73b6emslmxmdk';
        INSERT INTO library_artists
        (id, name, imageUrl, colorsString)
        values ('podcast:artist:clgz9riqw000d3b6emzyjak9r-clgz9riqz00d73b6emslmxmdk', 'VISION Radio', 'https://episodes.castos.com/6138cb87d83982-66320119/images/itunes-image.png', null)
      ;

        INSERT INTO library_tracks_artists
        (trackId, artistId)
        values ('podcast:track:clgz9riqz00d53b6eei5b2c3r', 'podcast:artist:clgz9riqw000d3b6emzyjak9r-clgz9riqz00d73b6emslmxmdk')
      ;

        -- TODO: INSERT OR REPLACE once fixed in SKDB...
        -- INSERT OR REPLACE INTO library_albums
        DELETE FROM library_albums WHERE id = 'podcast:album:clgz9riqw000d3b6emzyjak9r-clgz9riqz00d63b6e6oc29kq1';
        INSERT INTO library_albums
        (id, name, colorsString, imageUrl, trackCount, releaseDate, copyrights)
        values ('podcast:album:clgz9riqw000d3b6emzyjak9r-clgz9riqz00d63b6e6oc29kq1', 'VISION Radio', null, 'https://episodes.castos.com/6138cb87d83982-66320119/images/itunes-image.png', 1, null, null)
      ;

        INSERT INTO library_tracks_playlists
                (trackId, playlistId, trackIndex, addedAtTimestamp)
                values ('podcast:track:clgz9riqz00d53b6eei5b2c3r', 'podcast:playlist:clgz9riqw000d3b6emzyjak9r', 153, 1589988480000)
      ;

        -- TODO: INSERT OR REPLACE once fixed in SKDB...
        -- INSERT OR REPLACE INTO library_tracks
        DELETE FROM library_tracks WHERE id = 'podcast:track:clgz9riqz00d83b6ekipnwvon'; 
        INSERT INTO library_tracks
                (id, name, albumId, trackNumber, durationMs, isrc, imageUrl, audioUrl, externalLink, description)
                values ('podcast:track:clgz9riqz00d83b6ekipnwvon', 'Noisia Radio S06E20 (Incl. Synergy Guest Mix)', 'podcast:album:clgz9riqw000d3b6emzyjak9r-clgz9riqz00d93b6ejxpujb0q', 0, 3600000, null, 'https://episodes.castos.com/6138cb87d83982-66320119/images/itunes-image.png', 'https://episodes.castos.com/6138cb87d83982-66320119/Gmdii8UU9pYCqh5xOvKEoiU2D1HN8ftKzAGYLKn7.mp3', 'https://visionradio.castos.com/episodes/noisia-radio-s06e20-incl-synergy-guest-mix-1', 'Noisia‌ ‌Radio‌ ‌this‌ ‌week:‌ The premiere of ‘Foundations’ by Mefjus and ourselves, a guest mix by Synergy, a Former remix for Tek Genesis & Quiet Bison, and Craze & DJ Ride remix ‘Yangmei’ by Machinedrum & Holly. All this and more..')
      ;

        -- TODO: INSERT OR REPLACE once fixed in SKDB...
        -- INSERT OR REPLACE INTO library_artists
        DELETE FROM library_artists WHERE id = 'podcast:artist:clgz9riqw000d3b6emzyjak9r-clgz9riqz00da3b6emitdkyaw';
        INSERT INTO library_artists
        (id, name, imageUrl, colorsString)
        values ('podcast:artist:clgz9riqw000d3b6emzyjak9r-clgz9riqz00da3b6emitdkyaw', 'VISION Radio', 'https://episodes.castos.com/6138cb87d83982-66320119/images/itunes-image.png', null)
      ;

        INSERT INTO library_tracks_artists
        (trackId, artistId)
        values ('podcast:track:clgz9riqz00d83b6ekipnwvon', 'podcast:artist:clgz9riqw000d3b6emzyjak9r-clgz9riqz00da3b6emitdkyaw')
      ;

        -- TODO: INSERT OR REPLACE once fixed in SKDB...
        -- INSERT OR REPLACE INTO library_albums
        DELETE FROM library_albums WHERE id = 'podcast:album:clgz9riqw000d3b6emzyjak9r-clgz9riqz00d93b6ejxpujb0q';
        INSERT INTO library_albums
        (id, name, colorsString, imageUrl, trackCount, releaseDate, copyrights)
        values ('podcast:album:clgz9riqw000d3b6emzyjak9r-clgz9riqz00d93b6ejxpujb0q', 'VISION Radio', null, 'https://episodes.castos.com/6138cb87d83982-66320119/images/itunes-image.png', 1, null, null)
      ;

        INSERT INTO library_tracks_playlists
                (trackId, playlistId, trackIndex, addedAtTimestamp)
                values ('podcast:track:clgz9riqz00d83b6ekipnwvon', 'podcast:playlist:clgz9riqw000d3b6emzyjak9r', 154, 1589378880000)
      ;

        -- TODO: INSERT OR REPLACE once fixed in SKDB...
        -- INSERT OR REPLACE INTO library_tracks
        DELETE FROM library_tracks WHERE id = 'podcast:track:clgz9riqz00db3b6enixrb3nu'; 
        INSERT INTO library_tracks
                (id, name, albumId, trackNumber, durationMs, isrc, imageUrl, audioUrl, externalLink, description)
                values ('podcast:track:clgz9riqz00db3b6enixrb3nu', 'Noisia Radio S06E19', 'podcast:album:clgz9riqw000d3b6emzyjak9r-clgz9riqz00dc3b6econ7q1lj', 0, 3631000, null, 'https://episodes.castos.com/6138cb87d83982-66320119/images/itunes-image.png', 'https://episodes.castos.com/6138cb87d83982-66320119/jbu5PCjAFD3Z9wy0V9Wsb5QAskVvzg1SJbyiSKVq.mp3', 'https://visionradio.castos.com/episodes/noisia-radio-s06e19-1', 'Noisia‌ ‌Radio‌ ‌this‌ ‌week:‌ The premiere of the ‘Bilateral’ EP by Synergy, the Rohaan remix of ‘Cloud Kingdom Theme’ by Tek Genesis, taken from the ‘Temp - Remixes’ EP, and IMANU remixes ‘Berry Patch’ by Machinedrum & Holly. All this and more things.')
      ;

        -- TODO: INSERT OR REPLACE once fixed in SKDB...
        -- INSERT OR REPLACE INTO library_artists
        DELETE FROM library_artists WHERE id = 'podcast:artist:clgz9riqw000d3b6emzyjak9r-clgz9riqz00dd3b6elxtguo1z';
        INSERT INTO library_artists
        (id, name, imageUrl, colorsString)
        values ('podcast:artist:clgz9riqw000d3b6emzyjak9r-clgz9riqz00dd3b6elxtguo1z', 'VISION Radio', 'https://episodes.castos.com/6138cb87d83982-66320119/images/itunes-image.png', null)
      ;

        INSERT INTO library_tracks_artists
        (trackId, artistId)
        values ('podcast:track:clgz9riqz00db3b6enixrb3nu', 'podcast:artist:clgz9riqw000d3b6emzyjak9r-clgz9riqz00dd3b6elxtguo1z')
      ;

        -- TODO: INSERT OR REPLACE once fixed in SKDB...
        -- INSERT OR REPLACE INTO library_albums
        DELETE FROM library_albums WHERE id = 'podcast:album:clgz9riqw000d3b6emzyjak9r-clgz9riqz00dc3b6econ7q1lj';
        INSERT INTO library_albums
        (id, name, colorsString, imageUrl, trackCount, releaseDate, copyrights)
        values ('podcast:album:clgz9riqw000d3b6emzyjak9r-clgz9riqz00dc3b6econ7q1lj', 'VISION Radio', null, 'https://episodes.castos.com/6138cb87d83982-66320119/images/itunes-image.png', 1, null, null)
      ;

        INSERT INTO library_tracks_playlists
                (trackId, playlistId, trackIndex, addedAtTimestamp)
                values ('podcast:track:clgz9riqz00db3b6enixrb3nu', 'podcast:playlist:clgz9riqw000d3b6emzyjak9r', 155, 1588772346000)
      ;

        -- TODO: INSERT OR REPLACE once fixed in SKDB...
        -- INSERT OR REPLACE INTO library_tracks
        DELETE FROM library_tracks WHERE id = 'podcast:track:clgz9riqz00de3b6eg2xu6v0t'; 
        INSERT INTO library_tracks
                (id, name, albumId, trackNumber, durationMs, isrc, imageUrl, audioUrl, externalLink, description)
                values ('podcast:track:clgz9riqz00de3b6eg2xu6v0t', 'Noisia Radio S06E18 (Incl. Phace Guest Mix)', 'podcast:album:clgz9riqw000d3b6emzyjak9r-clgz9riqz00df3b6emn9ua9v9', 0, 3600000, null, 'https://episodes.castos.com/6138cb87d83982-66320119/images/itunes-image.png', 'https://episodes.castos.com/6138cb87d83982-66320119/xEEmz49efmv5UxzYl2EU3EiFJhv6XKRs9ZLQnfMx.mp3', 'https://visionradio.castos.com/episodes/noisia-radio-s06e18-incl-phace-guest-mix-1', 'Noisia‌ ‌Radio‌ ‌this‌ ‌week:‌ The first premiere of the ‘Berry Patch: Blended’ EP in the shape of a Thys ft. Niels Broos remix for ‘Goji’ by Machinedrum & Holly, with a happy - not so - little accident as the second half. Plus a ‌guest‌ ‌mix‌ ‌by‌ ‌Phace')
      ;

        -- TODO: INSERT OR REPLACE once fixed in SKDB...
        -- INSERT OR REPLACE INTO library_artists
        DELETE FROM library_artists WHERE id = 'podcast:artist:clgz9riqw000d3b6emzyjak9r-clgz9riqz00dg3b6e7hvr4fbi';
        INSERT INTO library_artists
        (id, name, imageUrl, colorsString)
        values ('podcast:artist:clgz9riqw000d3b6emzyjak9r-clgz9riqz00dg3b6e7hvr4fbi', 'VISION Radio', 'https://episodes.castos.com/6138cb87d83982-66320119/images/itunes-image.png', null)
      ;

        INSERT INTO library_tracks_artists
        (trackId, artistId)
        values ('podcast:track:clgz9riqz00de3b6eg2xu6v0t', 'podcast:artist:clgz9riqw000d3b6emzyjak9r-clgz9riqz00dg3b6e7hvr4fbi')
      ;

        -- TODO: INSERT OR REPLACE once fixed in SKDB...
        -- INSERT OR REPLACE INTO library_albums
        DELETE FROM library_albums WHERE id = 'podcast:album:clgz9riqw000d3b6emzyjak9r-clgz9riqz00df3b6emn9ua9v9';
        INSERT INTO library_albums
        (id, name, colorsString, imageUrl, trackCount, releaseDate, copyrights)
        values ('podcast:album:clgz9riqw000d3b6emzyjak9r-clgz9riqz00df3b6emn9ua9v9', 'VISION Radio', null, 'https://episodes.castos.com/6138cb87d83982-66320119/images/itunes-image.png', 1, null, null)
      ;

        INSERT INTO library_tracks_playlists
                (trackId, playlistId, trackIndex, addedAtTimestamp)
                values ('podcast:track:clgz9riqz00de3b6eg2xu6v0t', 'podcast:playlist:clgz9riqw000d3b6emzyjak9r', 156, 1588169460000)
      ;

        -- TODO: INSERT OR REPLACE once fixed in SKDB...
        -- INSERT OR REPLACE INTO library_tracks
        DELETE FROM library_tracks WHERE id = 'podcast:track:clgz9riqz00dh3b6e1lei8f53'; 
        INSERT INTO library_tracks
                (id, name, albumId, trackNumber, durationMs, isrc, imageUrl, audioUrl, externalLink, description)
                values ('podcast:track:clgz9riqz00dh3b6e1lei8f53', 'Noisia Radio S06E17 (Incl. MAERE Guest Mix)', 'podcast:album:clgz9riqw000d3b6emzyjak9r-clgz9riqz00di3b6ezru4h28w', 0, 3598000, null, 'https://episodes.castos.com/6138cb87d83982-66320119/images/itunes-image.png', 'https://episodes.castos.com/6138cb87d83982-66320119/Vehbdg6omqbxYBTZx6C2L1d20JvZaEIIFRC3fVGu.mp3', 'https://visionradio.castos.com/episodes/noisia-radio-s06e17-incl-maere-guest-mix-1', 'Noisia Radio this week: We premiere "Spray" by Phace, the full "Caged" EP will be out this Friday on VISION, and in the second half we have a 30 minute guest mix by MAERE.')
      ;

        -- TODO: INSERT OR REPLACE once fixed in SKDB...
        -- INSERT OR REPLACE INTO library_artists
        DELETE FROM library_artists WHERE id = 'podcast:artist:clgz9riqw000d3b6emzyjak9r-clgz9riqz00dj3b6e0ng70yio';
        INSERT INTO library_artists
        (id, name, imageUrl, colorsString)
        values ('podcast:artist:clgz9riqw000d3b6emzyjak9r-clgz9riqz00dj3b6e0ng70yio', 'VISION Radio', 'https://episodes.castos.com/6138cb87d83982-66320119/images/itunes-image.png', null)
      ;

        INSERT INTO library_tracks_artists
        (trackId, artistId)
        values ('podcast:track:clgz9riqz00dh3b6e1lei8f53', 'podcast:artist:clgz9riqw000d3b6emzyjak9r-clgz9riqz00dj3b6e0ng70yio')
      ;

        -- TODO: INSERT OR REPLACE once fixed in SKDB...
        -- INSERT OR REPLACE INTO library_albums
        DELETE FROM library_albums WHERE id = 'podcast:album:clgz9riqw000d3b6emzyjak9r-clgz9riqz00di3b6ezru4h28w';
        INSERT INTO library_albums
        (id, name, colorsString, imageUrl, trackCount, releaseDate, copyrights)
        values ('podcast:album:clgz9riqw000d3b6emzyjak9r-clgz9riqz00di3b6ezru4h28w', 'VISION Radio', null, 'https://episodes.castos.com/6138cb87d83982-66320119/images/itunes-image.png', 1, null, null)
      ;

        INSERT INTO library_tracks_playlists
                (trackId, playlistId, trackIndex, addedAtTimestamp)
                values ('podcast:track:clgz9riqz00dh3b6e1lei8f53', 'podcast:playlist:clgz9riqw000d3b6emzyjak9r', 157, 1587565358000)
      ;

        -- TODO: INSERT OR REPLACE once fixed in SKDB...
        -- INSERT OR REPLACE INTO library_tracks
        DELETE FROM library_tracks WHERE id = 'podcast:track:clgz9riqz00dk3b6ewzqfqlv4'; 
        INSERT INTO library_tracks
                (id, name, albumId, trackNumber, durationMs, isrc, imageUrl, audioUrl, externalLink, description)
                values ('podcast:track:clgz9riqz00dk3b6ewzqfqlv4', 'Noisia Radio S06E16 (Incl. MUADEEP Guest Mix)', 'podcast:album:clgz9riqw000d3b6emzyjak9r-clgz9riqz00dl3b6eyaqroem3', 0, 3643000, null, 'https://episodes.castos.com/6138cb87d83982-66320119/images/itunes-image.png', 'https://episodes.castos.com/6138cb87d83982-66320119/DoK8OJrlwZg9i5Q3gCu2C4PxiQWFpaVrssHHVvtr.mp3', 'https://visionradio.castos.com/episodes/noisia-radio-s06e16-incl-muadeep-guest-mix-1', 'Noisia Radio this week: A guest mix by MUADEEP to celebrate the release of the ‘HARKONNEN’ EP on VISION. We premiere ‘KNIVES’ by MAERE, the full ‘OBSOLESCE’ EP will be out this Friday on DIVISION. All this and more things..')
      ;

        -- TODO: INSERT OR REPLACE once fixed in SKDB...
        -- INSERT OR REPLACE INTO library_artists
        DELETE FROM library_artists WHERE id = 'podcast:artist:clgz9riqw000d3b6emzyjak9r-clgz9riqz00dm3b6ed9xrioz7';
        INSERT INTO library_artists
        (id, name, imageUrl, colorsString)
        values ('podcast:artist:clgz9riqw000d3b6emzyjak9r-clgz9riqz00dm3b6ed9xrioz7', 'VISION Radio', 'https://episodes.castos.com/6138cb87d83982-66320119/images/itunes-image.png', null)
      ;

        INSERT INTO library_tracks_artists
        (trackId, artistId)
        values ('podcast:track:clgz9riqz00dk3b6ewzqfqlv4', 'podcast:artist:clgz9riqw000d3b6emzyjak9r-clgz9riqz00dm3b6ed9xrioz7')
      ;

        -- TODO: INSERT OR REPLACE once fixed in SKDB...
        -- INSERT OR REPLACE INTO library_albums
        DELETE FROM library_albums WHERE id = 'podcast:album:clgz9riqw000d3b6emzyjak9r-clgz9riqz00dl3b6eyaqroem3';
        INSERT INTO library_albums
        (id, name, colorsString, imageUrl, trackCount, releaseDate, copyrights)
        values ('podcast:album:clgz9riqw000d3b6emzyjak9r-clgz9riqz00dl3b6eyaqroem3', 'VISION Radio', null, 'https://episodes.castos.com/6138cb87d83982-66320119/images/itunes-image.png', 1, null, null)
      ;

        INSERT INTO library_tracks_playlists
                (trackId, playlistId, trackIndex, addedAtTimestamp)
                values ('podcast:track:clgz9riqz00dk3b6ewzqfqlv4', 'podcast:playlist:clgz9riqw000d3b6emzyjak9r', 158, 1586958420000)
      ;

        -- TODO: INSERT OR REPLACE once fixed in SKDB...
        -- INSERT OR REPLACE INTO library_tracks
        DELETE FROM library_tracks WHERE id = 'podcast:track:clgz9riqz00dn3b6e0jzs1aq5'; 
        INSERT INTO library_tracks
                (id, name, albumId, trackNumber, durationMs, isrc, imageUrl, audioUrl, externalLink, description)
                values ('podcast:track:clgz9riqz00dn3b6e0jzs1aq5', 'Noisia Radio S06E15', 'podcast:album:clgz9riqw000d3b6emzyjak9r-clgz9riqz00do3b6ec6lyzzij', 0, 3600000, null, 'https://episodes.castos.com/6138cb87d83982-66320119/images/itunes-image.png', 'https://episodes.castos.com/6138cb87d83982-66320119/Q0iZWajnyC78cyvLzAz6bSLvjj9NIeTKVfGQS63g.mp3', 'https://visionradio.castos.com/episodes/noisia-radio-s06e15-1', 'Noisia Radio this week: Two label premieres; ‘BACK TO BERLIN’ by MUADEEP out this Friday on VISION and ‘IN ITS SKIN’ by MAERE, out April 17th on DIVISION. New music by Thys & Amon Tobin, Fre4knc & Ground, Alix Perez, Circuits, D*minds and more..')
      ;

        -- TODO: INSERT OR REPLACE once fixed in SKDB...
        -- INSERT OR REPLACE INTO library_artists
        DELETE FROM library_artists WHERE id = 'podcast:artist:clgz9riqw000d3b6emzyjak9r-clgz9riqz00dp3b6e9k2xtkdr';
        INSERT INTO library_artists
        (id, name, imageUrl, colorsString)
        values ('podcast:artist:clgz9riqw000d3b6emzyjak9r-clgz9riqz00dp3b6e9k2xtkdr', 'VISION Radio', 'https://episodes.castos.com/6138cb87d83982-66320119/images/itunes-image.png', null)
      ;

        INSERT INTO library_tracks_artists
        (trackId, artistId)
        values ('podcast:track:clgz9riqz00dn3b6e0jzs1aq5', 'podcast:artist:clgz9riqw000d3b6emzyjak9r-clgz9riqz00dp3b6e9k2xtkdr')
      ;

        -- TODO: INSERT OR REPLACE once fixed in SKDB...
        -- INSERT OR REPLACE INTO library_albums
        DELETE FROM library_albums WHERE id = 'podcast:album:clgz9riqw000d3b6emzyjak9r-clgz9riqz00do3b6ec6lyzzij';
        INSERT INTO library_albums
        (id, name, colorsString, imageUrl, trackCount, releaseDate, copyrights)
        values ('podcast:album:clgz9riqw000d3b6emzyjak9r-clgz9riqz00do3b6ec6lyzzij', 'VISION Radio', null, 'https://episodes.castos.com/6138cb87d83982-66320119/images/itunes-image.png', 1, null, null)
      ;

        INSERT INTO library_tracks_playlists
                (trackId, playlistId, trackIndex, addedAtTimestamp)
                values ('podcast:track:clgz9riqz00dn3b6e0jzs1aq5', 'podcast:playlist:clgz9riqw000d3b6emzyjak9r', 159, 1586354100000)
      ;

        -- TODO: INSERT OR REPLACE once fixed in SKDB...
        -- INSERT OR REPLACE INTO library_tracks
        DELETE FROM library_tracks WHERE id = 'podcast:track:clgz9riqz00dq3b6e9qkncktn'; 
        INSERT INTO library_tracks
                (id, name, albumId, trackNumber, durationMs, isrc, imageUrl, audioUrl, externalLink, description)
                values ('podcast:track:clgz9riqz00dq3b6e9qkncktn', 'Noisia Radio S06E14 (Incl. Malux Guest Mix)', 'podcast:album:clgz9riqw000d3b6emzyjak9r-clgz9riqz00dr3b6eb3ekripi', 0, 3625000, null, 'https://episodes.castos.com/6138cb87d83982-66320119/images/itunes-image.png', 'https://episodes.castos.com/6138cb87d83982-66320119/tbZcl7lRj51AmKsTqGU0a3slWqIPyfNrA34PbB03.mp3', 'https://visionradio.castos.com/episodes/noisia-radio-s06e14-incl-malux-guest-mix-1', 'Noisia Radio this week: Malux recently released the ‘Motive’ EP on Vision, we have got a 30 minute guest mix by the man himself. Also, new music by Thys & Amon Tobin, Missin, Deft, Waeys, Alix Perez and more..')
      ;

        -- TODO: INSERT OR REPLACE once fixed in SKDB...
        -- INSERT OR REPLACE INTO library_artists
        DELETE FROM library_artists WHERE id = 'podcast:artist:clgz9riqw000d3b6emzyjak9r-clgz9riqz00ds3b6ebo68fyfc';
        INSERT INTO library_artists
        (id, name, imageUrl, colorsString)
        values ('podcast:artist:clgz9riqw000d3b6emzyjak9r-clgz9riqz00ds3b6ebo68fyfc', 'VISION Radio', 'https://episodes.castos.com/6138cb87d83982-66320119/images/itunes-image.png', null)
      ;

        INSERT INTO library_tracks_artists
        (trackId, artistId)
        values ('podcast:track:clgz9riqz00dq3b6e9qkncktn', 'podcast:artist:clgz9riqw000d3b6emzyjak9r-clgz9riqz00ds3b6ebo68fyfc')
      ;

        -- TODO: INSERT OR REPLACE once fixed in SKDB...
        -- INSERT OR REPLACE INTO library_albums
        DELETE FROM library_albums WHERE id = 'podcast:album:clgz9riqw000d3b6emzyjak9r-clgz9riqz00dr3b6eb3ekripi';
        INSERT INTO library_albums
        (id, name, colorsString, imageUrl, trackCount, releaseDate, copyrights)
        values ('podcast:album:clgz9riqw000d3b6emzyjak9r-clgz9riqz00dr3b6eb3ekripi', 'VISION Radio', null, 'https://episodes.castos.com/6138cb87d83982-66320119/images/itunes-image.png', 1, null, null)
      ;

        INSERT INTO library_tracks_playlists
                (trackId, playlistId, trackIndex, addedAtTimestamp)
                values ('podcast:track:clgz9riqz00dq3b6e9qkncktn', 'podcast:playlist:clgz9riqw000d3b6emzyjak9r', 160, 1585746960000)
      ;

        -- TODO: INSERT OR REPLACE once fixed in SKDB...
        -- INSERT OR REPLACE INTO library_tracks
        DELETE FROM library_tracks WHERE id = 'podcast:track:clgz9riqz00dt3b6etsleool3'; 
        INSERT INTO library_tracks
                (id, name, albumId, trackNumber, durationMs, isrc, imageUrl, audioUrl, externalLink, description)
                values ('podcast:track:clgz9riqz00dt3b6etsleool3', 'Noisia Radio S06E13', 'podcast:album:clgz9riqw000d3b6emzyjak9r-clgz9riqz00du3b6ez6cwipdv', 0, 3599000, null, 'https://episodes.castos.com/6138cb87d83982-66320119/images/itunes-image.png', 'https://episodes.castos.com/6138cb87d83982-66320119/T3KMjLSkPHL5m8rR80XLTn3Lt6OMphWYBk7ssHxM.mp3', 'https://visionradio.castos.com/episodes/noisia-radio-s06e13-1', 'Noisia Radio this week: We premiere ‘Tunnel Vision’ by Malux taken from the ‘Motive’ EP on VISION. More new music by Black Sun Empire & IMANU, Levela & Particle, Ivy lab & Two Fingers and The Caracal Project & Skylark.')
      ;

        -- TODO: INSERT OR REPLACE once fixed in SKDB...
        -- INSERT OR REPLACE INTO library_artists
        DELETE FROM library_artists WHERE id = 'podcast:artist:clgz9riqw000d3b6emzyjak9r-clgz9riqz00dv3b6ehdvrfzuz';
        INSERT INTO library_artists
        (id, name, imageUrl, colorsString)
        values ('podcast:artist:clgz9riqw000d3b6emzyjak9r-clgz9riqz00dv3b6ehdvrfzuz', 'VISION Radio', 'https://episodes.castos.com/6138cb87d83982-66320119/images/itunes-image.png', null)
      ;

        INSERT INTO library_tracks_artists
        (trackId, artistId)
        values ('podcast:track:clgz9riqz00dt3b6etsleool3', 'podcast:artist:clgz9riqw000d3b6emzyjak9r-clgz9riqz00dv3b6ehdvrfzuz')
      ;

        -- TODO: INSERT OR REPLACE once fixed in SKDB...
        -- INSERT OR REPLACE INTO library_albums
        DELETE FROM library_albums WHERE id = 'podcast:album:clgz9riqw000d3b6emzyjak9r-clgz9riqz00du3b6ez6cwipdv';
        INSERT INTO library_albums
        (id, name, colorsString, imageUrl, trackCount, releaseDate, copyrights)
        values ('podcast:album:clgz9riqw000d3b6emzyjak9r-clgz9riqz00du3b6ez6cwipdv', 'VISION Radio', null, 'https://episodes.castos.com/6138cb87d83982-66320119/images/itunes-image.png', 1, null, null)
      ;

        INSERT INTO library_tracks_playlists
                (trackId, playlistId, trackIndex, addedAtTimestamp)
                values ('podcast:track:clgz9riqz00dt3b6etsleool3', 'podcast:playlist:clgz9riqw000d3b6emzyjak9r', 161, 1585148040000)
      ;

        -- TODO: INSERT OR REPLACE once fixed in SKDB...
        -- INSERT OR REPLACE INTO library_tracks
        DELETE FROM library_tracks WHERE id = 'podcast:track:clgz9riqz00dw3b6esbqol8kf'; 
        INSERT INTO library_tracks
                (id, name, albumId, trackNumber, durationMs, isrc, imageUrl, audioUrl, externalLink, description)
                values ('podcast:track:clgz9riqz00dw3b6esbqol8kf', 'Noisia Radio S06E12', 'podcast:album:clgz9riqw000d3b6emzyjak9r-clgz9riqz00dx3b6ehan2hvk2', 0, 3600000, null, 'https://episodes.castos.com/6138cb87d83982-66320119/images/itunes-image.png', 'https://episodes.castos.com/6138cb87d83982-66320119/K6pGLdJPNHErVm1QQE3z6nK167oZIC6LJqmaEtH9.mp3', 'https://visionradio.castos.com/episodes/noisia-radio-s06e12-1', 'Noisia Radio this week: We’re premiering ‘Cargo’ by Malux, taken from the “Motive” EP on VISION. Also music from Levela, Rohaan, Tsuruda, Noer The Boy, T_I and more to brighten up these crazy days a little. Love, Noisia')
      ;

        -- TODO: INSERT OR REPLACE once fixed in SKDB...
        -- INSERT OR REPLACE INTO library_artists
        DELETE FROM library_artists WHERE id = 'podcast:artist:clgz9riqw000d3b6emzyjak9r-clgz9riqz00dy3b6erq323at4';
        INSERT INTO library_artists
        (id, name, imageUrl, colorsString)
        values ('podcast:artist:clgz9riqw000d3b6emzyjak9r-clgz9riqz00dy3b6erq323at4', 'VISION Radio', 'https://episodes.castos.com/6138cb87d83982-66320119/images/itunes-image.png', null)
      ;

        INSERT INTO library_tracks_artists
        (trackId, artistId)
        values ('podcast:track:clgz9riqz00dw3b6esbqol8kf', 'podcast:artist:clgz9riqw000d3b6emzyjak9r-clgz9riqz00dy3b6erq323at4')
      ;

        -- TODO: INSERT OR REPLACE once fixed in SKDB...
        -- INSERT OR REPLACE INTO library_albums
        DELETE FROM library_albums WHERE id = 'podcast:album:clgz9riqw000d3b6emzyjak9r-clgz9riqz00dx3b6ehan2hvk2';
        INSERT INTO library_albums
        (id, name, colorsString, imageUrl, trackCount, releaseDate, copyrights)
        values ('podcast:album:clgz9riqw000d3b6emzyjak9r-clgz9riqz00dx3b6ehan2hvk2', 'VISION Radio', null, 'https://episodes.castos.com/6138cb87d83982-66320119/images/itunes-image.png', 1, null, null)
      ;

        INSERT INTO library_tracks_playlists
                (trackId, playlistId, trackIndex, addedAtTimestamp)
                values ('podcast:track:clgz9riqz00dw3b6esbqol8kf', 'podcast:playlist:clgz9riqw000d3b6emzyjak9r', 162, 1584541560000)
      ;

        -- TODO: INSERT OR REPLACE once fixed in SKDB...
        -- INSERT OR REPLACE INTO library_tracks
        DELETE FROM library_tracks WHERE id = 'podcast:track:clgz9riqz00dz3b6euxdykach'; 
        INSERT INTO library_tracks
                (id, name, albumId, trackNumber, durationMs, isrc, imageUrl, audioUrl, externalLink, description)
                values ('podcast:track:clgz9riqz00dz3b6euxdykach', 'Noisia Radio S06E11', 'podcast:album:clgz9riqw000d3b6emzyjak9r-clgz9riqz00e03b6etfisiuq1', 0, 3600000, null, 'https://episodes.castos.com/6138cb87d83982-66320119/images/itunes-image.png', 'https://episodes.castos.com/6138cb87d83982-66320119/rezfK6wtimOoiBulJryP2Am7e9DhLS9NVsIyOPyv.mp3', 'https://visionradio.castos.com/episodes/noisia-radio-s06e11-1', 'Noisia Radio this week: The Particles series by Mefjus expands with ‘Out Of Time’ featuring Break, out this Friday on VISION. Plus some refreshing new sounds by Rohaan on Mad Zoo and much more new music by Sustance, T_I, Culprate & Phace, Mofes, and more')
      ;

        -- TODO: INSERT OR REPLACE once fixed in SKDB...
        -- INSERT OR REPLACE INTO library_artists
        DELETE FROM library_artists WHERE id = 'podcast:artist:clgz9riqw000d3b6emzyjak9r-clgz9riqz00e13b6eu923f0ug';
        INSERT INTO library_artists
        (id, name, imageUrl, colorsString)
        values ('podcast:artist:clgz9riqw000d3b6emzyjak9r-clgz9riqz00e13b6eu923f0ug', 'VISION Radio', 'https://episodes.castos.com/6138cb87d83982-66320119/images/itunes-image.png', null)
      ;

        INSERT INTO library_tracks_artists
        (trackId, artistId)
        values ('podcast:track:clgz9riqz00dz3b6euxdykach', 'podcast:artist:clgz9riqw000d3b6emzyjak9r-clgz9riqz00e13b6eu923f0ug')
      ;

        -- TODO: INSERT OR REPLACE once fixed in SKDB...
        -- INSERT OR REPLACE INTO library_albums
        DELETE FROM library_albums WHERE id = 'podcast:album:clgz9riqw000d3b6emzyjak9r-clgz9riqz00e03b6etfisiuq1';
        INSERT INTO library_albums
        (id, name, colorsString, imageUrl, trackCount, releaseDate, copyrights)
        values ('podcast:album:clgz9riqw000d3b6emzyjak9r-clgz9riqz00e03b6etfisiuq1', 'VISION Radio', null, 'https://episodes.castos.com/6138cb87d83982-66320119/images/itunes-image.png', 1, null, null)
      ;

        INSERT INTO library_tracks_playlists
                (trackId, playlistId, trackIndex, addedAtTimestamp)
                values ('podcast:track:clgz9riqz00dz3b6euxdykach', 'podcast:playlist:clgz9riqw000d3b6emzyjak9r', 163, 1583928240000)
      ;

        -- TODO: INSERT OR REPLACE once fixed in SKDB...
        -- INSERT OR REPLACE INTO library_tracks
        DELETE FROM library_tracks WHERE id = 'podcast:track:clgz9riqz00e23b6e8tt4ceq7'; 
        INSERT INTO library_tracks
                (id, name, albumId, trackNumber, durationMs, isrc, imageUrl, audioUrl, externalLink, description)
                values ('podcast:track:clgz9riqz00e23b6e8tt4ceq7', 'Noisia Radio S06E10 (Incl. Proxima Guest Mix)', 'podcast:album:clgz9riqw000d3b6emzyjak9r-clgz9riqz00e33b6efuwmqpfn', 0, 3598000, null, 'https://episodes.castos.com/6138cb87d83982-66320119/images/itunes-image.png', 'https://episodes.castos.com/6138cb87d83982-66320119/vhtajTjkxkwkCLbfZQgG8GYzdk5RyXpjQvmvSmUt.mp3', 'https://visionradio.castos.com/episodes/noisia-radio-s06e10-incl-proxima-guest-mix-1', 'Noisia Radio this week: To celebrate the release of the ‘Rumination’ EP by Proxima, he’s made a 30 minute guest mix for y’all to enjoy, filled with exclusives! And among our usual selection: Moody good remixed by Kill The Noise, Flite, and more..')
      ;

        -- TODO: INSERT OR REPLACE once fixed in SKDB...
        -- INSERT OR REPLACE INTO library_artists
        DELETE FROM library_artists WHERE id = 'podcast:artist:clgz9riqw000d3b6emzyjak9r-clgz9riqz00e43b6e50vmhllv';
        INSERT INTO library_artists
        (id, name, imageUrl, colorsString)
        values ('podcast:artist:clgz9riqw000d3b6emzyjak9r-clgz9riqz00e43b6e50vmhllv', 'VISION Radio', 'https://episodes.castos.com/6138cb87d83982-66320119/images/itunes-image.png', null)
      ;

        INSERT INTO library_tracks_artists
        (trackId, artistId)
        values ('podcast:track:clgz9riqz00e23b6e8tt4ceq7', 'podcast:artist:clgz9riqw000d3b6emzyjak9r-clgz9riqz00e43b6e50vmhllv')
      ;

        -- TODO: INSERT OR REPLACE once fixed in SKDB...
        -- INSERT OR REPLACE INTO library_albums
        DELETE FROM library_albums WHERE id = 'podcast:album:clgz9riqw000d3b6emzyjak9r-clgz9riqz00e33b6efuwmqpfn';
        INSERT INTO library_albums
        (id, name, colorsString, imageUrl, trackCount, releaseDate, copyrights)
        values ('podcast:album:clgz9riqw000d3b6emzyjak9r-clgz9riqz00e33b6efuwmqpfn', 'VISION Radio', null, 'https://episodes.castos.com/6138cb87d83982-66320119/images/itunes-image.png', 1, null, null)
      ;

        INSERT INTO library_tracks_playlists
                (trackId, playlistId, trackIndex, addedAtTimestamp)
                values ('podcast:track:clgz9riqz00e23b6e8tt4ceq7', 'podcast:playlist:clgz9riqw000d3b6emzyjak9r', 164, 1583329088000)
      ;

        -- TODO: INSERT OR REPLACE once fixed in SKDB...
        -- INSERT OR REPLACE INTO library_tracks
        DELETE FROM library_tracks WHERE id = 'podcast:track:clgz9riqz00e53b6ek8o6yu0n'; 
        INSERT INTO library_tracks
                (id, name, albumId, trackNumber, durationMs, isrc, imageUrl, audioUrl, externalLink, description)
                values ('podcast:track:clgz9riqz00e53b6ek8o6yu0n', 'Noisia Radio S06E09', 'podcast:album:clgz9riqw000d3b6emzyjak9r-clgz9riqz00e63b6e0mn1sg8f', 0, 3600000, null, 'https://episodes.castos.com/6138cb87d83982-66320119/images/itunes-image.png', 'https://episodes.castos.com/6138cb87d83982-66320119/STjo72T03KOVfMdyXk5E0756fUs7ZMnuZitwsnpo.mp3', 'https://visionradio.castos.com/episodes/noisia-radio-s06e09-1', 'Noisia Radio this week: We premiere ‘Vultureous’ by Proxima, part of the ‘Rumination’ EP, out now on VISION. More new music by Rockwell, Nickbee, Ivy Lab, No Puls, Skylark and a double Noisia Radio Reload. Daaang son, where’d we find this?!')
      ;

        -- TODO: INSERT OR REPLACE once fixed in SKDB...
        -- INSERT OR REPLACE INTO library_artists
        DELETE FROM library_artists WHERE id = 'podcast:artist:clgz9riqw000d3b6emzyjak9r-clgz9riqz00e73b6e9xrijpc3';
        INSERT INTO library_artists
        (id, name, imageUrl, colorsString)
        values ('podcast:artist:clgz9riqw000d3b6emzyjak9r-clgz9riqz00e73b6e9xrijpc3', 'VISION Radio', 'https://episodes.castos.com/6138cb87d83982-66320119/images/itunes-image.png', null)
      ;

        INSERT INTO library_tracks_artists
        (trackId, artistId)
        values ('podcast:track:clgz9riqz00e53b6ek8o6yu0n', 'podcast:artist:clgz9riqw000d3b6emzyjak9r-clgz9riqz00e73b6e9xrijpc3')
      ;

        -- TODO: INSERT OR REPLACE once fixed in SKDB...
        -- INSERT OR REPLACE INTO library_albums
        DELETE FROM library_albums WHERE id = 'podcast:album:clgz9riqw000d3b6emzyjak9r-clgz9riqz00e63b6e0mn1sg8f';
        INSERT INTO library_albums
        (id, name, colorsString, imageUrl, trackCount, releaseDate, copyrights)
        values ('podcast:album:clgz9riqw000d3b6emzyjak9r-clgz9riqz00e63b6e0mn1sg8f', 'VISION Radio', null, 'https://episodes.castos.com/6138cb87d83982-66320119/images/itunes-image.png', 1, null, null)
      ;

        INSERT INTO library_tracks_playlists
                (trackId, playlistId, trackIndex, addedAtTimestamp)
                values ('podcast:track:clgz9riqz00e53b6ek8o6yu0n', 'podcast:playlist:clgz9riqw000d3b6emzyjak9r', 165, 1582720995000)
      ;

        -- TODO: INSERT OR REPLACE once fixed in SKDB...
        -- INSERT OR REPLACE INTO library_tracks
        DELETE FROM library_tracks WHERE id = 'podcast:track:clgz9riqz00e83b6ext60tku5'; 
        INSERT INTO library_tracks
                (id, name, albumId, trackNumber, durationMs, isrc, imageUrl, audioUrl, externalLink, description)
                values ('podcast:track:clgz9riqz00e83b6ext60tku5', 'Noisia Radio S06E08', 'podcast:album:clgz9riqw000d3b6emzyjak9r-clgz9riqz00e93b6essl2k29m', 0, 3600000, null, 'https://episodes.castos.com/6138cb87d83982-66320119/images/itunes-image.png', 'https://episodes.castos.com/6138cb87d83982-66320119/vEg7StVyeVMW8xyYYBAf0QqCik6QNKGcqzo9pRvU.mp3', 'https://visionradio.castos.com/episodes/noisia-radio-s06e08-1', 'Noisia Radio this week: We premiere ‘Similitude’ by Proxima, part of the ‘Rumination’ EP, out this friday on our Vision imprint. The fifth and last song from our Armajet Soundtrack ‘Hardskin’ shows itself, and more new music by Halogenix & Imanu, Rockwell')
      ;

        -- TODO: INSERT OR REPLACE once fixed in SKDB...
        -- INSERT OR REPLACE INTO library_artists
        DELETE FROM library_artists WHERE id = 'podcast:artist:clgz9riqw000d3b6emzyjak9r-clgz9riqz00ea3b6e6incu3vw';
        INSERT INTO library_artists
        (id, name, imageUrl, colorsString)
        values ('podcast:artist:clgz9riqw000d3b6emzyjak9r-clgz9riqz00ea3b6e6incu3vw', 'VISION Radio', 'https://episodes.castos.com/6138cb87d83982-66320119/images/itunes-image.png', null)
      ;

        INSERT INTO library_tracks_artists
        (trackId, artistId)
        values ('podcast:track:clgz9riqz00e83b6ext60tku5', 'podcast:artist:clgz9riqw000d3b6emzyjak9r-clgz9riqz00ea3b6e6incu3vw')
      ;

        -- TODO: INSERT OR REPLACE once fixed in SKDB...
        -- INSERT OR REPLACE INTO library_albums
        DELETE FROM library_albums WHERE id = 'podcast:album:clgz9riqw000d3b6emzyjak9r-clgz9riqz00e93b6essl2k29m';
        INSERT INTO library_albums
        (id, name, colorsString, imageUrl, trackCount, releaseDate, copyrights)
        values ('podcast:album:clgz9riqw000d3b6emzyjak9r-clgz9riqz00e93b6essl2k29m', 'VISION Radio', null, 'https://episodes.castos.com/6138cb87d83982-66320119/images/itunes-image.png', 1, null, null)
      ;

        INSERT INTO library_tracks_playlists
                (trackId, playlistId, trackIndex, addedAtTimestamp)
                values ('podcast:track:clgz9riqz00e83b6ext60tku5', 'podcast:playlist:clgz9riqw000d3b6emzyjak9r', 166, 1582117740000)
      ;

        -- TODO: INSERT OR REPLACE once fixed in SKDB...
        -- INSERT OR REPLACE INTO library_tracks
        DELETE FROM library_tracks WHERE id = 'podcast:track:clgz9riqz00eb3b6eclo9f87z'; 
        INSERT INTO library_tracks
                (id, name, albumId, trackNumber, durationMs, isrc, imageUrl, audioUrl, externalLink, description)
                values ('podcast:track:clgz9riqz00eb3b6eclo9f87z', 'Noisia Radio S06E07 (Incl. Machinedrum & Holly Guest Mix)', 'podcast:album:clgz9riqw000d3b6emzyjak9r-clgz9riqz00ec3b6e9r2p8juv', 0, 3599000, null, 'https://episodes.castos.com/6138cb87d83982-66320119/images/itunes-image.png', 'https://episodes.castos.com/6138cb87d83982-66320119/vQllXSN9XaITgjShqT73ZfuiO0fsTw5Ax77OCEVG.mp3', 'https://visionradio.castos.com/episodes/noisia-radio-s06e07-incl-machinedrum-holly-guest-mix-1', 'Noisia Radio this week: We have a Machinedrum & Holly guest mix! Check out their EP ‘Berry Patch’, out now on Vision. More Armajet music! ‘Vaporized’ is more relaxed as it is made for the menus of Armajet. Yeehaw!')
      ;

        -- TODO: INSERT OR REPLACE once fixed in SKDB...
        -- INSERT OR REPLACE INTO library_artists
        DELETE FROM library_artists WHERE id = 'podcast:artist:clgz9riqw000d3b6emzyjak9r-clgz9riqz00ed3b6e5xtf33ux';
        INSERT INTO library_artists
        (id, name, imageUrl, colorsString)
        values ('podcast:artist:clgz9riqw000d3b6emzyjak9r-clgz9riqz00ed3b6e5xtf33ux', 'VISION Radio', 'https://episodes.castos.com/6138cb87d83982-66320119/images/itunes-image.png', null)
      ;

        INSERT INTO library_tracks_artists
        (trackId, artistId)
        values ('podcast:track:clgz9riqz00eb3b6eclo9f87z', 'podcast:artist:clgz9riqw000d3b6emzyjak9r-clgz9riqz00ed3b6e5xtf33ux')
      ;

        -- TODO: INSERT OR REPLACE once fixed in SKDB...
        -- INSERT OR REPLACE INTO library_albums
        DELETE FROM library_albums WHERE id = 'podcast:album:clgz9riqw000d3b6emzyjak9r-clgz9riqz00ec3b6e9r2p8juv';
        INSERT INTO library_albums
        (id, name, colorsString, imageUrl, trackCount, releaseDate, copyrights)
        values ('podcast:album:clgz9riqw000d3b6emzyjak9r-clgz9riqz00ec3b6e9r2p8juv', 'VISION Radio', null, 'https://episodes.castos.com/6138cb87d83982-66320119/images/itunes-image.png', 1, null, null)
      ;

        INSERT INTO library_tracks_playlists
                (trackId, playlistId, trackIndex, addedAtTimestamp)
                values ('podcast:track:clgz9riqz00eb3b6eclo9f87z', 'podcast:playlist:clgz9riqw000d3b6emzyjak9r', 167, 1581513240000)
      ;

        -- TODO: INSERT OR REPLACE once fixed in SKDB...
        -- INSERT OR REPLACE INTO library_tracks
        DELETE FROM library_tracks WHERE id = 'podcast:track:clgz9riqz00ee3b6ekmk4ix9n'; 
        INSERT INTO library_tracks
                (id, name, albumId, trackNumber, durationMs, isrc, imageUrl, audioUrl, externalLink, description)
                values ('podcast:track:clgz9riqz00ee3b6ekmk4ix9n', 'Noisia Radio S06E06', 'podcast:album:clgz9riqw000d3b6emzyjak9r-clgz9riqz00ef3b6ejhcpi6qc', 0, 3600000, null, 'https://episodes.castos.com/6138cb87d83982-66320119/images/itunes-image.png', 'https://episodes.castos.com/6138cb87d83982-66320119/JvwofYAhcPtDrKVDA3u7Mu8VMNFMytpwOQ21QjvL.mp3', 'https://visionradio.castos.com/episodes/noisia-radio-s06e06-1', 'Noisia Radio this week: We premiere ‘Transit’ by Mefjus & IMANU, taken from Mefjus’ Particles series. Our Armajet Soundtrack has more to offer too, ‘Decloak’ is out now!')
      ;

        -- TODO: INSERT OR REPLACE once fixed in SKDB...
        -- INSERT OR REPLACE INTO library_artists
        DELETE FROM library_artists WHERE id = 'podcast:artist:clgz9riqw000d3b6emzyjak9r-clgz9riqz00eg3b6e18f13js2';
        INSERT INTO library_artists
        (id, name, imageUrl, colorsString)
        values ('podcast:artist:clgz9riqw000d3b6emzyjak9r-clgz9riqz00eg3b6e18f13js2', 'VISION Radio', 'https://episodes.castos.com/6138cb87d83982-66320119/images/itunes-image.png', null)
      ;

        INSERT INTO library_tracks_artists
        (trackId, artistId)
        values ('podcast:track:clgz9riqz00ee3b6ekmk4ix9n', 'podcast:artist:clgz9riqw000d3b6emzyjak9r-clgz9riqz00eg3b6e18f13js2')
      ;

        -- TODO: INSERT OR REPLACE once fixed in SKDB...
        -- INSERT OR REPLACE INTO library_albums
        DELETE FROM library_albums WHERE id = 'podcast:album:clgz9riqw000d3b6emzyjak9r-clgz9riqz00ef3b6ejhcpi6qc';
        INSERT INTO library_albums
        (id, name, colorsString, imageUrl, trackCount, releaseDate, copyrights)
        values ('podcast:album:clgz9riqw000d3b6emzyjak9r-clgz9riqz00ef3b6ejhcpi6qc', 'VISION Radio', null, 'https://episodes.castos.com/6138cb87d83982-66320119/images/itunes-image.png', 1, null, null)
      ;

        INSERT INTO library_tracks_playlists
                (trackId, playlistId, trackIndex, addedAtTimestamp)
                values ('podcast:track:clgz9riqz00ee3b6ekmk4ix9n', 'podcast:playlist:clgz9riqw000d3b6emzyjak9r', 168, 1580905440000)
      ;

        -- TODO: INSERT OR REPLACE once fixed in SKDB...
        -- INSERT OR REPLACE INTO library_tracks
        DELETE FROM library_tracks WHERE id = 'podcast:track:clgz9riqz00eh3b6elbrx1i7o'; 
        INSERT INTO library_tracks
                (id, name, albumId, trackNumber, durationMs, isrc, imageUrl, audioUrl, externalLink, description)
                values ('podcast:track:clgz9riqz00eh3b6elbrx1i7o', 'Noisia Radio S06E05', 'podcast:album:clgz9riqw000d3b6emzyjak9r-clgz9riqz00ei3b6eqjn9pfhw', 0, 3636000, null, 'https://episodes.castos.com/6138cb87d83982-66320119/images/itunes-image.png', 'https://episodes.castos.com/6138cb87d83982-66320119/XpwQ7yLhVK74IhqYw3spGyGBCKVh4XkrfCT0qN0P.mp3', 'https://visionradio.castos.com/episodes/noisia-radio-s06e05-1', 'Noisia Radio this week: We premiere ‘Wallhack’, a track we made for the game Armajet, out this Friday on our Vision imprint! More new music by Machinedrum & Holly, T.I, Annix, Malux, Monuman and more.. Enjoy!')
      ;

        -- TODO: INSERT OR REPLACE once fixed in SKDB...
        -- INSERT OR REPLACE INTO library_artists
        DELETE FROM library_artists WHERE id = 'podcast:artist:clgz9riqw000d3b6emzyjak9r-clgz9riqz00ej3b6eq6q5vvqt';
        INSERT INTO library_artists
        (id, name, imageUrl, colorsString)
        values ('podcast:artist:clgz9riqw000d3b6emzyjak9r-clgz9riqz00ej3b6eq6q5vvqt', 'VISION Radio', 'https://episodes.castos.com/6138cb87d83982-66320119/images/itunes-image.png', null)
      ;

        INSERT INTO library_tracks_artists
        (trackId, artistId)
        values ('podcast:track:clgz9riqz00eh3b6elbrx1i7o', 'podcast:artist:clgz9riqw000d3b6emzyjak9r-clgz9riqz00ej3b6eq6q5vvqt')
      ;

        -- TODO: INSERT OR REPLACE once fixed in SKDB...
        -- INSERT OR REPLACE INTO library_albums
        DELETE FROM library_albums WHERE id = 'podcast:album:clgz9riqw000d3b6emzyjak9r-clgz9riqz00ei3b6eqjn9pfhw';
        INSERT INTO library_albums
        (id, name, colorsString, imageUrl, trackCount, releaseDate, copyrights)
        values ('podcast:album:clgz9riqw000d3b6emzyjak9r-clgz9riqz00ei3b6eqjn9pfhw', 'VISION Radio', null, 'https://episodes.castos.com/6138cb87d83982-66320119/images/itunes-image.png', 1, null, null)
      ;

        INSERT INTO library_tracks_playlists
                (trackId, playlistId, trackIndex, addedAtTimestamp)
                values ('podcast:track:clgz9riqz00eh3b6elbrx1i7o', 'podcast:playlist:clgz9riqw000d3b6emzyjak9r', 169, 1580306040000)
      ;

        -- TODO: INSERT OR REPLACE once fixed in SKDB...
        -- INSERT OR REPLACE INTO library_tracks
        DELETE FROM library_tracks WHERE id = 'podcast:track:clgz9riqz00ek3b6eab29ifmk'; 
        INSERT INTO library_tracks
                (id, name, albumId, trackNumber, durationMs, isrc, imageUrl, audioUrl, externalLink, description)
                values ('podcast:track:clgz9riqz00ek3b6eab29ifmk', 'Noisia Radio S06E04', 'podcast:album:clgz9riqw000d3b6emzyjak9r-clgz9riqz00el3b6e3bk8ktc7', 0, 3600000, null, 'https://episodes.castos.com/6138cb87d83982-66320119/images/itunes-image.png', 'https://episodes.castos.com/6138cb87d83982-66320119/sqQ1DgS4A7qAlvxLyMqVTjOgDny7kl228lb7BGyt.mp3', 'https://visionradio.castos.com/episodes/noisia-radio-s06e04-1', 'Noisia Radio this week: We premiere the main theme of Armajet OST: ‘The Ascent’, by yours trulies, out this Friday on Vision. be sure to check it out! Also way more music that is also important.')
      ;

        -- TODO: INSERT OR REPLACE once fixed in SKDB...
        -- INSERT OR REPLACE INTO library_artists
        DELETE FROM library_artists WHERE id = 'podcast:artist:clgz9riqw000d3b6emzyjak9r-clgz9riqz00em3b6ezlrt4r5r';
        INSERT INTO library_artists
        (id, name, imageUrl, colorsString)
        values ('podcast:artist:clgz9riqw000d3b6emzyjak9r-clgz9riqz00em3b6ezlrt4r5r', 'VISION Radio', 'https://episodes.castos.com/6138cb87d83982-66320119/images/itunes-image.png', null)
      ;

        INSERT INTO library_tracks_artists
        (trackId, artistId)
        values ('podcast:track:clgz9riqz00ek3b6eab29ifmk', 'podcast:artist:clgz9riqw000d3b6emzyjak9r-clgz9riqz00em3b6ezlrt4r5r')
      ;

        -- TODO: INSERT OR REPLACE once fixed in SKDB...
        -- INSERT OR REPLACE INTO library_albums
        DELETE FROM library_albums WHERE id = 'podcast:album:clgz9riqw000d3b6emzyjak9r-clgz9riqz00el3b6e3bk8ktc7';
        INSERT INTO library_albums
        (id, name, colorsString, imageUrl, trackCount, releaseDate, copyrights)
        values ('podcast:album:clgz9riqw000d3b6emzyjak9r-clgz9riqz00el3b6e3bk8ktc7', 'VISION Radio', null, 'https://episodes.castos.com/6138cb87d83982-66320119/images/itunes-image.png', 1, null, null)
      ;

        INSERT INTO library_tracks_playlists
                (trackId, playlistId, trackIndex, addedAtTimestamp)
                values ('podcast:track:clgz9riqz00ek3b6eab29ifmk', 'podcast:playlist:clgz9riqw000d3b6emzyjak9r', 170, 1579696080000)
      ;

        -- TODO: INSERT OR REPLACE once fixed in SKDB...
        -- INSERT OR REPLACE INTO library_tracks
        DELETE FROM library_tracks WHERE id = 'podcast:track:clgz9riqz00en3b6ekgof2w8z'; 
        INSERT INTO library_tracks
                (id, name, albumId, trackNumber, durationMs, isrc, imageUrl, audioUrl, externalLink, description)
                values ('podcast:track:clgz9riqz00en3b6ekgof2w8z', 'Noisia Radio S06E03', 'podcast:album:clgz9riqw000d3b6emzyjak9r-clgz9riqz00eo3b6ekt2drpcr', 0, 3605000, null, 'https://episodes.castos.com/6138cb87d83982-66320119/images/itunes-image.png', 'https://episodes.castos.com/6138cb87d83982-66320119/4NdFBzPc21CqhndPwZFjxtbn6CwZI32dgAfbKGrQ.mp3', 'https://visionradio.castos.com/episodes/noisia-radio-s06e03-1', 'Noisia Radio this week: We premiere “Berry Patch” by Machinedrum & Holly, out now on our Vision imprint, the full EP will be out on the 31st of this month. New music by Misanthrop, QZB & Rider Shafique, Aardvarck, Skylark, Anti.Negative and more.. ')
      ;

        -- TODO: INSERT OR REPLACE once fixed in SKDB...
        -- INSERT OR REPLACE INTO library_artists
        DELETE FROM library_artists WHERE id = 'podcast:artist:clgz9riqw000d3b6emzyjak9r-clgz9riqz00ep3b6e13n1qxx2';
        INSERT INTO library_artists
        (id, name, imageUrl, colorsString)
        values ('podcast:artist:clgz9riqw000d3b6emzyjak9r-clgz9riqz00ep3b6e13n1qxx2', 'VISION Radio', 'https://episodes.castos.com/6138cb87d83982-66320119/images/itunes-image.png', null)
      ;

        INSERT INTO library_tracks_artists
        (trackId, artistId)
        values ('podcast:track:clgz9riqz00en3b6ekgof2w8z', 'podcast:artist:clgz9riqw000d3b6emzyjak9r-clgz9riqz00ep3b6e13n1qxx2')
      ;

        -- TODO: INSERT OR REPLACE once fixed in SKDB...
        -- INSERT OR REPLACE INTO library_albums
        DELETE FROM library_albums WHERE id = 'podcast:album:clgz9riqw000d3b6emzyjak9r-clgz9riqz00eo3b6ekt2drpcr';
        INSERT INTO library_albums
        (id, name, colorsString, imageUrl, trackCount, releaseDate, copyrights)
        values ('podcast:album:clgz9riqw000d3b6emzyjak9r-clgz9riqz00eo3b6ekt2drpcr', 'VISION Radio', null, 'https://episodes.castos.com/6138cb87d83982-66320119/images/itunes-image.png', 1, null, null)
      ;

        INSERT INTO library_tracks_playlists
                (trackId, playlistId, trackIndex, addedAtTimestamp)
                values ('podcast:track:clgz9riqz00en3b6ekgof2w8z', 'podcast:playlist:clgz9riqw000d3b6emzyjak9r', 171, 1579092341000)
      ;

        -- TODO: INSERT OR REPLACE once fixed in SKDB...
        -- INSERT OR REPLACE INTO library_tracks
        DELETE FROM library_tracks WHERE id = 'podcast:track:clgz9riqz00eq3b6ex6uteshc'; 
        INSERT INTO library_tracks
                (id, name, albumId, trackNumber, durationMs, isrc, imageUrl, audioUrl, externalLink, description)
                values ('podcast:track:clgz9riqz00eq3b6ex6uteshc', 'Noisia Radio S06E02 (Incl. Levela Guest Mix)', 'podcast:album:clgz9riqw000d3b6emzyjak9r-clgz9riqz00er3b6esobbtlrp', 0, 3742000, null, 'https://episodes.castos.com/6138cb87d83982-66320119/images/itunes-image.png', 'https://episodes.castos.com/6138cb87d83982-66320119/zeuyPemJ844Ea81SHpkNRN5ZPkerclHXyqZ9VXIf.mp3', 'https://visionradio.castos.com/episodes/noisia-radio-s06e02-incl-levela-guest-mix-1', 'Noisia Radio this week: A 30 minute guest mix by Levela, combined with a selection of tunes from the likes of: QZB & Emperor, Tek Genesis, Skylark, Proxima, Lordel, Four Tet & Overmono and more..')
      ;

        -- TODO: INSERT OR REPLACE once fixed in SKDB...
        -- INSERT OR REPLACE INTO library_artists
        DELETE FROM library_artists WHERE id = 'podcast:artist:clgz9riqw000d3b6emzyjak9r-clgz9riqz00es3b6ehaocini4';
        INSERT INTO library_artists
        (id, name, imageUrl, colorsString)
        values ('podcast:artist:clgz9riqw000d3b6emzyjak9r-clgz9riqz00es3b6ehaocini4', 'VISION Radio', 'https://episodes.castos.com/6138cb87d83982-66320119/images/itunes-image.png', null)
      ;

        INSERT INTO library_tracks_artists
        (trackId, artistId)
        values ('podcast:track:clgz9riqz00eq3b6ex6uteshc', 'podcast:artist:clgz9riqw000d3b6emzyjak9r-clgz9riqz00es3b6ehaocini4')
      ;

        -- TODO: INSERT OR REPLACE once fixed in SKDB...
        -- INSERT OR REPLACE INTO library_albums
        DELETE FROM library_albums WHERE id = 'podcast:album:clgz9riqw000d3b6emzyjak9r-clgz9riqz00er3b6esobbtlrp';
        INSERT INTO library_albums
        (id, name, colorsString, imageUrl, trackCount, releaseDate, copyrights)
        values ('podcast:album:clgz9riqw000d3b6emzyjak9r-clgz9riqz00er3b6esobbtlrp', 'VISION Radio', null, 'https://episodes.castos.com/6138cb87d83982-66320119/images/itunes-image.png', 1, null, null)
      ;

        INSERT INTO library_tracks_playlists
                (trackId, playlistId, trackIndex, addedAtTimestamp)
                values ('podcast:track:clgz9riqz00eq3b6ex6uteshc', 'podcast:playlist:clgz9riqw000d3b6emzyjak9r', 172, 1578496920000)
      ;

        -- TODO: INSERT OR REPLACE once fixed in SKDB...
        -- INSERT OR REPLACE INTO library_tracks
        DELETE FROM library_tracks WHERE id = 'podcast:track:clgz9riqz00et3b6er4przsu6'; 
        INSERT INTO library_tracks
                (id, name, albumId, trackNumber, durationMs, isrc, imageUrl, audioUrl, externalLink, description)
                values ('podcast:track:clgz9riqz00et3b6er4przsu6', 'Noisia Radio S06E01', 'podcast:album:clgz9riqw000d3b6emzyjak9r-clgz9riqz00eu3b6edcdhptgn', 0, 3600000, null, 'https://episodes.castos.com/6138cb87d83982-66320119/images/itunes-image.png', 'https://episodes.castos.com/6138cb87d83982-66320119/26WAcUMQp4s9Y2f9kugbradp5HDspQddvSU0RcQd.mp3', 'https://visionradio.castos.com/episodes/noisia-radio-s06e01-1', 'Noisia Radio this week: Season 6 is upon us! Featuring Levela, Former, Tek Genesis & Halinae from our own imprints, and a selection of different imprints like: Shogun, Methlab, Dispatch, Next Level, Neosignal, Ram and more.. Happy new year!')
      ;

        -- TODO: INSERT OR REPLACE once fixed in SKDB...
        -- INSERT OR REPLACE INTO library_artists
        DELETE FROM library_artists WHERE id = 'podcast:artist:clgz9riqw000d3b6emzyjak9r-clgz9riqz00ev3b6e40jq6ako';
        INSERT INTO library_artists
        (id, name, imageUrl, colorsString)
        values ('podcast:artist:clgz9riqw000d3b6emzyjak9r-clgz9riqz00ev3b6e40jq6ako', 'VISION Radio', 'https://episodes.castos.com/6138cb87d83982-66320119/images/itunes-image.png', null)
      ;

        INSERT INTO library_tracks_artists
        (trackId, artistId)
        values ('podcast:track:clgz9riqz00et3b6er4przsu6', 'podcast:artist:clgz9riqw000d3b6emzyjak9r-clgz9riqz00ev3b6e40jq6ako')
      ;

        -- TODO: INSERT OR REPLACE once fixed in SKDB...
        -- INSERT OR REPLACE INTO library_albums
        DELETE FROM library_albums WHERE id = 'podcast:album:clgz9riqw000d3b6emzyjak9r-clgz9riqz00eu3b6edcdhptgn';
        INSERT INTO library_albums
        (id, name, colorsString, imageUrl, trackCount, releaseDate, copyrights)
        values ('podcast:album:clgz9riqw000d3b6emzyjak9r-clgz9riqz00eu3b6edcdhptgn', 'VISION Radio', null, 'https://episodes.castos.com/6138cb87d83982-66320119/images/itunes-image.png', 1, null, null)
      ;

        INSERT INTO library_tracks_playlists
                (trackId, playlistId, trackIndex, addedAtTimestamp)
                values ('podcast:track:clgz9riqz00et3b6er4przsu6', 'podcast:playlist:clgz9riqw000d3b6emzyjak9r', 173, 1577892600000)
      ;

        -- TODO: INSERT OR REPLACE once fixed in SKDB...
        -- INSERT OR REPLACE INTO library_tracks
        DELETE FROM library_tracks WHERE id = 'podcast:track:clgz9riqz00ew3b6e0sw256us'; 
        INSERT INTO library_tracks
                (id, name, albumId, trackNumber, durationMs, isrc, imageUrl, audioUrl, externalLink, description)
                values ('podcast:track:clgz9riqz00ew3b6e0sw256us', 'Noisia Radio S05E52 (The Noisia Radio Reload Special)', 'podcast:album:clgz9riqw000d3b6emzyjak9r-clgz9riqz00ex3b6ek68rblan', 0, 3600000, null, 'https://episodes.castos.com/6138cb87d83982-66320119/images/itunes-image.png', 'https://episodes.castos.com/6138cb87d83982-66320119/f1qDXUqhBMdlgi7uNyEuzmkhCtjcMwIn01INGmf5.mp3', 'https://visionradio.castos.com/episodes/noisia-radio-s05e52-the-noisia-radio-reload-special-1', 'The Noisia Radio Reload Special! Every winning song you voted for in our Patreon poll each week is in this episode! Thank you for voting, and we love the selection you guys made. See you next year :D')
      ;

        -- TODO: INSERT OR REPLACE once fixed in SKDB...
        -- INSERT OR REPLACE INTO library_artists
        DELETE FROM library_artists WHERE id = 'podcast:artist:clgz9riqw000d3b6emzyjak9r-clgz9riqz00ey3b6er6n9qr1m';
        INSERT INTO library_artists
        (id, name, imageUrl, colorsString)
        values ('podcast:artist:clgz9riqw000d3b6emzyjak9r-clgz9riqz00ey3b6er6n9qr1m', 'VISION Radio', 'https://episodes.castos.com/6138cb87d83982-66320119/images/itunes-image.png', null)
      ;

        INSERT INTO library_tracks_artists
        (trackId, artistId)
        values ('podcast:track:clgz9riqz00ew3b6e0sw256us', 'podcast:artist:clgz9riqw000d3b6emzyjak9r-clgz9riqz00ey3b6er6n9qr1m')
      ;

        -- TODO: INSERT OR REPLACE once fixed in SKDB...
        -- INSERT OR REPLACE INTO library_albums
        DELETE FROM library_albums WHERE id = 'podcast:album:clgz9riqw000d3b6emzyjak9r-clgz9riqz00ex3b6ek68rblan';
        INSERT INTO library_albums
        (id, name, colorsString, imageUrl, trackCount, releaseDate, copyrights)
        values ('podcast:album:clgz9riqw000d3b6emzyjak9r-clgz9riqz00ex3b6ek68rblan', 'VISION Radio', null, 'https://episodes.castos.com/6138cb87d83982-66320119/images/itunes-image.png', 1, null, null)
      ;

        INSERT INTO library_tracks_playlists
                (trackId, playlistId, trackIndex, addedAtTimestamp)
                values ('podcast:track:clgz9riqz00ew3b6e0sw256us', 'podcast:playlist:clgz9riqw000d3b6emzyjak9r', 174, 1577282604000)
      ;

        -- TODO: INSERT OR REPLACE once fixed in SKDB...
        -- INSERT OR REPLACE INTO library_tracks
        DELETE FROM library_tracks WHERE id = 'podcast:track:clgz9riqz00ez3b6egq7dzma4'; 
        INSERT INTO library_tracks
                (id, name, albumId, trackNumber, durationMs, isrc, imageUrl, audioUrl, externalLink, description)
                values ('podcast:track:clgz9riqz00ez3b6egq7dzma4', 'Noisia Radio S05E51', 'podcast:album:clgz9riqw000d3b6emzyjak9r-clgz9riqz00f03b6ewqq3lo35', 0, 3601000, null, 'https://episodes.castos.com/6138cb87d83982-66320119/images/itunes-image.png', 'https://episodes.castos.com/6138cb87d83982-66320119/RFrvaYLAMsYJqP4zx52nbGkZYRK4NTNSittkSEF4.mp3', 'https://visionradio.castos.com/episodes/noisia-radio-s05e51-1', 'Noisia Radio this week: We premiere ‘Realities’ by Levela, out today, and ‘Tunnel Wizard’ by Former. There’s more! Mefjus & Phace collaborated on ‘Bubble’, and Posij’s ‘The Panic’, all out now. Yee-haw!')
      ;

        -- TODO: INSERT OR REPLACE once fixed in SKDB...
        -- INSERT OR REPLACE INTO library_artists
        DELETE FROM library_artists WHERE id = 'podcast:artist:clgz9riqw000d3b6emzyjak9r-clgz9riqz00f13b6ec3x08xsr';
        INSERT INTO library_artists
        (id, name, imageUrl, colorsString)
        values ('podcast:artist:clgz9riqw000d3b6emzyjak9r-clgz9riqz00f13b6ec3x08xsr', 'VISION Radio', 'https://episodes.castos.com/6138cb87d83982-66320119/images/itunes-image.png', null)
      ;

        INSERT INTO library_tracks_artists
        (trackId, artistId)
        values ('podcast:track:clgz9riqz00ez3b6egq7dzma4', 'podcast:artist:clgz9riqw000d3b6emzyjak9r-clgz9riqz00f13b6ec3x08xsr')
      ;

        -- TODO: INSERT OR REPLACE once fixed in SKDB...
        -- INSERT OR REPLACE INTO library_albums
        DELETE FROM library_albums WHERE id = 'podcast:album:clgz9riqw000d3b6emzyjak9r-clgz9riqz00f03b6ewqq3lo35';
        INSERT INTO library_albums
        (id, name, colorsString, imageUrl, trackCount, releaseDate, copyrights)
        values ('podcast:album:clgz9riqw000d3b6emzyjak9r-clgz9riqz00f03b6ewqq3lo35', 'VISION Radio', null, 'https://episodes.castos.com/6138cb87d83982-66320119/images/itunes-image.png', 1, null, null)
      ;

        INSERT INTO library_tracks_playlists
                (trackId, playlistId, trackIndex, addedAtTimestamp)
                values ('podcast:track:clgz9riqz00ez3b6egq7dzma4', 'podcast:playlist:clgz9riqw000d3b6emzyjak9r', 175, 1576673820000)
      ;

        -- TODO: INSERT OR REPLACE once fixed in SKDB...
        -- INSERT OR REPLACE INTO library_tracks
        DELETE FROM library_tracks WHERE id = 'podcast:track:clgz9riqz00f23b6ehqecovca'; 
        INSERT INTO library_tracks
                (id, name, albumId, trackNumber, durationMs, isrc, imageUrl, audioUrl, externalLink, description)
                values ('podcast:track:clgz9riqz00f23b6ehqecovca', 'Noisia Radio S05E50 (Tek Genesis Takeover)', 'podcast:album:clgz9riqw000d3b6emzyjak9r-clgz9riqz00f33b6ewkz8gcvx', 0, 3606000, null, 'https://episodes.castos.com/6138cb87d83982-66320119/images/itunes-image.png', 'https://episodes.castos.com/6138cb87d83982-66320119/gMkMdJStEYTKCmw3YfcEqjpZIss2A7fmNgNoABXV.mp3', 'https://visionradio.castos.com/episodes/noisia-radio-s05e50-tek-genesis-takeover-1', 'Noisia Radio this week: To celebrate the release of Tek Genesis’ album ‘Temp’ on our Division imprint, we have a takeover episode by the man himself. Lots of new and unreleased material inside! ')
      ;

        -- TODO: INSERT OR REPLACE once fixed in SKDB...
        -- INSERT OR REPLACE INTO library_artists
        DELETE FROM library_artists WHERE id = 'podcast:artist:clgz9riqw000d3b6emzyjak9r-clgz9riqz00f43b6eqghjjnxo';
        INSERT INTO library_artists
        (id, name, imageUrl, colorsString)
        values ('podcast:artist:clgz9riqw000d3b6emzyjak9r-clgz9riqz00f43b6eqghjjnxo', 'VISION Radio', 'https://episodes.castos.com/6138cb87d83982-66320119/images/itunes-image.png', null)
      ;

        INSERT INTO library_tracks_artists
        (trackId, artistId)
        values ('podcast:track:clgz9riqz00f23b6ehqecovca', 'podcast:artist:clgz9riqw000d3b6emzyjak9r-clgz9riqz00f43b6eqghjjnxo')
      ;

        -- TODO: INSERT OR REPLACE once fixed in SKDB...
        -- INSERT OR REPLACE INTO library_albums
        DELETE FROM library_albums WHERE id = 'podcast:album:clgz9riqw000d3b6emzyjak9r-clgz9riqz00f33b6ewkz8gcvx';
        INSERT INTO library_albums
        (id, name, colorsString, imageUrl, trackCount, releaseDate, copyrights)
        values ('podcast:album:clgz9riqw000d3b6emzyjak9r-clgz9riqz00f33b6ewkz8gcvx', 'VISION Radio', null, 'https://episodes.castos.com/6138cb87d83982-66320119/images/itunes-image.png', 1, null, null)
      ;

        INSERT INTO library_tracks_playlists
                (trackId, playlistId, trackIndex, addedAtTimestamp)
                values ('podcast:track:clgz9riqz00f23b6ehqecovca', 'podcast:playlist:clgz9riqw000d3b6emzyjak9r', 176, 1576076400000)
      ;

        -- TODO: INSERT OR REPLACE once fixed in SKDB...
        -- INSERT OR REPLACE INTO library_tracks
        DELETE FROM library_tracks WHERE id = 'podcast:track:clgz9riqz00f53b6e4vc7dayl'; 
        INSERT INTO library_tracks
                (id, name, albumId, trackNumber, durationMs, isrc, imageUrl, audioUrl, externalLink, description)
                values ('podcast:track:clgz9riqz00f53b6e4vc7dayl', 'Noisia Radio S05E49', 'podcast:album:clgz9riqw000d3b6emzyjak9r-clgz9riqz00f63b6eksvuq6qa', 0, 3609000, null, 'https://episodes.castos.com/6138cb87d83982-66320119/images/itunes-image.png', 'https://episodes.castos.com/6138cb87d83982-66320119/lBnVDJkDD5TKhuQcBkbZ7SYAiKwWVuALhcTGq7Us.mp3', 'https://visionradio.castos.com/episodes/noisia-radio-s05e49-1', 'Noisia Radio this week: We premiere ‘Halcyon’ our collab with The Upbeats, a track that started in Japan, and spent a year in disco limbo, more story inside!')
      ;

        -- TODO: INSERT OR REPLACE once fixed in SKDB...
        -- INSERT OR REPLACE INTO library_artists
        DELETE FROM library_artists WHERE id = 'podcast:artist:clgz9riqw000d3b6emzyjak9r-clgz9riqz00f73b6e7rjp6txs';
        INSERT INTO library_artists
        (id, name, imageUrl, colorsString)
        values ('podcast:artist:clgz9riqw000d3b6emzyjak9r-clgz9riqz00f73b6e7rjp6txs', 'VISION Radio', 'https://episodes.castos.com/6138cb87d83982-66320119/images/itunes-image.png', null)
      ;

        INSERT INTO library_tracks_artists
        (trackId, artistId)
        values ('podcast:track:clgz9riqz00f53b6e4vc7dayl', 'podcast:artist:clgz9riqw000d3b6emzyjak9r-clgz9riqz00f73b6e7rjp6txs')
      ;

        -- TODO: INSERT OR REPLACE once fixed in SKDB...
        -- INSERT OR REPLACE INTO library_albums
        DELETE FROM library_albums WHERE id = 'podcast:album:clgz9riqw000d3b6emzyjak9r-clgz9riqz00f63b6eksvuq6qa';
        INSERT INTO library_albums
        (id, name, colorsString, imageUrl, trackCount, releaseDate, copyrights)
        values ('podcast:album:clgz9riqw000d3b6emzyjak9r-clgz9riqz00f63b6eksvuq6qa', 'VISION Radio', null, 'https://episodes.castos.com/6138cb87d83982-66320119/images/itunes-image.png', 1, null, null)
      ;

        INSERT INTO library_tracks_playlists
                (trackId, playlistId, trackIndex, addedAtTimestamp)
                values ('podcast:track:clgz9riqz00f53b6e4vc7dayl', 'podcast:playlist:clgz9riqw000d3b6emzyjak9r', 177, 1575462000000)
      ;

        -- TODO: INSERT OR REPLACE once fixed in SKDB...
        -- INSERT OR REPLACE INTO library_tracks
        DELETE FROM library_tracks WHERE id = 'podcast:track:clgz9riqz00f83b6ebpotg5ti'; 
        INSERT INTO library_tracks
                (id, name, albumId, trackNumber, durationMs, isrc, imageUrl, audioUrl, externalLink, description)
                values ('podcast:track:clgz9riqz00f83b6ebpotg5ti', 'Noisia Radio S05E48', 'podcast:album:clgz9riqw000d3b6emzyjak9r-clgz9riqz00f93b6efab9pp4h', 0, 3600000, null, 'https://episodes.castos.com/6138cb87d83982-66320119/images/itunes-image.png', 'https://episodes.castos.com/6138cb87d83982-66320119/VW47MUVYk73TK87nljRAq7MC9ReSS9KUi2VY6YOZ.mp3', 'https://visionradio.castos.com/episodes/noisia-radio-s05e48-1', 'Noisia Radio this week: We premiere ‘Nighthorse’ by Posij, taken from his ‘Chrysalis’ EP, out today on Vision! More new music by Lordel, IMANU, Emperor, Buunshin, Treega, Ivy Lab and more.. ')
      ;

        -- TODO: INSERT OR REPLACE once fixed in SKDB...
        -- INSERT OR REPLACE INTO library_artists
        DELETE FROM library_artists WHERE id = 'podcast:artist:clgz9riqw000d3b6emzyjak9r-clgz9riqz00fa3b6eci1maq9o';
        INSERT INTO library_artists
        (id, name, imageUrl, colorsString)
        values ('podcast:artist:clgz9riqw000d3b6emzyjak9r-clgz9riqz00fa3b6eci1maq9o', 'VISION Radio', 'https://episodes.castos.com/6138cb87d83982-66320119/images/itunes-image.png', null)
      ;

        INSERT INTO library_tracks_artists
        (trackId, artistId)
        values ('podcast:track:clgz9riqz00f83b6ebpotg5ti', 'podcast:artist:clgz9riqw000d3b6emzyjak9r-clgz9riqz00fa3b6eci1maq9o')
      ;

        -- TODO: INSERT OR REPLACE once fixed in SKDB...
        -- INSERT OR REPLACE INTO library_albums
        DELETE FROM library_albums WHERE id = 'podcast:album:clgz9riqw000d3b6emzyjak9r-clgz9riqz00f93b6efab9pp4h';
        INSERT INTO library_albums
        (id, name, colorsString, imageUrl, trackCount, releaseDate, copyrights)
        values ('podcast:album:clgz9riqw000d3b6emzyjak9r-clgz9riqz00f93b6efab9pp4h', 'VISION Radio', null, 'https://episodes.castos.com/6138cb87d83982-66320119/images/itunes-image.png', 1, null, null)
      ;

        INSERT INTO library_tracks_playlists
                (trackId, playlistId, trackIndex, addedAtTimestamp)
                values ('podcast:track:clgz9riqz00f83b6ebpotg5ti', 'podcast:playlist:clgz9riqw000d3b6emzyjak9r', 178, 1574856564000)
      ;

        -- TODO: INSERT OR REPLACE once fixed in SKDB...
        -- INSERT OR REPLACE INTO library_tracks
        DELETE FROM library_tracks WHERE id = 'podcast:track:clgz9riqz00fb3b6exzy6gjj4'; 
        INSERT INTO library_tracks
                (id, name, albumId, trackNumber, durationMs, isrc, imageUrl, audioUrl, externalLink, description)
                values ('podcast:track:clgz9riqz00fb3b6exzy6gjj4', 'Noisia Radio S05E47', 'podcast:album:clgz9riqw000d3b6emzyjak9r-clgz9riqz00fc3b6e9y60ctxh', 0, 3722000, null, 'https://episodes.castos.com/6138cb87d83982-66320119/images/itunes-image.png', 'https://episodes.castos.com/6138cb87d83982-66320119/ygv2P58W3YsZEd2Ymzj32q7XVHUXAbvVuEX9n7mu.mp3', 'https://visionradio.castos.com/episodes/noisia-radio-s05e47-1', 'Noisia Radio this week: Two premieres! ‘Amber’ by Mefjus & Skeptical, out today, and ‘No Cats’ by Posij, taken from the ‘Chrysalis’ EP, out on the 27th of Nov on our Vision imprint. All this and more things. Enjoy!')
      ;

        -- TODO: INSERT OR REPLACE once fixed in SKDB...
        -- INSERT OR REPLACE INTO library_artists
        DELETE FROM library_artists WHERE id = 'podcast:artist:clgz9riqw000d3b6emzyjak9r-clgz9riqz00fd3b6egsruss2l';
        INSERT INTO library_artists
        (id, name, imageUrl, colorsString)
        values ('podcast:artist:clgz9riqw000d3b6emzyjak9r-clgz9riqz00fd3b6egsruss2l', 'VISION Radio', 'https://episodes.castos.com/6138cb87d83982-66320119/images/itunes-image.png', null)
      ;

        INSERT INTO library_tracks_artists
        (trackId, artistId)
        values ('podcast:track:clgz9riqz00fb3b6exzy6gjj4', 'podcast:artist:clgz9riqw000d3b6emzyjak9r-clgz9riqz00fd3b6egsruss2l')
      ;

        -- TODO: INSERT OR REPLACE once fixed in SKDB...
        -- INSERT OR REPLACE INTO library_albums
        DELETE FROM library_albums WHERE id = 'podcast:album:clgz9riqw000d3b6emzyjak9r-clgz9riqz00fc3b6e9y60ctxh';
        INSERT INTO library_albums
        (id, name, colorsString, imageUrl, trackCount, releaseDate, copyrights)
        values ('podcast:album:clgz9riqw000d3b6emzyjak9r-clgz9riqz00fc3b6e9y60ctxh', 'VISION Radio', null, 'https://episodes.castos.com/6138cb87d83982-66320119/images/itunes-image.png', 1, null, null)
      ;

        INSERT INTO library_tracks_playlists
                (trackId, playlistId, trackIndex, addedAtTimestamp)
                values ('podcast:track:clgz9riqz00fb3b6exzy6gjj4', 'podcast:playlist:clgz9riqw000d3b6emzyjak9r', 179, 1574253000000)
      ;

        -- TODO: INSERT OR REPLACE once fixed in SKDB...
        -- INSERT OR REPLACE INTO library_tracks
        DELETE FROM library_tracks WHERE id = 'podcast:track:clgz9riqz00fe3b6e5jg2vkf9'; 
        INSERT INTO library_tracks
                (id, name, albumId, trackNumber, durationMs, isrc, imageUrl, audioUrl, externalLink, description)
                values ('podcast:track:clgz9riqz00fe3b6e5jg2vkf9', 'Noisia Radio S05E46', 'podcast:album:clgz9riqw000d3b6emzyjak9r-clgz9riqz00ff3b6e78j26rlt', 0, 3617000, null, 'https://episodes.castos.com/6138cb87d83982-66320119/images/itunes-image.png', 'https://episodes.castos.com/6138cb87d83982-66320119/KDrqnNjrgVEW6EXHUYT7IQOyd3jDbtIDDxh37enC.mp3', 'https://visionradio.castos.com/episodes/noisia-radio-s05e46-1', 'Noisia Radio this week: ‘Ether’ by Tek Genesis, the second single to his forthcoming debut album ‘Temp’ set to be released on Division. New music by Buunshin, Kasra & Enei, The Caracal Project, Imanu, Dj Ride, Flite, Thys. G-Jones and more.. Cheers!')
      ;

        -- TODO: INSERT OR REPLACE once fixed in SKDB...
        -- INSERT OR REPLACE INTO library_artists
        DELETE FROM library_artists WHERE id = 'podcast:artist:clgz9riqw000d3b6emzyjak9r-clgz9riqz00fg3b6e4vebwhbu';
        INSERT INTO library_artists
        (id, name, imageUrl, colorsString)
        values ('podcast:artist:clgz9riqw000d3b6emzyjak9r-clgz9riqz00fg3b6e4vebwhbu', 'VISION Radio', 'https://episodes.castos.com/6138cb87d83982-66320119/images/itunes-image.png', null)
      ;

        INSERT INTO library_tracks_artists
        (trackId, artistId)
        values ('podcast:track:clgz9riqz00fe3b6e5jg2vkf9', 'podcast:artist:clgz9riqw000d3b6emzyjak9r-clgz9riqz00fg3b6e4vebwhbu')
      ;

        -- TODO: INSERT OR REPLACE once fixed in SKDB...
        -- INSERT OR REPLACE INTO library_albums
        DELETE FROM library_albums WHERE id = 'podcast:album:clgz9riqw000d3b6emzyjak9r-clgz9riqz00ff3b6e78j26rlt';
        INSERT INTO library_albums
        (id, name, colorsString, imageUrl, trackCount, releaseDate, copyrights)
        values ('podcast:album:clgz9riqw000d3b6emzyjak9r-clgz9riqz00ff3b6e78j26rlt', 'VISION Radio', null, 'https://episodes.castos.com/6138cb87d83982-66320119/images/itunes-image.png', 1, null, null)
      ;

        INSERT INTO library_tracks_playlists
                (trackId, playlistId, trackIndex, addedAtTimestamp)
                values ('podcast:track:clgz9riqz00fe3b6e5jg2vkf9', 'podcast:playlist:clgz9riqw000d3b6emzyjak9r', 180, 1573648528000)
      ;

        -- TODO: INSERT OR REPLACE once fixed in SKDB...
        -- INSERT OR REPLACE INTO library_tracks
        DELETE FROM library_tracks WHERE id = 'podcast:track:clgz9rir000fh3b6ebhqg73g6'; 
        INSERT INTO library_tracks
                (id, name, albumId, trackNumber, durationMs, isrc, imageUrl, audioUrl, externalLink, description)
                values ('podcast:track:clgz9rir000fh3b6ebhqg73g6', 'Noisia Radio S05E45 (IMANU Takeover)', 'podcast:album:clgz9riqw000d3b6emzyjak9r-clgz9rir000fi3b6eog0qijhb', 0, 3815000, null, 'https://episodes.castos.com/6138cb87d83982-66320119/images/itunes-image.png', 'https://episodes.castos.com/6138cb87d83982-66320119/rUlG7U4Q3QNzcfaZA4PX9A9XIEP6OCqjUoDwC6pA.mp3', 'https://visionradio.castos.com/episodes/noisia-radio-s05e45-imanu-takeover-1', 'Noisia Radio this week: IMANU (fka Signal) takes over! Celebrating the release of his debut EP ‘EGO’ on Vision, IMANU has blessed us with a selection of fresh music. Enjoy!')
      ;

        -- TODO: INSERT OR REPLACE once fixed in SKDB...
        -- INSERT OR REPLACE INTO library_artists
        DELETE FROM library_artists WHERE id = 'podcast:artist:clgz9riqw000d3b6emzyjak9r-clgz9rir000fj3b6exklvu2s0';
        INSERT INTO library_artists
        (id, name, imageUrl, colorsString)
        values ('podcast:artist:clgz9riqw000d3b6emzyjak9r-clgz9rir000fj3b6exklvu2s0', 'VISION Radio', 'https://episodes.castos.com/6138cb87d83982-66320119/images/itunes-image.png', null)
      ;

        INSERT INTO library_tracks_artists
        (trackId, artistId)
        values ('podcast:track:clgz9rir000fh3b6ebhqg73g6', 'podcast:artist:clgz9riqw000d3b6emzyjak9r-clgz9rir000fj3b6exklvu2s0')
      ;

        -- TODO: INSERT OR REPLACE once fixed in SKDB...
        -- INSERT OR REPLACE INTO library_albums
        DELETE FROM library_albums WHERE id = 'podcast:album:clgz9riqw000d3b6emzyjak9r-clgz9rir000fi3b6eog0qijhb';
        INSERT INTO library_albums
        (id, name, colorsString, imageUrl, trackCount, releaseDate, copyrights)
        values ('podcast:album:clgz9riqw000d3b6emzyjak9r-clgz9rir000fi3b6eog0qijhb', 'VISION Radio', null, 'https://episodes.castos.com/6138cb87d83982-66320119/images/itunes-image.png', 1, null, null)
      ;

        INSERT INTO library_tracks_playlists
                (trackId, playlistId, trackIndex, addedAtTimestamp)
                values ('podcast:track:clgz9rir000fh3b6ebhqg73g6', 'podcast:playlist:clgz9riqw000d3b6emzyjak9r', 181, 1573044000000)
      ;

        -- TODO: INSERT OR REPLACE once fixed in SKDB...
        -- INSERT OR REPLACE INTO library_tracks
        DELETE FROM library_tracks WHERE id = 'podcast:track:clgz9rir000fk3b6ebjmbgw7d'; 
        INSERT INTO library_tracks
                (id, name, albumId, trackNumber, durationMs, isrc, imageUrl, audioUrl, externalLink, description)
                values ('podcast:track:clgz9rir000fk3b6ebjmbgw7d', 'Noisia Radio S05E44', 'podcast:album:clgz9riqw000d3b6emzyjak9r-clgz9rir000fl3b6edj22jtrw', 0, 3600000, null, 'https://episodes.castos.com/6138cb87d83982-66320119/images/itunes-image.png', 'https://episodes.castos.com/6138cb87d83982-66320119/axDlisgQoMRdBCX65XuzGtm6Ub7uYSm6YQfoc086.mp3', 'https://visionradio.castos.com/episodes/noisia-radio-s05e44-1', 'Noisia Radio this week: ‘All Talk’ by IMANU, taken from the ‘EGO’ EP, out now on Vision. More new music by Fade Black, Thys, Leaf, Ordure, Prestige and more.. Enjoy!')
      ;

        -- TODO: INSERT OR REPLACE once fixed in SKDB...
        -- INSERT OR REPLACE INTO library_artists
        DELETE FROM library_artists WHERE id = 'podcast:artist:clgz9riqw000d3b6emzyjak9r-clgz9rir000fm3b6ed1zq5d4v';
        INSERT INTO library_artists
        (id, name, imageUrl, colorsString)
        values ('podcast:artist:clgz9riqw000d3b6emzyjak9r-clgz9rir000fm3b6ed1zq5d4v', 'VISION Radio', 'https://episodes.castos.com/6138cb87d83982-66320119/images/itunes-image.png', null)
      ;

        INSERT INTO library_tracks_artists
        (trackId, artistId)
        values ('podcast:track:clgz9rir000fk3b6ebjmbgw7d', 'podcast:artist:clgz9riqw000d3b6emzyjak9r-clgz9rir000fm3b6ed1zq5d4v')
      ;

        -- TODO: INSERT OR REPLACE once fixed in SKDB...
        -- INSERT OR REPLACE INTO library_albums
        DELETE FROM library_albums WHERE id = 'podcast:album:clgz9riqw000d3b6emzyjak9r-clgz9rir000fl3b6edj22jtrw';
        INSERT INTO library_albums
        (id, name, colorsString, imageUrl, trackCount, releaseDate, copyrights)
        values ('podcast:album:clgz9riqw000d3b6emzyjak9r-clgz9rir000fl3b6edj22jtrw', 'VISION Radio', null, 'https://episodes.castos.com/6138cb87d83982-66320119/images/itunes-image.png', 1, null, null)
      ;

        INSERT INTO library_tracks_playlists
                (trackId, playlistId, trackIndex, addedAtTimestamp)
                values ('podcast:track:clgz9rir000fk3b6ebjmbgw7d', 'podcast:playlist:clgz9riqw000d3b6emzyjak9r', 182, 1572435720000)
      ;

        -- TODO: INSERT OR REPLACE once fixed in SKDB...
        -- INSERT OR REPLACE INTO library_tracks
        DELETE FROM library_tracks WHERE id = 'podcast:track:clgz9rir000fn3b6e91s8chre'; 
        INSERT INTO library_tracks
                (id, name, albumId, trackNumber, durationMs, isrc, imageUrl, audioUrl, externalLink, description)
                values ('podcast:track:clgz9rir000fn3b6e91s8chre', 'Noisia Radio S05E43', 'podcast:album:clgz9riqw000d3b6emzyjak9r-clgz9rir000fo3b6eznalmwyk', 0, 3602000, null, 'https://episodes.castos.com/6138cb87d83982-66320119/images/itunes-image.png', 'https://episodes.castos.com/6138cb87d83982-66320119/m1Ldcq7hxLDLjeGqPdAdDt9LmbaaHRXmN5Sn8sA7.mp3', 'https://visionradio.castos.com/episodes/noisia-radio-s05e43-1', 'Noisia Radio this week: We premiere ‘Amber’ by Tek Genesis, out this Friday on Division. ‘Desire, Violent Desire’ by Thys, taken from his ‘Sleeping Beauty Dreams’ album, out now. More new music by The Caracal Project, Warhead, Talkre, Space Laces and more')
      ;

        -- TODO: INSERT OR REPLACE once fixed in SKDB...
        -- INSERT OR REPLACE INTO library_artists
        DELETE FROM library_artists WHERE id = 'podcast:artist:clgz9riqw000d3b6emzyjak9r-clgz9rir000fp3b6epc7y9px7';
        INSERT INTO library_artists
        (id, name, imageUrl, colorsString)
        values ('podcast:artist:clgz9riqw000d3b6emzyjak9r-clgz9rir000fp3b6epc7y9px7', 'VISION Radio', 'https://episodes.castos.com/6138cb87d83982-66320119/images/itunes-image.png', null)
      ;

        INSERT INTO library_tracks_artists
        (trackId, artistId)
        values ('podcast:track:clgz9rir000fn3b6e91s8chre', 'podcast:artist:clgz9riqw000d3b6emzyjak9r-clgz9rir000fp3b6epc7y9px7')
      ;

        -- TODO: INSERT OR REPLACE once fixed in SKDB...
        -- INSERT OR REPLACE INTO library_albums
        DELETE FROM library_albums WHERE id = 'podcast:album:clgz9riqw000d3b6emzyjak9r-clgz9rir000fo3b6eznalmwyk';
        INSERT INTO library_albums
        (id, name, colorsString, imageUrl, trackCount, releaseDate, copyrights)
        values ('podcast:album:clgz9riqw000d3b6emzyjak9r-clgz9rir000fo3b6eznalmwyk', 'VISION Radio', null, 'https://episodes.castos.com/6138cb87d83982-66320119/images/itunes-image.png', 1, null, null)
      ;

        INSERT INTO library_tracks_playlists
                (trackId, playlistId, trackIndex, addedAtTimestamp)
                values ('podcast:track:clgz9rir000fn3b6e91s8chre', 'podcast:playlist:clgz9riqw000d3b6emzyjak9r', 183, 1571830544000)
      ;

        -- TODO: INSERT OR REPLACE once fixed in SKDB...
        -- INSERT OR REPLACE INTO library_tracks
        DELETE FROM library_tracks WHERE id = 'podcast:track:clgz9rir000fq3b6e4uxf4xvm'; 
        INSERT INTO library_tracks
                (id, name, albumId, trackNumber, durationMs, isrc, imageUrl, audioUrl, externalLink, description)
                values ('podcast:track:clgz9rir000fq3b6e4uxf4xvm', 'Noisia Radio S05E42', 'podcast:album:clgz9riqw000d3b6emzyjak9r-clgz9rir000fr3b6ea7b8dt9v', 0, 3598000, null, 'https://episodes.castos.com/6138cb87d83982-66320119/images/itunes-image.png', 'https://episodes.castos.com/6138cb87d83982-66320119/44vh75baRB0ysOsVrivtBKClbvwj4DU4cxvNGgoX.mp3', 'https://visionradio.castos.com/episodes/noisia-radio-s05e42-1', 'Noisia Radio this week: We premiere ‘Nonplus’ by Signal, taken from his ‘EGO’ EP out October 30th on Vision, and from the same imprint: ‘Sidewinder’ by Mefjus & Camo & Krooked, out now! More new music by Misanthrop, Thys, Posij, Circuits, Skantia and more')
      ;

        -- TODO: INSERT OR REPLACE once fixed in SKDB...
        -- INSERT OR REPLACE INTO library_artists
        DELETE FROM library_artists WHERE id = 'podcast:artist:clgz9riqw000d3b6emzyjak9r-clgz9rir000fs3b6ednmy6vkq';
        INSERT INTO library_artists
        (id, name, imageUrl, colorsString)
        values ('podcast:artist:clgz9riqw000d3b6emzyjak9r-clgz9rir000fs3b6ednmy6vkq', 'VISION Radio', 'https://episodes.castos.com/6138cb87d83982-66320119/images/itunes-image.png', null)
      ;

        INSERT INTO library_tracks_artists
        (trackId, artistId)
        values ('podcast:track:clgz9rir000fq3b6e4uxf4xvm', 'podcast:artist:clgz9riqw000d3b6emzyjak9r-clgz9rir000fs3b6ednmy6vkq')
      ;

        -- TODO: INSERT OR REPLACE once fixed in SKDB...
        -- INSERT OR REPLACE INTO library_albums
        DELETE FROM library_albums WHERE id = 'podcast:album:clgz9riqw000d3b6emzyjak9r-clgz9rir000fr3b6ea7b8dt9v';
        INSERT INTO library_albums
        (id, name, colorsString, imageUrl, trackCount, releaseDate, copyrights)
        values ('podcast:album:clgz9riqw000d3b6emzyjak9r-clgz9rir000fr3b6ea7b8dt9v', 'VISION Radio', null, 'https://episodes.castos.com/6138cb87d83982-66320119/images/itunes-image.png', 1, null, null)
      ;

        INSERT INTO library_tracks_playlists
                (trackId, playlistId, trackIndex, addedAtTimestamp)
                values ('podcast:track:clgz9rir000fq3b6e4uxf4xvm', 'podcast:playlist:clgz9riqw000d3b6emzyjak9r', 184, 1571227335000)
      ;

        -- TODO: INSERT OR REPLACE once fixed in SKDB...
        -- INSERT OR REPLACE INTO library_tracks
        DELETE FROM library_tracks WHERE id = 'podcast:track:clgz9rir000ft3b6e5749yvxh'; 
        INSERT INTO library_tracks
                (id, name, albumId, trackNumber, durationMs, isrc, imageUrl, audioUrl, externalLink, description)
                values ('podcast:track:clgz9rir000ft3b6e5749yvxh', 'Noisia Radio S05E41 (Hybris Invisible Definition Mix)', 'podcast:album:clgz9riqw000d3b6emzyjak9r-clgz9rir000fu3b6ei8mv9dce', 0, 3704000, null, 'https://episodes.castos.com/6138cb87d83982-66320119/images/itunes-image.png', 'https://episodes.castos.com/6138cb87d83982-66320119/XR6DZxYdUKgqyl3wBV8xSNcQloPzopyr1fl5tB5i.mp3', 'https://visionradio.castos.com/episodes/noisia-radio-s05e41-hybris-invisible-definition-mix-1', 'Noisia Radio this week: We have none other than our friend Hybris doing a sixty minute tribute mix to our Invisible Imprint, with a selection of songs taken from the Invisible Definition I, II and III albums. Enjoy!')
      ;

        -- TODO: INSERT OR REPLACE once fixed in SKDB...
        -- INSERT OR REPLACE INTO library_artists
        DELETE FROM library_artists WHERE id = 'podcast:artist:clgz9riqw000d3b6emzyjak9r-clgz9rir000fv3b6evgjubv47';
        INSERT INTO library_artists
        (id, name, imageUrl, colorsString)
        values ('podcast:artist:clgz9riqw000d3b6emzyjak9r-clgz9rir000fv3b6evgjubv47', 'VISION Radio', 'https://episodes.castos.com/6138cb87d83982-66320119/images/itunes-image.png', null)
      ;

        INSERT INTO library_tracks_artists
        (trackId, artistId)
        values ('podcast:track:clgz9rir000ft3b6e5749yvxh', 'podcast:artist:clgz9riqw000d3b6emzyjak9r-clgz9rir000fv3b6evgjubv47')
      ;

        -- TODO: INSERT OR REPLACE once fixed in SKDB...
        -- INSERT OR REPLACE INTO library_albums
        DELETE FROM library_albums WHERE id = 'podcast:album:clgz9riqw000d3b6emzyjak9r-clgz9rir000fu3b6ei8mv9dce';
        INSERT INTO library_albums
        (id, name, colorsString, imageUrl, trackCount, releaseDate, copyrights)
        values ('podcast:album:clgz9riqw000d3b6emzyjak9r-clgz9rir000fu3b6ei8mv9dce', 'VISION Radio', null, 'https://episodes.castos.com/6138cb87d83982-66320119/images/itunes-image.png', 1, null, null)
      ;

        INSERT INTO library_tracks_playlists
                (trackId, playlistId, trackIndex, addedAtTimestamp)
                values ('podcast:track:clgz9rir000ft3b6e5749yvxh', 'podcast:playlist:clgz9riqw000d3b6emzyjak9r', 185, 1570619928000)
      ;

        -- TODO: INSERT OR REPLACE once fixed in SKDB...
        -- INSERT OR REPLACE INTO library_tracks
        DELETE FROM library_tracks WHERE id = 'podcast:track:clgz9rir000fw3b6e0pxiipb8'; 
        INSERT INTO library_tracks
                (id, name, albumId, trackNumber, durationMs, isrc, imageUrl, audioUrl, externalLink, description)
                values ('podcast:track:clgz9rir000fw3b6e0pxiipb8', 'Noisia Radio S05E40', 'podcast:album:clgz9riqw000d3b6emzyjak9r-clgz9rir000fx3b6epqo7rjd8', 0, 3602000, null, 'https://episodes.castos.com/6138cb87d83982-66320119/images/itunes-image.png', 'https://episodes.castos.com/6138cb87d83982-66320119/C37yL913Fi9dbjSKeyVBwyZxLCFghVDuonhNgsKh.mp3', 'https://visionradio.castos.com/episodes/noisia-radio-s05e40-1', 'Noisia Radio this week: We start things off with Posij’s ‘Dive’ and then go into ‘Lucid’ by Thys, his ‘Music From Sleeping Beauty Dreams’ EP is out now on our Division imprint. More new music by Misanthrop, Proxima, Bleep Bloop, Simula and more..')
      ;

        -- TODO: INSERT OR REPLACE once fixed in SKDB...
        -- INSERT OR REPLACE INTO library_artists
        DELETE FROM library_artists WHERE id = 'podcast:artist:clgz9riqw000d3b6emzyjak9r-clgz9rir000fy3b6e3lw3i179';
        INSERT INTO library_artists
        (id, name, imageUrl, colorsString)
        values ('podcast:artist:clgz9riqw000d3b6emzyjak9r-clgz9rir000fy3b6e3lw3i179', 'VISION Radio', 'https://episodes.castos.com/6138cb87d83982-66320119/images/itunes-image.png', null)
      ;

        INSERT INTO library_tracks_artists
        (trackId, artistId)
        values ('podcast:track:clgz9rir000fw3b6e0pxiipb8', 'podcast:artist:clgz9riqw000d3b6emzyjak9r-clgz9rir000fy3b6e3lw3i179')
      ;

        -- TODO: INSERT OR REPLACE once fixed in SKDB...
        -- INSERT OR REPLACE INTO library_albums
        DELETE FROM library_albums WHERE id = 'podcast:album:clgz9riqw000d3b6emzyjak9r-clgz9rir000fx3b6epqo7rjd8';
        INSERT INTO library_albums
        (id, name, colorsString, imageUrl, trackCount, releaseDate, copyrights)
        values ('podcast:album:clgz9riqw000d3b6emzyjak9r-clgz9rir000fx3b6epqo7rjd8', 'VISION Radio', null, 'https://episodes.castos.com/6138cb87d83982-66320119/images/itunes-image.png', 1, null, null)
      ;

        INSERT INTO library_tracks_playlists
                (trackId, playlistId, trackIndex, addedAtTimestamp)
                values ('podcast:track:clgz9rir000fw3b6e0pxiipb8', 'podcast:playlist:clgz9riqw000d3b6emzyjak9r', 186, 1570014240000)
      ;

        -- TODO: INSERT OR REPLACE once fixed in SKDB...
        -- INSERT OR REPLACE INTO library_tracks
        DELETE FROM library_tracks WHERE id = 'podcast:track:clgz9rir000fz3b6ecjda2k6q'; 
        INSERT INTO library_tracks
                (id, name, albumId, trackNumber, durationMs, isrc, imageUrl, audioUrl, externalLink, description)
                values ('podcast:track:clgz9rir000fz3b6ecjda2k6q', 'Noisia Radio S05E39', 'podcast:album:clgz9riqw000d3b6emzyjak9r-clgz9rir000g03b6ehe8jeg66', 0, 3600000, null, 'https://episodes.castos.com/6138cb87d83982-66320119/images/itunes-image.png', 'https://episodes.castos.com/6138cb87d83982-66320119/ANG7TsZPvwC44ZmQsjeCl1eppSvWBmU8d17f9I9I.mp3', 'https://visionradio.castos.com/episodes/noisia-radio-s05e39-1', 'Noisia Radio this week: New Posij! We’re premiering ‘A Car That Cranks’, taken from his ‘Pulp’ EP, out now on Vision. More new music by Former, Tekel, Hyroglifics & Fluidity, Bredren, Tom Finster and more..')
      ;

        -- TODO: INSERT OR REPLACE once fixed in SKDB...
        -- INSERT OR REPLACE INTO library_artists
        DELETE FROM library_artists WHERE id = 'podcast:artist:clgz9riqw000d3b6emzyjak9r-clgz9rir000g13b6ea3776mu7';
        INSERT INTO library_artists
        (id, name, imageUrl, colorsString)
        values ('podcast:artist:clgz9riqw000d3b6emzyjak9r-clgz9rir000g13b6ea3776mu7', 'VISION Radio', 'https://episodes.castos.com/6138cb87d83982-66320119/images/itunes-image.png', null)
      ;

        INSERT INTO library_tracks_artists
        (trackId, artistId)
        values ('podcast:track:clgz9rir000fz3b6ecjda2k6q', 'podcast:artist:clgz9riqw000d3b6emzyjak9r-clgz9rir000g13b6ea3776mu7')
      ;

        -- TODO: INSERT OR REPLACE once fixed in SKDB...
        -- INSERT OR REPLACE INTO library_albums
        DELETE FROM library_albums WHERE id = 'podcast:album:clgz9riqw000d3b6emzyjak9r-clgz9rir000g03b6ehe8jeg66';
        INSERT INTO library_albums
        (id, name, colorsString, imageUrl, trackCount, releaseDate, copyrights)
        values ('podcast:album:clgz9riqw000d3b6emzyjak9r-clgz9rir000g03b6ehe8jeg66', 'VISION Radio', null, 'https://episodes.castos.com/6138cb87d83982-66320119/images/itunes-image.png', 1, null, null)
      ;

        INSERT INTO library_tracks_playlists
                (trackId, playlistId, trackIndex, addedAtTimestamp)
                values ('podcast:track:clgz9rir000fz3b6ecjda2k6q', 'podcast:playlist:clgz9riqw000d3b6emzyjak9r', 187, 1569411483000)
      ;

        -- TODO: INSERT OR REPLACE once fixed in SKDB...
        -- INSERT OR REPLACE INTO library_tracks
        DELETE FROM library_tracks WHERE id = 'podcast:track:clgz9rir000g23b6e1s00p9p7'; 
        INSERT INTO library_tracks
                (id, name, albumId, trackNumber, durationMs, isrc, imageUrl, audioUrl, externalLink, description)
                values ('podcast:track:clgz9rir000g23b6e1s00p9p7', 'Noisia Radio S05E38', 'podcast:album:clgz9riqw000d3b6emzyjak9r-clgz9rir000g33b6ee90pdk6y', 0, 3627000, null, 'https://episodes.castos.com/6138cb87d83982-66320119/images/itunes-image.png', 'https://episodes.castos.com/6138cb87d83982-66320119/3WKusDcDbtCmhL0rTbadx2RDiqghIv8GSoav4vfx.mp3', 'https://visionradio.castos.com/episodes/noisia-radio-s05e38-1', 'Noisia Radio will continue as usual until the end of 2020, so this week we premiere ‘Derivative’ by Posij, taken from his ‘Pulp’ EP on Vision, coming out on the 25th. More new music by Hyroglifics, Tom Finster, Tsuruda, Audio, Former and more.. ')
      ;

        -- TODO: INSERT OR REPLACE once fixed in SKDB...
        -- INSERT OR REPLACE INTO library_artists
        DELETE FROM library_artists WHERE id = 'podcast:artist:clgz9riqw000d3b6emzyjak9r-clgz9rir000g43b6esg4tcy9j';
        INSERT INTO library_artists
        (id, name, imageUrl, colorsString)
        values ('podcast:artist:clgz9riqw000d3b6emzyjak9r-clgz9rir000g43b6esg4tcy9j', 'VISION Radio', 'https://episodes.castos.com/6138cb87d83982-66320119/images/itunes-image.png', null)
      ;

        INSERT INTO library_tracks_artists
        (trackId, artistId)
        values ('podcast:track:clgz9rir000g23b6e1s00p9p7', 'podcast:artist:clgz9riqw000d3b6emzyjak9r-clgz9rir000g43b6esg4tcy9j')
      ;

        -- TODO: INSERT OR REPLACE once fixed in SKDB...
        -- INSERT OR REPLACE INTO library_albums
        DELETE FROM library_albums WHERE id = 'podcast:album:clgz9riqw000d3b6emzyjak9r-clgz9rir000g33b6ee90pdk6y';
        INSERT INTO library_albums
        (id, name, colorsString, imageUrl, trackCount, releaseDate, copyrights)
        values ('podcast:album:clgz9riqw000d3b6emzyjak9r-clgz9rir000g33b6ee90pdk6y', 'VISION Radio', null, 'https://episodes.castos.com/6138cb87d83982-66320119/images/itunes-image.png', 1, null, null)
      ;

        INSERT INTO library_tracks_playlists
                (trackId, playlistId, trackIndex, addedAtTimestamp)
                values ('podcast:track:clgz9rir000g23b6e1s00p9p7', 'podcast:playlist:clgz9riqw000d3b6emzyjak9r', 188, 1568808660000)
      ;

        -- TODO: INSERT OR REPLACE once fixed in SKDB...
        -- INSERT OR REPLACE INTO library_tracks
        DELETE FROM library_tracks WHERE id = 'podcast:track:clgz9rir000g53b6e450oqhxi'; 
        INSERT INTO library_tracks
                (id, name, albumId, trackNumber, durationMs, isrc, imageUrl, audioUrl, externalLink, description)
                values ('podcast:track:clgz9rir000g53b6e450oqhxi', 'Noisia Radio S05E37', 'podcast:album:clgz9riqw000d3b6emzyjak9r-clgz9rir000g63b6eesao8h5c', 0, 3603000, null, 'https://episodes.castos.com/6138cb87d83982-66320119/images/itunes-image.png', 'https://episodes.castos.com/6138cb87d83982-66320119/drTEcXnAkYyZaomwTJq3SetIl2xvCA5DIh7jEFfZ.mp3', 'https://visionradio.castos.com/episodes/noisia-radio-s05e37-1', 'Noisia Radio this week: we premiere ‘Eso Frog’ by Former, taken from his ‘White Field’ EP, out this Friday on Division. More new music by Amoss, Hapa, Bleep Bloop, Ewol, Moody Good, and Murdock. All this and more things.')
      ;

        -- TODO: INSERT OR REPLACE once fixed in SKDB...
        -- INSERT OR REPLACE INTO library_artists
        DELETE FROM library_artists WHERE id = 'podcast:artist:clgz9riqw000d3b6emzyjak9r-clgz9rir000g73b6ejn3irjy8';
        INSERT INTO library_artists
        (id, name, imageUrl, colorsString)
        values ('podcast:artist:clgz9riqw000d3b6emzyjak9r-clgz9rir000g73b6ejn3irjy8', 'VISION Radio', 'https://episodes.castos.com/6138cb87d83982-66320119/images/itunes-image.png', null)
      ;

        INSERT INTO library_tracks_artists
        (trackId, artistId)
        values ('podcast:track:clgz9rir000g53b6e450oqhxi', 'podcast:artist:clgz9riqw000d3b6emzyjak9r-clgz9rir000g73b6ejn3irjy8')
      ;

        -- TODO: INSERT OR REPLACE once fixed in SKDB...
        -- INSERT OR REPLACE INTO library_albums
        DELETE FROM library_albums WHERE id = 'podcast:album:clgz9riqw000d3b6emzyjak9r-clgz9rir000g63b6eesao8h5c';
        INSERT INTO library_albums
        (id, name, colorsString, imageUrl, trackCount, releaseDate, copyrights)
        values ('podcast:album:clgz9riqw000d3b6emzyjak9r-clgz9rir000g63b6eesao8h5c', 'VISION Radio', null, 'https://episodes.castos.com/6138cb87d83982-66320119/images/itunes-image.png', 1, null, null)
      ;

        INSERT INTO library_tracks_playlists
                (trackId, playlistId, trackIndex, addedAtTimestamp)
                values ('podcast:track:clgz9rir000g53b6e450oqhxi', 'podcast:playlist:clgz9riqw000d3b6emzyjak9r', 189, 1568200320000)
      ;

        -- TODO: INSERT OR REPLACE once fixed in SKDB...
        -- INSERT OR REPLACE INTO library_tracks
        DELETE FROM library_tracks WHERE id = 'podcast:track:clgz9rir000g83b6eqtzuoies'; 
        INSERT INTO library_tracks
                (id, name, albumId, trackNumber, durationMs, isrc, imageUrl, audioUrl, externalLink, description)
                values ('podcast:track:clgz9rir000g83b6eqtzuoies', 'Noisia Radio S05E36', 'podcast:album:clgz9riqw000d3b6emzyjak9r-clgz9rir000g93b6e051rign5', 0, 3600000, null, 'https://episodes.castos.com/6138cb87d83982-66320119/images/itunes-image.png', 'https://episodes.castos.com/6138cb87d83982-66320119/GQwQ5lGzzCXoG9pbPt3ap73j9rZxB0LDWa9Bui16.mp3', 'https://visionradio.castos.com/episodes/noisia-radio-s05e36-1', 'Noisia Radio this week: We premiere “Husk” by Former, taken from his ‘White Field’ EP, out next Friday. More new music by Nami & Rizzle, Buunshin, The Outsiders, Leaf, OaT, TC, and more.. Enjoy!')
      ;

        -- TODO: INSERT OR REPLACE once fixed in SKDB...
        -- INSERT OR REPLACE INTO library_artists
        DELETE FROM library_artists WHERE id = 'podcast:artist:clgz9riqw000d3b6emzyjak9r-clgz9rir000ga3b6evo97kviv';
        INSERT INTO library_artists
        (id, name, imageUrl, colorsString)
        values ('podcast:artist:clgz9riqw000d3b6emzyjak9r-clgz9rir000ga3b6evo97kviv', 'VISION Radio', 'https://episodes.castos.com/6138cb87d83982-66320119/images/itunes-image.png', null)
      ;

        INSERT INTO library_tracks_artists
        (trackId, artistId)
        values ('podcast:track:clgz9rir000g83b6eqtzuoies', 'podcast:artist:clgz9riqw000d3b6emzyjak9r-clgz9rir000ga3b6evo97kviv')
      ;

        -- TODO: INSERT OR REPLACE once fixed in SKDB...
        -- INSERT OR REPLACE INTO library_albums
        DELETE FROM library_albums WHERE id = 'podcast:album:clgz9riqw000d3b6emzyjak9r-clgz9rir000g93b6e051rign5';
        INSERT INTO library_albums
        (id, name, colorsString, imageUrl, trackCount, releaseDate, copyrights)
        values ('podcast:album:clgz9riqw000d3b6emzyjak9r-clgz9rir000g93b6e051rign5', 'VISION Radio', null, 'https://episodes.castos.com/6138cb87d83982-66320119/images/itunes-image.png', 1, null, null)
      ;

        INSERT INTO library_tracks_playlists
                (trackId, playlistId, trackIndex, addedAtTimestamp)
                values ('podcast:track:clgz9rir000g83b6eqtzuoies', 'podcast:playlist:clgz9riqw000d3b6emzyjak9r', 190, 1567597287000)
      ;

        -- TODO: INSERT OR REPLACE once fixed in SKDB...
        -- INSERT OR REPLACE INTO library_tracks
        DELETE FROM library_tracks WHERE id = 'podcast:track:clgz9rir000gb3b6es3qyfkpy'; 
        INSERT INTO library_tracks
                (id, name, albumId, trackNumber, durationMs, isrc, imageUrl, audioUrl, externalLink, description)
                values ('podcast:track:clgz9rir000gb3b6es3qyfkpy', 'Noisia Radio S05E35', 'podcast:album:clgz9riqw000d3b6emzyjak9r-clgz9rir000gc3b6ee9umdj53', 0, 3614000, null, 'https://episodes.castos.com/6138cb87d83982-66320119/images/itunes-image.png', 'https://episodes.castos.com/6138cb87d83982-66320119/Lo7tWJfCHyMzhZ8wHozazySjxDLvsCjpS3FcLdRz.mp3', 'https://visionradio.castos.com/episodes/noisia-radio-s05e35-1', 'Noisia Radio this week: A selection taken from “Definition II”, and “Not The First Attempt” by Ion Driver, out now on our imprints. More new music by Emperor, Ternion Sound, Heist & TI, Hybris, 3RDKND, Holly Herndon and more.. Enjoy!')
      ;

        -- TODO: INSERT OR REPLACE once fixed in SKDB...
        -- INSERT OR REPLACE INTO library_artists
        DELETE FROM library_artists WHERE id = 'podcast:artist:clgz9riqw000d3b6emzyjak9r-clgz9rir000gd3b6ezj0byn8y';
        INSERT INTO library_artists
        (id, name, imageUrl, colorsString)
        values ('podcast:artist:clgz9riqw000d3b6emzyjak9r-clgz9rir000gd3b6ezj0byn8y', 'VISION Radio', 'https://episodes.castos.com/6138cb87d83982-66320119/images/itunes-image.png', null)
      ;

        INSERT INTO library_tracks_artists
        (trackId, artistId)
        values ('podcast:track:clgz9rir000gb3b6es3qyfkpy', 'podcast:artist:clgz9riqw000d3b6emzyjak9r-clgz9rir000gd3b6ezj0byn8y')
      ;

        -- TODO: INSERT OR REPLACE once fixed in SKDB...
        -- INSERT OR REPLACE INTO library_albums
        DELETE FROM library_albums WHERE id = 'podcast:album:clgz9riqw000d3b6emzyjak9r-clgz9rir000gc3b6ee9umdj53';
        INSERT INTO library_albums
        (id, name, colorsString, imageUrl, trackCount, releaseDate, copyrights)
        values ('podcast:album:clgz9riqw000d3b6emzyjak9r-clgz9rir000gc3b6ee9umdj53', 'VISION Radio', null, 'https://episodes.castos.com/6138cb87d83982-66320119/images/itunes-image.png', 1, null, null)
      ;

        INSERT INTO library_tracks_playlists
                (trackId, playlistId, trackIndex, addedAtTimestamp)
                values ('podcast:track:clgz9rir000gb3b6es3qyfkpy', 'podcast:playlist:clgz9riqw000d3b6emzyjak9r', 191, 1566994870000)
      ;

        -- TODO: INSERT OR REPLACE once fixed in SKDB...
        -- INSERT OR REPLACE INTO library_tracks
        DELETE FROM library_tracks WHERE id = 'podcast:track:clgz9rir000ge3b6eb1uwm44b'; 
        INSERT INTO library_tracks
                (id, name, albumId, trackNumber, durationMs, isrc, imageUrl, audioUrl, externalLink, description)
                values ('podcast:track:clgz9rir000ge3b6eb1uwm44b', 'Noisia Radio S05E34 (Incl. Mono/Poly Guest Mix)', 'podcast:album:clgz9riqw000d3b6emzyjak9r-clgz9rir000gf3b6efgbe5gud', 0, 3609000, null, 'https://episodes.castos.com/6138cb87d83982-66320119/images/itunes-image.png', 'https://episodes.castos.com/6138cb87d83982-66320119/6PbDceSdJf6T4L7hW9KMrKYJK1kXpk5ScCIvpeDf.mp3', 'https://visionradio.castos.com/episodes/noisia-radio-s05e34-incl-monopoly-guest-mix-1', 'Hello person! This week we have Mono/Poly in the guest mix, his ‘Monotonic’ EP will be out September 13th on all platforms. Aside from that we also have more Partial#7 music by Jon Casey, more Definition II music, and ‘Schematic’ by Ion Driver, out Friday')
      ;

        -- TODO: INSERT OR REPLACE once fixed in SKDB...
        -- INSERT OR REPLACE INTO library_artists
        DELETE FROM library_artists WHERE id = 'podcast:artist:clgz9riqw000d3b6emzyjak9r-clgz9rir000gg3b6e1n8xs9nx';
        INSERT INTO library_artists
        (id, name, imageUrl, colorsString)
        values ('podcast:artist:clgz9riqw000d3b6emzyjak9r-clgz9rir000gg3b6e1n8xs9nx', 'VISION Radio', 'https://episodes.castos.com/6138cb87d83982-66320119/images/itunes-image.png', null)
      ;

        INSERT INTO library_tracks_artists
        (trackId, artistId)
        values ('podcast:track:clgz9rir000ge3b6eb1uwm44b', 'podcast:artist:clgz9riqw000d3b6emzyjak9r-clgz9rir000gg3b6e1n8xs9nx')
      ;

        -- TODO: INSERT OR REPLACE once fixed in SKDB...
        -- INSERT OR REPLACE INTO library_albums
        DELETE FROM library_albums WHERE id = 'podcast:album:clgz9riqw000d3b6emzyjak9r-clgz9rir000gf3b6efgbe5gud';
        INSERT INTO library_albums
        (id, name, colorsString, imageUrl, trackCount, releaseDate, copyrights)
        values ('podcast:album:clgz9riqw000d3b6emzyjak9r-clgz9rir000gf3b6efgbe5gud', 'VISION Radio', null, 'https://episodes.castos.com/6138cb87d83982-66320119/images/itunes-image.png', 1, null, null)
      ;

        INSERT INTO library_tracks_playlists
                (trackId, playlistId, trackIndex, addedAtTimestamp)
                values ('podcast:track:clgz9rir000ge3b6eb1uwm44b', 'podcast:playlist:clgz9riqw000d3b6emzyjak9r', 192, 1566393360000)
      ;

        -- TODO: INSERT OR REPLACE once fixed in SKDB...
        -- INSERT OR REPLACE INTO library_tracks
        DELETE FROM library_tracks WHERE id = 'podcast:track:clgz9rir000gh3b6el1v1pns3'; 
        INSERT INTO library_tracks
                (id, name, albumId, trackNumber, durationMs, isrc, imageUrl, audioUrl, externalLink, description)
                values ('podcast:track:clgz9rir000gh3b6el1v1pns3', 'Noisia Radio S05E33 (Incl. Huxley Anne Guest Mix)', 'podcast:album:clgz9riqw000d3b6emzyjak9r-clgz9rir000gi3b6ewwhc5bac', 0, 3600000, null, 'https://episodes.castos.com/6138cb87d83982-66320119/images/itunes-image.png', 'https://episodes.castos.com/6138cb87d83982-66320119/D4hinY1o81w0T9tfbAnQJaipeQImkWWUGQal0TD1.mp3', 'https://visionradio.castos.com/episodes/noisia-radio-s05e33-incl-huxley-anne-guest-mix-1', 'This week in Noisia Radio: We have Huxley Anne in the guest mix, check out her ‘Figs’ EP on all platforms. New music by Mesck, Taxman, Dj Limited, Primal Tribes, and the premiere of the ‘Loading’ EP by Ion Driver, out next week!')
      ;

        -- TODO: INSERT OR REPLACE once fixed in SKDB...
        -- INSERT OR REPLACE INTO library_artists
        DELETE FROM library_artists WHERE id = 'podcast:artist:clgz9riqw000d3b6emzyjak9r-clgz9rir000gj3b6ee4dytpn6';
        INSERT INTO library_artists
        (id, name, imageUrl, colorsString)
        values ('podcast:artist:clgz9riqw000d3b6emzyjak9r-clgz9rir000gj3b6ee4dytpn6', 'VISION Radio', 'https://episodes.castos.com/6138cb87d83982-66320119/images/itunes-image.png', null)
      ;

        INSERT INTO library_tracks_artists
        (trackId, artistId)
        values ('podcast:track:clgz9rir000gh3b6el1v1pns3', 'podcast:artist:clgz9riqw000d3b6emzyjak9r-clgz9rir000gj3b6ee4dytpn6')
      ;

        -- TODO: INSERT OR REPLACE once fixed in SKDB...
        -- INSERT OR REPLACE INTO library_albums
        DELETE FROM library_albums WHERE id = 'podcast:album:clgz9riqw000d3b6emzyjak9r-clgz9rir000gi3b6ewwhc5bac';
        INSERT INTO library_albums
        (id, name, colorsString, imageUrl, trackCount, releaseDate, copyrights)
        values ('podcast:album:clgz9riqw000d3b6emzyjak9r-clgz9rir000gi3b6ewwhc5bac', 'VISION Radio', null, 'https://episodes.castos.com/6138cb87d83982-66320119/images/itunes-image.png', 1, null, null)
      ;

        INSERT INTO library_tracks_playlists
                (trackId, playlistId, trackIndex, addedAtTimestamp)
                values ('podcast:track:clgz9rir000gh3b6el1v1pns3', 'podcast:playlist:clgz9riqw000d3b6emzyjak9r', 193, 1565782080000)
      ;

        -- TODO: INSERT OR REPLACE once fixed in SKDB...
        -- INSERT OR REPLACE INTO library_tracks
        DELETE FROM library_tracks WHERE id = 'podcast:track:clgz9rir000gk3b6efp2ks8vp'; 
        INSERT INTO library_tracks
                (id, name, albumId, trackNumber, durationMs, isrc, imageUrl, audioUrl, externalLink, description)
                values ('podcast:track:clgz9rir000gk3b6efp2ks8vp', 'Noisia Radio S05E32 (Posij & Former Guest Mix)', 'podcast:album:clgz9riqw000d3b6emzyjak9r-clgz9rir000gl3b6esk4ygmj2', 0, 3600000, null, 'https://episodes.castos.com/6138cb87d83982-66320119/images/itunes-image.png', 'https://episodes.castos.com/6138cb87d83982-66320119/5rgJQcT8mcCEp6I6neuFTO6THEa06zz12DqWpf7Y.mp3', 'https://visionradio.castos.com/episodes/noisia-radio-s05e32-posij-former-guest-mix-1', 'This week in Noisia Radio: Because the three of us are on our separate holidays we have Posij & Former take over with a 60 minute guest mix. We hope you enjoy their selection as much as we do! ')
      ;

        -- TODO: INSERT OR REPLACE once fixed in SKDB...
        -- INSERT OR REPLACE INTO library_artists
        DELETE FROM library_artists WHERE id = 'podcast:artist:clgz9riqw000d3b6emzyjak9r-clgz9rir000gm3b6ev0gmkx8n';
        INSERT INTO library_artists
        (id, name, imageUrl, colorsString)
        values ('podcast:artist:clgz9riqw000d3b6emzyjak9r-clgz9rir000gm3b6ev0gmkx8n', 'VISION Radio', 'https://episodes.castos.com/6138cb87d83982-66320119/images/itunes-image.png', null)
      ;

        INSERT INTO library_tracks_artists
        (trackId, artistId)
        values ('podcast:track:clgz9rir000gk3b6efp2ks8vp', 'podcast:artist:clgz9riqw000d3b6emzyjak9r-clgz9rir000gm3b6ev0gmkx8n')
      ;

        -- TODO: INSERT OR REPLACE once fixed in SKDB...
        -- INSERT OR REPLACE INTO library_albums
        DELETE FROM library_albums WHERE id = 'podcast:album:clgz9riqw000d3b6emzyjak9r-clgz9rir000gl3b6esk4ygmj2';
        INSERT INTO library_albums
        (id, name, colorsString, imageUrl, trackCount, releaseDate, copyrights)
        values ('podcast:album:clgz9riqw000d3b6emzyjak9r-clgz9rir000gl3b6esk4ygmj2', 'VISION Radio', null, 'https://episodes.castos.com/6138cb87d83982-66320119/images/itunes-image.png', 1, null, null)
      ;

        INSERT INTO library_tracks_playlists
                (trackId, playlistId, trackIndex, addedAtTimestamp)
                values ('podcast:track:clgz9rir000gk3b6efp2ks8vp', 'podcast:playlist:clgz9riqw000d3b6emzyjak9r', 194, 1565190000000)
      ;

        -- TODO: INSERT OR REPLACE once fixed in SKDB...
        -- INSERT OR REPLACE INTO library_tracks
        DELETE FROM library_tracks WHERE id = 'podcast:track:clgz9rir000gn3b6ek7hmbuav'; 
        INSERT INTO library_tracks
                (id, name, albumId, trackNumber, durationMs, isrc, imageUrl, audioUrl, externalLink, description)
                values ('podcast:track:clgz9rir000gn3b6ek7hmbuav', 'Noisia Radio S05E31', 'podcast:album:clgz9riqw000d3b6emzyjak9r-clgz9rir000go3b6ed0b6jx3v', 0, 3600000, null, 'https://episodes.castos.com/6138cb87d83982-66320119/images/itunes-image.png', 'https://episodes.castos.com/6138cb87d83982-66320119/QBqDUtDIrmgEvxvm8bKlLwphEvTMTgh8bImHp3s0.mp3', 'https://visionradio.castos.com/episodes/noisia-radio-s05e31-1', 'This week in Noisia Radio: ‘Non-Responsive’ our collaboration with Phace, out now on Neosignal. More new music by The Outsiders, Kung, Division x Mofes, Mean Teeth, Topi, and Ivy Lab’s ‘When I Go’ in its third reload this week! Fwe-fwe-fweeeeep')
      ;

        -- TODO: INSERT OR REPLACE once fixed in SKDB...
        -- INSERT OR REPLACE INTO library_artists
        DELETE FROM library_artists WHERE id = 'podcast:artist:clgz9riqw000d3b6emzyjak9r-clgz9rir000gp3b6enoloq9as';
        INSERT INTO library_artists
        (id, name, imageUrl, colorsString)
        values ('podcast:artist:clgz9riqw000d3b6emzyjak9r-clgz9rir000gp3b6enoloq9as', 'VISION Radio', 'https://episodes.castos.com/6138cb87d83982-66320119/images/itunes-image.png', null)
      ;

        INSERT INTO library_tracks_artists
        (trackId, artistId)
        values ('podcast:track:clgz9rir000gn3b6ek7hmbuav', 'podcast:artist:clgz9riqw000d3b6emzyjak9r-clgz9rir000gp3b6enoloq9as')
      ;

        -- TODO: INSERT OR REPLACE once fixed in SKDB...
        -- INSERT OR REPLACE INTO library_albums
        DELETE FROM library_albums WHERE id = 'podcast:album:clgz9riqw000d3b6emzyjak9r-clgz9rir000go3b6ed0b6jx3v';
        INSERT INTO library_albums
        (id, name, colorsString, imageUrl, trackCount, releaseDate, copyrights)
        values ('podcast:album:clgz9riqw000d3b6emzyjak9r-clgz9rir000go3b6ed0b6jx3v', 'VISION Radio', null, 'https://episodes.castos.com/6138cb87d83982-66320119/images/itunes-image.png', 1, null, null)
      ;

        INSERT INTO library_tracks_playlists
                (trackId, playlistId, trackIndex, addedAtTimestamp)
                values ('podcast:track:clgz9rir000gn3b6ek7hmbuav', 'podcast:playlist:clgz9riqw000d3b6emzyjak9r', 195, 1564569300000)
      ;

        -- TODO: INSERT OR REPLACE once fixed in SKDB...
        -- INSERT OR REPLACE INTO library_tracks
        DELETE FROM library_tracks WHERE id = 'podcast:track:clgz9rir000gq3b6etsyrh6ic'; 
        INSERT INTO library_tracks
                (id, name, albumId, trackNumber, durationMs, isrc, imageUrl, audioUrl, externalLink, description)
                values ('podcast:track:clgz9rir000gq3b6etsyrh6ic', 'Noisia Radio S05E30', 'podcast:album:clgz9riqw000d3b6emzyjak9r-clgz9rir000gr3b6e1232nuyr', 0, 3596000, null, 'https://episodes.castos.com/6138cb87d83982-66320119/images/itunes-image.png', 'https://episodes.castos.com/6138cb87d83982-66320119/5quGirmrSmnEJ3ZX2hCRG3F9lQrWHWd0QT1t4KFB.mp3', 'https://visionradio.castos.com/episodes/noisia-radio-s05e30-1', 'This week in Noisia Radio: ‘Shield’ by fellow Groninger DMT, taken from Partial#7 out now on Division. More new music by ChaseR & Subminderz, Wingz, Kursa X Lone Drum, Huxley Anne, and more Invisible music taken from the ‘Definition 1’ compilation. Enjoy!')
      ;

        -- TODO: INSERT OR REPLACE once fixed in SKDB...
        -- INSERT OR REPLACE INTO library_artists
        DELETE FROM library_artists WHERE id = 'podcast:artist:clgz9riqw000d3b6emzyjak9r-clgz9rir000gs3b6ee3i4weg1';
        INSERT INTO library_artists
        (id, name, imageUrl, colorsString)
        values ('podcast:artist:clgz9riqw000d3b6emzyjak9r-clgz9rir000gs3b6ee3i4weg1', 'VISION Radio', 'https://episodes.castos.com/6138cb87d83982-66320119/images/itunes-image.png', null)
      ;

        INSERT INTO library_tracks_artists
        (trackId, artistId)
        values ('podcast:track:clgz9rir000gq3b6etsyrh6ic', 'podcast:artist:clgz9riqw000d3b6emzyjak9r-clgz9rir000gs3b6ee3i4weg1')
      ;

        -- TODO: INSERT OR REPLACE once fixed in SKDB...
        -- INSERT OR REPLACE INTO library_albums
        DELETE FROM library_albums WHERE id = 'podcast:album:clgz9riqw000d3b6emzyjak9r-clgz9rir000gr3b6e1232nuyr';
        INSERT INTO library_albums
        (id, name, colorsString, imageUrl, trackCount, releaseDate, copyrights)
        values ('podcast:album:clgz9riqw000d3b6emzyjak9r-clgz9rir000gr3b6e1232nuyr', 'VISION Radio', null, 'https://episodes.castos.com/6138cb87d83982-66320119/images/itunes-image.png', 1, null, null)
      ;

        INSERT INTO library_tracks_playlists
                (trackId, playlistId, trackIndex, addedAtTimestamp)
                values ('podcast:track:clgz9rir000gq3b6etsyrh6ic', 'podcast:playlist:clgz9riqw000d3b6emzyjak9r', 196, 1563970866000)
      ;

        -- TODO: INSERT OR REPLACE once fixed in SKDB...
        -- INSERT OR REPLACE INTO library_tracks
        DELETE FROM library_tracks WHERE id = 'podcast:track:clgz9rir000gt3b6emqyt2heu'; 
        INSERT INTO library_tracks
                (id, name, albumId, trackNumber, durationMs, isrc, imageUrl, audioUrl, externalLink, description)
                values ('podcast:track:clgz9rir000gt3b6emqyt2heu', 'Noisia Radio S05E29', 'podcast:album:clgz9riqw000d3b6emzyjak9r-clgz9rir000gu3b6e78lwmgug', 0, 3600000, null, 'https://episodes.castos.com/6138cb87d83982-66320119/images/itunes-image.png', 'https://episodes.castos.com/6138cb87d83982-66320119/Fr6ZBUIuaGjwoh2qaigD9SWd3dzvA0ElAi87z8GP.mp3', 'https://visionradio.castos.com/episodes/noisia-radio-s05e29-1', 'Noisia Radio this week: We premiere ‘Whalebone’ by NastyNasty & Sayer, taken from Partial#7, out this Friday on our Division imprint. More new music by Enei, Posij, Talkre, Fake, Hybris and more.. ')
      ;

        -- TODO: INSERT OR REPLACE once fixed in SKDB...
        -- INSERT OR REPLACE INTO library_artists
        DELETE FROM library_artists WHERE id = 'podcast:artist:clgz9riqw000d3b6emzyjak9r-clgz9rir000gv3b6er4gnzwao';
        INSERT INTO library_artists
        (id, name, imageUrl, colorsString)
        values ('podcast:artist:clgz9riqw000d3b6emzyjak9r-clgz9rir000gv3b6er4gnzwao', 'VISION Radio', 'https://episodes.castos.com/6138cb87d83982-66320119/images/itunes-image.png', null)
      ;

        INSERT INTO library_tracks_artists
        (trackId, artistId)
        values ('podcast:track:clgz9rir000gt3b6emqyt2heu', 'podcast:artist:clgz9riqw000d3b6emzyjak9r-clgz9rir000gv3b6er4gnzwao')
      ;

        -- TODO: INSERT OR REPLACE once fixed in SKDB...
        -- INSERT OR REPLACE INTO library_albums
        DELETE FROM library_albums WHERE id = 'podcast:album:clgz9riqw000d3b6emzyjak9r-clgz9rir000gu3b6e78lwmgug';
        INSERT INTO library_albums
        (id, name, colorsString, imageUrl, trackCount, releaseDate, copyrights)
        values ('podcast:album:clgz9riqw000d3b6emzyjak9r-clgz9rir000gu3b6e78lwmgug', 'VISION Radio', null, 'https://episodes.castos.com/6138cb87d83982-66320119/images/itunes-image.png', 1, null, null)
      ;

        INSERT INTO library_tracks_playlists
                (trackId, playlistId, trackIndex, addedAtTimestamp)
                values ('podcast:track:clgz9rir000gt3b6emqyt2heu', 'podcast:playlist:clgz9riqw000d3b6emzyjak9r', 197, 1563369143000)
      ;

        -- TODO: INSERT OR REPLACE once fixed in SKDB...
        -- INSERT OR REPLACE INTO library_tracks
        DELETE FROM library_tracks WHERE id = 'podcast:track:clgz9rir000gw3b6e5p6rbdmu'; 
        INSERT INTO library_tracks
                (id, name, albumId, trackNumber, durationMs, isrc, imageUrl, audioUrl, externalLink, description)
                values ('podcast:track:clgz9rir000gw3b6e5p6rbdmu', 'Noisia Radio S05E28', 'podcast:album:clgz9riqw000d3b6emzyjak9r-clgz9rir000gx3b6e3p9rwwev', 0, 3599000, null, 'https://episodes.castos.com/6138cb87d83982-66320119/images/itunes-image.png', 'https://episodes.castos.com/6138cb87d83982-66320119/svo8apnBGdd1NXexhP7wNkneaNlASxB93bluhsLc.mp3', 'https://visionradio.castos.com/episodes/noisia-radio-s05e28-1', 'Noisia Radio this week: new music by Unglued & Phace, Enei & Jakes, more Posij, and we play two tracks from the Invisible ‘Definition 1’ three part compilation album we’re releasing before it will dissolve into our Vision imprint. All this and more..')
      ;

        -- TODO: INSERT OR REPLACE once fixed in SKDB...
        -- INSERT OR REPLACE INTO library_artists
        DELETE FROM library_artists WHERE id = 'podcast:artist:clgz9riqw000d3b6emzyjak9r-clgz9rir000gy3b6ers76uw85';
        INSERT INTO library_artists
        (id, name, imageUrl, colorsString)
        values ('podcast:artist:clgz9riqw000d3b6emzyjak9r-clgz9rir000gy3b6ers76uw85', 'VISION Radio', 'https://episodes.castos.com/6138cb87d83982-66320119/images/itunes-image.png', null)
      ;

        INSERT INTO library_tracks_artists
        (trackId, artistId)
        values ('podcast:track:clgz9rir000gw3b6e5p6rbdmu', 'podcast:artist:clgz9riqw000d3b6emzyjak9r-clgz9rir000gy3b6ers76uw85')
      ;

        -- TODO: INSERT OR REPLACE once fixed in SKDB...
        -- INSERT OR REPLACE INTO library_albums
        DELETE FROM library_albums WHERE id = 'podcast:album:clgz9riqw000d3b6emzyjak9r-clgz9rir000gx3b6e3p9rwwev';
        INSERT INTO library_albums
        (id, name, colorsString, imageUrl, trackCount, releaseDate, copyrights)
        values ('podcast:album:clgz9riqw000d3b6emzyjak9r-clgz9rir000gx3b6e3p9rwwev', 'VISION Radio', null, 'https://episodes.castos.com/6138cb87d83982-66320119/images/itunes-image.png', 1, null, null)
      ;

        INSERT INTO library_tracks_playlists
                (trackId, playlistId, trackIndex, addedAtTimestamp)
                values ('podcast:track:clgz9rir000gw3b6e5p6rbdmu', 'podcast:playlist:clgz9riqw000d3b6emzyjak9r', 198, 1562756120000)
      ;

        -- TODO: INSERT OR REPLACE once fixed in SKDB...
        -- INSERT OR REPLACE INTO library_tracks
        DELETE FROM library_tracks WHERE id = 'podcast:track:clgz9rir000gz3b6emldtlh29'; 
        INSERT INTO library_tracks
                (id, name, albumId, trackNumber, durationMs, isrc, imageUrl, audioUrl, externalLink, description)
                values ('podcast:track:clgz9rir000gz3b6emldtlh29', 'Noisia Radio S05E27 (Ivy Lab & Two Fingers Co-Host)', 'podcast:album:clgz9riqw000d3b6emzyjak9r-clgz9rir000h03b6eiua0fk4w', 0, 3689000, null, 'https://episodes.castos.com/6138cb87d83982-66320119/images/itunes-image.png', 'https://episodes.castos.com/6138cb87d83982-66320119/cluCOpy9dzmAPocjfixOZEFVIsQwESV61DMTzruG.mp3', 'https://visionradio.castos.com/episodes/noisia-radio-s05e27-ivy-lab-two-fingers-co-host-1', 'Noisia Radio this week is recorded in LA with Thys, Jay from Ivy Lab, and Amon Tobin aka Two Fingers. Thys drops Noisia’s “The Hole Pt. 1”, out now on Vision, Jay and Amon brought a selection of new music for your ears to enjoy. Get Listening! <3 ')
      ;

        -- TODO: INSERT OR REPLACE once fixed in SKDB...
        -- INSERT OR REPLACE INTO library_artists
        DELETE FROM library_artists WHERE id = 'podcast:artist:clgz9riqw000d3b6emzyjak9r-clgz9rir000h13b6e3f61abqq';
        INSERT INTO library_artists
        (id, name, imageUrl, colorsString)
        values ('podcast:artist:clgz9riqw000d3b6emzyjak9r-clgz9rir000h13b6e3f61abqq', 'VISION Radio', 'https://episodes.castos.com/6138cb87d83982-66320119/images/itunes-image.png', null)
      ;

        INSERT INTO library_tracks_artists
        (trackId, artistId)
        values ('podcast:track:clgz9rir000gz3b6emldtlh29', 'podcast:artist:clgz9riqw000d3b6emzyjak9r-clgz9rir000h13b6e3f61abqq')
      ;

        -- TODO: INSERT OR REPLACE once fixed in SKDB...
        -- INSERT OR REPLACE INTO library_albums
        DELETE FROM library_albums WHERE id = 'podcast:album:clgz9riqw000d3b6emzyjak9r-clgz9rir000h03b6eiua0fk4w';
        INSERT INTO library_albums
        (id, name, colorsString, imageUrl, trackCount, releaseDate, copyrights)
        values ('podcast:album:clgz9riqw000d3b6emzyjak9r-clgz9rir000h03b6eiua0fk4w', 'VISION Radio', null, 'https://episodes.castos.com/6138cb87d83982-66320119/images/itunes-image.png', 1, null, null)
      ;

        INSERT INTO library_tracks_playlists
                (trackId, playlistId, trackIndex, addedAtTimestamp)
                values ('podcast:track:clgz9rir000gz3b6emldtlh29', 'podcast:playlist:clgz9riqw000d3b6emzyjak9r', 199, 1562156400000)
      ;

        -- TODO: INSERT OR REPLACE once fixed in SKDB...
        -- INSERT OR REPLACE INTO library_tracks
        DELETE FROM library_tracks WHERE id = 'podcast:track:clgz9rir000h23b6e647pi90s'; 
        INSERT INTO library_tracks
                (id, name, albumId, trackNumber, durationMs, isrc, imageUrl, audioUrl, externalLink, description)
                values ('podcast:track:clgz9rir000h23b6e647pi90s', 'Noisia Radio S05E26 (Noisia DJ Set @ Noisia Invites 2019)', 'podcast:album:clgz9riqw000d3b6emzyjak9r-clgz9rir000h33b6eg0lgkhy6', 0, 3600000, null, 'https://episodes.castos.com/6138cb87d83982-66320119/images/itunes-image.png', 'https://episodes.castos.com/6138cb87d83982-66320119/6QPdhEQo8nDsRmNdWEm0X11oo2git7GG0qNPzvfk.mp3', 'https://visionradio.castos.com/episodes/noisia-radio-s05e26-noisia-dj-set-at-noisia-invites-2019-1', 'Noisia Radio this week: A recording of our DJ set at Noisia Invites on Kingsnight 2019 featuring a lot of new and exclusive music, so go and get tagging in the comment sections. #willem')
      ;

        -- TODO: INSERT OR REPLACE once fixed in SKDB...
        -- INSERT OR REPLACE INTO library_artists
        DELETE FROM library_artists WHERE id = 'podcast:artist:clgz9riqw000d3b6emzyjak9r-clgz9rir000h43b6e7tcem42k';
        INSERT INTO library_artists
        (id, name, imageUrl, colorsString)
        values ('podcast:artist:clgz9riqw000d3b6emzyjak9r-clgz9rir000h43b6e7tcem42k', 'VISION Radio', 'https://episodes.castos.com/6138cb87d83982-66320119/images/itunes-image.png', null)
      ;

        INSERT INTO library_tracks_artists
        (trackId, artistId)
        values ('podcast:track:clgz9rir000h23b6e647pi90s', 'podcast:artist:clgz9riqw000d3b6emzyjak9r-clgz9rir000h43b6e7tcem42k')
      ;

        -- TODO: INSERT OR REPLACE once fixed in SKDB...
        -- INSERT OR REPLACE INTO library_albums
        DELETE FROM library_albums WHERE id = 'podcast:album:clgz9riqw000d3b6emzyjak9r-clgz9rir000h33b6eg0lgkhy6';
        INSERT INTO library_albums
        (id, name, colorsString, imageUrl, trackCount, releaseDate, copyrights)
        values ('podcast:album:clgz9riqw000d3b6emzyjak9r-clgz9rir000h33b6eg0lgkhy6', 'VISION Radio', null, 'https://episodes.castos.com/6138cb87d83982-66320119/images/itunes-image.png', 1, null, null)
      ;

        INSERT INTO library_tracks_playlists
                (trackId, playlistId, trackIndex, addedAtTimestamp)
                values ('podcast:track:clgz9rir000h23b6e647pi90s', 'podcast:playlist:clgz9riqw000d3b6emzyjak9r', 200, 1561548600000)
      ;

        -- TODO: INSERT OR REPLACE once fixed in SKDB...
        -- INSERT OR REPLACE INTO library_tracks
        DELETE FROM library_tracks WHERE id = 'podcast:track:clgz9rir000h53b6etvshhovx'; 
        INSERT INTO library_tracks
                (id, name, albumId, trackNumber, durationMs, isrc, imageUrl, audioUrl, externalLink, description)
                values ('podcast:track:clgz9rir000h53b6etvshhovx', 'Noisia Radio S05E25', 'podcast:album:clgz9riqw000d3b6emzyjak9r-clgz9rir000h63b6eda9lm885', 0, 3600000, null, 'https://episodes.castos.com/6138cb87d83982-66320119/images/itunes-image.png', 'https://episodes.castos.com/6138cb87d83982-66320119/jSI9B8VGMUdQUHUASLMaGTLpRzPlrkDtOxoFQICX.mp3', 'https://visionradio.castos.com/episodes/noisia-radio-s05e25-1', 'Hello Person! This week we have a breaks galore kick-off with Posij’s ‘Pump Pump’, on Division, and Proxima in the remix for ‘MPD’, our collab with Phace. All this and more..')
      ;

        -- TODO: INSERT OR REPLACE once fixed in SKDB...
        -- INSERT OR REPLACE INTO library_artists
        DELETE FROM library_artists WHERE id = 'podcast:artist:clgz9riqw000d3b6emzyjak9r-clgz9rir000h73b6ewn74i385';
        INSERT INTO library_artists
        (id, name, imageUrl, colorsString)
        values ('podcast:artist:clgz9riqw000d3b6emzyjak9r-clgz9rir000h73b6ewn74i385', 'VISION Radio', 'https://episodes.castos.com/6138cb87d83982-66320119/images/itunes-image.png', null)
      ;

        INSERT INTO library_tracks_artists
        (trackId, artistId)
        values ('podcast:track:clgz9rir000h53b6etvshhovx', 'podcast:artist:clgz9riqw000d3b6emzyjak9r-clgz9rir000h73b6ewn74i385')
      ;

        -- TODO: INSERT OR REPLACE once fixed in SKDB...
        -- INSERT OR REPLACE INTO library_albums
        DELETE FROM library_albums WHERE id = 'podcast:album:clgz9riqw000d3b6emzyjak9r-clgz9rir000h63b6eda9lm885';
        INSERT INTO library_albums
        (id, name, colorsString, imageUrl, trackCount, releaseDate, copyrights)
        values ('podcast:album:clgz9riqw000d3b6emzyjak9r-clgz9rir000h63b6eda9lm885', 'VISION Radio', null, 'https://episodes.castos.com/6138cb87d83982-66320119/images/itunes-image.png', 1, null, null)
      ;

        INSERT INTO library_tracks_playlists
                (trackId, playlistId, trackIndex, addedAtTimestamp)
                values ('podcast:track:clgz9rir000h53b6etvshhovx', 'podcast:playlist:clgz9riqw000d3b6emzyjak9r', 201, 1560942780000)
      ;

        -- TODO: INSERT OR REPLACE once fixed in SKDB...
        -- INSERT OR REPLACE INTO library_tracks
        DELETE FROM library_tracks WHERE id = 'podcast:track:clgz9rir000h83b6eyo3wfgl3'; 
        INSERT INTO library_tracks
                (id, name, albumId, trackNumber, durationMs, isrc, imageUrl, audioUrl, externalLink, description)
                values ('podcast:track:clgz9rir000h83b6eyo3wfgl3', 'Noisia Radio S05E24', 'podcast:album:clgz9riqw000d3b6emzyjak9r-clgz9rir000h93b6ezehewcyc', 0, 3600000, null, 'https://episodes.castos.com/6138cb87d83982-66320119/images/itunes-image.png', 'https://episodes.castos.com/6138cb87d83982-66320119/ADS4eFFuo6MulOUnfx1xTUYOspQB2bfddwCGrGWh.mp3', 'https://visionradio.castos.com/episodes/noisia-radio-s05e24-1', 'Noisia Radio this week: ‘Space Crap’ by Posij, a Phace & Misanthrop classic remixed by Black Sun Empire, and Rockwell & The Upbeats in the Noisia Radio Reload. An episode filled with our friends, invite yours too! #friendship ')
      ;

        -- TODO: INSERT OR REPLACE once fixed in SKDB...
        -- INSERT OR REPLACE INTO library_artists
        DELETE FROM library_artists WHERE id = 'podcast:artist:clgz9riqw000d3b6emzyjak9r-clgz9rir000ha3b6ei9i4ralj';
        INSERT INTO library_artists
        (id, name, imageUrl, colorsString)
        values ('podcast:artist:clgz9riqw000d3b6emzyjak9r-clgz9rir000ha3b6ei9i4ralj', 'VISION Radio', 'https://episodes.castos.com/6138cb87d83982-66320119/images/itunes-image.png', null)
      ;

        INSERT INTO library_tracks_artists
        (trackId, artistId)
        values ('podcast:track:clgz9rir000h83b6eyo3wfgl3', 'podcast:artist:clgz9riqw000d3b6emzyjak9r-clgz9rir000ha3b6ei9i4ralj')
      ;

        -- TODO: INSERT OR REPLACE once fixed in SKDB...
        -- INSERT OR REPLACE INTO library_albums
        DELETE FROM library_albums WHERE id = 'podcast:album:clgz9riqw000d3b6emzyjak9r-clgz9rir000h93b6ezehewcyc';
        INSERT INTO library_albums
        (id, name, colorsString, imageUrl, trackCount, releaseDate, copyrights)
        values ('podcast:album:clgz9riqw000d3b6emzyjak9r-clgz9rir000h93b6ezehewcyc', 'VISION Radio', null, 'https://episodes.castos.com/6138cb87d83982-66320119/images/itunes-image.png', 1, null, null)
      ;

        INSERT INTO library_tracks_playlists
                (trackId, playlistId, trackIndex, addedAtTimestamp)
                values ('podcast:track:clgz9rir000h83b6eyo3wfgl3', 'podcast:playlist:clgz9riqw000d3b6emzyjak9r', 202, 1560341677000)
      ;

        -- TODO: INSERT OR REPLACE once fixed in SKDB...
        -- INSERT OR REPLACE INTO library_tracks
        DELETE FROM library_tracks WHERE id = 'podcast:track:clgz9rir000hb3b6ebb3lykwe'; 
        INSERT INTO library_tracks
                (id, name, albumId, trackNumber, durationMs, isrc, imageUrl, audioUrl, externalLink, description)
                values ('podcast:track:clgz9rir000hb3b6ebb3lykwe', 'Noisia Radio S05E23', 'podcast:album:clgz9riqw000d3b6emzyjak9r-clgz9rir000hc3b6e8qlqittt', 0, 3597000, null, 'https://episodes.castos.com/6138cb87d83982-66320119/images/itunes-image.png', 'https://episodes.castos.com/6138cb87d83982-66320119/YhqWjRA8DTTEFg3g5ThjRLljnesA7ySMD9SamAiT.mp3', 'https://visionradio.castos.com/episodes/noisia-radio-s05e23-1', 'Hello person, we’re half way through Posij’s ‘Cocoon’ EP, this week we’ll be enjoying the sounds of ‘Double Mirror’, followed by a collaboration between our friends/colleagues Rockwell and The Upbeats. ')
      ;

        -- TODO: INSERT OR REPLACE once fixed in SKDB...
        -- INSERT OR REPLACE INTO library_artists
        DELETE FROM library_artists WHERE id = 'podcast:artist:clgz9riqw000d3b6emzyjak9r-clgz9rir000hd3b6eosrofq2f';
        INSERT INTO library_artists
        (id, name, imageUrl, colorsString)
        values ('podcast:artist:clgz9riqw000d3b6emzyjak9r-clgz9rir000hd3b6eosrofq2f', 'VISION Radio', 'https://episodes.castos.com/6138cb87d83982-66320119/images/itunes-image.png', null)
      ;

        INSERT INTO library_tracks_artists
        (trackId, artistId)
        values ('podcast:track:clgz9rir000hb3b6ebb3lykwe', 'podcast:artist:clgz9riqw000d3b6emzyjak9r-clgz9rir000hd3b6eosrofq2f')
      ;

        -- TODO: INSERT OR REPLACE once fixed in SKDB...
        -- INSERT OR REPLACE INTO library_albums
        DELETE FROM library_albums WHERE id = 'podcast:album:clgz9riqw000d3b6emzyjak9r-clgz9rir000hc3b6e8qlqittt';
        INSERT INTO library_albums
        (id, name, colorsString, imageUrl, trackCount, releaseDate, copyrights)
        values ('podcast:album:clgz9riqw000d3b6emzyjak9r-clgz9rir000hc3b6e8qlqittt', 'VISION Radio', null, 'https://episodes.castos.com/6138cb87d83982-66320119/images/itunes-image.png', 1, null, null)
      ;

        INSERT INTO library_tracks_playlists
                (trackId, playlistId, trackIndex, addedAtTimestamp)
                values ('podcast:track:clgz9rir000hb3b6ebb3lykwe', 'podcast:playlist:clgz9riqw000d3b6emzyjak9r', 203, 1559739850000)
      ;

        -- TODO: INSERT OR REPLACE once fixed in SKDB...
        -- INSERT OR REPLACE INTO library_tracks
        DELETE FROM library_tracks WHERE id = 'podcast:track:clgz9rir000he3b6emhdvtby2'; 
        INSERT INTO library_tracks
                (id, name, albumId, trackNumber, durationMs, isrc, imageUrl, audioUrl, externalLink, description)
                values ('podcast:track:clgz9rir000he3b6emhdvtby2', 'Noisia Radio S05E22', 'podcast:album:clgz9riqw000d3b6emzyjak9r-clgz9rir000hf3b6edhk34usz', 0, 3600000, null, 'https://episodes.castos.com/6138cb87d83982-66320119/images/itunes-image.png', 'https://episodes.castos.com/6138cb87d83982-66320119/D2hQ7pRtfrWllmXeg4JTu9uLGZUGqGerCBmxOBIe.mp3', 'https://visionradio.castos.com/episodes/noisia-radio-s05e22-1', 'Noisia Radio this week: ‘Half Monk’, a collab by Former and Posij. ‘Scene 1 (Forest)’, written by Thys for string quartet and electronics, from his "Reflection" EP which is out now. More new music by Two Fingers, Halogenix, Culprate, Disprove and more..')
      ;

        -- TODO: INSERT OR REPLACE once fixed in SKDB...
        -- INSERT OR REPLACE INTO library_artists
        DELETE FROM library_artists WHERE id = 'podcast:artist:clgz9riqw000d3b6emzyjak9r-clgz9rir000hg3b6e3rx5my3r';
        INSERT INTO library_artists
        (id, name, imageUrl, colorsString)
        values ('podcast:artist:clgz9riqw000d3b6emzyjak9r-clgz9rir000hg3b6e3rx5my3r', 'VISION Radio', 'https://episodes.castos.com/6138cb87d83982-66320119/images/itunes-image.png', null)
      ;

        INSERT INTO library_tracks_artists
        (trackId, artistId)
        values ('podcast:track:clgz9rir000he3b6emhdvtby2', 'podcast:artist:clgz9riqw000d3b6emzyjak9r-clgz9rir000hg3b6e3rx5my3r')
      ;

        -- TODO: INSERT OR REPLACE once fixed in SKDB...
        -- INSERT OR REPLACE INTO library_albums
        DELETE FROM library_albums WHERE id = 'podcast:album:clgz9riqw000d3b6emzyjak9r-clgz9rir000hf3b6edhk34usz';
        INSERT INTO library_albums
        (id, name, colorsString, imageUrl, trackCount, releaseDate, copyrights)
        values ('podcast:album:clgz9riqw000d3b6emzyjak9r-clgz9rir000hf3b6edhk34usz', 'VISION Radio', null, 'https://episodes.castos.com/6138cb87d83982-66320119/images/itunes-image.png', 1, null, null)
      ;

        INSERT INTO library_tracks_playlists
                (trackId, playlistId, trackIndex, addedAtTimestamp)
                values ('podcast:track:clgz9rir000he3b6emhdvtby2', 'podcast:playlist:clgz9riqw000d3b6emzyjak9r', 204, 1559129820000)
      ;

        -- TODO: INSERT OR REPLACE once fixed in SKDB...
        -- INSERT OR REPLACE INTO library_tracks
        DELETE FROM library_tracks WHERE id = 'podcast:track:clgz9rir000hh3b6ejb20comf'; 
        INSERT INTO library_tracks
                (id, name, albumId, trackNumber, durationMs, isrc, imageUrl, audioUrl, externalLink, description)
                values ('podcast:track:clgz9rir000hh3b6ejb20comf', 'Noisia Radio S05E21', 'podcast:album:clgz9riqw000d3b6emzyjak9r-clgz9rir000hi3b6eqtn6n0hu', 0, 3599000, null, 'https://episodes.castos.com/6138cb87d83982-66320119/images/itunes-image.png', 'https://episodes.castos.com/6138cb87d83982-66320119/yceL89xW0bo7apm77tab1SJTP6i3Nn6nXBL1funY.mp3', 'https://visionradio.castos.com/episodes/noisia-radio-s05e21-1', 'Noisia Radio this week: Additional Posij in the shape of ‘Chasing’ and more music taken from Solids_3, this time by ChaseR, out now on our imprints. Buunshin is our weekly Noisia Radio Reload, voted in by our Patreon supporters. #Airhorns')
      ;

        -- TODO: INSERT OR REPLACE once fixed in SKDB...
        -- INSERT OR REPLACE INTO library_artists
        DELETE FROM library_artists WHERE id = 'podcast:artist:clgz9riqw000d3b6emzyjak9r-clgz9rir000hj3b6e0kqmhlpb';
        INSERT INTO library_artists
        (id, name, imageUrl, colorsString)
        values ('podcast:artist:clgz9riqw000d3b6emzyjak9r-clgz9rir000hj3b6e0kqmhlpb', 'VISION Radio', 'https://episodes.castos.com/6138cb87d83982-66320119/images/itunes-image.png', null)
      ;

        INSERT INTO library_tracks_artists
        (trackId, artistId)
        values ('podcast:track:clgz9rir000hh3b6ejb20comf', 'podcast:artist:clgz9riqw000d3b6emzyjak9r-clgz9rir000hj3b6e0kqmhlpb')
      ;

        -- TODO: INSERT OR REPLACE once fixed in SKDB...
        -- INSERT OR REPLACE INTO library_albums
        DELETE FROM library_albums WHERE id = 'podcast:album:clgz9riqw000d3b6emzyjak9r-clgz9rir000hi3b6eqtn6n0hu';
        INSERT INTO library_albums
        (id, name, colorsString, imageUrl, trackCount, releaseDate, copyrights)
        values ('podcast:album:clgz9riqw000d3b6emzyjak9r-clgz9rir000hi3b6eqtn6n0hu', 'VISION Radio', null, 'https://episodes.castos.com/6138cb87d83982-66320119/images/itunes-image.png', 1, null, null)
      ;

        INSERT INTO library_tracks_playlists
                (trackId, playlistId, trackIndex, addedAtTimestamp)
                values ('podcast:track:clgz9rir000hh3b6ejb20comf', 'podcast:playlist:clgz9riqw000d3b6emzyjak9r', 205, 1558524568000)
      ;

        -- TODO: INSERT OR REPLACE once fixed in SKDB...
        -- INSERT OR REPLACE INTO library_tracks
        DELETE FROM library_tracks WHERE id = 'podcast:track:clgz9rir000hk3b6eilwl4246'; 
        INSERT INTO library_tracks
                (id, name, albumId, trackNumber, durationMs, isrc, imageUrl, audioUrl, externalLink, description)
                values ('podcast:track:clgz9rir000hk3b6eilwl4246', 'Noisia Radio S05E20', 'podcast:album:clgz9riqw000d3b6emzyjak9r-clgz9rir000hl3b6eoyu0c6ga', 0, 3600000, null, 'https://episodes.castos.com/6138cb87d83982-66320119/images/itunes-image.png', 'https://episodes.castos.com/6138cb87d83982-66320119/qe02r9Ho2ciUGeE6kT5HxlJ9gaYbXIeColEI7dtk.mp3', 'https://visionradio.castos.com/episodes/noisia-radio-s05e20-1', 'Noisia Radio this week: We’re premiering ‘Alley Oop’ taken from Posij’s ‘Cocoon’ EP, out this Friday on Division plús Buunshin remixed our collab with Phace ‘Micro Organism’.')
      ;

        -- TODO: INSERT OR REPLACE once fixed in SKDB...
        -- INSERT OR REPLACE INTO library_artists
        DELETE FROM library_artists WHERE id = 'podcast:artist:clgz9riqw000d3b6emzyjak9r-clgz9rir000hm3b6em67euivs';
        INSERT INTO library_artists
        (id, name, imageUrl, colorsString)
        values ('podcast:artist:clgz9riqw000d3b6emzyjak9r-clgz9rir000hm3b6em67euivs', 'VISION Radio', 'https://episodes.castos.com/6138cb87d83982-66320119/images/itunes-image.png', null)
      ;

        INSERT INTO library_tracks_artists
        (trackId, artistId)
        values ('podcast:track:clgz9rir000hk3b6eilwl4246', 'podcast:artist:clgz9riqw000d3b6emzyjak9r-clgz9rir000hm3b6em67euivs')
      ;

        -- TODO: INSERT OR REPLACE once fixed in SKDB...
        -- INSERT OR REPLACE INTO library_albums
        DELETE FROM library_albums WHERE id = 'podcast:album:clgz9riqw000d3b6emzyjak9r-clgz9rir000hl3b6eoyu0c6ga';
        INSERT INTO library_albums
        (id, name, colorsString, imageUrl, trackCount, releaseDate, copyrights)
        values ('podcast:album:clgz9riqw000d3b6emzyjak9r-clgz9rir000hl3b6eoyu0c6ga', 'VISION Radio', null, 'https://episodes.castos.com/6138cb87d83982-66320119/images/itunes-image.png', 1, null, null)
      ;

        INSERT INTO library_tracks_playlists
                (trackId, playlistId, trackIndex, addedAtTimestamp)
                values ('podcast:track:clgz9rir000hk3b6eilwl4246', 'podcast:playlist:clgz9riqw000d3b6emzyjak9r', 206, 1557920014000)
      ;

        -- TODO: INSERT OR REPLACE once fixed in SKDB...
        -- INSERT OR REPLACE INTO library_tracks
        DELETE FROM library_tracks WHERE id = 'podcast:track:clgz9rir000hn3b6ekef9vfc9'; 
        INSERT INTO library_tracks
                (id, name, albumId, trackNumber, durationMs, isrc, imageUrl, audioUrl, externalLink, description)
                values ('podcast:track:clgz9rir000hn3b6ekef9vfc9', 'Noisia Radio S05E19', 'podcast:album:clgz9riqw000d3b6emzyjak9r-clgz9rir000ho3b6ed45im8cq', 0, 3600000, null, 'https://episodes.castos.com/6138cb87d83982-66320119/images/itunes-image.png', 'https://episodes.castos.com/6138cb87d83982-66320119/3bL6TgJvnnpoEjWGlxfBLp9hyWl07V37rf5oM1Vs.mp3', 'https://visionradio.castos.com/episodes/noisia-radio-s05e19-1', 'Noisia Radio this week: Posij is back, and we’re premiering ‘Hella Sideways’ taken from his ‘Cocoon’ EP, out on Division on the 17th of May. More new music by MRSA, Joe Ford, Amoss, Insideinfo, and Kasra. Come on in baby, the water"s fin')
      ;

        -- TODO: INSERT OR REPLACE once fixed in SKDB...
        -- INSERT OR REPLACE INTO library_artists
        DELETE FROM library_artists WHERE id = 'podcast:artist:clgz9riqw000d3b6emzyjak9r-clgz9rir000hp3b6e3it9d16c';
        INSERT INTO library_artists
        (id, name, imageUrl, colorsString)
        values ('podcast:artist:clgz9riqw000d3b6emzyjak9r-clgz9rir000hp3b6e3it9d16c', 'VISION Radio', 'https://episodes.castos.com/6138cb87d83982-66320119/images/itunes-image.png', null)
      ;

        INSERT INTO library_tracks_artists
        (trackId, artistId)
        values ('podcast:track:clgz9rir000hn3b6ekef9vfc9', 'podcast:artist:clgz9riqw000d3b6emzyjak9r-clgz9rir000hp3b6e3it9d16c')
      ;

        -- TODO: INSERT OR REPLACE once fixed in SKDB...
        -- INSERT OR REPLACE INTO library_albums
        DELETE FROM library_albums WHERE id = 'podcast:album:clgz9riqw000d3b6emzyjak9r-clgz9rir000ho3b6ed45im8cq';
        INSERT INTO library_albums
        (id, name, colorsString, imageUrl, trackCount, releaseDate, copyrights)
        values ('podcast:album:clgz9riqw000d3b6emzyjak9r-clgz9rir000ho3b6ed45im8cq', 'VISION Radio', null, 'https://episodes.castos.com/6138cb87d83982-66320119/images/itunes-image.png', 1, null, null)
      ;

        INSERT INTO library_tracks_playlists
                (trackId, playlistId, trackIndex, addedAtTimestamp)
                values ('podcast:track:clgz9rir000hn3b6ekef9vfc9', 'podcast:playlist:clgz9riqw000d3b6emzyjak9r', 207, 1557314747000)
      ;

        -- TODO: INSERT OR REPLACE once fixed in SKDB...
        -- INSERT OR REPLACE INTO library_tracks
        DELETE FROM library_tracks WHERE id = 'podcast:track:clgz9rir000hq3b6ei9c60kln'; 
        INSERT INTO library_tracks
                (id, name, albumId, trackNumber, durationMs, isrc, imageUrl, audioUrl, externalLink, description)
                values ('podcast:track:clgz9rir000hq3b6ei9c60kln', 'Noisia Radio S05E18', 'podcast:album:clgz9riqw000d3b6emzyjak9r-clgz9rir000hr3b6eq3xp44uz', 0, 3600000, null, 'https://episodes.castos.com/6138cb87d83982-66320119/images/itunes-image.png', 'https://episodes.castos.com/6138cb87d83982-66320119/x8QoglezxW8bzHcUy7EaXfZcozIrg3GY4XGK7EnK.mp3', 'https://visionradio.castos.com/episodes/noisia-radio-s05e18-1', 'Noisia Radio this week: We premiere ‘The Rapture’ by HØST, taken from Solids_3, out this Friday and we have our first Noisia Radio Reload, voted back into the episode by our Patreon supporters... Tell dem!')
      ;

        -- TODO: INSERT OR REPLACE once fixed in SKDB...
        -- INSERT OR REPLACE INTO library_artists
        DELETE FROM library_artists WHERE id = 'podcast:artist:clgz9riqw000d3b6emzyjak9r-clgz9rir000hs3b6e29bnjs3f';
        INSERT INTO library_artists
        (id, name, imageUrl, colorsString)
        values ('podcast:artist:clgz9riqw000d3b6emzyjak9r-clgz9rir000hs3b6e29bnjs3f', 'VISION Radio', 'https://episodes.castos.com/6138cb87d83982-66320119/images/itunes-image.png', null)
      ;

        INSERT INTO library_tracks_artists
        (trackId, artistId)
        values ('podcast:track:clgz9rir000hq3b6ei9c60kln', 'podcast:artist:clgz9riqw000d3b6emzyjak9r-clgz9rir000hs3b6e29bnjs3f')
      ;

        -- TODO: INSERT OR REPLACE once fixed in SKDB...
        -- INSERT OR REPLACE INTO library_albums
        DELETE FROM library_albums WHERE id = 'podcast:album:clgz9riqw000d3b6emzyjak9r-clgz9rir000hr3b6eq3xp44uz';
        INSERT INTO library_albums
        (id, name, colorsString, imageUrl, trackCount, releaseDate, copyrights)
        values ('podcast:album:clgz9riqw000d3b6emzyjak9r-clgz9rir000hr3b6eq3xp44uz', 'VISION Radio', null, 'https://episodes.castos.com/6138cb87d83982-66320119/images/itunes-image.png', 1, null, null)
      ;

        INSERT INTO library_tracks_playlists
                (trackId, playlistId, trackIndex, addedAtTimestamp)
                values ('podcast:track:clgz9rir000hq3b6ei9c60kln', 'podcast:playlist:clgz9riqw000d3b6emzyjak9r', 208, 1556715240000)
      ;

        -- TODO: INSERT OR REPLACE once fixed in SKDB...
        -- INSERT OR REPLACE INTO library_tracks
        DELETE FROM library_tracks WHERE id = 'podcast:track:clgz9rir000ht3b6e6xo9okxq'; 
        INSERT INTO library_tracks
                (id, name, albumId, trackNumber, durationMs, isrc, imageUrl, audioUrl, externalLink, description)
                values ('podcast:track:clgz9rir000ht3b6e6xo9okxq', 'Noisia Radio S05E17', 'podcast:album:clgz9riqw000d3b6emzyjak9r-clgz9rir000hu3b6e3ke8e6wj', 0, 3600000, null, 'https://episodes.castos.com/6138cb87d83982-66320119/images/itunes-image.png', 'https://episodes.castos.com/6138cb87d83982-66320119/SYZdvpR7z9LZ29aJyuCpp1Vh2QWN5GuoLBOSqYBp.mp3', 'https://visionradio.castos.com/episodes/noisia-radio-s05e17-1', 'Noisia Radio this week: We premiere ‘Comatose’ by Foreign Beggars, out this friday. More new music by T.I, Hybris & MVRK, Reso, ParaDigitz, Iglooghost, Monuman and more.. Also, we talk a little about our Patreon page.')
      ;

        -- TODO: INSERT OR REPLACE once fixed in SKDB...
        -- INSERT OR REPLACE INTO library_artists
        DELETE FROM library_artists WHERE id = 'podcast:artist:clgz9riqw000d3b6emzyjak9r-clgz9rir000hv3b6er5j8jerz';
        INSERT INTO library_artists
        (id, name, imageUrl, colorsString)
        values ('podcast:artist:clgz9riqw000d3b6emzyjak9r-clgz9rir000hv3b6er5j8jerz', 'VISION Radio', 'https://episodes.castos.com/6138cb87d83982-66320119/images/itunes-image.png', null)
      ;

        INSERT INTO library_tracks_artists
        (trackId, artistId)
        values ('podcast:track:clgz9rir000ht3b6e6xo9okxq', 'podcast:artist:clgz9riqw000d3b6emzyjak9r-clgz9rir000hv3b6er5j8jerz')
      ;

        -- TODO: INSERT OR REPLACE once fixed in SKDB...
        -- INSERT OR REPLACE INTO library_albums
        DELETE FROM library_albums WHERE id = 'podcast:album:clgz9riqw000d3b6emzyjak9r-clgz9rir000hu3b6e3ke8e6wj';
        INSERT INTO library_albums
        (id, name, colorsString, imageUrl, trackCount, releaseDate, copyrights)
        values ('podcast:album:clgz9riqw000d3b6emzyjak9r-clgz9rir000hu3b6e3ke8e6wj', 'VISION Radio', null, 'https://episodes.castos.com/6138cb87d83982-66320119/images/itunes-image.png', 1, null, null)
      ;

        INSERT INTO library_tracks_playlists
                (trackId, playlistId, trackIndex, addedAtTimestamp)
                values ('podcast:track:clgz9rir000ht3b6e6xo9okxq', 'podcast:playlist:clgz9riqw000d3b6emzyjak9r', 209, 1556108844000)
      ;

        -- TODO: INSERT OR REPLACE once fixed in SKDB...
        -- INSERT OR REPLACE INTO library_tracks
        DELETE FROM library_tracks WHERE id = 'podcast:track:clgz9rir000hw3b6etn6bl2dm'; 
        INSERT INTO library_tracks
                (id, name, albumId, trackNumber, durationMs, isrc, imageUrl, audioUrl, externalLink, description)
                values ('podcast:track:clgz9rir000hw3b6etn6bl2dm', 'Noisia Radio S05E16', 'podcast:album:clgz9riqw000d3b6emzyjak9r-clgz9rir000hx3b6e2vrv3m0t', 0, 3600000, null, 'https://episodes.castos.com/6138cb87d83982-66320119/images/itunes-image.png', 'https://episodes.castos.com/6138cb87d83982-66320119/vAAenp2y9311WMT4wEkNUsCNx6NjPAT2jea0uFYW.mp3', 'https://visionradio.castos.com/episodes/noisia-radio-s05e16-1', 'Noisia Radio this week: T.I drops new heat on Critical, we have Halogenix in the remix for Misanthrop’s ‘Deadlock’, The Upbeats have new wubs and Nymfo tells the story of Ötzi The Ice Man using the medium of music...')
      ;

        -- TODO: INSERT OR REPLACE once fixed in SKDB...
        -- INSERT OR REPLACE INTO library_artists
        DELETE FROM library_artists WHERE id = 'podcast:artist:clgz9riqw000d3b6emzyjak9r-clgz9rir000hy3b6eh76b5vui';
        INSERT INTO library_artists
        (id, name, imageUrl, colorsString)
        values ('podcast:artist:clgz9riqw000d3b6emzyjak9r-clgz9rir000hy3b6eh76b5vui', 'VISION Radio', 'https://episodes.castos.com/6138cb87d83982-66320119/images/itunes-image.png', null)
      ;

        INSERT INTO library_tracks_artists
        (trackId, artistId)
        values ('podcast:track:clgz9rir000hw3b6etn6bl2dm', 'podcast:artist:clgz9riqw000d3b6emzyjak9r-clgz9rir000hy3b6eh76b5vui')
      ;

        -- TODO: INSERT OR REPLACE once fixed in SKDB...
        -- INSERT OR REPLACE INTO library_albums
        DELETE FROM library_albums WHERE id = 'podcast:album:clgz9riqw000d3b6emzyjak9r-clgz9rir000hx3b6e2vrv3m0t';
        INSERT INTO library_albums
        (id, name, colorsString, imageUrl, trackCount, releaseDate, copyrights)
        values ('podcast:album:clgz9riqw000d3b6emzyjak9r-clgz9rir000hx3b6e2vrv3m0t', 'VISION Radio', null, 'https://episodes.castos.com/6138cb87d83982-66320119/images/itunes-image.png', 1, null, null)
      ;

        INSERT INTO library_tracks_playlists
                (trackId, playlistId, trackIndex, addedAtTimestamp)
                values ('podcast:track:clgz9rir000hw3b6etn6bl2dm', 'podcast:playlist:clgz9riqw000d3b6emzyjak9r', 210, 1555502147000)
      ;

        -- TODO: INSERT OR REPLACE once fixed in SKDB...
        -- INSERT OR REPLACE INTO library_tracks
        DELETE FROM library_tracks WHERE id = 'podcast:track:clgz9rir000hz3b6edh0jtodl'; 
        INSERT INTO library_tracks
                (id, name, albumId, trackNumber, durationMs, isrc, imageUrl, audioUrl, externalLink, description)
                values ('podcast:track:clgz9rir000hz3b6edh0jtodl', 'Noisia Radio S05E15', 'podcast:album:clgz9riqw000d3b6emzyjak9r-clgz9rir000i03b6edta48qid', 0, 3600000, null, 'https://episodes.castos.com/6138cb87d83982-66320119/images/itunes-image.png', 'https://episodes.castos.com/6138cb87d83982-66320119/NURrU7cUIwq7SwoGhlbw8Ie226qSXOg2Lx6c8PGH.mp3', 'https://visionradio.castos.com/episodes/noisia-radio-s05e15-1', 'Noisia Radio this week: Milan from Black Sun Empire shows us three new songs and two of his favorite classics and we have Former in the remix for Mefjus’ ‘Volition’. More new music by Nymfo & Arkaik, Sam Binga & Halogenix, Levela, S.P.Y. and more.. Yay!')
      ;

        -- TODO: INSERT OR REPLACE once fixed in SKDB...
        -- INSERT OR REPLACE INTO library_artists
        DELETE FROM library_artists WHERE id = 'podcast:artist:clgz9riqw000d3b6emzyjak9r-clgz9rir000i13b6ekpwrk5mv';
        INSERT INTO library_artists
        (id, name, imageUrl, colorsString)
        values ('podcast:artist:clgz9riqw000d3b6emzyjak9r-clgz9rir000i13b6ekpwrk5mv', 'VISION Radio', 'https://episodes.castos.com/6138cb87d83982-66320119/images/itunes-image.png', null)
      ;

        INSERT INTO library_tracks_artists
        (trackId, artistId)
        values ('podcast:track:clgz9rir000hz3b6edh0jtodl', 'podcast:artist:clgz9riqw000d3b6emzyjak9r-clgz9rir000i13b6ekpwrk5mv')
      ;

        -- TODO: INSERT OR REPLACE once fixed in SKDB...
        -- INSERT OR REPLACE INTO library_albums
        DELETE FROM library_albums WHERE id = 'podcast:album:clgz9riqw000d3b6emzyjak9r-clgz9rir000i03b6edta48qid';
        INSERT INTO library_albums
        (id, name, colorsString, imageUrl, trackCount, releaseDate, copyrights)
        values ('podcast:album:clgz9riqw000d3b6emzyjak9r-clgz9rir000i03b6edta48qid', 'VISION Radio', null, 'https://episodes.castos.com/6138cb87d83982-66320119/images/itunes-image.png', 1, null, null)
      ;

        INSERT INTO library_tracks_playlists
                (trackId, playlistId, trackIndex, addedAtTimestamp)
                values ('podcast:track:clgz9rir000hz3b6edh0jtodl', 'podcast:playlist:clgz9riqw000d3b6emzyjak9r', 211, 1554894600000)
      ;

        -- TODO: INSERT OR REPLACE once fixed in SKDB...
        -- INSERT OR REPLACE INTO library_tracks
        DELETE FROM library_tracks WHERE id = 'podcast:track:clgz9rir000i23b6e5tcgfkms'; 
        INSERT INTO library_tracks
                (id, name, albumId, trackNumber, durationMs, isrc, imageUrl, audioUrl, externalLink, description)
                values ('podcast:track:clgz9rir000i23b6e5tcgfkms', 'Noisia Radio S05E14', 'podcast:album:clgz9riqw000d3b6emzyjak9r-clgz9rir000i33b6ep4pqesfu', 0, 3600000, null, 'https://episodes.castos.com/6138cb87d83982-66320119/images/itunes-image.png', 'https://episodes.castos.com/6138cb87d83982-66320119/c16zFNi7yH8SbouGTv4oB4CoafYnZsOK4UvcjcbC.mp3', 'https://visionradio.castos.com/episodes/noisia-radio-s05e14-1', 'Hello person! This week we have Fourward in the remix for Mefjus’ ‘Muskox’, more from Arigto’s ‘Blind immaterialist’ EP and a brand new Phace & Mefjus collab, to be released on Neosignal. ')
      ;

        -- TODO: INSERT OR REPLACE once fixed in SKDB...
        -- INSERT OR REPLACE INTO library_artists
        DELETE FROM library_artists WHERE id = 'podcast:artist:clgz9riqw000d3b6emzyjak9r-clgz9rir000i43b6e7ynj2v82';
        INSERT INTO library_artists
        (id, name, imageUrl, colorsString)
        values ('podcast:artist:clgz9riqw000d3b6emzyjak9r-clgz9rir000i43b6e7ynj2v82', 'VISION Radio', 'https://episodes.castos.com/6138cb87d83982-66320119/images/itunes-image.png', null)
      ;

        INSERT INTO library_tracks_artists
        (trackId, artistId)
        values ('podcast:track:clgz9rir000i23b6e5tcgfkms', 'podcast:artist:clgz9riqw000d3b6emzyjak9r-clgz9rir000i43b6e7ynj2v82')
      ;

        -- TODO: INSERT OR REPLACE once fixed in SKDB...
        -- INSERT OR REPLACE INTO library_albums
        DELETE FROM library_albums WHERE id = 'podcast:album:clgz9riqw000d3b6emzyjak9r-clgz9rir000i33b6ep4pqesfu';
        INSERT INTO library_albums
        (id, name, colorsString, imageUrl, trackCount, releaseDate, copyrights)
        values ('podcast:album:clgz9riqw000d3b6emzyjak9r-clgz9rir000i33b6ep4pqesfu', 'VISION Radio', null, 'https://episodes.castos.com/6138cb87d83982-66320119/images/itunes-image.png', 1, null, null)
      ;

        INSERT INTO library_tracks_playlists
                (trackId, playlistId, trackIndex, addedAtTimestamp)
                values ('podcast:track:clgz9rir000i23b6e5tcgfkms', 'podcast:playlist:clgz9riqw000d3b6emzyjak9r', 212, 1554292039000)
      ;

        -- TODO: INSERT OR REPLACE once fixed in SKDB...
        -- INSERT OR REPLACE INTO library_tracks
        DELETE FROM library_tracks WHERE id = 'podcast:track:clgz9rir000i53b6ea6uoy3yf'; 
        INSERT INTO library_tracks
                (id, name, albumId, trackNumber, durationMs, isrc, imageUrl, audioUrl, externalLink, description)
                values ('podcast:track:clgz9rir000i53b6ea6uoy3yf', 'Noisia Radio S05E13', 'podcast:album:clgz9riqw000d3b6emzyjak9r-clgz9rir000i63b6e4uu1pi9h', 0, 3600000, null, 'https://episodes.castos.com/6138cb87d83982-66320119/images/itunes-image.png', 'https://episodes.castos.com/6138cb87d83982-66320119/zmQajEwqwEdu4b1babb1oCLIhbdZ2mhFoWDj5Apt.mp3', 'https://visionradio.castos.com/episodes/noisia-radio-s05e13-1', 'Noisia Radio this week: Gigantor’s 4/4 remix of Mefjus’ ‘Work It’, out now! More music from the ‘Blind Immaterialist’ EP by Arigto, as well as Levela, Particle, S.P.Y., Droptek, Chee, and Monuman bringing heat. And more. Enjoy! ')
      ;

        -- TODO: INSERT OR REPLACE once fixed in SKDB...
        -- INSERT OR REPLACE INTO library_artists
        DELETE FROM library_artists WHERE id = 'podcast:artist:clgz9riqw000d3b6emzyjak9r-clgz9rir000i73b6e589f4icu';
        INSERT INTO library_artists
        (id, name, imageUrl, colorsString)
        values ('podcast:artist:clgz9riqw000d3b6emzyjak9r-clgz9rir000i73b6e589f4icu', 'VISION Radio', 'https://episodes.castos.com/6138cb87d83982-66320119/images/itunes-image.png', null)
      ;

        INSERT INTO library_tracks_artists
        (trackId, artistId)
        values ('podcast:track:clgz9rir000i53b6ea6uoy3yf', 'podcast:artist:clgz9riqw000d3b6emzyjak9r-clgz9rir000i73b6e589f4icu')
      ;

        -- TODO: INSERT OR REPLACE once fixed in SKDB...
        -- INSERT OR REPLACE INTO library_albums
        DELETE FROM library_albums WHERE id = 'podcast:album:clgz9riqw000d3b6emzyjak9r-clgz9rir000i63b6e4uu1pi9h';
        INSERT INTO library_albums
        (id, name, colorsString, imageUrl, trackCount, releaseDate, copyrights)
        values ('podcast:album:clgz9riqw000d3b6emzyjak9r-clgz9rir000i63b6e4uu1pi9h', 'VISION Radio', null, 'https://episodes.castos.com/6138cb87d83982-66320119/images/itunes-image.png', 1, null, null)
      ;

        INSERT INTO library_tracks_playlists
                (trackId, playlistId, trackIndex, addedAtTimestamp)
                values ('podcast:track:clgz9rir000i53b6ea6uoy3yf', 'podcast:playlist:clgz9riqw000d3b6emzyjak9r', 213, 1553701080000)
      ;

        -- TODO: INSERT OR REPLACE once fixed in SKDB...
        -- INSERT OR REPLACE INTO library_tracks
        DELETE FROM library_tracks WHERE id = 'podcast:track:clgz9rir000i83b6eeqeobgpq'; 
        INSERT INTO library_tracks
                (id, name, albumId, trackNumber, durationMs, isrc, imageUrl, audioUrl, externalLink, description)
                values ('podcast:track:clgz9rir000i83b6eeqeobgpq', 'Noisia Radio S05E12', 'podcast:album:clgz9riqw000d3b6emzyjak9r-clgz9rir000i93b6ep3n8hrfo', 0, 3599000, null, 'https://episodes.castos.com/6138cb87d83982-66320119/images/itunes-image.png', 'https://episodes.castos.com/6138cb87d83982-66320119/ThUusGnx8hJJq0Uzzn2Hadr5hRJy52cZwiXHapAF.mp3', 'https://visionradio.castos.com/episodes/noisia-radio-s05e12-2', 'Noisia Radio this week; Funtcase’s remix for ‘Physically’ by Mefjus. Monuman brings back the wobble, and Black Sun Empire & Nymfo drop some new heat. More new music by Ivy Lab, MISSIN, Moody Good, Alix Perez & Skeptical and Particle. All this and more..')
      ;

        -- TODO: INSERT OR REPLACE once fixed in SKDB...
        -- INSERT OR REPLACE INTO library_artists
        DELETE FROM library_artists WHERE id = 'podcast:artist:clgz9riqw000d3b6emzyjak9r-clgz9rir000ia3b6emtaniecc';
        INSERT INTO library_artists
        (id, name, imageUrl, colorsString)
        values ('podcast:artist:clgz9riqw000d3b6emzyjak9r-clgz9rir000ia3b6emtaniecc', 'VISION Radio', 'https://episodes.castos.com/6138cb87d83982-66320119/images/itunes-image.png', null)
      ;

        INSERT INTO library_tracks_artists
        (trackId, artistId)
        values ('podcast:track:clgz9rir000i83b6eeqeobgpq', 'podcast:artist:clgz9riqw000d3b6emzyjak9r-clgz9rir000ia3b6emtaniecc')
      ;

        -- TODO: INSERT OR REPLACE once fixed in SKDB...
        -- INSERT OR REPLACE INTO library_albums
        DELETE FROM library_albums WHERE id = 'podcast:album:clgz9riqw000d3b6emzyjak9r-clgz9rir000i93b6ep3n8hrfo';
        INSERT INTO library_albums
        (id, name, colorsString, imageUrl, trackCount, releaseDate, copyrights)
        values ('podcast:album:clgz9riqw000d3b6emzyjak9r-clgz9rir000i93b6ep3n8hrfo', 'VISION Radio', null, 'https://episodes.castos.com/6138cb87d83982-66320119/images/itunes-image.png', 1, null, null)
      ;

        INSERT INTO library_tracks_playlists
                (trackId, playlistId, trackIndex, addedAtTimestamp)
                values ('podcast:track:clgz9rir000i83b6eeqeobgpq', 'podcast:playlist:clgz9riqw000d3b6emzyjak9r', 214, 1553082213000)
      ;

        -- TODO: INSERT OR REPLACE once fixed in SKDB...
        -- INSERT OR REPLACE INTO library_tracks
        DELETE FROM library_tracks WHERE id = 'podcast:track:clgz9rir000ib3b6ejywywzy8'; 
        INSERT INTO library_tracks
                (id, name, albumId, trackNumber, durationMs, isrc, imageUrl, audioUrl, externalLink, description)
                values ('podcast:track:clgz9rir000ib3b6ejywywzy8', 'Noisia Radio S05E11', 'podcast:album:clgz9riqw000d3b6emzyjak9r-clgz9rir000ic3b6ej8od4m53', 0, 3600000, null, 'https://episodes.castos.com/6138cb87d83982-66320119/images/itunes-image.png', 'https://episodes.castos.com/6138cb87d83982-66320119/DYW7KNx46Fedj8MuAuOgqj00WmpRmZJkuCqUMuz2.mp3', 'https://visionradio.castos.com/episodes/noisia-radio-s05e11-2', 'Hello Person! This week we premiere "Silence Is A Lie’ by Arigto, taken from their ‘Blind Immaterialist" EP, out March 22 on DIVISION. More new music by Calyx & Teebee, Synergy & Signal, Monuman, Current Value, Space Laces and more..')
      ;

        -- TODO: INSERT OR REPLACE once fixed in SKDB...
        -- INSERT OR REPLACE INTO library_artists
        DELETE FROM library_artists WHERE id = 'podcast:artist:clgz9riqw000d3b6emzyjak9r-clgz9rir000id3b6ehv7qzj7m';
        INSERT INTO library_artists
        (id, name, imageUrl, colorsString)
        values ('podcast:artist:clgz9riqw000d3b6emzyjak9r-clgz9rir000id3b6ehv7qzj7m', 'VISION Radio', 'https://episodes.castos.com/6138cb87d83982-66320119/images/itunes-image.png', null)
      ;

        INSERT INTO library_tracks_artists
        (trackId, artistId)
        values ('podcast:track:clgz9rir000ib3b6ejywywzy8', 'podcast:artist:clgz9riqw000d3b6emzyjak9r-clgz9rir000id3b6ehv7qzj7m')
      ;

        -- TODO: INSERT OR REPLACE once fixed in SKDB...
        -- INSERT OR REPLACE INTO library_albums
        DELETE FROM library_albums WHERE id = 'podcast:album:clgz9riqw000d3b6emzyjak9r-clgz9rir000ic3b6ej8od4m53';
        INSERT INTO library_albums
        (id, name, colorsString, imageUrl, trackCount, releaseDate, copyrights)
        values ('podcast:album:clgz9riqw000d3b6emzyjak9r-clgz9rir000ic3b6ej8od4m53', 'VISION Radio', null, 'https://episodes.castos.com/6138cb87d83982-66320119/images/itunes-image.png', 1, null, null)
      ;

        INSERT INTO library_tracks_playlists
                (trackId, playlistId, trackIndex, addedAtTimestamp)
                values ('podcast:track:clgz9rir000ib3b6ejywywzy8', 'podcast:playlist:clgz9riqw000d3b6emzyjak9r', 215, 1552479180000)
      ;

        -- TODO: INSERT OR REPLACE once fixed in SKDB...
        -- INSERT OR REPLACE INTO library_tracks
        DELETE FROM library_tracks WHERE id = 'podcast:track:clgz9rir000ie3b6e2knnuci9'; 
        INSERT INTO library_tracks
                (id, name, albumId, trackNumber, durationMs, isrc, imageUrl, audioUrl, externalLink, description)
                values ('podcast:track:clgz9rir000ie3b6e2knnuci9', 'Noisia Radio S05E10', 'podcast:album:clgz9riqw000d3b6emzyjak9r-clgz9rir000if3b6egbd51lxr', 0, 3600000, null, 'https://episodes.castos.com/6138cb87d83982-66320119/images/itunes-image.png', 'https://episodes.castos.com/6138cb87d83982-66320119/upRFIIIjRTJlXfkQJvDWEGfW088Fd0JhlVxJL7qS.mp3', 'https://visionradio.castos.com/episodes/noisia-radio-s05e10-2', 'Noisia Radio this week: We mourn the passing of a hero in Keith Flint. We also play new music.')
      ;

        -- TODO: INSERT OR REPLACE once fixed in SKDB...
        -- INSERT OR REPLACE INTO library_artists
        DELETE FROM library_artists WHERE id = 'podcast:artist:clgz9riqw000d3b6emzyjak9r-clgz9rir000ig3b6e4jj1m61p';
        INSERT INTO library_artists
        (id, name, imageUrl, colorsString)
        values ('podcast:artist:clgz9riqw000d3b6emzyjak9r-clgz9rir000ig3b6e4jj1m61p', 'VISION Radio', 'https://episodes.castos.com/6138cb87d83982-66320119/images/itunes-image.png', null)
      ;

        INSERT INTO library_tracks_artists
        (trackId, artistId)
        values ('podcast:track:clgz9rir000ie3b6e2knnuci9', 'podcast:artist:clgz9riqw000d3b6emzyjak9r-clgz9rir000ig3b6e4jj1m61p')
      ;

        -- TODO: INSERT OR REPLACE once fixed in SKDB...
        -- INSERT OR REPLACE INTO library_albums
        DELETE FROM library_albums WHERE id = 'podcast:album:clgz9riqw000d3b6emzyjak9r-clgz9rir000if3b6egbd51lxr';
        INSERT INTO library_albums
        (id, name, colorsString, imageUrl, trackCount, releaseDate, copyrights)
        values ('podcast:album:clgz9riqw000d3b6emzyjak9r-clgz9rir000if3b6egbd51lxr', 'VISION Radio', null, 'https://episodes.castos.com/6138cb87d83982-66320119/images/itunes-image.png', 1, null, null)
      ;

        INSERT INTO library_tracks_playlists
                (trackId, playlistId, trackIndex, addedAtTimestamp)
                values ('podcast:track:clgz9rir000ie3b6e2knnuci9', 'podcast:playlist:clgz9riqw000d3b6emzyjak9r', 216, 1551875880000)
      ;

        -- TODO: INSERT OR REPLACE once fixed in SKDB...
        -- INSERT OR REPLACE INTO library_tracks
        DELETE FROM library_tracks WHERE id = 'podcast:track:clgz9rir000ih3b6eev30k2uu'; 
        INSERT INTO library_tracks
                (id, name, albumId, trackNumber, durationMs, isrc, imageUrl, audioUrl, externalLink, description)
                values ('podcast:track:clgz9rir000ih3b6eev30k2uu', 'Noisia Radio S05E09', 'podcast:album:clgz9riqw000d3b6emzyjak9r-clgz9rir000ii3b6egmdoybeu', 0, 3600000, null, 'https://episodes.castos.com/6138cb87d83982-66320119/images/itunes-image.png', 'https://episodes.castos.com/6138cb87d83982-66320119/gUFicsQXmP4J401dYQ4q93YqNe5hFfobKW6mXaEQ.mp3', 'https://visionradio.castos.com/episodes/noisia-radio-s05e09-2', 'Hello Person! This week we listen to Ed Rush’s remix for ‘Sleazebag’ by Mefjus, ‘Ghosts’ by Society Of Numbers (out now) and ‘Clueless’ by Buunshin. More new music by OaT, Circuits, The Upbeats, Dayle, Lapsung, Getter and more.. Enjoy!')
      ;

        -- TODO: INSERT OR REPLACE once fixed in SKDB...
        -- INSERT OR REPLACE INTO library_artists
        DELETE FROM library_artists WHERE id = 'podcast:artist:clgz9riqw000d3b6emzyjak9r-clgz9rir000ij3b6ev59vo5uz';
        INSERT INTO library_artists
        (id, name, imageUrl, colorsString)
        values ('podcast:artist:clgz9riqw000d3b6emzyjak9r-clgz9rir000ij3b6ev59vo5uz', 'VISION Radio', 'https://episodes.castos.com/6138cb87d83982-66320119/images/itunes-image.png', null)
      ;

        INSERT INTO library_tracks_artists
        (trackId, artistId)
        values ('podcast:track:clgz9rir000ih3b6eev30k2uu', 'podcast:artist:clgz9riqw000d3b6emzyjak9r-clgz9rir000ij3b6ev59vo5uz')
      ;

        -- TODO: INSERT OR REPLACE once fixed in SKDB...
        -- INSERT OR REPLACE INTO library_albums
        DELETE FROM library_albums WHERE id = 'podcast:album:clgz9riqw000d3b6emzyjak9r-clgz9rir000ii3b6egmdoybeu';
        INSERT INTO library_albums
        (id, name, colorsString, imageUrl, trackCount, releaseDate, copyrights)
        values ('podcast:album:clgz9riqw000d3b6emzyjak9r-clgz9rir000ii3b6egmdoybeu', 'VISION Radio', null, 'https://episodes.castos.com/6138cb87d83982-66320119/images/itunes-image.png', 1, null, null)
      ;

        INSERT INTO library_tracks_playlists
                (trackId, playlistId, trackIndex, addedAtTimestamp)
                values ('podcast:track:clgz9rir000ih3b6eev30k2uu', 'podcast:playlist:clgz9riqw000d3b6emzyjak9r', 217, 1551273540000)
      ;

        -- TODO: INSERT OR REPLACE once fixed in SKDB...
        -- INSERT OR REPLACE INTO library_tracks
        DELETE FROM library_tracks WHERE id = 'podcast:track:clgz9rir000ik3b6ej0jqhrhj'; 
        INSERT INTO library_tracks
                (id, name, albumId, trackNumber, durationMs, isrc, imageUrl, audioUrl, externalLink, description)
                values ('podcast:track:clgz9rir000ik3b6ej0jqhrhj', 'Noisia Radio S05E08', 'podcast:album:clgz9riqw000d3b6emzyjak9r-clgz9rir000il3b6ex754ripi', 0, 3599000, null, 'https://episodes.castos.com/6138cb87d83982-66320119/images/itunes-image.png', 'https://episodes.castos.com/6138cb87d83982-66320119/5FdaSBBJDOlnwgW3ocvJsCknHgHtnzFxghunO0mA.mp3', 'https://visionradio.castos.com/episodes/noisia-radio-s05e08-2', 'Noisia Radio this week; We premiere Annix’s remix for Pivot by Mefjus, and we can finally reveal the music by Society Of Numbers (The Upbeats + Armanni Reign), out this friday on Division. More new music by Proxima, Jon Casey, Icicle & Alix Perez, Buunshi')
      ;

        -- TODO: INSERT OR REPLACE once fixed in SKDB...
        -- INSERT OR REPLACE INTO library_artists
        DELETE FROM library_artists WHERE id = 'podcast:artist:clgz9riqw000d3b6emzyjak9r-clgz9rir000im3b6edaivzki6';
        INSERT INTO library_artists
        (id, name, imageUrl, colorsString)
        values ('podcast:artist:clgz9riqw000d3b6emzyjak9r-clgz9rir000im3b6edaivzki6', 'VISION Radio', 'https://episodes.castos.com/6138cb87d83982-66320119/images/itunes-image.png', null)
      ;

        INSERT INTO library_tracks_artists
        (trackId, artistId)
        values ('podcast:track:clgz9rir000ik3b6ej0jqhrhj', 'podcast:artist:clgz9riqw000d3b6emzyjak9r-clgz9rir000im3b6edaivzki6')
      ;

        -- TODO: INSERT OR REPLACE once fixed in SKDB...
        -- INSERT OR REPLACE INTO library_albums
        DELETE FROM library_albums WHERE id = 'podcast:album:clgz9riqw000d3b6emzyjak9r-clgz9rir000il3b6ex754ripi';
        INSERT INTO library_albums
        (id, name, colorsString, imageUrl, trackCount, releaseDate, copyrights)
        values ('podcast:album:clgz9riqw000d3b6emzyjak9r-clgz9rir000il3b6ex754ripi', 'VISION Radio', null, 'https://episodes.castos.com/6138cb87d83982-66320119/images/itunes-image.png', 1, null, null)
      ;

        INSERT INTO library_tracks_playlists
                (trackId, playlistId, trackIndex, addedAtTimestamp)
                values ('podcast:track:clgz9rir000ik3b6ej0jqhrhj', 'podcast:playlist:clgz9riqw000d3b6emzyjak9r', 218, 1550668272000)
      ;

        -- TODO: INSERT OR REPLACE once fixed in SKDB...
        -- INSERT OR REPLACE INTO library_tracks
        DELETE FROM library_tracks WHERE id = 'podcast:track:clgz9rir000in3b6ewcukz1xa'; 
        INSERT INTO library_tracks
                (id, name, albumId, trackNumber, durationMs, isrc, imageUrl, audioUrl, externalLink, description)
                values ('podcast:track:clgz9rir000in3b6ewcukz1xa', 'Noisia Radio S05E07 (Incl. Methlab Guest Mix)', 'podcast:album:clgz9riqw000d3b6emzyjak9r-clgz9rir000io3b6etqquc357', 0, 3600000, null, 'https://episodes.castos.com/6138cb87d83982-66320119/images/itunes-image.png', 'https://episodes.castos.com/6138cb87d83982-66320119/6SnlOE99cTnNObCzeX7Nt6X3003eblwtNFzHUpkW.mp3', 'https://visionradio.castos.com/episodes/noisia-radio-s05e07-incl-methlab-guest-mix-2', 'Noisia Radio this week: A guest mix stitched together by the artists of Methlab, with their Sentinel LP at its core. New music by Misanthrop, Shyun & Cruk, Current Value, Signs, Liz E and more.. Enjoy!')
      ;

        -- TODO: INSERT OR REPLACE once fixed in SKDB...
        -- INSERT OR REPLACE INTO library_artists
        DELETE FROM library_artists WHERE id = 'podcast:artist:clgz9riqw000d3b6emzyjak9r-clgz9rir000ip3b6e2ql793dp';
        INSERT INTO library_artists
        (id, name, imageUrl, colorsString)
        values ('podcast:artist:clgz9riqw000d3b6emzyjak9r-clgz9rir000ip3b6e2ql793dp', 'VISION Radio', 'https://episodes.castos.com/6138cb87d83982-66320119/images/itunes-image.png', null)
      ;

        INSERT INTO library_tracks_artists
        (trackId, artistId)
        values ('podcast:track:clgz9rir000in3b6ewcukz1xa', 'podcast:artist:clgz9riqw000d3b6emzyjak9r-clgz9rir000ip3b6e2ql793dp')
      ;

        -- TODO: INSERT OR REPLACE once fixed in SKDB...
        -- INSERT OR REPLACE INTO library_albums
        DELETE FROM library_albums WHERE id = 'podcast:album:clgz9riqw000d3b6emzyjak9r-clgz9rir000io3b6etqquc357';
        INSERT INTO library_albums
        (id, name, colorsString, imageUrl, trackCount, releaseDate, copyrights)
        values ('podcast:album:clgz9riqw000d3b6emzyjak9r-clgz9rir000io3b6etqquc357', 'VISION Radio', null, 'https://episodes.castos.com/6138cb87d83982-66320119/images/itunes-image.png', 1, null, null)
      ;

        INSERT INTO library_tracks_playlists
                (trackId, playlistId, trackIndex, addedAtTimestamp)
                values ('podcast:track:clgz9rir000in3b6ewcukz1xa', 'podcast:playlist:clgz9riqw000d3b6emzyjak9r', 219, 1550064373000)
      ;

        -- TODO: INSERT OR REPLACE once fixed in SKDB...
        -- INSERT OR REPLACE INTO library_tracks
        DELETE FROM library_tracks WHERE id = 'podcast:track:clgz9rir000iq3b6eebyw3lom'; 
        INSERT INTO library_tracks
                (id, name, albumId, trackNumber, durationMs, isrc, imageUrl, audioUrl, externalLink, description)
                values ('podcast:track:clgz9rir000iq3b6eebyw3lom', 'Noisia Radio S05E06', 'podcast:album:clgz9riqw000d3b6emzyjak9r-clgz9rir000ir3b6elzjdq5s9', 0, 3600000, null, 'https://episodes.castos.com/6138cb87d83982-66320119/images/itunes-image.png', 'https://episodes.castos.com/6138cb87d83982-66320119/YExLMpqZ0ZT196P5mXsriUiM7wvxQIvOtMgyr45L.mp3', 'https://visionradio.castos.com/episodes/noisia-radio-s05e06-2', 'Hello person! This week we have Break remixing Mefjus, out today on VISION. Plus more (new) music by Camo & Krooked, Signs, Current Value, Klax & Enei, Tsuruda, and Shyun & Cruk. All this and more things....')
      ;

        -- TODO: INSERT OR REPLACE once fixed in SKDB...
        -- INSERT OR REPLACE INTO library_artists
        DELETE FROM library_artists WHERE id = 'podcast:artist:clgz9riqw000d3b6emzyjak9r-clgz9rir000is3b6evai096gf';
        INSERT INTO library_artists
        (id, name, imageUrl, colorsString)
        values ('podcast:artist:clgz9riqw000d3b6emzyjak9r-clgz9rir000is3b6evai096gf', 'VISION Radio', 'https://episodes.castos.com/6138cb87d83982-66320119/images/itunes-image.png', null)
      ;

        INSERT INTO library_tracks_artists
        (trackId, artistId)
        values ('podcast:track:clgz9rir000iq3b6eebyw3lom', 'podcast:artist:clgz9riqw000d3b6emzyjak9r-clgz9rir000is3b6evai096gf')
      ;

        -- TODO: INSERT OR REPLACE once fixed in SKDB...
        -- INSERT OR REPLACE INTO library_albums
        DELETE FROM library_albums WHERE id = 'podcast:album:clgz9riqw000d3b6emzyjak9r-clgz9rir000ir3b6elzjdq5s9';
        INSERT INTO library_albums
        (id, name, colorsString, imageUrl, trackCount, releaseDate, copyrights)
        values ('podcast:album:clgz9riqw000d3b6emzyjak9r-clgz9rir000ir3b6elzjdq5s9', 'VISION Radio', null, 'https://episodes.castos.com/6138cb87d83982-66320119/images/itunes-image.png', 1, null, null)
      ;

        INSERT INTO library_tracks_playlists
                (trackId, playlistId, trackIndex, addedAtTimestamp)
                values ('podcast:track:clgz9rir000iq3b6eebyw3lom', 'podcast:playlist:clgz9riqw000d3b6emzyjak9r', 220, 1549459724000)
      ;

        -- TODO: INSERT OR REPLACE once fixed in SKDB...
        -- INSERT OR REPLACE INTO library_tracks
        DELETE FROM library_tracks WHERE id = 'podcast:track:clgz9rir000it3b6eouxsoh19'; 
        INSERT INTO library_tracks
                (id, name, albumId, trackNumber, durationMs, isrc, imageUrl, audioUrl, externalLink, description)
                values ('podcast:track:clgz9rir000it3b6eouxsoh19', 'Noisia Radio S05E05', 'podcast:album:clgz9riqw000d3b6emzyjak9r-clgz9rir000iu3b6ev4flar8b', 0, 3600000, null, 'https://episodes.castos.com/6138cb87d83982-66320119/images/itunes-image.png', 'https://episodes.castos.com/6138cb87d83982-66320119/eRicQnsrk0SgXYLDNfwS5bF4tYCBZeX113ka49b5.mp3', 'https://visionradio.castos.com/episodes/noisia-radio-s05e05-2', 'Noisia Radio this week: LEViT∆TE"s remix for Mefjus, new Current Value, and the title track of Signs’ ‘Naegleria’ EP, out now on our Division imprint. More new music by Klax & Enei, Synergy & Audio, Halogenix, Tsuruda and more..')
      ;

        -- TODO: INSERT OR REPLACE once fixed in SKDB...
        -- INSERT OR REPLACE INTO library_artists
        DELETE FROM library_artists WHERE id = 'podcast:artist:clgz9riqw000d3b6emzyjak9r-clgz9rir000iv3b6euxycufdm';
        INSERT INTO library_artists
        (id, name, imageUrl, colorsString)
        values ('podcast:artist:clgz9riqw000d3b6emzyjak9r-clgz9rir000iv3b6euxycufdm', 'VISION Radio', 'https://episodes.castos.com/6138cb87d83982-66320119/images/itunes-image.png', null)
      ;

        INSERT INTO library_tracks_artists
        (trackId, artistId)
        values ('podcast:track:clgz9rir000it3b6eouxsoh19', 'podcast:artist:clgz9riqw000d3b6emzyjak9r-clgz9rir000iv3b6euxycufdm')
      ;

        -- TODO: INSERT OR REPLACE once fixed in SKDB...
        -- INSERT OR REPLACE INTO library_albums
        DELETE FROM library_albums WHERE id = 'podcast:album:clgz9riqw000d3b6emzyjak9r-clgz9rir000iu3b6ev4flar8b';
        INSERT INTO library_albums
        (id, name, colorsString, imageUrl, trackCount, releaseDate, copyrights)
        values ('podcast:album:clgz9riqw000d3b6emzyjak9r-clgz9rir000iu3b6ev4flar8b', 'VISION Radio', null, 'https://episodes.castos.com/6138cb87d83982-66320119/images/itunes-image.png', 1, null, null)
      ;

        INSERT INTO library_tracks_playlists
                (trackId, playlistId, trackIndex, addedAtTimestamp)
                values ('podcast:track:clgz9rir000it3b6eouxsoh19', 'podcast:playlist:clgz9riqw000d3b6emzyjak9r', 221, 1548860160000)
      ;

        -- TODO: INSERT OR REPLACE once fixed in SKDB...
        -- INSERT OR REPLACE INTO library_tracks
        DELETE FROM library_tracks WHERE id = 'podcast:track:clgz9rir000iw3b6e3fqpg975'; 
        INSERT INTO library_tracks
                (id, name, albumId, trackNumber, durationMs, isrc, imageUrl, audioUrl, externalLink, description)
                values ('podcast:track:clgz9rir000iw3b6e3fqpg975', 'Noisia Radio S05E04', 'podcast:album:clgz9riqw000d3b6emzyjak9r-clgz9rir000ix3b6es1gqq4b6', 0, 3610000, null, 'https://episodes.castos.com/6138cb87d83982-66320119/images/itunes-image.png', 'https://episodes.castos.com/6138cb87d83982-66320119/xlSjVGcNWvWJouaLdIJxaAMrjakG4xogO7UThyH8.mp3', 'https://visionradio.castos.com/episodes/noisia-radio-s05e04-2', 'Noisia Radio this week; We premiere Culprate’s remix for Ringshifter by Mefjus, out now on Vision. Camo & Krooked join us on the podcast and have selected five tracks for your listening pleasure. New music by MRSA, Current Value, Signs, OaT, Signal, Malux')
      ;

        -- TODO: INSERT OR REPLACE once fixed in SKDB...
        -- INSERT OR REPLACE INTO library_artists
        DELETE FROM library_artists WHERE id = 'podcast:artist:clgz9riqw000d3b6emzyjak9r-clgz9rir000iy3b6emwmscwi2';
        INSERT INTO library_artists
        (id, name, imageUrl, colorsString)
        values ('podcast:artist:clgz9riqw000d3b6emzyjak9r-clgz9rir000iy3b6emwmscwi2', 'VISION Radio', 'https://episodes.castos.com/6138cb87d83982-66320119/images/itunes-image.png', null)
      ;

        INSERT INTO library_tracks_artists
        (trackId, artistId)
        values ('podcast:track:clgz9rir000iw3b6e3fqpg975', 'podcast:artist:clgz9riqw000d3b6emzyjak9r-clgz9rir000iy3b6emwmscwi2')
      ;

        -- TODO: INSERT OR REPLACE once fixed in SKDB...
        -- INSERT OR REPLACE INTO library_albums
        DELETE FROM library_albums WHERE id = 'podcast:album:clgz9riqw000d3b6emzyjak9r-clgz9rir000ix3b6es1gqq4b6';
        INSERT INTO library_albums
        (id, name, colorsString, imageUrl, trackCount, releaseDate, copyrights)
        values ('podcast:album:clgz9riqw000d3b6emzyjak9r-clgz9rir000ix3b6es1gqq4b6', 'VISION Radio', null, 'https://episodes.castos.com/6138cb87d83982-66320119/images/itunes-image.png', 1, null, null)
      ;

        INSERT INTO library_tracks_playlists
                (trackId, playlistId, trackIndex, addedAtTimestamp)
                values ('podcast:track:clgz9rir000iw3b6e3fqpg975', 'podcast:playlist:clgz9riqw000d3b6emzyjak9r', 222, 1548248946000)
      ;

        -- TODO: INSERT OR REPLACE once fixed in SKDB...
        -- INSERT OR REPLACE INTO library_tracks
        DELETE FROM library_tracks WHERE id = 'podcast:track:clgz9rir000iz3b6edp1utwem'; 
        INSERT INTO library_tracks
                (id, name, albumId, trackNumber, durationMs, isrc, imageUrl, audioUrl, externalLink, description)
                values ('podcast:track:clgz9rir000iz3b6edp1utwem', 'Noisia Radio S05E03', 'podcast:album:clgz9riqw000d3b6emzyjak9r-clgz9rir000j03b6epvxr5opk', 0, 3600000, null, 'https://episodes.castos.com/6138cb87d83982-66320119/images/itunes-image.png', 'https://episodes.castos.com/6138cb87d83982-66320119/hOtEccW005h5Jvtbf6Y71qRJbZbzsWYKDrHZEBp4.mp3', 'https://visionradio.castos.com/episodes/noisia-radio-s05e03-2', 'Noisia Radio this week: ‘Kuru’ by Signs, taken from their last (ever) EP, out January 25th on Division. More new music by The Caracal Project, Klax & Enei, Rizzle, Simula, MISSIN & Abis, LEVITATE and more. :heart:')
      ;

        -- TODO: INSERT OR REPLACE once fixed in SKDB...
        -- INSERT OR REPLACE INTO library_artists
        DELETE FROM library_artists WHERE id = 'podcast:artist:clgz9riqw000d3b6emzyjak9r-clgz9rir000j13b6exfzww930';
        INSERT INTO library_artists
        (id, name, imageUrl, colorsString)
        values ('podcast:artist:clgz9riqw000d3b6emzyjak9r-clgz9rir000j13b6exfzww930', 'VISION Radio', 'https://episodes.castos.com/6138cb87d83982-66320119/images/itunes-image.png', null)
      ;

        INSERT INTO library_tracks_artists
        (trackId, artistId)
        values ('podcast:track:clgz9rir000iz3b6edp1utwem', 'podcast:artist:clgz9riqw000d3b6emzyjak9r-clgz9rir000j13b6exfzww930')
      ;

        -- TODO: INSERT OR REPLACE once fixed in SKDB...
        -- INSERT OR REPLACE INTO library_albums
        DELETE FROM library_albums WHERE id = 'podcast:album:clgz9riqw000d3b6emzyjak9r-clgz9rir000j03b6epvxr5opk';
        INSERT INTO library_albums
        (id, name, colorsString, imageUrl, trackCount, releaseDate, copyrights)
        values ('podcast:album:clgz9riqw000d3b6emzyjak9r-clgz9rir000j03b6epvxr5opk', 'VISION Radio', null, 'https://episodes.castos.com/6138cb87d83982-66320119/images/itunes-image.png', 1, null, null)
      ;

        INSERT INTO library_tracks_playlists
                (trackId, playlistId, trackIndex, addedAtTimestamp)
                values ('podcast:track:clgz9rir000iz3b6edp1utwem', 'podcast:playlist:clgz9riqw000d3b6emzyjak9r', 223, 1547644428000)
      ;

        -- TODO: INSERT OR REPLACE once fixed in SKDB...
        -- INSERT OR REPLACE INTO library_tracks
        DELETE FROM library_tracks WHERE id = 'podcast:track:clgz9rir000j23b6exe5q2cdo'; 
        INSERT INTO library_tracks
                (id, name, albumId, trackNumber, durationMs, isrc, imageUrl, audioUrl, externalLink, description)
                values ('podcast:track:clgz9rir000j23b6exe5q2cdo', 'Noisia Radio S05E02', 'podcast:album:clgz9riqw000d3b6emzyjak9r-clgz9rir000j33b6e0xv2yddo', 0, 3634000, null, 'https://episodes.castos.com/6138cb87d83982-66320119/images/itunes-image.png', 'https://episodes.castos.com/6138cb87d83982-66320119/1pLqyFsuW3gclCDfDORVcZCy7Y7D9l23TUvyOzqR.mp3', 'https://visionradio.castos.com/episodes/noisia-radio-s05e02-2', 'Noisia Radio this week; Phace joins us on the podcast and previews five new tracks. New music by MISSIN, Posij, Hybris, Ternion Sound, Forbidden Society, Ash Koosha and more..')
      ;

        -- TODO: INSERT OR REPLACE once fixed in SKDB...
        -- INSERT OR REPLACE INTO library_artists
        DELETE FROM library_artists WHERE id = 'podcast:artist:clgz9riqw000d3b6emzyjak9r-clgz9rir000j43b6es09bvhla';
        INSERT INTO library_artists
        (id, name, imageUrl, colorsString)
        values ('podcast:artist:clgz9riqw000d3b6emzyjak9r-clgz9rir000j43b6es09bvhla', 'VISION Radio', 'https://episodes.castos.com/6138cb87d83982-66320119/images/itunes-image.png', null)
      ;

        INSERT INTO library_tracks_artists
        (trackId, artistId)
        values ('podcast:track:clgz9rir000j23b6exe5q2cdo', 'podcast:artist:clgz9riqw000d3b6emzyjak9r-clgz9rir000j43b6es09bvhla')
      ;

        -- TODO: INSERT OR REPLACE once fixed in SKDB...
        -- INSERT OR REPLACE INTO library_albums
        DELETE FROM library_albums WHERE id = 'podcast:album:clgz9riqw000d3b6emzyjak9r-clgz9rir000j33b6e0xv2yddo';
        INSERT INTO library_albums
        (id, name, colorsString, imageUrl, trackCount, releaseDate, copyrights)
        values ('podcast:album:clgz9riqw000d3b6emzyjak9r-clgz9rir000j33b6e0xv2yddo', 'VISION Radio', null, 'https://episodes.castos.com/6138cb87d83982-66320119/images/itunes-image.png', 1, null, null)
      ;

        INSERT INTO library_tracks_playlists
                (trackId, playlistId, trackIndex, addedAtTimestamp)
                values ('podcast:track:clgz9rir000j23b6exe5q2cdo', 'podcast:playlist:clgz9riqw000d3b6emzyjak9r', 224, 1547037120000)
      ;

        -- TODO: INSERT OR REPLACE once fixed in SKDB...
        -- INSERT OR REPLACE INTO library_tracks
        DELETE FROM library_tracks WHERE id = 'podcast:track:clgz9rir000j53b6e629bok41'; 
        INSERT INTO library_tracks
                (id, name, albumId, trackNumber, durationMs, isrc, imageUrl, audioUrl, externalLink, description)
                values ('podcast:track:clgz9rir000j53b6e629bok41', 'Noisia Radio S05E01', 'podcast:album:clgz9riqw000d3b6emzyjak9r-clgz9rir000j63b6eirb5kzum', 0, 3629000, null, 'https://episodes.castos.com/6138cb87d83982-66320119/images/itunes-image.png', 'https://episodes.castos.com/6138cb87d83982-66320119/Byde2eESOyjuLyn8jCfJoMZTue1bgeu7VVGWt4PE.mp3', 'https://visionradio.castos.com/episodes/noisia-radio-s05e01-2', 'Happy new year! Starting off Noisia Radio season 5 with ‘Dial Tones’ by The Outsiders, taken from Outlines 3 which is out now! More new music by Kronodigger, Ternion Sound, Sustance, Limewax and Semichrome.')
      ;

        -- TODO: INSERT OR REPLACE once fixed in SKDB...
        -- INSERT OR REPLACE INTO library_artists
        DELETE FROM library_artists WHERE id = 'podcast:artist:clgz9riqw000d3b6emzyjak9r-clgz9rir000j73b6e5ns7ewi1';
        INSERT INTO library_artists
        (id, name, imageUrl, colorsString)
        values ('podcast:artist:clgz9riqw000d3b6emzyjak9r-clgz9rir000j73b6e5ns7ewi1', 'VISION Radio', 'https://episodes.castos.com/6138cb87d83982-66320119/images/itunes-image.png', null)
      ;

        INSERT INTO library_tracks_artists
        (trackId, artistId)
        values ('podcast:track:clgz9rir000j53b6e629bok41', 'podcast:artist:clgz9riqw000d3b6emzyjak9r-clgz9rir000j73b6e5ns7ewi1')
      ;

        -- TODO: INSERT OR REPLACE once fixed in SKDB...
        -- INSERT OR REPLACE INTO library_albums
        DELETE FROM library_albums WHERE id = 'podcast:album:clgz9riqw000d3b6emzyjak9r-clgz9rir000j63b6eirb5kzum';
        INSERT INTO library_albums
        (id, name, colorsString, imageUrl, trackCount, releaseDate, copyrights)
        values ('podcast:album:clgz9riqw000d3b6emzyjak9r-clgz9rir000j63b6eirb5kzum', 'VISION Radio', null, 'https://episodes.castos.com/6138cb87d83982-66320119/images/itunes-image.png', 1, null, null)
      ;

        INSERT INTO library_tracks_playlists
                (trackId, playlistId, trackIndex, addedAtTimestamp)
                values ('podcast:track:clgz9rir000j53b6e629bok41', 'podcast:playlist:clgz9riqw000d3b6emzyjak9r', 225, 1546436640000)
      ;

        -- TODO: INSERT OR REPLACE once fixed in SKDB...
        -- INSERT OR REPLACE INTO library_tracks
        DELETE FROM library_tracks WHERE id = 'podcast:track:clgz9rir000j83b6epvbkmo4p'; 
        INSERT INTO library_tracks
                (id, name, albumId, trackNumber, durationMs, isrc, imageUrl, audioUrl, externalLink, description)
                values ('podcast:track:clgz9rir000j83b6epvbkmo4p', 'Noisia Radio S04E52', 'podcast:album:clgz9riqw000d3b6emzyjak9r-clgz9rir000j93b6evzdpp3y4', 0, 4010000, null, 'https://episodes.castos.com/6138cb87d83982-66320119/images/itunes-image.png', 'https://episodes.castos.com/6138cb87d83982-66320119/h0F70agtPU704sS4qlUPCEcoPgvM8JXyU3njzgrm.mp3', 'https://visionradio.castos.com/episodes/noisia-radio-s04e52-2', 'Hello Person, merry Christmas! Hope you"ll enjoy our selection of Noisia Radio favourites of this year!')
      ;

        -- TODO: INSERT OR REPLACE once fixed in SKDB...
        -- INSERT OR REPLACE INTO library_artists
        DELETE FROM library_artists WHERE id = 'podcast:artist:clgz9riqw000d3b6emzyjak9r-clgz9rir000ja3b6esl98y07p';
        INSERT INTO library_artists
        (id, name, imageUrl, colorsString)
        values ('podcast:artist:clgz9riqw000d3b6emzyjak9r-clgz9rir000ja3b6esl98y07p', 'VISION Radio', 'https://episodes.castos.com/6138cb87d83982-66320119/images/itunes-image.png', null)
      ;

        INSERT INTO library_tracks_artists
        (trackId, artistId)
        values ('podcast:track:clgz9rir000j83b6epvbkmo4p', 'podcast:artist:clgz9riqw000d3b6emzyjak9r-clgz9rir000ja3b6esl98y07p')
      ;

        -- TODO: INSERT OR REPLACE once fixed in SKDB...
        -- INSERT OR REPLACE INTO library_albums
        DELETE FROM library_albums WHERE id = 'podcast:album:clgz9riqw000d3b6emzyjak9r-clgz9rir000j93b6evzdpp3y4';
        INSERT INTO library_albums
        (id, name, colorsString, imageUrl, trackCount, releaseDate, copyrights)
        values ('podcast:album:clgz9riqw000d3b6emzyjak9r-clgz9rir000j93b6evzdpp3y4', 'VISION Radio', null, 'https://episodes.castos.com/6138cb87d83982-66320119/images/itunes-image.png', 1, null, null)
      ;

        INSERT INTO library_tracks_playlists
                (trackId, playlistId, trackIndex, addedAtTimestamp)
                values ('podcast:track:clgz9rir000j83b6epvbkmo4p', 'podcast:playlist:clgz9riqw000d3b6emzyjak9r', 226, 1545841226000)
      ;

        -- TODO: INSERT OR REPLACE once fixed in SKDB...
        -- INSERT OR REPLACE INTO library_tracks
        DELETE FROM library_tracks WHERE id = 'podcast:track:clgz9rir000jb3b6enyz0tlr9'; 
        INSERT INTO library_tracks
                (id, name, albumId, trackNumber, durationMs, isrc, imageUrl, audioUrl, externalLink, description)
                values ('podcast:track:clgz9rir000jb3b6enyz0tlr9', 'Noisia Radio S04E51 (Incl. DotCrawl Guest Mix)', 'podcast:album:clgz9riqw000d3b6emzyjak9r-clgz9rir000jc3b6eum15huyz', 0, 3600000, null, 'https://episodes.castos.com/6138cb87d83982-66320119/images/itunes-image.png', 'https://episodes.castos.com/6138cb87d83982-66320119/b4WVMv2kqYuAEZ2870wRgNkslzLcWuVdl710MoHB.mp3', 'https://visionradio.castos.com/episodes/noisia-radio-s04e51-incl-dotcrawl-guest-mix-2', 'Noisia Radio this week: A DotCrawl Partial#6 Mixtape, new Outlines 3 music by Subtension, and a fresh remix by REBRTH for Mefjus’s ‘If I Could’. More new music by The Upbeats, Fludry, Sustance, Redpill, Tekel, and another throwback to Ed Rush & Optical.')
      ;

        -- TODO: INSERT OR REPLACE once fixed in SKDB...
        -- INSERT OR REPLACE INTO library_artists
        DELETE FROM library_artists WHERE id = 'podcast:artist:clgz9riqw000d3b6emzyjak9r-clgz9rir000jd3b6eazft7j8c';
        INSERT INTO library_artists
        (id, name, imageUrl, colorsString)
        values ('podcast:artist:clgz9riqw000d3b6emzyjak9r-clgz9rir000jd3b6eazft7j8c', 'VISION Radio', 'https://episodes.castos.com/6138cb87d83982-66320119/images/itunes-image.png', null)
      ;

        INSERT INTO library_tracks_artists
        (trackId, artistId)
        values ('podcast:track:clgz9rir000jb3b6enyz0tlr9', 'podcast:artist:clgz9riqw000d3b6emzyjak9r-clgz9rir000jd3b6eazft7j8c')
      ;

        -- TODO: INSERT OR REPLACE once fixed in SKDB...
        -- INSERT OR REPLACE INTO library_albums
        DELETE FROM library_albums WHERE id = 'podcast:album:clgz9riqw000d3b6emzyjak9r-clgz9rir000jc3b6eum15huyz';
        INSERT INTO library_albums
        (id, name, colorsString, imageUrl, trackCount, releaseDate, copyrights)
        values ('podcast:album:clgz9riqw000d3b6emzyjak9r-clgz9rir000jc3b6eum15huyz', 'VISION Radio', null, 'https://episodes.castos.com/6138cb87d83982-66320119/images/itunes-image.png', 1, null, null)
      ;

        INSERT INTO library_tracks_playlists
                (trackId, playlistId, trackIndex, addedAtTimestamp)
                values ('podcast:track:clgz9rir000jb3b6enyz0tlr9', 'podcast:playlist:clgz9riqw000d3b6emzyjak9r', 227, 1545221160000)
      ;

        -- TODO: INSERT OR REPLACE once fixed in SKDB...
        -- INSERT OR REPLACE INTO library_tracks
        DELETE FROM library_tracks WHERE id = 'podcast:track:clgz9rir000je3b6ecn8atnrd'; 
        INSERT INTO library_tracks
                (id, name, albumId, trackNumber, durationMs, isrc, imageUrl, audioUrl, externalLink, description)
                values ('podcast:track:clgz9rir000je3b6ecn8atnrd', 'Noisia Radio S04E50', 'podcast:album:clgz9riqw000d3b6emzyjak9r-clgz9rir000jf3b6enojiciih', 0, 3600000, null, 'https://episodes.castos.com/6138cb87d83982-66320119/images/itunes-image.png', 'https://episodes.castos.com/6138cb87d83982-66320119/uaw0uCNxU5m37L6JlwU4zRtYAQD9av36pNDKBK4b.mp3', 'https://visionradio.castos.com/episodes/noisia-radio-s04e50-2', 'Noisia Radio this week: we premiere ‘Ground - Swindle’ taken from Outlines 3, out Dec 21st, and a track from Thys"s score for ‘Sleeping Beauty Dreams’. And we’re playing you two Ed Rush &')
      ;

        -- TODO: INSERT OR REPLACE once fixed in SKDB...
        -- INSERT OR REPLACE INTO library_artists
        DELETE FROM library_artists WHERE id = 'podcast:artist:clgz9riqw000d3b6emzyjak9r-clgz9rir000jg3b6e0knu7t0o';
        INSERT INTO library_artists
        (id, name, imageUrl, colorsString)
        values ('podcast:artist:clgz9riqw000d3b6emzyjak9r-clgz9rir000jg3b6e0knu7t0o', 'VISION Radio', 'https://episodes.castos.com/6138cb87d83982-66320119/images/itunes-image.png', null)
      ;

        INSERT INTO library_tracks_artists
        (trackId, artistId)
        values ('podcast:track:clgz9rir000je3b6ecn8atnrd', 'podcast:artist:clgz9riqw000d3b6emzyjak9r-clgz9rir000jg3b6e0knu7t0o')
      ;

        -- TODO: INSERT OR REPLACE once fixed in SKDB...
        -- INSERT OR REPLACE INTO library_albums
        DELETE FROM library_albums WHERE id = 'podcast:album:clgz9riqw000d3b6emzyjak9r-clgz9rir000jf3b6enojiciih';
        INSERT INTO library_albums
        (id, name, colorsString, imageUrl, trackCount, releaseDate, copyrights)
        values ('podcast:album:clgz9riqw000d3b6emzyjak9r-clgz9rir000jf3b6enojiciih', 'VISION Radio', null, 'https://episodes.castos.com/6138cb87d83982-66320119/images/itunes-image.png', 1, null, null)
      ;

        INSERT INTO library_tracks_playlists
                (trackId, playlistId, trackIndex, addedAtTimestamp)
                values ('podcast:track:clgz9rir000je3b6ecn8atnrd', 'podcast:playlist:clgz9riqw000d3b6emzyjak9r', 228, 1544622300000)
      ;

        -- TODO: INSERT OR REPLACE once fixed in SKDB...
        -- INSERT OR REPLACE INTO library_tracks
        DELETE FROM library_tracks WHERE id = 'podcast:track:clgz9rir000jh3b6erckls0hv'; 
        INSERT INTO library_tracks
                (id, name, albumId, trackNumber, durationMs, isrc, imageUrl, audioUrl, externalLink, description)
                values ('podcast:track:clgz9rir000jh3b6erckls0hv', 'Noisia Radio S04E49', 'podcast:album:clgz9riqw000d3b6emzyjak9r-clgz9rir000ji3b6e5fy63kjl', 0, 3765000, null, 'https://episodes.castos.com/6138cb87d83982-66320119/images/itunes-image.png', 'https://episodes.castos.com/6138cb87d83982-66320119/CCKt6nK0GDsxaTAV7gzG2tBxeZFIcaS01l0k7ErW.mp3', 'https://visionradio.castos.com/episodes/noisia-radio-s04e49-2', 'Noisia Radio this week: Our brand new collab with Phace entitled ‘Deep Down’; it’s centered around a simple acid riff that came from Thijs’s modular.')
      ;

        -- TODO: INSERT OR REPLACE once fixed in SKDB...
        -- INSERT OR REPLACE INTO library_artists
        DELETE FROM library_artists WHERE id = 'podcast:artist:clgz9riqw000d3b6emzyjak9r-clgz9rir000jj3b6e9jk8gkiy';
        INSERT INTO library_artists
        (id, name, imageUrl, colorsString)
        values ('podcast:artist:clgz9riqw000d3b6emzyjak9r-clgz9rir000jj3b6e9jk8gkiy', 'VISION Radio', 'https://episodes.castos.com/6138cb87d83982-66320119/images/itunes-image.png', null)
      ;

        INSERT INTO library_tracks_artists
        (trackId, artistId)
        values ('podcast:track:clgz9rir000jh3b6erckls0hv', 'podcast:artist:clgz9riqw000d3b6emzyjak9r-clgz9rir000jj3b6e9jk8gkiy')
      ;

        -- TODO: INSERT OR REPLACE once fixed in SKDB...
        -- INSERT OR REPLACE INTO library_albums
        DELETE FROM library_albums WHERE id = 'podcast:album:clgz9riqw000d3b6emzyjak9r-clgz9rir000ji3b6e5fy63kjl';
        INSERT INTO library_albums
        (id, name, colorsString, imageUrl, trackCount, releaseDate, copyrights)
        values ('podcast:album:clgz9riqw000d3b6emzyjak9r-clgz9rir000ji3b6e5fy63kjl', 'VISION Radio', null, 'https://episodes.castos.com/6138cb87d83982-66320119/images/itunes-image.png', 1, null, null)
      ;

        INSERT INTO library_tracks_playlists
                (trackId, playlistId, trackIndex, addedAtTimestamp)
                values ('podcast:track:clgz9rir000jh3b6erckls0hv', 'podcast:playlist:clgz9riqw000d3b6emzyjak9r', 229, 1544021820000)
      ;

        -- TODO: INSERT OR REPLACE once fixed in SKDB...
        -- INSERT OR REPLACE INTO library_tracks
        DELETE FROM library_tracks WHERE id = 'podcast:track:clgz9rir000jk3b6eqz956mbm'; 
        INSERT INTO library_tracks
                (id, name, albumId, trackNumber, durationMs, isrc, imageUrl, audioUrl, externalLink, description)
                values ('podcast:track:clgz9rir000jk3b6eqz956mbm', 'Noisia Radio S04E48', 'podcast:album:clgz9riqw000d3b6emzyjak9r-clgz9rir000jl3b6evlmieyrf', 0, 3618000, null, 'https://episodes.castos.com/6138cb87d83982-66320119/images/itunes-image.png', 'https://episodes.castos.com/6138cb87d83982-66320119/xqAxEz6k4ULoYHX0odfxfQotOcnBvWjy1nIOSxJq.mp3', 'https://visionradio.castos.com/episodes/noisia-radio-s04e48-2', 'Noisia Radio this week: We premiere ‘Mesck - Acid Temple’’ forthcoming on Partial#6, out Dec 7th. Loadstar’s remix of ‘If I Could’ by Mefjus, and Signal’s half-time stomper ‘Lunala’, both out now at your favorite music vendor or streaming service.')
      ;

        -- TODO: INSERT OR REPLACE once fixed in SKDB...
        -- INSERT OR REPLACE INTO library_artists
        DELETE FROM library_artists WHERE id = 'podcast:artist:clgz9riqw000d3b6emzyjak9r-clgz9rir000jm3b6ednok2oqg';
        INSERT INTO library_artists
        (id, name, imageUrl, colorsString)
        values ('podcast:artist:clgz9riqw000d3b6emzyjak9r-clgz9rir000jm3b6ednok2oqg', 'VISION Radio', 'https://episodes.castos.com/6138cb87d83982-66320119/images/itunes-image.png', null)
      ;

        INSERT INTO library_tracks_artists
        (trackId, artistId)
        values ('podcast:track:clgz9rir000jk3b6eqz956mbm', 'podcast:artist:clgz9riqw000d3b6emzyjak9r-clgz9rir000jm3b6ednok2oqg')
      ;

        -- TODO: INSERT OR REPLACE once fixed in SKDB...
        -- INSERT OR REPLACE INTO library_albums
        DELETE FROM library_albums WHERE id = 'podcast:album:clgz9riqw000d3b6emzyjak9r-clgz9rir000jl3b6evlmieyrf';
        INSERT INTO library_albums
        (id, name, colorsString, imageUrl, trackCount, releaseDate, copyrights)
        values ('podcast:album:clgz9riqw000d3b6emzyjak9r-clgz9rir000jl3b6evlmieyrf', 'VISION Radio', null, 'https://episodes.castos.com/6138cb87d83982-66320119/images/itunes-image.png', 1, null, null)
      ;

        INSERT INTO library_tracks_playlists
                (trackId, playlistId, trackIndex, addedAtTimestamp)
                values ('podcast:track:clgz9rir000jk3b6eqz956mbm', 'podcast:playlist:clgz9riqw000d3b6emzyjak9r', 230, 1543412684000)
      ;

        -- TODO: INSERT OR REPLACE once fixed in SKDB...
        -- INSERT OR REPLACE INTO library_tracks
        DELETE FROM library_tracks WHERE id = 'podcast:track:clgz9rir000jn3b6e2czwwaoz'; 
        INSERT INTO library_tracks
                (id, name, albumId, trackNumber, durationMs, isrc, imageUrl, audioUrl, externalLink, description)
                values ('podcast:track:clgz9rir000jn3b6e2czwwaoz', 'Noisia Radio S04E47', 'podcast:album:clgz9riqw000d3b6emzyjak9r-clgz9rir000jo3b6einqgt2qt', 0, 3600000, null, 'https://episodes.castos.com/6138cb87d83982-66320119/images/itunes-image.png', 'https://episodes.castos.com/6138cb87d83982-66320119/NOfTmSi9vyQwWvk38OpylnvFWFfj7cTCOTPu7G5h.mp3', 'https://visionradio.castos.com/episodes/noisia-radio-s04e47-2', 'Noisia Radio this week: We premiere ‘Arigto - Missing Mask’ forthcoming on Partial#6, out everywhere December 7th. A stunning new track by Culprate and Skeptical’s remix of Sinkhole by Mefjus, out now on our Vision imprint. More new music by Emperor, Caus')
      ;

        -- TODO: INSERT OR REPLACE once fixed in SKDB...
        -- INSERT OR REPLACE INTO library_artists
        DELETE FROM library_artists WHERE id = 'podcast:artist:clgz9riqw000d3b6emzyjak9r-clgz9rir000jp3b6eudjutlz1';
        INSERT INTO library_artists
        (id, name, imageUrl, colorsString)
        values ('podcast:artist:clgz9riqw000d3b6emzyjak9r-clgz9rir000jp3b6eudjutlz1', 'VISION Radio', 'https://episodes.castos.com/6138cb87d83982-66320119/images/itunes-image.png', null)
      ;

        INSERT INTO library_tracks_artists
        (trackId, artistId)
        values ('podcast:track:clgz9rir000jn3b6e2czwwaoz', 'podcast:artist:clgz9riqw000d3b6emzyjak9r-clgz9rir000jp3b6eudjutlz1')
      ;

        -- TODO: INSERT OR REPLACE once fixed in SKDB...
        -- INSERT OR REPLACE INTO library_albums
        DELETE FROM library_albums WHERE id = 'podcast:album:clgz9riqw000d3b6emzyjak9r-clgz9rir000jo3b6einqgt2qt';
        INSERT INTO library_albums
        (id, name, colorsString, imageUrl, trackCount, releaseDate, copyrights)
        values ('podcast:album:clgz9riqw000d3b6emzyjak9r-clgz9rir000jo3b6einqgt2qt', 'VISION Radio', null, 'https://episodes.castos.com/6138cb87d83982-66320119/images/itunes-image.png', 1, null, null)
      ;

        INSERT INTO library_tracks_playlists
                (trackId, playlistId, trackIndex, addedAtTimestamp)
                values ('podcast:track:clgz9rir000jn3b6e2czwwaoz', 'podcast:playlist:clgz9riqw000d3b6emzyjak9r', 231, 1542801100000)
      ;

        -- TODO: INSERT OR REPLACE once fixed in SKDB...
        -- INSERT OR REPLACE INTO library_tracks
        DELETE FROM library_tracks WHERE id = 'podcast:track:clgz9rir000jq3b6el7wybamw'; 
        INSERT INTO library_tracks
                (id, name, albumId, trackNumber, durationMs, isrc, imageUrl, audioUrl, externalLink, description)
                values ('podcast:track:clgz9rir000jq3b6el7wybamw', 'Noisia Radio S04E46 (Signal Takeover)', 'podcast:album:clgz9riqw000d3b6emzyjak9r-clgz9rir000jr3b6eqmyk2ugx', 0, 3717000, null, 'https://episodes.castos.com/6138cb87d83982-66320119/images/itunes-image.png', 'https://episodes.castos.com/6138cb87d83982-66320119/XGs9Jyc7rHBsmGbFagvdXoUxOSADmjBwDZQgwwLz.mp3', 'https://visionradio.castos.com/episodes/noisia-radio-s04e46-signal-takeover-2', 'Hello Person. To celebrate the release of his ‘Solitude EP’ on our Invisible imprint; Signal is taking over the show with a lot of new and exclusive music. Enjoy!')
      ;

        -- TODO: INSERT OR REPLACE once fixed in SKDB...
        -- INSERT OR REPLACE INTO library_artists
        DELETE FROM library_artists WHERE id = 'podcast:artist:clgz9riqw000d3b6emzyjak9r-clgz9rir000js3b6ewxhd02vc';
        INSERT INTO library_artists
        (id, name, imageUrl, colorsString)
        values ('podcast:artist:clgz9riqw000d3b6emzyjak9r-clgz9rir000js3b6ewxhd02vc', 'VISION Radio', 'https://episodes.castos.com/6138cb87d83982-66320119/images/itunes-image.png', null)
      ;

        INSERT INTO library_tracks_artists
        (trackId, artistId)
        values ('podcast:track:clgz9rir000jq3b6el7wybamw', 'podcast:artist:clgz9riqw000d3b6emzyjak9r-clgz9rir000js3b6ewxhd02vc')
      ;

        -- TODO: INSERT OR REPLACE once fixed in SKDB...
        -- INSERT OR REPLACE INTO library_albums
        DELETE FROM library_albums WHERE id = 'podcast:album:clgz9riqw000d3b6emzyjak9r-clgz9rir000jr3b6eqmyk2ugx';
        INSERT INTO library_albums
        (id, name, colorsString, imageUrl, trackCount, releaseDate, copyrights)
        values ('podcast:album:clgz9riqw000d3b6emzyjak9r-clgz9rir000jr3b6eqmyk2ugx', 'VISION Radio', null, 'https://episodes.castos.com/6138cb87d83982-66320119/images/itunes-image.png', 1, null, null)
      ;

        INSERT INTO library_tracks_playlists
                (trackId, playlistId, trackIndex, addedAtTimestamp)
                values ('podcast:track:clgz9rir000jq3b6el7wybamw', 'podcast:playlist:clgz9riqw000d3b6emzyjak9r', 232, 1542204060000)
      ;

        -- TODO: INSERT OR REPLACE once fixed in SKDB...
        -- INSERT OR REPLACE INTO library_tracks
        DELETE FROM library_tracks WHERE id = 'podcast:track:clgz9rir000jt3b6ejw5njc60'; 
        INSERT INTO library_tracks
                (id, name, albumId, trackNumber, durationMs, isrc, imageUrl, audioUrl, externalLink, description)
                values ('podcast:track:clgz9rir000jt3b6ejw5njc60', 'Noisia Radio S04E45', 'podcast:album:clgz9riqw000d3b6emzyjak9r-clgz9rir000ju3b6eh2csuz17', 0, 3600000, null, 'https://episodes.castos.com/6138cb87d83982-66320119/images/itunes-image.png', 'https://episodes.castos.com/6138cb87d83982-66320119/pGoz2VHUO30WnkAwyuzU6joNOaCuo7oCNbFZAheE.mp3', 'https://visionradio.castos.com/episodes/noisia-radio-s04e45-2', 'Noisia Radio this week: First of the Mefjus remixes: Camo & Krooked take on ‘Pivot’, more new Signal music from his new ‘Solitude EP’. New music by MD, Bitloud, M-Zine, Tsuruda, Current Value, and a few throwbacks to go with it.')
      ;

        -- TODO: INSERT OR REPLACE once fixed in SKDB...
        -- INSERT OR REPLACE INTO library_artists
        DELETE FROM library_artists WHERE id = 'podcast:artist:clgz9riqw000d3b6emzyjak9r-clgz9rir000jv3b6el03b108r';
        INSERT INTO library_artists
        (id, name, imageUrl, colorsString)
        values ('podcast:artist:clgz9riqw000d3b6emzyjak9r-clgz9rir000jv3b6el03b108r', 'VISION Radio', 'https://episodes.castos.com/6138cb87d83982-66320119/images/itunes-image.png', null)
      ;

        INSERT INTO library_tracks_artists
        (trackId, artistId)
        values ('podcast:track:clgz9rir000jt3b6ejw5njc60', 'podcast:artist:clgz9riqw000d3b6emzyjak9r-clgz9rir000jv3b6el03b108r')
      ;

        -- TODO: INSERT OR REPLACE once fixed in SKDB...
        -- INSERT OR REPLACE INTO library_albums
        DELETE FROM library_albums WHERE id = 'podcast:album:clgz9riqw000d3b6emzyjak9r-clgz9rir000ju3b6eh2csuz17';
        INSERT INTO library_albums
        (id, name, colorsString, imageUrl, trackCount, releaseDate, copyrights)
        values ('podcast:album:clgz9riqw000d3b6emzyjak9r-clgz9rir000ju3b6eh2csuz17', 'VISION Radio', null, 'https://episodes.castos.com/6138cb87d83982-66320119/images/itunes-image.png', 1, null, null)
      ;

        INSERT INTO library_tracks_playlists
                (trackId, playlistId, trackIndex, addedAtTimestamp)
                values ('podcast:track:clgz9rir000jt3b6ejw5njc60', 'podcast:playlist:clgz9riqw000d3b6emzyjak9r', 233, 1541598516000)
      ;

        -- TODO: INSERT OR REPLACE once fixed in SKDB...
        -- INSERT OR REPLACE INTO library_tracks
        DELETE FROM library_tracks WHERE id = 'podcast:track:clgz9rir000jw3b6eyra0x1ap'; 
        INSERT INTO library_tracks
                (id, name, albumId, trackNumber, durationMs, isrc, imageUrl, audioUrl, externalLink, description)
                values ('podcast:track:clgz9rir000jw3b6eyra0x1ap', 'Noisia Radio S04E44', 'podcast:album:clgz9riqw000d3b6emzyjak9r-clgz9rir000jx3b6esvbnusqc', 0, 3600000, null, 'https://episodes.castos.com/6138cb87d83982-66320119/images/itunes-image.png', 'https://episodes.castos.com/6138cb87d83982-66320119/q6Zm4nwJGhnXncySpBgKbw6lIYja1YGnC2oQpPoN.mp3', 'https://visionradio.castos.com/episodes/noisia-radio-s04e44-2', 'Noisia Radio this week: We announce Signal’s ‘Solitude’ EP, out on the 9th of november on our Invisible imprint. New music by Black Barrel, Nickbee, Misanthrop, Synergy, Drumsound & Bassline Smith, Redpill, Tsuruda and more..')
      ;

        -- TODO: INSERT OR REPLACE once fixed in SKDB...
        -- INSERT OR REPLACE INTO library_artists
        DELETE FROM library_artists WHERE id = 'podcast:artist:clgz9riqw000d3b6emzyjak9r-clgz9rir000jy3b6eb6kzh5iw';
        INSERT INTO library_artists
        (id, name, imageUrl, colorsString)
        values ('podcast:artist:clgz9riqw000d3b6emzyjak9r-clgz9rir000jy3b6eb6kzh5iw', 'VISION Radio', 'https://episodes.castos.com/6138cb87d83982-66320119/images/itunes-image.png', null)
      ;

        INSERT INTO library_tracks_artists
        (trackId, artistId)
        values ('podcast:track:clgz9rir000jw3b6eyra0x1ap', 'podcast:artist:clgz9riqw000d3b6emzyjak9r-clgz9rir000jy3b6eb6kzh5iw')
      ;

        -- TODO: INSERT OR REPLACE once fixed in SKDB...
        -- INSERT OR REPLACE INTO library_albums
        DELETE FROM library_albums WHERE id = 'podcast:album:clgz9riqw000d3b6emzyjak9r-clgz9rir000jx3b6esvbnusqc';
        INSERT INTO library_albums
        (id, name, colorsString, imageUrl, trackCount, releaseDate, copyrights)
        values ('podcast:album:clgz9riqw000d3b6emzyjak9r-clgz9rir000jx3b6esvbnusqc', 'VISION Radio', null, 'https://episodes.castos.com/6138cb87d83982-66320119/images/itunes-image.png', 1, null, null)
      ;

        INSERT INTO library_tracks_playlists
                (trackId, playlistId, trackIndex, addedAtTimestamp)
                values ('podcast:track:clgz9rir000jw3b6eyra0x1ap', 'podcast:playlist:clgz9riqw000d3b6emzyjak9r', 234, 1540990242000)
      ;

        -- TODO: INSERT OR REPLACE once fixed in SKDB...
        -- INSERT OR REPLACE INTO library_tracks
        DELETE FROM library_tracks WHERE id = 'podcast:track:clgz9rir000jz3b6ennqt0q1s'; 
        INSERT INTO library_tracks
                (id, name, albumId, trackNumber, durationMs, isrc, imageUrl, audioUrl, externalLink, description)
                values ('podcast:track:clgz9rir000jz3b6ennqt0q1s', 'Noisia Radio S04E43 (Spirit Tribute mix by Digital)', 'podcast:album:clgz9riqw000d3b6emzyjak9r-clgz9rir000k03b6eiyslr09b', 0, 3606000, null, 'https://episodes.castos.com/6138cb87d83982-66320119/images/itunes-image.png', 'https://episodes.castos.com/6138cb87d83982-66320119/DhYAW2rmKIiPcydmYmMfsIcUCUeTtox2ykI4Q7YN.mp3', 'https://visionradio.castos.com/episodes/noisia-radio-s04e43-spirit-tribute-mix-by-digital-2', 'Noisia Radio this week: We"re playing a mix by Digital in honour of Spirit, who passed away this summer, RIP. In addition we have new music by the likes of Ground & Fre4knc, Synergy, Enei and more.')
      ;

        -- TODO: INSERT OR REPLACE once fixed in SKDB...
        -- INSERT OR REPLACE INTO library_artists
        DELETE FROM library_artists WHERE id = 'podcast:artist:clgz9riqw000d3b6emzyjak9r-clgz9rir000k13b6eusfuyx7c';
        INSERT INTO library_artists
        (id, name, imageUrl, colorsString)
        values ('podcast:artist:clgz9riqw000d3b6emzyjak9r-clgz9rir000k13b6eusfuyx7c', 'VISION Radio', 'https://episodes.castos.com/6138cb87d83982-66320119/images/itunes-image.png', null)
      ;

        INSERT INTO library_tracks_artists
        (trackId, artistId)
        values ('podcast:track:clgz9rir000jz3b6ennqt0q1s', 'podcast:artist:clgz9riqw000d3b6emzyjak9r-clgz9rir000k13b6eusfuyx7c')
      ;

        -- TODO: INSERT OR REPLACE once fixed in SKDB...
        -- INSERT OR REPLACE INTO library_albums
        DELETE FROM library_albums WHERE id = 'podcast:album:clgz9riqw000d3b6emzyjak9r-clgz9rir000k03b6eiyslr09b';
        INSERT INTO library_albums
        (id, name, colorsString, imageUrl, trackCount, releaseDate, copyrights)
        values ('podcast:album:clgz9riqw000d3b6emzyjak9r-clgz9rir000k03b6eiyslr09b', 'VISION Radio', null, 'https://episodes.castos.com/6138cb87d83982-66320119/images/itunes-image.png', 1, null, null)
      ;

        INSERT INTO library_tracks_playlists
                (trackId, playlistId, trackIndex, addedAtTimestamp)
                values ('podcast:track:clgz9rir000jz3b6ennqt0q1s', 'podcast:playlist:clgz9riqw000d3b6emzyjak9r', 235, 1540384740000)
      ;

        -- TODO: INSERT OR REPLACE once fixed in SKDB...
        -- INSERT OR REPLACE INTO library_tracks
        DELETE FROM library_tracks WHERE id = 'podcast:track:clgz9rir000k23b6e43a3ijin'; 
        INSERT INTO library_tracks
                (id, name, albumId, trackNumber, durationMs, isrc, imageUrl, audioUrl, externalLink, description)
                values ('podcast:track:clgz9rir000k23b6e43a3ijin', 'Noisia Radio S04E42 (Nickbee Guest Mix)', 'podcast:album:clgz9riqw000d3b6emzyjak9r-clgz9rir000k33b6ep075u50i', 0, 3600000, null, 'https://episodes.castos.com/6138cb87d83982-66320119/images/itunes-image.png', 'https://episodes.castos.com/6138cb87d83982-66320119/W0f9BtVwEhJiJlBaDL40L9qF3NqxcAWwZoykDcTi.mp3', 'https://visionradio.castos.com/episodes/noisia-radio-s04e42-nickbee-guest-mix-2', 'Noisia Radio this week: A Nickbee guest mix in honor of his Arkaim EP release, out now on all platforms. New music by Kasra, Enei, Black Barrel, Kusp, Submarine, GLXY and more..')
      ;

        -- TODO: INSERT OR REPLACE once fixed in SKDB...
        -- INSERT OR REPLACE INTO library_artists
        DELETE FROM library_artists WHERE id = 'podcast:artist:clgz9riqw000d3b6emzyjak9r-clgz9rir000k43b6e3bo5029x';
        INSERT INTO library_artists
        (id, name, imageUrl, colorsString)
        values ('podcast:artist:clgz9riqw000d3b6emzyjak9r-clgz9rir000k43b6e3bo5029x', 'VISION Radio', 'https://episodes.castos.com/6138cb87d83982-66320119/images/itunes-image.png', null)
      ;

        INSERT INTO library_tracks_artists
        (trackId, artistId)
        values ('podcast:track:clgz9rir000k23b6e43a3ijin', 'podcast:artist:clgz9riqw000d3b6emzyjak9r-clgz9rir000k43b6e3bo5029x')
      ;

        -- TODO: INSERT OR REPLACE once fixed in SKDB...
        -- INSERT OR REPLACE INTO library_albums
        DELETE FROM library_albums WHERE id = 'podcast:album:clgz9riqw000d3b6emzyjak9r-clgz9rir000k33b6ep075u50i';
        INSERT INTO library_albums
        (id, name, colorsString, imageUrl, trackCount, releaseDate, copyrights)
        values ('podcast:album:clgz9riqw000d3b6emzyjak9r-clgz9rir000k33b6ep075u50i', 'VISION Radio', null, 'https://episodes.castos.com/6138cb87d83982-66320119/images/itunes-image.png', 1, null, null)
      ;

        INSERT INTO library_tracks_playlists
                (trackId, playlistId, trackIndex, addedAtTimestamp)
                values ('podcast:track:clgz9rir000k23b6e43a3ijin', 'podcast:playlist:clgz9riqw000d3b6emzyjak9r', 236, 1539782054000)
      ;

        -- TODO: INSERT OR REPLACE once fixed in SKDB...
        -- INSERT OR REPLACE INTO library_tracks
        DELETE FROM library_tracks WHERE id = 'podcast:track:clgz9rir000k53b6e6l72j6p3'; 
        INSERT INTO library_tracks
                (id, name, albumId, trackNumber, durationMs, isrc, imageUrl, audioUrl, externalLink, description)
                values ('podcast:track:clgz9rir000k53b6e6l72j6p3', 'Noisia Radio S04E41 (Mechanical Ecstacy special)', 'podcast:album:clgz9riqw000d3b6emzyjak9r-clgz9rir000k63b6e4j9l8zx6', 0, 3719000, null, 'https://episodes.castos.com/6138cb87d83982-66320119/images/itunes-image.png', 'https://episodes.castos.com/6138cb87d83982-66320119/hCIHU0KVJgIj7015aR7nB16qMOP1azZg2ExB7zBl.mp3', 'https://visionradio.castos.com/episodes/noisia-radio-s04e41-mechanical-ecstacy-special-2', 'This week we"re playing you Thijs"s favorite 130 bpm tunes mixed together for the afterparty of "Mechanical Ecstacy", a performance by Club Guy & Roni. The performance is inspired by early rave culture. Premiere on Friday!')
      ;

        -- TODO: INSERT OR REPLACE once fixed in SKDB...
        -- INSERT OR REPLACE INTO library_artists
        DELETE FROM library_artists WHERE id = 'podcast:artist:clgz9riqw000d3b6emzyjak9r-clgz9rir000k73b6exq06156f';
        INSERT INTO library_artists
        (id, name, imageUrl, colorsString)
        values ('podcast:artist:clgz9riqw000d3b6emzyjak9r-clgz9rir000k73b6exq06156f', 'VISION Radio', 'https://episodes.castos.com/6138cb87d83982-66320119/images/itunes-image.png', null)
      ;

        INSERT INTO library_tracks_artists
        (trackId, artistId)
        values ('podcast:track:clgz9rir000k53b6e6l72j6p3', 'podcast:artist:clgz9riqw000d3b6emzyjak9r-clgz9rir000k73b6exq06156f')
      ;

        -- TODO: INSERT OR REPLACE once fixed in SKDB...
        -- INSERT OR REPLACE INTO library_albums
        DELETE FROM library_albums WHERE id = 'podcast:album:clgz9riqw000d3b6emzyjak9r-clgz9rir000k63b6e4j9l8zx6';
        INSERT INTO library_albums
        (id, name, colorsString, imageUrl, trackCount, releaseDate, copyrights)
        values ('podcast:album:clgz9riqw000d3b6emzyjak9r-clgz9rir000k63b6e4j9l8zx6', 'VISION Radio', null, 'https://episodes.castos.com/6138cb87d83982-66320119/images/itunes-image.png', 1, null, null)
      ;

        INSERT INTO library_tracks_playlists
                (trackId, playlistId, trackIndex, addedAtTimestamp)
                values ('podcast:track:clgz9rir000k53b6e6l72j6p3', 'podcast:playlist:clgz9riqw000d3b6emzyjak9r', 237, 1539169500000)
      ;

        -- TODO: INSERT OR REPLACE once fixed in SKDB...
        -- INSERT OR REPLACE INTO library_tracks
        DELETE FROM library_tracks WHERE id = 'podcast:track:clgz9rir000k83b6ehg4v8ra5'; 
        INSERT INTO library_tracks
                (id, name, albumId, trackNumber, durationMs, isrc, imageUrl, audioUrl, externalLink, description)
                values ('podcast:track:clgz9rir000k83b6ehg4v8ra5', 'Noisia Radio S04E40', 'podcast:album:clgz9riqw000d3b6emzyjak9r-clgz9rir000k93b6evuxzgsfv', 0, 3600000, null, 'https://episodes.castos.com/6138cb87d83982-66320119/images/itunes-image.png', 'https://episodes.castos.com/6138cb87d83982-66320119/OXtTvl36Wzli4aXBNRfsUGWDV54Wi7IjcINGdx4y.mp3', 'https://visionradio.castos.com/episodes/noisia-radio-s04e40-2', 'Noisia Radio this week: A dub from Teddy Killerz, Kasra’s first solo work and Black Barrel has some new heat! More new music by Nickbee, Yunis, Tsuruda, The Upbeats, Bou, and more..')
      ;

        -- TODO: INSERT OR REPLACE once fixed in SKDB...
        -- INSERT OR REPLACE INTO library_artists
        DELETE FROM library_artists WHERE id = 'podcast:artist:clgz9riqw000d3b6emzyjak9r-clgz9rir000ka3b6e8e9rzyia';
        INSERT INTO library_artists
        (id, name, imageUrl, colorsString)
        values ('podcast:artist:clgz9riqw000d3b6emzyjak9r-clgz9rir000ka3b6e8e9rzyia', 'VISION Radio', 'https://episodes.castos.com/6138cb87d83982-66320119/images/itunes-image.png', null)
      ;

        INSERT INTO library_tracks_artists
        (trackId, artistId)
        values ('podcast:track:clgz9rir000k83b6ehg4v8ra5', 'podcast:artist:clgz9riqw000d3b6emzyjak9r-clgz9rir000ka3b6e8e9rzyia')
      ;

        -- TODO: INSERT OR REPLACE once fixed in SKDB...
        -- INSERT OR REPLACE INTO library_albums
        DELETE FROM library_albums WHERE id = 'podcast:album:clgz9riqw000d3b6emzyjak9r-clgz9rir000k93b6evuxzgsfv';
        INSERT INTO library_albums
        (id, name, colorsString, imageUrl, trackCount, releaseDate, copyrights)
        values ('podcast:album:clgz9riqw000d3b6emzyjak9r-clgz9rir000k93b6evuxzgsfv', 'VISION Radio', null, 'https://episodes.castos.com/6138cb87d83982-66320119/images/itunes-image.png', 1, null, null)
      ;

        INSERT INTO library_tracks_playlists
                (trackId, playlistId, trackIndex, addedAtTimestamp)
                values ('podcast:track:clgz9rir000k83b6ehg4v8ra5', 'podcast:playlist:clgz9riqw000d3b6emzyjak9r', 238, 1538570614000)
      ;

        -- TODO: INSERT OR REPLACE once fixed in SKDB...
        -- INSERT OR REPLACE INTO library_tracks
        DELETE FROM library_tracks WHERE id = 'podcast:track:clgz9rir000kb3b6emudp6yhp'; 
        INSERT INTO library_tracks
                (id, name, albumId, trackNumber, durationMs, isrc, imageUrl, audioUrl, externalLink, description)
                values ('podcast:track:clgz9rir000kb3b6emudp6yhp', 'Noisia Radio S04E39', 'podcast:album:clgz9riqw000d3b6emzyjak9r-clgz9rir000kc3b6edqc7w5qy', 0, 3600000, null, 'https://episodes.castos.com/6138cb87d83982-66320119/images/itunes-image.png', 'https://episodes.castos.com/6138cb87d83982-66320119/598AUlHpS7GHR5f7f0ZMpruq05PwTw89snW7OXw3.mp3', 'https://visionradio.castos.com/episodes/noisia-radio-s04e39-2', 'This week in Noisia Radio: We announce Nickbee’s ‘Arkaim EP’. More music by OaT + KcA, Vital, Killbox, Balatron, Kyrist, Skeptical and more.. Enjoy!')
      ;

        -- TODO: INSERT OR REPLACE once fixed in SKDB...
        -- INSERT OR REPLACE INTO library_artists
        DELETE FROM library_artists WHERE id = 'podcast:artist:clgz9riqw000d3b6emzyjak9r-clgz9rir000kd3b6e83sei56z';
        INSERT INTO library_artists
        (id, name, imageUrl, colorsString)
        values ('podcast:artist:clgz9riqw000d3b6emzyjak9r-clgz9rir000kd3b6e83sei56z', 'VISION Radio', 'https://episodes.castos.com/6138cb87d83982-66320119/images/itunes-image.png', null)
      ;

        INSERT INTO library_tracks_artists
        (trackId, artistId)
        values ('podcast:track:clgz9rir000kb3b6emudp6yhp', 'podcast:artist:clgz9riqw000d3b6emzyjak9r-clgz9rir000kd3b6e83sei56z')
      ;

        -- TODO: INSERT OR REPLACE once fixed in SKDB...
        -- INSERT OR REPLACE INTO library_albums
        DELETE FROM library_albums WHERE id = 'podcast:album:clgz9riqw000d3b6emzyjak9r-clgz9rir000kc3b6edqc7w5qy';
        INSERT INTO library_albums
        (id, name, colorsString, imageUrl, trackCount, releaseDate, copyrights)
        values ('podcast:album:clgz9riqw000d3b6emzyjak9r-clgz9rir000kc3b6edqc7w5qy', 'VISION Radio', null, 'https://episodes.castos.com/6138cb87d83982-66320119/images/itunes-image.png', 1, null, null)
      ;

        INSERT INTO library_tracks_playlists
                (trackId, playlistId, trackIndex, addedAtTimestamp)
                values ('podcast:track:clgz9rir000kb3b6emudp6yhp', 'podcast:playlist:clgz9riqw000d3b6emzyjak9r', 239, 1537968480000)
      ;

        -- TODO: INSERT OR REPLACE once fixed in SKDB...
        -- INSERT OR REPLACE INTO library_tracks
        DELETE FROM library_tracks WHERE id = 'podcast:track:clgz9rir000ke3b6enu1wa40t'; 
        INSERT INTO library_tracks
                (id, name, albumId, trackNumber, durationMs, isrc, imageUrl, audioUrl, externalLink, description)
                values ('podcast:track:clgz9rir000ke3b6enu1wa40t', 'Noisia Radio S04E38', 'podcast:album:clgz9riqw000d3b6emzyjak9r-clgz9rir000kf3b6e0afiaqnv', 0, 3612000, null, 'https://episodes.castos.com/6138cb87d83982-66320119/images/itunes-image.png', 'https://episodes.castos.com/6138cb87d83982-66320119/o3cl98DXBqCPvxGaVVeocLjNDXtjL9mDgPWWou6m.mp3', 'https://visionradio.castos.com/episodes/noisia-radio-s04e38-2', 'Hello person! The Upbeats team up with Noisia, Goth-Trad and Dj Kentaro for their No Sleep Til project and Neonlight drop a banger titled ‘Bitcoin’, to be released on Blackout. New music by Proxima, Leaf, Unglued, Episcool, Joe Ford and more..')
      ;

        -- TODO: INSERT OR REPLACE once fixed in SKDB...
        -- INSERT OR REPLACE INTO library_artists
        DELETE FROM library_artists WHERE id = 'podcast:artist:clgz9riqw000d3b6emzyjak9r-clgz9rir000kg3b6edkzyf534';
        INSERT INTO library_artists
        (id, name, imageUrl, colorsString)
        values ('podcast:artist:clgz9riqw000d3b6emzyjak9r-clgz9rir000kg3b6edkzyf534', 'VISION Radio', 'https://episodes.castos.com/6138cb87d83982-66320119/images/itunes-image.png', null)
      ;

        INSERT INTO library_tracks_artists
        (trackId, artistId)
        values ('podcast:track:clgz9rir000ke3b6enu1wa40t', 'podcast:artist:clgz9riqw000d3b6emzyjak9r-clgz9rir000kg3b6edkzyf534')
      ;

        -- TODO: INSERT OR REPLACE once fixed in SKDB...
        -- INSERT OR REPLACE INTO library_albums
        DELETE FROM library_albums WHERE id = 'podcast:album:clgz9riqw000d3b6emzyjak9r-clgz9rir000kf3b6e0afiaqnv';
        INSERT INTO library_albums
        (id, name, colorsString, imageUrl, trackCount, releaseDate, copyrights)
        values ('podcast:album:clgz9riqw000d3b6emzyjak9r-clgz9rir000kf3b6e0afiaqnv', 'VISION Radio', null, 'https://episodes.castos.com/6138cb87d83982-66320119/images/itunes-image.png', 1, null, null)
      ;

        INSERT INTO library_tracks_playlists
                (trackId, playlistId, trackIndex, addedAtTimestamp)
                values ('podcast:track:clgz9rir000ke3b6enu1wa40t', 'podcast:playlist:clgz9riqw000d3b6emzyjak9r', 240, 1537367949000)
      ;

        -- TODO: INSERT OR REPLACE once fixed in SKDB...
        -- INSERT OR REPLACE INTO library_tracks
        DELETE FROM library_tracks WHERE id = 'podcast:track:clgz9rir000kh3b6e89c9zlf9'; 
        INSERT INTO library_tracks
                (id, name, albumId, trackNumber, durationMs, isrc, imageUrl, audioUrl, externalLink, description)
                values ('podcast:track:clgz9rir000kh3b6e89c9zlf9', 'Noisia Radio S04E37', 'podcast:album:clgz9riqw000d3b6emzyjak9r-clgz9rir000ki3b6e6x4nasq8', 0, 3600000, null, 'https://episodes.castos.com/6138cb87d83982-66320119/images/itunes-image.png', 'https://episodes.castos.com/6138cb87d83982-66320119/9nQCYxrJkkcvz2bIjlboKXOtGTqo6f4wYovY4FW2.mp3', 'https://visionradio.castos.com/episodes/noisia-radio-s04e37-2', 'Noisia Radio this week: Descending into the episode with Proxima, we trick you into listening to DLR & Hydro, and balance 8-bit with a bit of cheese by Skantia. More new music by Poztman, Bleep Bloop & Ethan Glass, Bop, Kangding Ray. Enjoy!')
      ;

        -- TODO: INSERT OR REPLACE once fixed in SKDB...
        -- INSERT OR REPLACE INTO library_artists
        DELETE FROM library_artists WHERE id = 'podcast:artist:clgz9riqw000d3b6emzyjak9r-clgz9rir000kj3b6eb7jf3bto';
        INSERT INTO library_artists
        (id, name, imageUrl, colorsString)
        values ('podcast:artist:clgz9riqw000d3b6emzyjak9r-clgz9rir000kj3b6eb7jf3bto', 'VISION Radio', 'https://episodes.castos.com/6138cb87d83982-66320119/images/itunes-image.png', null)
      ;

        INSERT INTO library_tracks_artists
        (trackId, artistId)
        values ('podcast:track:clgz9rir000kh3b6e89c9zlf9', 'podcast:artist:clgz9riqw000d3b6emzyjak9r-clgz9rir000kj3b6eb7jf3bto')
      ;

        -- TODO: INSERT OR REPLACE once fixed in SKDB...
        -- INSERT OR REPLACE INTO library_albums
        DELETE FROM library_albums WHERE id = 'podcast:album:clgz9riqw000d3b6emzyjak9r-clgz9rir000ki3b6e6x4nasq8';
        INSERT INTO library_albums
        (id, name, colorsString, imageUrl, trackCount, releaseDate, copyrights)
        values ('podcast:album:clgz9riqw000d3b6emzyjak9r-clgz9rir000ki3b6e6x4nasq8', 'VISION Radio', null, 'https://episodes.castos.com/6138cb87d83982-66320119/images/itunes-image.png', 1, null, null)
      ;

        INSERT INTO library_tracks_playlists
                (trackId, playlistId, trackIndex, addedAtTimestamp)
                values ('podcast:track:clgz9rir000kh3b6e89c9zlf9', 'podcast:playlist:clgz9riqw000d3b6emzyjak9r', 241, 1536757200000)
      ;

        -- TODO: INSERT OR REPLACE once fixed in SKDB...
        -- INSERT OR REPLACE INTO library_tracks
        DELETE FROM library_tracks WHERE id = 'podcast:track:clgz9rir000kk3b6elxegnj3k'; 
        INSERT INTO library_tracks
                (id, name, albumId, trackNumber, durationMs, isrc, imageUrl, audioUrl, externalLink, description)
                values ('podcast:track:clgz9rir000kk3b6elxegnj3k', 'Noisia Radio S04E36', 'podcast:album:clgz9riqw000d3b6emzyjak9r-clgz9rir000kl3b6ehms6xquf', 0, 3674000, null, 'https://episodes.castos.com/6138cb87d83982-66320119/images/itunes-image.png', 'https://episodes.castos.com/6138cb87d83982-66320119/JZHz4QghcAfGfN7ASTDBnUH3NcaGz6obl3bmdY3W.mp3', 'https://visionradio.castos.com/episodes/noisia-radio-s04e36-2', 'Hello Person. This week we’re bringing brand new Alix Perez, we play some more new Phace - his album ‘Between’ is out now on Neosignal - and Subp Yao steps up to do a 20 minute Razat tribute mix. Rest in peace.')
      ;

        -- TODO: INSERT OR REPLACE once fixed in SKDB...
        -- INSERT OR REPLACE INTO library_artists
        DELETE FROM library_artists WHERE id = 'podcast:artist:clgz9riqw000d3b6emzyjak9r-clgz9rir000km3b6evv8oqqdd';
        INSERT INTO library_artists
        (id, name, imageUrl, colorsString)
        values ('podcast:artist:clgz9riqw000d3b6emzyjak9r-clgz9rir000km3b6evv8oqqdd', 'VISION Radio', 'https://episodes.castos.com/6138cb87d83982-66320119/images/itunes-image.png', null)
      ;

        INSERT INTO library_tracks_artists
        (trackId, artistId)
        values ('podcast:track:clgz9rir000kk3b6elxegnj3k', 'podcast:artist:clgz9riqw000d3b6emzyjak9r-clgz9rir000km3b6evv8oqqdd')
      ;

        -- TODO: INSERT OR REPLACE once fixed in SKDB...
        -- INSERT OR REPLACE INTO library_albums
        DELETE FROM library_albums WHERE id = 'podcast:album:clgz9riqw000d3b6emzyjak9r-clgz9rir000kl3b6ehms6xquf';
        INSERT INTO library_albums
        (id, name, colorsString, imageUrl, trackCount, releaseDate, copyrights)
        values ('podcast:album:clgz9riqw000d3b6emzyjak9r-clgz9rir000kl3b6ehms6xquf', 'VISION Radio', null, 'https://episodes.castos.com/6138cb87d83982-66320119/images/itunes-image.png', 1, null, null)
      ;

        INSERT INTO library_tracks_playlists
                (trackId, playlistId, trackIndex, addedAtTimestamp)
                values ('podcast:track:clgz9rir000kk3b6elxegnj3k', 'podcast:playlist:clgz9riqw000d3b6emzyjak9r', 242, 1536153707000)
      ;

        -- TODO: INSERT OR REPLACE once fixed in SKDB...
        -- INSERT OR REPLACE INTO library_tracks
        DELETE FROM library_tracks WHERE id = 'podcast:track:clgz9rir000kn3b6eckjy41qe'; 
        INSERT INTO library_tracks
                (id, name, albumId, trackNumber, durationMs, isrc, imageUrl, audioUrl, externalLink, description)
                values ('podcast:track:clgz9rir000kn3b6eckjy41qe', 'Noisia Radio S04E35 (Proxima Guest Mix & What So Not Co-Host', 'podcast:album:clgz9riqw000d3b6emzyjak9r-clgz9rir000ko3b6ehwdio0ah', 0, 3665000, null, 'https://episodes.castos.com/6138cb87d83982-66320119/images/itunes-image.png', 'https://episodes.castos.com/6138cb87d83982-66320119/5enVGOxJ0W8Nt3loRpiyIOXAFcHEXqrWWugB7vPP.mp3', 'https://visionradio.castos.com/episodes/noisia-radio-s04e35-proxima-guest-mix-what-so-not-co-host-2', 'Noisia Radio this week: Celebrating the release of his "Off Angle" EP on Invisible, Proxima drops a 30 min guest mix. Also, What So Not joins us on the mic as a guest host and brings a music selection of his own.')
      ;

        -- TODO: INSERT OR REPLACE once fixed in SKDB...
        -- INSERT OR REPLACE INTO library_artists
        DELETE FROM library_artists WHERE id = 'podcast:artist:clgz9riqw000d3b6emzyjak9r-clgz9rir000kp3b6ewto2xbyx';
        INSERT INTO library_artists
        (id, name, imageUrl, colorsString)
        values ('podcast:artist:clgz9riqw000d3b6emzyjak9r-clgz9rir000kp3b6ewto2xbyx', 'VISION Radio', 'https://episodes.castos.com/6138cb87d83982-66320119/images/itunes-image.png', null)
      ;

        INSERT INTO library_tracks_artists
        (trackId, artistId)
        values ('podcast:track:clgz9rir000kn3b6eckjy41qe', 'podcast:artist:clgz9riqw000d3b6emzyjak9r-clgz9rir000kp3b6ewto2xbyx')
      ;

        -- TODO: INSERT OR REPLACE once fixed in SKDB...
        -- INSERT OR REPLACE INTO library_albums
        DELETE FROM library_albums WHERE id = 'podcast:album:clgz9riqw000d3b6emzyjak9r-clgz9rir000ko3b6ehwdio0ah';
        INSERT INTO library_albums
        (id, name, colorsString, imageUrl, trackCount, releaseDate, copyrights)
        values ('podcast:album:clgz9riqw000d3b6emzyjak9r-clgz9rir000ko3b6ehwdio0ah', 'VISION Radio', null, 'https://episodes.castos.com/6138cb87d83982-66320119/images/itunes-image.png', 1, null, null)
      ;

        INSERT INTO library_tracks_playlists
                (trackId, playlistId, trackIndex, addedAtTimestamp)
                values ('podcast:track:clgz9rir000kn3b6eckjy41qe', 'podcast:playlist:clgz9riqw000d3b6emzyjak9r', 243, 1535549940000)
      ;

        -- TODO: INSERT OR REPLACE once fixed in SKDB...
        -- INSERT OR REPLACE INTO library_tracks
        DELETE FROM library_tracks WHERE id = 'podcast:track:clgz9rir000kq3b6ec93iqkq2'; 
        INSERT INTO library_tracks
                (id, name, albumId, trackNumber, durationMs, isrc, imageUrl, audioUrl, externalLink, description)
                values ('podcast:track:clgz9rir000kq3b6ec93iqkq2', 'Noisia Radio S04E34 (Eprom & ZEKE BEATS Takeover)', 'podcast:album:clgz9riqw000d3b6emzyjak9r-clgz9rir000kr3b6ejginsmny', 0, 4189000, null, 'https://episodes.castos.com/6138cb87d83982-66320119/images/itunes-image.png', 'https://episodes.castos.com/6138cb87d83982-66320119/ZtxfHOfS44IWmwtODMZJMoiRgPXJhwjltPxBE7Ub.mp3', 'https://visionradio.castos.com/episodes/noisia-radio-s04e34-eprom-zeke-beats-takeover-2', 'Help! I can"t find my way out! This week we"ve got Eprom and ZEKE BEATS taking over a full episode in honour of their release on Division. At the end of the show they elaborate on the process of making the tracks as well!')
      ;

        -- TODO: INSERT OR REPLACE once fixed in SKDB...
        -- INSERT OR REPLACE INTO library_artists
        DELETE FROM library_artists WHERE id = 'podcast:artist:clgz9riqw000d3b6emzyjak9r-clgz9rir000ks3b6e1xq8fslr';
        INSERT INTO library_artists
        (id, name, imageUrl, colorsString)
        values ('podcast:artist:clgz9riqw000d3b6emzyjak9r-clgz9rir000ks3b6e1xq8fslr', 'VISION Radio', 'https://episodes.castos.com/6138cb87d83982-66320119/images/itunes-image.png', null)
      ;

        INSERT INTO library_tracks_artists
        (trackId, artistId)
        values ('podcast:track:clgz9rir000kq3b6ec93iqkq2', 'podcast:artist:clgz9riqw000d3b6emzyjak9r-clgz9rir000ks3b6e1xq8fslr')
      ;

        -- TODO: INSERT OR REPLACE once fixed in SKDB...
        -- INSERT OR REPLACE INTO library_albums
        DELETE FROM library_albums WHERE id = 'podcast:album:clgz9riqw000d3b6emzyjak9r-clgz9rir000kr3b6ejginsmny';
        INSERT INTO library_albums
        (id, name, colorsString, imageUrl, trackCount, releaseDate, copyrights)
        values ('podcast:album:clgz9riqw000d3b6emzyjak9r-clgz9rir000kr3b6ejginsmny', 'VISION Radio', null, 'https://episodes.castos.com/6138cb87d83982-66320119/images/itunes-image.png', 1, null, null)
      ;

        INSERT INTO library_tracks_playlists
                (trackId, playlistId, trackIndex, addedAtTimestamp)
                values ('podcast:track:clgz9rir000kq3b6ec93iqkq2', 'podcast:playlist:clgz9riqw000d3b6emzyjak9r', 244, 1534939320000)
      ;

        -- TODO: INSERT OR REPLACE once fixed in SKDB...
        -- INSERT OR REPLACE INTO library_tracks
        DELETE FROM library_tracks WHERE id = 'podcast:track:clgz9rir000kt3b6ej1o6n691'; 
        INSERT INTO library_tracks
                (id, name, albumId, trackNumber, durationMs, isrc, imageUrl, audioUrl, externalLink, description)
                values ('podcast:track:clgz9rir000kt3b6ej1o6n691', 'Noisia Radio S04E33 (Special Guests: The Upbeats)', 'podcast:album:clgz9riqw000d3b6emzyjak9r-clgz9rir000ku3b6e0g2gb1q0', 0, 3700000, null, 'https://episodes.castos.com/6138cb87d83982-66320119/images/itunes-image.png', 'https://episodes.castos.com/6138cb87d83982-66320119/n2mbA3S165Oa2AC86xlxu3UvAwTWwg3QPg6qtXUM.mp3', 'https://visionradio.castos.com/episodes/noisia-radio-s04e33-special-guests-the-upbeats-2', ' Noisia Radio this week: ‘Dzjengis’ our brand new collab with Two Fingers aka Amon Tobin. We also announce Proxima"s ‘Off Angle’ EP, and an exclusive first play of our collab with The Upbeats for their No Sleep Til project. That’s a lot, enjoy!')
      ;

        -- TODO: INSERT OR REPLACE once fixed in SKDB...
        -- INSERT OR REPLACE INTO library_artists
        DELETE FROM library_artists WHERE id = 'podcast:artist:clgz9riqw000d3b6emzyjak9r-clgz9rir000kv3b6ecd4b4gcw';
        INSERT INTO library_artists
        (id, name, imageUrl, colorsString)
        values ('podcast:artist:clgz9riqw000d3b6emzyjak9r-clgz9rir000kv3b6ecd4b4gcw', 'VISION Radio', 'https://episodes.castos.com/6138cb87d83982-66320119/images/itunes-image.png', null)
      ;

        INSERT INTO library_tracks_artists
        (trackId, artistId)
        values ('podcast:track:clgz9rir000kt3b6ej1o6n691', 'podcast:artist:clgz9riqw000d3b6emzyjak9r-clgz9rir000kv3b6ecd4b4gcw')
      ;

        -- TODO: INSERT OR REPLACE once fixed in SKDB...
        -- INSERT OR REPLACE INTO library_albums
        DELETE FROM library_albums WHERE id = 'podcast:album:clgz9riqw000d3b6emzyjak9r-clgz9rir000ku3b6e0g2gb1q0';
        INSERT INTO library_albums
        (id, name, colorsString, imageUrl, trackCount, releaseDate, copyrights)
        values ('podcast:album:clgz9riqw000d3b6emzyjak9r-clgz9rir000ku3b6e0g2gb1q0', 'VISION Radio', null, 'https://episodes.castos.com/6138cb87d83982-66320119/images/itunes-image.png', 1, null, null)
      ;

        INSERT INTO library_tracks_playlists
                (trackId, playlistId, trackIndex, addedAtTimestamp)
                values ('podcast:track:clgz9rir000kt3b6ej1o6n691', 'podcast:playlist:clgz9riqw000d3b6emzyjak9r', 245, 1534335540000)
      ;

        -- TODO: INSERT OR REPLACE once fixed in SKDB...
        -- INSERT OR REPLACE INTO library_tracks
        DELETE FROM library_tracks WHERE id = 'podcast:track:clgz9rir000kw3b6ee43lh76w'; 
        INSERT INTO library_tracks
                (id, name, albumId, trackNumber, durationMs, isrc, imageUrl, audioUrl, externalLink, description)
                values ('podcast:track:clgz9rir000kw3b6ee43lh76w', 'Noisia Radio S04E32 (Former Guest Mix)', 'podcast:album:clgz9riqw000d3b6emzyjak9r-clgz9rir000kx3b6elus5wdll', 0, 3654000, null, 'https://episodes.castos.com/6138cb87d83982-66320119/images/itunes-image.png', 'https://episodes.castos.com/6138cb87d83982-66320119/yIayU7j93iYXIF5V57x8wijDnmtHDRbfUKm3Ox3C.mp3', 'https://visionradio.castos.com/episodes/noisia-radio-s04e32-former-guest-mix-2', 'Noisia Radio this week: Former with a special guest mix, Hebbe and Abstract Elements bringing us new music from our own imprints, and Ewol hitting it off with some brand new Methlab music. All this and more..')
      ;

        -- TODO: INSERT OR REPLACE once fixed in SKDB...
        -- INSERT OR REPLACE INTO library_artists
        DELETE FROM library_artists WHERE id = 'podcast:artist:clgz9riqw000d3b6emzyjak9r-clgz9rir000ky3b6ek41a2n6l';
        INSERT INTO library_artists
        (id, name, imageUrl, colorsString)
        values ('podcast:artist:clgz9riqw000d3b6emzyjak9r-clgz9rir000ky3b6ek41a2n6l', 'VISION Radio', 'https://episodes.castos.com/6138cb87d83982-66320119/images/itunes-image.png', null)
      ;

        INSERT INTO library_tracks_artists
        (trackId, artistId)
        values ('podcast:track:clgz9rir000kw3b6ee43lh76w', 'podcast:artist:clgz9riqw000d3b6emzyjak9r-clgz9rir000ky3b6ek41a2n6l')
      ;

        -- TODO: INSERT OR REPLACE once fixed in SKDB...
        -- INSERT OR REPLACE INTO library_albums
        DELETE FROM library_albums WHERE id = 'podcast:album:clgz9riqw000d3b6emzyjak9r-clgz9rir000kx3b6elus5wdll';
        INSERT INTO library_albums
        (id, name, colorsString, imageUrl, trackCount, releaseDate, copyrights)
        values ('podcast:album:clgz9riqw000d3b6emzyjak9r-clgz9rir000kx3b6elus5wdll', 'VISION Radio', null, 'https://episodes.castos.com/6138cb87d83982-66320119/images/itunes-image.png', 1, null, null)
      ;

        INSERT INTO library_tracks_playlists
                (trackId, playlistId, trackIndex, addedAtTimestamp)
                values ('podcast:track:clgz9rir000kw3b6ee43lh76w', 'podcast:playlist:clgz9riqw000d3b6emzyjak9r', 246, 1533728278000)
      ;

        -- TODO: INSERT OR REPLACE once fixed in SKDB...
        -- INSERT OR REPLACE INTO library_tracks
        DELETE FROM library_tracks WHERE id = 'podcast:track:clgz9rir000kz3b6eu7t9jc7m'; 
        INSERT INTO library_tracks
                (id, name, albumId, trackNumber, durationMs, isrc, imageUrl, audioUrl, externalLink, description)
                values ('podcast:track:clgz9rir000kz3b6eu7t9jc7m', 'Noisia Radio S04E31 (Posij Takeover)', 'podcast:album:clgz9riqw000d3b6emzyjak9r-clgz9rir000l03b6e45qujn2t', 0, 3600000, null, 'https://episodes.castos.com/6138cb87d83982-66320119/images/itunes-image.png', 'https://episodes.castos.com/6138cb87d83982-66320119/73dZ4ftRi1SSPBdn1hiHcalw8dftwM5pjp20iaYd.mp3', 'https://visionradio.castos.com/episodes/noisia-radio-s04e31-posij-takeover-2', 'Noisia Radio this week: After some new Phace, The Upbeats & Rockwell, Posij is taking over the show with a lot of new music he made, and some music you may already know. We hope you will enjoy his selection! Peaaace')
      ;

        -- TODO: INSERT OR REPLACE once fixed in SKDB...
        -- INSERT OR REPLACE INTO library_artists
        DELETE FROM library_artists WHERE id = 'podcast:artist:clgz9riqw000d3b6emzyjak9r-clgz9rir000l13b6e5nenck96';
        INSERT INTO library_artists
        (id, name, imageUrl, colorsString)
        values ('podcast:artist:clgz9riqw000d3b6emzyjak9r-clgz9rir000l13b6e5nenck96', 'VISION Radio', 'https://episodes.castos.com/6138cb87d83982-66320119/images/itunes-image.png', null)
      ;

        INSERT INTO library_tracks_artists
        (trackId, artistId)
        values ('podcast:track:clgz9rir000kz3b6eu7t9jc7m', 'podcast:artist:clgz9riqw000d3b6emzyjak9r-clgz9rir000l13b6e5nenck96')
      ;

        -- TODO: INSERT OR REPLACE once fixed in SKDB...
        -- INSERT OR REPLACE INTO library_albums
        DELETE FROM library_albums WHERE id = 'podcast:album:clgz9riqw000d3b6emzyjak9r-clgz9rir000l03b6e45qujn2t';
        INSERT INTO library_albums
        (id, name, colorsString, imageUrl, trackCount, releaseDate, copyrights)
        values ('podcast:album:clgz9riqw000d3b6emzyjak9r-clgz9rir000l03b6e45qujn2t', 'VISION Radio', null, 'https://episodes.castos.com/6138cb87d83982-66320119/images/itunes-image.png', 1, null, null)
      ;

        INSERT INTO library_tracks_playlists
                (trackId, playlistId, trackIndex, addedAtTimestamp)
                values ('podcast:track:clgz9rir000kz3b6eu7t9jc7m', 'podcast:playlist:clgz9riqw000d3b6emzyjak9r', 247, 1533121560000)
      ;

        -- TODO: INSERT OR REPLACE once fixed in SKDB...
        -- INSERT OR REPLACE INTO library_tracks
        DELETE FROM library_tracks WHERE id = 'podcast:track:clgz9rir000l23b6elxxpxav7'; 
        INSERT INTO library_tracks
                (id, name, albumId, trackNumber, durationMs, isrc, imageUrl, audioUrl, externalLink, description)
                values ('podcast:track:clgz9rir000l23b6elxxpxav7', 'Noisia Radio S04E30 (Abstract Elements Guest Mix)', 'podcast:album:clgz9riqw000d3b6emzyjak9r-clgz9rir000l33b6e4yjt61tw', 0, 3600000, null, 'https://episodes.castos.com/6138cb87d83982-66320119/images/itunes-image.png', 'https://episodes.castos.com/6138cb87d83982-66320119/do76zlmO68uGCmf6iEbGn4RhPMqSLcnLzevbj8ks.mp3', 'https://visionradio.castos.com/episodes/noisia-radio-s04e30-abstract-elements-guest-mix-2', 'Hello Person! Here’s some stuff that’s happening this week: A guestmix by Abstract Elements to celebrate the release of their ‘Join Us EP, out now on Invisible. Also: brand new music by our friends The Upbeats, and OCEE dropping new heat.. ')
      ;

        -- TODO: INSERT OR REPLACE once fixed in SKDB...
        -- INSERT OR REPLACE INTO library_artists
        DELETE FROM library_artists WHERE id = 'podcast:artist:clgz9riqw000d3b6emzyjak9r-clgz9rir000l43b6erezcx0v3';
        INSERT INTO library_artists
        (id, name, imageUrl, colorsString)
        values ('podcast:artist:clgz9riqw000d3b6emzyjak9r-clgz9rir000l43b6erezcx0v3', 'VISION Radio', 'https://episodes.castos.com/6138cb87d83982-66320119/images/itunes-image.png', null)
      ;

        INSERT INTO library_tracks_artists
        (trackId, artistId)
        values ('podcast:track:clgz9rir000l23b6elxxpxav7', 'podcast:artist:clgz9riqw000d3b6emzyjak9r-clgz9rir000l43b6erezcx0v3')
      ;

        -- TODO: INSERT OR REPLACE once fixed in SKDB...
        -- INSERT OR REPLACE INTO library_albums
        DELETE FROM library_albums WHERE id = 'podcast:album:clgz9riqw000d3b6emzyjak9r-clgz9rir000l33b6e4yjt61tw';
        INSERT INTO library_albums
        (id, name, colorsString, imageUrl, trackCount, releaseDate, copyrights)
        values ('podcast:album:clgz9riqw000d3b6emzyjak9r-clgz9rir000l33b6e4yjt61tw', 'VISION Radio', null, 'https://episodes.castos.com/6138cb87d83982-66320119/images/itunes-image.png', 1, null, null)
      ;

        INSERT INTO library_tracks_playlists
                (trackId, playlistId, trackIndex, addedAtTimestamp)
                values ('podcast:track:clgz9rir000l23b6elxxpxav7', 'podcast:playlist:clgz9riqw000d3b6emzyjak9r', 248, 1532513648000)
      ;

        -- TODO: INSERT OR REPLACE once fixed in SKDB...
        -- INSERT OR REPLACE INTO library_tracks
        DELETE FROM library_tracks WHERE id = 'podcast:track:clgz9rir000l53b6e7ypflro1'; 
        INSERT INTO library_tracks
                (id, name, albumId, trackNumber, durationMs, isrc, imageUrl, audioUrl, externalLink, description)
                values ('podcast:track:clgz9rir000l53b6e7ypflro1', 'Noisia Radio S04E29', 'podcast:album:clgz9riqw000d3b6emzyjak9r-clgz9rir000l63b6edaj4553j', 0, 3600000, null, 'https://episodes.castos.com/6138cb87d83982-66320119/images/itunes-image.png', 'https://episodes.castos.com/6138cb87d83982-66320119/bUClyLpXxGg4lR9GzsG4rmCFefcom5sNAYTzF7yn.mp3', 'https://visionradio.castos.com/episodes/noisia-radio-s04e29-2', 'Noisia Radio this week: We premiere ‘Marauder - Hades’ taken from Partial#5, out this week on Division and ‘Magnitogorsk’ by Abstract Elements, out now on Invisible. More new and exciting music by the likes of Shades, Urbandawn, Prolix & Black Sun Empire,')
      ;

        -- TODO: INSERT OR REPLACE once fixed in SKDB...
        -- INSERT OR REPLACE INTO library_artists
        DELETE FROM library_artists WHERE id = 'podcast:artist:clgz9riqw000d3b6emzyjak9r-clgz9rir000l73b6ecjyc0cai';
        INSERT INTO library_artists
        (id, name, imageUrl, colorsString)
        values ('podcast:artist:clgz9riqw000d3b6emzyjak9r-clgz9rir000l73b6ecjyc0cai', 'VISION Radio', 'https://episodes.castos.com/6138cb87d83982-66320119/images/itunes-image.png', null)
      ;

        INSERT INTO library_tracks_artists
        (trackId, artistId)
        values ('podcast:track:clgz9rir000l53b6e7ypflro1', 'podcast:artist:clgz9riqw000d3b6emzyjak9r-clgz9rir000l73b6ecjyc0cai')
      ;

        -- TODO: INSERT OR REPLACE once fixed in SKDB...
        -- INSERT OR REPLACE INTO library_albums
        DELETE FROM library_albums WHERE id = 'podcast:album:clgz9riqw000d3b6emzyjak9r-clgz9rir000l63b6edaj4553j';
        INSERT INTO library_albums
        (id, name, colorsString, imageUrl, trackCount, releaseDate, copyrights)
        values ('podcast:album:clgz9riqw000d3b6emzyjak9r-clgz9rir000l63b6edaj4553j', 'VISION Radio', null, 'https://episodes.castos.com/6138cb87d83982-66320119/images/itunes-image.png', 1, null, null)
      ;

        INSERT INTO library_tracks_playlists
                (trackId, playlistId, trackIndex, addedAtTimestamp)
                values ('podcast:track:clgz9rir000l53b6e7ypflro1', 'podcast:playlist:clgz9riqw000d3b6emzyjak9r', 249, 1531918500000)
      ;

        -- TODO: INSERT OR REPLACE once fixed in SKDB...
        -- INSERT OR REPLACE INTO library_tracks
        DELETE FROM library_tracks WHERE id = 'podcast:track:clgz9rir000l83b6et2ly6iud'; 
        INSERT INTO library_tracks
                (id, name, albumId, trackNumber, durationMs, isrc, imageUrl, audioUrl, externalLink, description)
                values ('podcast:track:clgz9rir000l83b6et2ly6iud', 'Noisia Radio S04E28 (Noisia DJ Set @ We Are Electric 2018)', 'podcast:album:clgz9riqw000d3b6emzyjak9r-clgz9rir000l93b6eq728j0lm', 0, 3600000, null, 'https://episodes.castos.com/6138cb87d83982-66320119/images/itunes-image.png', 'https://episodes.castos.com/6138cb87d83982-66320119/PIVFsv6kPSl5HE6afXoB3Q2EuPuf1syEPJ7Hu9cA.mp3', 'https://visionradio.castos.com/episodes/noisia-radio-s04e28-noisia-dj-set-at-we-are-electric-2018-2', 'Hello Person! Our remix of "Asteroids’ (with Prolix) is out today YAAASSS omg aaand it"s featured in Martijn’s set at We Are Electric Festival 2018, which we’re playing for this week’s episode. Bon voyage!')
      ;

        -- TODO: INSERT OR REPLACE once fixed in SKDB...
        -- INSERT OR REPLACE INTO library_artists
        DELETE FROM library_artists WHERE id = 'podcast:artist:clgz9riqw000d3b6emzyjak9r-clgz9rir000la3b6exy57qmvs';
        INSERT INTO library_artists
        (id, name, imageUrl, colorsString)
        values ('podcast:artist:clgz9riqw000d3b6emzyjak9r-clgz9rir000la3b6exy57qmvs', 'VISION Radio', 'https://episodes.castos.com/6138cb87d83982-66320119/images/itunes-image.png', null)
      ;

        INSERT INTO library_tracks_artists
        (trackId, artistId)
        values ('podcast:track:clgz9rir000l83b6et2ly6iud', 'podcast:artist:clgz9riqw000d3b6emzyjak9r-clgz9rir000la3b6exy57qmvs')
      ;

        -- TODO: INSERT OR REPLACE once fixed in SKDB...
        -- INSERT OR REPLACE INTO library_albums
        DELETE FROM library_albums WHERE id = 'podcast:album:clgz9riqw000d3b6emzyjak9r-clgz9rir000l93b6eq728j0lm';
        INSERT INTO library_albums
        (id, name, colorsString, imageUrl, trackCount, releaseDate, copyrights)
        values ('podcast:album:clgz9riqw000d3b6emzyjak9r-clgz9rir000l93b6eq728j0lm', 'VISION Radio', null, 'https://episodes.castos.com/6138cb87d83982-66320119/images/itunes-image.png', 1, null, null)
      ;

        INSERT INTO library_tracks_playlists
                (trackId, playlistId, trackIndex, addedAtTimestamp)
                values ('podcast:track:clgz9rir000l83b6et2ly6iud', 'podcast:playlist:clgz9riqw000d3b6emzyjak9r', 250, 1531308840000)
      ;

        -- TODO: INSERT OR REPLACE once fixed in SKDB...
        -- INSERT OR REPLACE INTO library_tracks
        DELETE FROM library_tracks WHERE id = 'podcast:track:clgz9rir000lb3b6eeps8aa1s'; 
        INSERT INTO library_tracks
                (id, name, albumId, trackNumber, durationMs, isrc, imageUrl, audioUrl, externalLink, description)
                values ('podcast:track:clgz9rir000lb3b6eeps8aa1s', 'Noisia Radio S04E27', 'podcast:album:clgz9riqw000d3b6emzyjak9r-clgz9rir000lc3b6eta8sasl6', 0, 3600000, null, 'https://episodes.castos.com/6138cb87d83982-66320119/images/itunes-image.png', 'https://episodes.castos.com/6138cb87d83982-66320119/mG30rrXagPHKbe8skEu37c6JU5DdK9qteN1f58Wz.mp3', 'https://visionradio.castos.com/episodes/noisia-radio-s04e27-2', 'Noisia radio this week: The premiere of Abstact Elements’ ‘Join Us’ EP, forthcoming on Invisible the 13th of July. Closing the show off is Arigto with ‘Calculated Feelings’, taken from Partial#5 on our Division imprint.')
      ;

        -- TODO: INSERT OR REPLACE once fixed in SKDB...
        -- INSERT OR REPLACE INTO library_artists
        DELETE FROM library_artists WHERE id = 'podcast:artist:clgz9riqw000d3b6emzyjak9r-clgz9rir000ld3b6elpmodn17';
        INSERT INTO library_artists
        (id, name, imageUrl, colorsString)
        values ('podcast:artist:clgz9riqw000d3b6emzyjak9r-clgz9rir000ld3b6elpmodn17', 'VISION Radio', 'https://episodes.castos.com/6138cb87d83982-66320119/images/itunes-image.png', null)
      ;

        INSERT INTO library_tracks_artists
        (trackId, artistId)
        values ('podcast:track:clgz9rir000lb3b6eeps8aa1s', 'podcast:artist:clgz9riqw000d3b6emzyjak9r-clgz9rir000ld3b6elpmodn17')
      ;

        -- TODO: INSERT OR REPLACE once fixed in SKDB...
        -- INSERT OR REPLACE INTO library_albums
        DELETE FROM library_albums WHERE id = 'podcast:album:clgz9riqw000d3b6emzyjak9r-clgz9rir000lc3b6eta8sasl6';
        INSERT INTO library_albums
        (id, name, colorsString, imageUrl, trackCount, releaseDate, copyrights)
        values ('podcast:album:clgz9riqw000d3b6emzyjak9r-clgz9rir000lc3b6eta8sasl6', 'VISION Radio', null, 'https://episodes.castos.com/6138cb87d83982-66320119/images/itunes-image.png', 1, null, null)
      ;

        INSERT INTO library_tracks_playlists
                (trackId, playlistId, trackIndex, addedAtTimestamp)
                values ('podcast:track:clgz9rir000lb3b6eeps8aa1s', 'podcast:playlist:clgz9riqw000d3b6emzyjak9r', 251, 1530706946000)
      ;

        -- TODO: INSERT OR REPLACE once fixed in SKDB...
        -- INSERT OR REPLACE INTO library_tracks
        DELETE FROM library_tracks WHERE id = 'podcast:track:clgz9rir000le3b6em21gbblm'; 
        INSERT INTO library_tracks
                (id, name, albumId, trackNumber, durationMs, isrc, imageUrl, audioUrl, externalLink, description)
                values ('podcast:track:clgz9rir000le3b6em21gbblm', 'Noisia Radio S04E26', 'podcast:album:clgz9riqw000d3b6emzyjak9r-clgz9rir000lf3b6ebgycp1nf', 0, 3600000, null, 'https://episodes.castos.com/6138cb87d83982-66320119/images/itunes-image.png', 'https://episodes.castos.com/6138cb87d83982-66320119/ikjaFWKHdHIGdrfpLm92qernkTL5vKqnvZVXQVSt.mp3', 'https://visionradio.castos.com/episodes/noisia-radio-s04e26-2', 'Hello Person. Noisia Radio this week: Phace’s ‘FMS’ the single to his forthcoming album ‘Between’ on Neosignal. New music by Killbox, Synergy, Signal, Circuits, Benny L, great drumfunk by Howitzer, and some weird creative vibes by YAYAYA, Æterna and more')
      ;

        -- TODO: INSERT OR REPLACE once fixed in SKDB...
        -- INSERT OR REPLACE INTO library_artists
        DELETE FROM library_artists WHERE id = 'podcast:artist:clgz9riqw000d3b6emzyjak9r-clgz9rir000lg3b6ec9esp7bh';
        INSERT INTO library_artists
        (id, name, imageUrl, colorsString)
        values ('podcast:artist:clgz9riqw000d3b6emzyjak9r-clgz9rir000lg3b6ec9esp7bh', 'VISION Radio', 'https://episodes.castos.com/6138cb87d83982-66320119/images/itunes-image.png', null)
      ;

        INSERT INTO library_tracks_artists
        (trackId, artistId)
        values ('podcast:track:clgz9rir000le3b6em21gbblm', 'podcast:artist:clgz9riqw000d3b6emzyjak9r-clgz9rir000lg3b6ec9esp7bh')
      ;

        -- TODO: INSERT OR REPLACE once fixed in SKDB...
        -- INSERT OR REPLACE INTO library_albums
        DELETE FROM library_albums WHERE id = 'podcast:album:clgz9riqw000d3b6emzyjak9r-clgz9rir000lf3b6ebgycp1nf';
        INSERT INTO library_albums
        (id, name, colorsString, imageUrl, trackCount, releaseDate, copyrights)
        values ('podcast:album:clgz9riqw000d3b6emzyjak9r-clgz9rir000lf3b6ebgycp1nf', 'VISION Radio', null, 'https://episodes.castos.com/6138cb87d83982-66320119/images/itunes-image.png', 1, null, null)
      ;

        INSERT INTO library_tracks_playlists
                (trackId, playlistId, trackIndex, addedAtTimestamp)
                values ('podcast:track:clgz9rir000le3b6em21gbblm', 'podcast:playlist:clgz9riqw000d3b6emzyjak9r', 252, 1530101911000)
      ;

        -- TODO: INSERT OR REPLACE once fixed in SKDB...
        -- INSERT OR REPLACE INTO library_tracks
        DELETE FROM library_tracks WHERE id = 'podcast:track:clgz9rir000lh3b6ev95pxupj'; 
        INSERT INTO library_tracks
                (id, name, albumId, trackNumber, durationMs, isrc, imageUrl, audioUrl, externalLink, description)
                values ('podcast:track:clgz9rir000lh3b6ev95pxupj', 'Noisia Radio S04E25', 'podcast:album:clgz9riqw000d3b6emzyjak9r-clgz9rir000li3b6e3kumam73', 0, 3900000, null, 'https://episodes.castos.com/6138cb87d83982-66320119/images/itunes-image.png', 'https://episodes.castos.com/6138cb87d83982-66320119/bQoyeg4kSPKKigXk8ijhgeNaFvT8eP7el6s0pwsh.mp3', 'https://visionradio.castos.com/episodes/noisia-radio-s04e25-2', 'Hello Person. This week in Noisia Radio we"ve got another DJ set for you! Thijs played this set on a sunny Saturday at an outdoor festival in The Netherlands called Best Kept Secret. They asked us to play anything we wanted to and that"s what Thijs did.')
      ;

        -- TODO: INSERT OR REPLACE once fixed in SKDB...
        -- INSERT OR REPLACE INTO library_artists
        DELETE FROM library_artists WHERE id = 'podcast:artist:clgz9riqw000d3b6emzyjak9r-clgz9rir000lj3b6efysuxanz';
        INSERT INTO library_artists
        (id, name, imageUrl, colorsString)
        values ('podcast:artist:clgz9riqw000d3b6emzyjak9r-clgz9rir000lj3b6efysuxanz', 'VISION Radio', 'https://episodes.castos.com/6138cb87d83982-66320119/images/itunes-image.png', null)
      ;

        INSERT INTO library_tracks_artists
        (trackId, artistId)
        values ('podcast:track:clgz9rir000lh3b6ev95pxupj', 'podcast:artist:clgz9riqw000d3b6emzyjak9r-clgz9rir000lj3b6efysuxanz')
      ;

        -- TODO: INSERT OR REPLACE once fixed in SKDB...
        -- INSERT OR REPLACE INTO library_albums
        DELETE FROM library_albums WHERE id = 'podcast:album:clgz9riqw000d3b6emzyjak9r-clgz9rir000li3b6e3kumam73';
        INSERT INTO library_albums
        (id, name, colorsString, imageUrl, trackCount, releaseDate, copyrights)
        values ('podcast:album:clgz9riqw000d3b6emzyjak9r-clgz9rir000li3b6e3kumam73', 'VISION Radio', null, 'https://episodes.castos.com/6138cb87d83982-66320119/images/itunes-image.png', 1, null, null)
      ;

        INSERT INTO library_tracks_playlists
                (trackId, playlistId, trackIndex, addedAtTimestamp)
                values ('podcast:track:clgz9rir000lh3b6ev95pxupj', 'podcast:playlist:clgz9riqw000d3b6emzyjak9r', 253, 1529508974000)
      ;

        -- TODO: INSERT OR REPLACE once fixed in SKDB...
        -- INSERT OR REPLACE INTO library_tracks
        DELETE FROM library_tracks WHERE id = 'podcast:track:clgz9rir000lk3b6e8w74v0jv'; 
        INSERT INTO library_tracks
                (id, name, albumId, trackNumber, durationMs, isrc, imageUrl, audioUrl, externalLink, description)
                values ('podcast:track:clgz9rir000lk3b6e8w74v0jv', 'Noisia Radio S04E24', 'podcast:album:clgz9riqw000d3b6emzyjak9r-clgz9rir000ll3b6ebol8set4', 0, 3708000, null, 'https://episodes.castos.com/6138cb87d83982-66320119/images/itunes-image.png', 'https://episodes.castos.com/6138cb87d83982-66320119/rTwfs4AMNm1sKC9oUetr7WslycOn3e1iCxnqjPSa.mp3', 'https://visionradio.castos.com/episodes/noisia-radio-s04e24-2', 'Hello Person. In this week"s Noisia Radio: Nine Yard’s ‘Personal issues’, taken from Solids_2. Previews of upcoming music by Killbox, Halogenix and Circuits. New music by Proxima, Danger, Maztek, Aeterna and more. Welcome to this place.')
      ;

        -- TODO: INSERT OR REPLACE once fixed in SKDB...
        -- INSERT OR REPLACE INTO library_artists
        DELETE FROM library_artists WHERE id = 'podcast:artist:clgz9riqw000d3b6emzyjak9r-clgz9rir000lm3b6ejs3pt184';
        INSERT INTO library_artists
        (id, name, imageUrl, colorsString)
        values ('podcast:artist:clgz9riqw000d3b6emzyjak9r-clgz9rir000lm3b6ejs3pt184', 'VISION Radio', 'https://episodes.castos.com/6138cb87d83982-66320119/images/itunes-image.png', null)
      ;

        INSERT INTO library_tracks_artists
        (trackId, artistId)
        values ('podcast:track:clgz9rir000lk3b6e8w74v0jv', 'podcast:artist:clgz9riqw000d3b6emzyjak9r-clgz9rir000lm3b6ejs3pt184')
      ;

        -- TODO: INSERT OR REPLACE once fixed in SKDB...
        -- INSERT OR REPLACE INTO library_albums
        DELETE FROM library_albums WHERE id = 'podcast:album:clgz9riqw000d3b6emzyjak9r-clgz9rir000ll3b6ebol8set4';
        INSERT INTO library_albums
        (id, name, colorsString, imageUrl, trackCount, releaseDate, copyrights)
        values ('podcast:album:clgz9riqw000d3b6emzyjak9r-clgz9rir000ll3b6ebol8set4', 'VISION Radio', null, 'https://episodes.castos.com/6138cb87d83982-66320119/images/itunes-image.png', 1, null, null)
      ;

        INSERT INTO library_tracks_playlists
                (trackId, playlistId, trackIndex, addedAtTimestamp)
                values ('podcast:track:clgz9rir000lk3b6e8w74v0jv', 'podcast:playlist:clgz9riqw000d3b6emzyjak9r', 254, 1528892082000)
      ;

        -- TODO: INSERT OR REPLACE once fixed in SKDB...
        -- INSERT OR REPLACE INTO library_tracks
        DELETE FROM library_tracks WHERE id = 'podcast:track:clgz9rir000ln3b6ehsg7l6wz'; 
        INSERT INTO library_tracks
                (id, name, albumId, trackNumber, durationMs, isrc, imageUrl, audioUrl, externalLink, description)
                values ('podcast:track:clgz9rir000ln3b6ehsg7l6wz', 'Noisia Radio S04E23', 'podcast:album:clgz9riqw000d3b6emzyjak9r-clgz9rir000lo3b6ebxqty1ce', 0, 3806000, null, 'https://episodes.castos.com/6138cb87d83982-66320119/images/itunes-image.png', 'https://episodes.castos.com/6138cb87d83982-66320119/hieEPS9mcV1AvXzWgItg4k3VnNMWgihlMDeb4cZ1.mp3', 'https://visionradio.castos.com/episodes/noisia-radio-s04e23-2', 'Noisia Radio this week: Prestige’s ‘Drugs’, taken from Solids_2 and another preview from Killbox’s upcoming LP on RAM. New music by Space Laces, Halogenix, Survey, Kolt, Dub Elements and more.')
      ;

        -- TODO: INSERT OR REPLACE once fixed in SKDB...
        -- INSERT OR REPLACE INTO library_artists
        DELETE FROM library_artists WHERE id = 'podcast:artist:clgz9riqw000d3b6emzyjak9r-clgz9rir000lp3b6ejkokrb34';
        INSERT INTO library_artists
        (id, name, imageUrl, colorsString)
        values ('podcast:artist:clgz9riqw000d3b6emzyjak9r-clgz9rir000lp3b6ejkokrb34', 'VISION Radio', 'https://episodes.castos.com/6138cb87d83982-66320119/images/itunes-image.png', null)
      ;

        INSERT INTO library_tracks_artists
        (trackId, artistId)
        values ('podcast:track:clgz9rir000ln3b6ehsg7l6wz', 'podcast:artist:clgz9riqw000d3b6emzyjak9r-clgz9rir000lp3b6ejkokrb34')
      ;

        -- TODO: INSERT OR REPLACE once fixed in SKDB...
        -- INSERT OR REPLACE INTO library_albums
        DELETE FROM library_albums WHERE id = 'podcast:album:clgz9riqw000d3b6emzyjak9r-clgz9rir000lo3b6ebxqty1ce';
        INSERT INTO library_albums
        (id, name, colorsString, imageUrl, trackCount, releaseDate, copyrights)
        values ('podcast:album:clgz9riqw000d3b6emzyjak9r-clgz9rir000lo3b6ebxqty1ce', 'VISION Radio', null, 'https://episodes.castos.com/6138cb87d83982-66320119/images/itunes-image.png', 1, null, null)
      ;

        INSERT INTO library_tracks_playlists
                (trackId, playlistId, trackIndex, addedAtTimestamp)
                values ('podcast:track:clgz9rir000ln3b6ehsg7l6wz', 'podcast:playlist:clgz9riqw000d3b6emzyjak9r', 255, 1528290361000)
      ;

        -- TODO: INSERT OR REPLACE once fixed in SKDB...
        -- INSERT OR REPLACE INTO library_tracks
        DELETE FROM library_tracks WHERE id = 'podcast:track:clgz9rir000lq3b6e2b2c86qz'; 
        INSERT INTO library_tracks
                (id, name, albumId, trackNumber, durationMs, isrc, imageUrl, audioUrl, externalLink, description)
                values ('podcast:track:clgz9rir000lq3b6e2b2c86qz', 'Noisia Radio S04E22', 'podcast:album:clgz9riqw000d3b6emzyjak9r-clgz9rir000lr3b6ekw8jlayq', 0, 3615000, null, 'https://episodes.castos.com/6138cb87d83982-66320119/images/itunes-image.png', 'https://episodes.castos.com/6138cb87d83982-66320119/DYfRncW7uLQLxafAcaeudwOKo7aDLe5ca97pLL0G.mp3', 'https://visionradio.castos.com/episodes/noisia-radio-s04e22-2', 'Noisia Radio this week: Brand new Noisia! (and Former :D) premiere and a preview from Killbox’s upcoming LP on RAM Records. MRSA’s ‘Push Me Down the Stairs’, taken from Solids_2 and a VIP by Halogenix. New music by Survey, DAYLE & Distune, Missing, Beta 2')
      ;

        -- TODO: INSERT OR REPLACE once fixed in SKDB...
        -- INSERT OR REPLACE INTO library_artists
        DELETE FROM library_artists WHERE id = 'podcast:artist:clgz9riqw000d3b6emzyjak9r-clgz9rir000ls3b6eskew95i7';
        INSERT INTO library_artists
        (id, name, imageUrl, colorsString)
        values ('podcast:artist:clgz9riqw000d3b6emzyjak9r-clgz9rir000ls3b6eskew95i7', 'VISION Radio', 'https://episodes.castos.com/6138cb87d83982-66320119/images/itunes-image.png', null)
      ;

        INSERT INTO library_tracks_artists
        (trackId, artistId)
        values ('podcast:track:clgz9rir000lq3b6e2b2c86qz', 'podcast:artist:clgz9riqw000d3b6emzyjak9r-clgz9rir000ls3b6eskew95i7')
      ;

        -- TODO: INSERT OR REPLACE once fixed in SKDB...
        -- INSERT OR REPLACE INTO library_albums
        DELETE FROM library_albums WHERE id = 'podcast:album:clgz9riqw000d3b6emzyjak9r-clgz9rir000lr3b6ekw8jlayq';
        INSERT INTO library_albums
        (id, name, colorsString, imageUrl, trackCount, releaseDate, copyrights)
        values ('podcast:album:clgz9riqw000d3b6emzyjak9r-clgz9rir000lr3b6ekw8jlayq', 'VISION Radio', null, 'https://episodes.castos.com/6138cb87d83982-66320119/images/itunes-image.png', 1, null, null)
      ;

        INSERT INTO library_tracks_playlists
                (trackId, playlistId, trackIndex, addedAtTimestamp)
                values ('podcast:track:clgz9rir000lq3b6e2b2c86qz', 'podcast:playlist:clgz9riqw000d3b6emzyjak9r', 256, 1527690622000)
      ;

        -- TODO: INSERT OR REPLACE once fixed in SKDB...
        -- INSERT OR REPLACE INTO library_tracks
        DELETE FROM library_tracks WHERE id = 'podcast:track:clgz9rir000lt3b6ebwdvevg1'; 
        INSERT INTO library_tracks
                (id, name, albumId, trackNumber, durationMs, isrc, imageUrl, audioUrl, externalLink, description)
                values ('podcast:track:clgz9rir000lt3b6ebwdvevg1', 'Noisia Radio S04E21', 'podcast:album:clgz9riqw000d3b6emzyjak9r-clgz9rir000lu3b6eva3o2jxb', 0, 3666000, null, 'https://episodes.castos.com/6138cb87d83982-66320119/images/itunes-image.png', 'https://episodes.castos.com/6138cb87d83982-66320119/7KC5jW6Pu3KuYhf3JOAdly3Rt4Jp6NiKCEZ7wnKE.mp3', 'https://visionradio.castos.com/episodes/noisia-radio-s04e21-2', 'Noisia Radio this week: LWK’s ‘Derivative’, taken from Solids_2, even more Noer The Boy (Ganzfeld EP). New music by KLAX, Beta 2, SD, Current Value and Disprove. Get to listening!')
      ;

        -- TODO: INSERT OR REPLACE once fixed in SKDB...
        -- INSERT OR REPLACE INTO library_artists
        DELETE FROM library_artists WHERE id = 'podcast:artist:clgz9riqw000d3b6emzyjak9r-clgz9rir000lv3b6esp8655z6';
        INSERT INTO library_artists
        (id, name, imageUrl, colorsString)
        values ('podcast:artist:clgz9riqw000d3b6emzyjak9r-clgz9rir000lv3b6esp8655z6', 'VISION Radio', 'https://episodes.castos.com/6138cb87d83982-66320119/images/itunes-image.png', null)
      ;

        INSERT INTO library_tracks_artists
        (trackId, artistId)
        values ('podcast:track:clgz9rir000lt3b6ebwdvevg1', 'podcast:artist:clgz9riqw000d3b6emzyjak9r-clgz9rir000lv3b6esp8655z6')
      ;

        -- TODO: INSERT OR REPLACE once fixed in SKDB...
        -- INSERT OR REPLACE INTO library_albums
        DELETE FROM library_albums WHERE id = 'podcast:album:clgz9riqw000d3b6emzyjak9r-clgz9rir000lu3b6eva3o2jxb';
        INSERT INTO library_albums
        (id, name, colorsString, imageUrl, trackCount, releaseDate, copyrights)
        values ('podcast:album:clgz9riqw000d3b6emzyjak9r-clgz9rir000lu3b6eva3o2jxb', 'VISION Radio', null, 'https://episodes.castos.com/6138cb87d83982-66320119/images/itunes-image.png', 1, null, null)
      ;

        INSERT INTO library_tracks_playlists
                (trackId, playlistId, trackIndex, addedAtTimestamp)
                values ('podcast:track:clgz9rir000lt3b6ebwdvevg1', 'podcast:playlist:clgz9riqw000d3b6emzyjak9r', 257, 1527079082000)
      ;

        -- TODO: INSERT OR REPLACE once fixed in SKDB...
        -- INSERT OR REPLACE INTO library_tracks
        DELETE FROM library_tracks WHERE id = 'podcast:track:clgz9rir000lw3b6efoq9igw9'; 
        INSERT INTO library_tracks
                (id, name, albumId, trackNumber, durationMs, isrc, imageUrl, audioUrl, externalLink, description)
                values ('podcast:track:clgz9rir000lw3b6efoq9igw9', 'Noisia Radio S04E20', 'podcast:album:clgz9riqw000d3b6emzyjak9r-clgz9rir000lx3b6emaib0f9d', 0, 3600000, null, 'https://episodes.castos.com/6138cb87d83982-66320119/images/itunes-image.png', 'https://episodes.castos.com/6138cb87d83982-66320119/6f5am8is6FFlVwYpQvRCo1qkp7EnwnOXgg5eW9z2.mp3', 'https://visionradio.castos.com/episodes/noisia-radio-s04e20-2', 'Noisia Radio this week: Sinic’s "Bitter Professional", taken from Solids_2, more Noer The Boy (Ganzfeld EP). New music by Redpill, Ivy Lab, Skeptical, Icicle, and Razat on a bitcrush tip. Get to listening! ')
      ;

        -- TODO: INSERT OR REPLACE once fixed in SKDB...
        -- INSERT OR REPLACE INTO library_artists
        DELETE FROM library_artists WHERE id = 'podcast:artist:clgz9riqw000d3b6emzyjak9r-clgz9rir000ly3b6e1z27c0wp';
        INSERT INTO library_artists
        (id, name, imageUrl, colorsString)
        values ('podcast:artist:clgz9riqw000d3b6emzyjak9r-clgz9rir000ly3b6e1z27c0wp', 'VISION Radio', 'https://episodes.castos.com/6138cb87d83982-66320119/images/itunes-image.png', null)
      ;

        INSERT INTO library_tracks_artists
        (trackId, artistId)
        values ('podcast:track:clgz9rir000lw3b6efoq9igw9', 'podcast:artist:clgz9riqw000d3b6emzyjak9r-clgz9rir000ly3b6e1z27c0wp')
      ;

        -- TODO: INSERT OR REPLACE once fixed in SKDB...
        -- INSERT OR REPLACE INTO library_albums
        DELETE FROM library_albums WHERE id = 'podcast:album:clgz9riqw000d3b6emzyjak9r-clgz9rir000lx3b6emaib0f9d';
        INSERT INTO library_albums
        (id, name, colorsString, imageUrl, trackCount, releaseDate, copyrights)
        values ('podcast:album:clgz9riqw000d3b6emzyjak9r-clgz9rir000lx3b6emaib0f9d', 'VISION Radio', null, 'https://episodes.castos.com/6138cb87d83982-66320119/images/itunes-image.png', 1, null, null)
      ;

        INSERT INTO library_tracks_playlists
                (trackId, playlistId, trackIndex, addedAtTimestamp)
                values ('podcast:track:clgz9rir000lw3b6efoq9igw9', 'podcast:playlist:clgz9riqw000d3b6emzyjak9r', 258, 1526467860000)
      ;

        -- TODO: INSERT OR REPLACE once fixed in SKDB...
        -- INSERT OR REPLACE INTO library_tracks
        DELETE FROM library_tracks WHERE id = 'podcast:track:clgz9rir000lz3b6ellz3uzo2'; 
        INSERT INTO library_tracks
                (id, name, albumId, trackNumber, durationMs, isrc, imageUrl, audioUrl, externalLink, description)
                values ('podcast:track:clgz9rir000lz3b6ellz3uzo2', 'Noisia Radio S04E19', 'podcast:album:clgz9riqw000d3b6emzyjak9r-clgz9rir000m03b6e2ckbu8uw', 0, 3600000, null, 'https://episodes.castos.com/6138cb87d83982-66320119/images/itunes-image.png', 'https://episodes.castos.com/6138cb87d83982-66320119/M1co2Q2mPTaEPTKaJuNkDShi7WOqNc82ggwTqVoN.mp3', 'https://visionradio.castos.com/episodes/noisia-radio-s04e19-2', 'Noisia Radio is back to "normal"! For now anyway…Invisible"s Solids series 2 is kicked off by Redpill, Noer The Boy drops "Zaroff"  - taken from his forthcoming Ganzfeld EP - plus new music from Icicle, Emperor, Ivy Lab and Current Value.')
      ;

        -- TODO: INSERT OR REPLACE once fixed in SKDB...
        -- INSERT OR REPLACE INTO library_artists
        DELETE FROM library_artists WHERE id = 'podcast:artist:clgz9riqw000d3b6emzyjak9r-clgz9rir000m13b6e1np7d1jt';
        INSERT INTO library_artists
        (id, name, imageUrl, colorsString)
        values ('podcast:artist:clgz9riqw000d3b6emzyjak9r-clgz9rir000m13b6e1np7d1jt', 'VISION Radio', 'https://episodes.castos.com/6138cb87d83982-66320119/images/itunes-image.png', null)
      ;

        INSERT INTO library_tracks_artists
        (trackId, artistId)
        values ('podcast:track:clgz9rir000lz3b6ellz3uzo2', 'podcast:artist:clgz9riqw000d3b6emzyjak9r-clgz9rir000m13b6e1np7d1jt')
      ;

        -- TODO: INSERT OR REPLACE once fixed in SKDB...
        -- INSERT OR REPLACE INTO library_albums
        DELETE FROM library_albums WHERE id = 'podcast:album:clgz9riqw000d3b6emzyjak9r-clgz9rir000m03b6e2ckbu8uw';
        INSERT INTO library_albums
        (id, name, colorsString, imageUrl, trackCount, releaseDate, copyrights)
        values ('podcast:album:clgz9riqw000d3b6emzyjak9r-clgz9rir000m03b6e2ckbu8uw', 'VISION Radio', null, 'https://episodes.castos.com/6138cb87d83982-66320119/images/itunes-image.png', 1, null, null)
      ;

        INSERT INTO library_tracks_playlists
                (trackId, playlistId, trackIndex, addedAtTimestamp)
                values ('podcast:track:clgz9rir000lz3b6ellz3uzo2', 'podcast:playlist:clgz9riqw000d3b6emzyjak9r', 259, 1525870864000)
      ;

        -- TODO: INSERT OR REPLACE once fixed in SKDB...
        -- INSERT OR REPLACE INTO library_tracks
        DELETE FROM library_tracks WHERE id = 'podcast:track:clgz9rir000m23b6e51qyz705'; 
        INSERT INTO library_tracks
                (id, name, albumId, trackNumber, durationMs, isrc, imageUrl, audioUrl, externalLink, description)
                values ('podcast:track:clgz9rir000m23b6e51qyz705', 'Noisia Radio S04E18 ("Manifest" Album Commentary Special)', 'podcast:album:clgz9riqw000d3b6emzyjak9r-clgz9rir000m33b6eexmruih1', 0, 3600000, null, 'https://episodes.castos.com/6138cb87d83982-66320119/images/itunes-image.png', 'https://episodes.castos.com/6138cb87d83982-66320119/anlnMpVDP4wbmDlc4Pegw1X6BNmxh7okYSAtLFuN.mp3', 'https://visionradio.castos.com/episodes/noisia-radio-s04e18-manifest-album-commentary-special-2', 'Special episode: We talk over the entire Mefjus album "Manifest" with Mefjus and Maksim. We cover the writing and production process, the label side of things, plus a ton of randomness.')
      ;

        -- TODO: INSERT OR REPLACE once fixed in SKDB...
        -- INSERT OR REPLACE INTO library_artists
        DELETE FROM library_artists WHERE id = 'podcast:artist:clgz9riqw000d3b6emzyjak9r-clgz9rir000m43b6etrx0ud49';
        INSERT INTO library_artists
        (id, name, imageUrl, colorsString)
        values ('podcast:artist:clgz9riqw000d3b6emzyjak9r-clgz9rir000m43b6etrx0ud49', 'VISION Radio', 'https://episodes.castos.com/6138cb87d83982-66320119/images/itunes-image.png', null)
      ;

        INSERT INTO library_tracks_artists
        (trackId, artistId)
        values ('podcast:track:clgz9rir000m23b6e51qyz705', 'podcast:artist:clgz9riqw000d3b6emzyjak9r-clgz9rir000m43b6etrx0ud49')
      ;

        -- TODO: INSERT OR REPLACE once fixed in SKDB...
        -- INSERT OR REPLACE INTO library_albums
        DELETE FROM library_albums WHERE id = 'podcast:album:clgz9riqw000d3b6emzyjak9r-clgz9rir000m33b6eexmruih1';
        INSERT INTO library_albums
        (id, name, colorsString, imageUrl, trackCount, releaseDate, copyrights)
        values ('podcast:album:clgz9riqw000d3b6emzyjak9r-clgz9rir000m33b6eexmruih1', 'VISION Radio', null, 'https://episodes.castos.com/6138cb87d83982-66320119/images/itunes-image.png', 1, null, null)
      ;

        INSERT INTO library_tracks_playlists
                (trackId, playlistId, trackIndex, addedAtTimestamp)
                values ('podcast:track:clgz9rir000m23b6e51qyz705', 'podcast:playlist:clgz9riqw000d3b6emzyjak9r', 260, 1525261260000)
      ;

        -- TODO: INSERT OR REPLACE once fixed in SKDB...
        -- INSERT OR REPLACE INTO library_tracks
        DELETE FROM library_tracks WHERE id = 'podcast:track:clgz9rir000m53b6eq4ow8jai'; 
        INSERT INTO library_tracks
                (id, name, albumId, trackNumber, durationMs, isrc, imageUrl, audioUrl, externalLink, description)
                values ('podcast:track:clgz9rir000m53b6eq4ow8jai', 'Noisia Radio S04E17', 'podcast:album:clgz9riqw000d3b6emzyjak9r-clgz9rir000m63b6eftrlc9dc', 0, 3610000, null, 'https://episodes.castos.com/6138cb87d83982-66320119/images/itunes-image.png', 'https://episodes.castos.com/6138cb87d83982-66320119/8OHLVHGaPWxgJAVfPQTPRwi9gE2NFx4CtJDM3Cjj.mp3', 'https://visionradio.castos.com/episodes/noisia-radio-s04e17-2', 'Noisia Radio this week: We premiere ‘Together’ by Mefjus and have DotCrawl in the studio. New music by Ivy Lab, Volatile Cycle, Killill, The Upbeats and more..')
      ;

        -- TODO: INSERT OR REPLACE once fixed in SKDB...
        -- INSERT OR REPLACE INTO library_artists
        DELETE FROM library_artists WHERE id = 'podcast:artist:clgz9riqw000d3b6emzyjak9r-clgz9rir000m73b6eflid2rtm';
        INSERT INTO library_artists
        (id, name, imageUrl, colorsString)
        values ('podcast:artist:clgz9riqw000d3b6emzyjak9r-clgz9rir000m73b6eflid2rtm', 'VISION Radio', 'https://episodes.castos.com/6138cb87d83982-66320119/images/itunes-image.png', null)
      ;

        INSERT INTO library_tracks_artists
        (trackId, artistId)
        values ('podcast:track:clgz9rir000m53b6eq4ow8jai', 'podcast:artist:clgz9riqw000d3b6emzyjak9r-clgz9rir000m73b6eflid2rtm')
      ;

        -- TODO: INSERT OR REPLACE once fixed in SKDB...
        -- INSERT OR REPLACE INTO library_albums
        DELETE FROM library_albums WHERE id = 'podcast:album:clgz9riqw000d3b6emzyjak9r-clgz9rir000m63b6eftrlc9dc';
        INSERT INTO library_albums
        (id, name, colorsString, imageUrl, trackCount, releaseDate, copyrights)
        values ('podcast:album:clgz9riqw000d3b6emzyjak9r-clgz9rir000m63b6eftrlc9dc', 'VISION Radio', null, 'https://episodes.castos.com/6138cb87d83982-66320119/images/itunes-image.png', 1, null, null)
      ;

        INSERT INTO library_tracks_playlists
                (trackId, playlistId, trackIndex, addedAtTimestamp)
                values ('podcast:track:clgz9rir000m53b6eq4ow8jai', 'podcast:playlist:clgz9riqw000d3b6emzyjak9r', 261, 1524661260000)
      ;

        -- TODO: INSERT OR REPLACE once fixed in SKDB...
        -- INSERT OR REPLACE INTO library_tracks
        DELETE FROM library_tracks WHERE id = 'podcast:track:clgz9rir000m83b6ewj011710'; 
        INSERT INTO library_tracks
                (id, name, albumId, trackNumber, durationMs, isrc, imageUrl, audioUrl, externalLink, description)
                values ('podcast:track:clgz9rir000m83b6ewj011710', 'Noisia Radio S04E16 (co-hosts: Skrillex & Sevdaliza)', 'podcast:album:clgz9riqw000d3b6emzyjak9r-clgz9rir000m93b6eg6smsuf8', 0, 3591000, null, 'https://episodes.castos.com/6138cb87d83982-66320119/images/itunes-image.png', 'https://episodes.castos.com/6138cb87d83982-66320119/J7OOGf0ivWdA8XcA0sM31sPz2OEmJr6DehLVDFM4.mp3', 'https://visionradio.castos.com/episodes/noisia-radio-s04e16-co-hosts-skrillex-sevdaliza-2', 'Noisia Radio this week: Skrillex and Sevdaliza join us as guest hosts on this episode. New music by Mefjus, Skrillex, The Upbeats, Joker, Bop, and more..')
      ;

        -- TODO: INSERT OR REPLACE once fixed in SKDB...
        -- INSERT OR REPLACE INTO library_artists
        DELETE FROM library_artists WHERE id = 'podcast:artist:clgz9riqw000d3b6emzyjak9r-clgz9rir000ma3b6epxcs40ql';
        INSERT INTO library_artists
        (id, name, imageUrl, colorsString)
        values ('podcast:artist:clgz9riqw000d3b6emzyjak9r-clgz9rir000ma3b6epxcs40ql', 'VISION Radio', 'https://episodes.castos.com/6138cb87d83982-66320119/images/itunes-image.png', null)
      ;

        INSERT INTO library_tracks_artists
        (trackId, artistId)
        values ('podcast:track:clgz9rir000m83b6ewj011710', 'podcast:artist:clgz9riqw000d3b6emzyjak9r-clgz9rir000ma3b6epxcs40ql')
      ;

        -- TODO: INSERT OR REPLACE once fixed in SKDB...
        -- INSERT OR REPLACE INTO library_albums
        DELETE FROM library_albums WHERE id = 'podcast:album:clgz9riqw000d3b6emzyjak9r-clgz9rir000m93b6eg6smsuf8';
        INSERT INTO library_albums
        (id, name, colorsString, imageUrl, trackCount, releaseDate, copyrights)
        values ('podcast:album:clgz9riqw000d3b6emzyjak9r-clgz9rir000m93b6eg6smsuf8', 'VISION Radio', null, 'https://episodes.castos.com/6138cb87d83982-66320119/images/itunes-image.png', 1, null, null)
      ;

        INSERT INTO library_tracks_playlists
                (trackId, playlistId, trackIndex, addedAtTimestamp)
                values ('podcast:track:clgz9rir000m83b6ewj011710', 'podcast:playlist:clgz9riqw000d3b6emzyjak9r', 262, 1524065400000)
      ;

        -- TODO: INSERT OR REPLACE once fixed in SKDB...
        -- INSERT OR REPLACE INTO library_tracks
        DELETE FROM library_tracks WHERE id = 'podcast:track:clgz9rir000mb3b6enfoeuo4k'; 
        INSERT INTO library_tracks
                (id, name, albumId, trackNumber, durationMs, isrc, imageUrl, audioUrl, externalLink, description)
                values ('podcast:track:clgz9rir000mb3b6enfoeuo4k', 'Noisia Radio S04E15', 'podcast:album:clgz9riqw000d3b6emzyjak9r-clgz9rir000mc3b6ef5mrzaef', 0, 7167000, null, 'https://episodes.castos.com/6138cb87d83982-66320119/images/itunes-image.png', 'https://episodes.castos.com/6138cb87d83982-66320119/FAaz3MvDMI7pkoxZZVXxnzyc5B7lmtXx7mWYy8AU.mp3', 'https://visionradio.castos.com/episodes/noisia-radio-s04e15-2', 'In this week"s Noisia Radio we give you no exclusives, no premieres, none of that. We"re paying respect to our favorite drum and bass from ten years back and older. These are some of the tracks that we listened to most, and that influenced us most.')
      ;

        -- TODO: INSERT OR REPLACE once fixed in SKDB...
        -- INSERT OR REPLACE INTO library_artists
        DELETE FROM library_artists WHERE id = 'podcast:artist:clgz9riqw000d3b6emzyjak9r-clgz9rir000md3b6e6f9uchs4';
        INSERT INTO library_artists
        (id, name, imageUrl, colorsString)
        values ('podcast:artist:clgz9riqw000d3b6emzyjak9r-clgz9rir000md3b6e6f9uchs4', 'VISION Radio', 'https://episodes.castos.com/6138cb87d83982-66320119/images/itunes-image.png', null)
      ;

        INSERT INTO library_tracks_artists
        (trackId, artistId)
        values ('podcast:track:clgz9rir000mb3b6enfoeuo4k', 'podcast:artist:clgz9riqw000d3b6emzyjak9r-clgz9rir000md3b6e6f9uchs4')
      ;

        -- TODO: INSERT OR REPLACE once fixed in SKDB...
        -- INSERT OR REPLACE INTO library_albums
        DELETE FROM library_albums WHERE id = 'podcast:album:clgz9riqw000d3b6emzyjak9r-clgz9rir000mc3b6ef5mrzaef';
        INSERT INTO library_albums
        (id, name, colorsString, imageUrl, trackCount, releaseDate, copyrights)
        values ('podcast:album:clgz9riqw000d3b6emzyjak9r-clgz9rir000mc3b6ef5mrzaef', 'VISION Radio', null, 'https://episodes.castos.com/6138cb87d83982-66320119/images/itunes-image.png', 1, null, null)
      ;

        INSERT INTO library_tracks_playlists
                (trackId, playlistId, trackIndex, addedAtTimestamp)
                values ('podcast:track:clgz9rir000mb3b6enfoeuo4k', 'podcast:playlist:clgz9riqw000d3b6emzyjak9r', 263, 1523445360000)
      ;

        -- TODO: INSERT OR REPLACE once fixed in SKDB...
        -- INSERT OR REPLACE INTO library_tracks
        DELETE FROM library_tracks WHERE id = 'podcast:track:clgz9rir000me3b6ep3u47qo3'; 
        INSERT INTO library_tracks
                (id, name, albumId, trackNumber, durationMs, isrc, imageUrl, audioUrl, externalLink, description)
                values ('podcast:track:clgz9rir000me3b6ep3u47qo3', 'Noisia Radio S04E15', 'podcast:album:clgz9riqw000d3b6emzyjak9r-clgz9rir000mf3b6ef5r00eks', 0, 7167000, null, 'https://episodes.castos.com/6138cb87d83982-66320119/images/itunes-image.png', 'https://episodes.castos.com/6138cb87d83982-66320119/A7pBKWBZ5KHc5IMCx3hdhnAFdJgSvB0FBaX6UJ6R.mp3', 'https://visionradio.castos.com/episodes/noisia-radio-s04e15-2', 'In this week"s Noisia Radio we give you no exclusives, no premieres, none of that. We"re paying respect to our favorite drum and bass from ten years back and older. These are some of the tracks that we listened to most, and that influenced us most.')
      ;

        -- TODO: INSERT OR REPLACE once fixed in SKDB...
        -- INSERT OR REPLACE INTO library_artists
        DELETE FROM library_artists WHERE id = 'podcast:artist:clgz9riqw000d3b6emzyjak9r-clgz9rir000mg3b6emfuztks0';
        INSERT INTO library_artists
        (id, name, imageUrl, colorsString)
        values ('podcast:artist:clgz9riqw000d3b6emzyjak9r-clgz9rir000mg3b6emfuztks0', 'VISION Radio', 'https://episodes.castos.com/6138cb87d83982-66320119/images/itunes-image.png', null)
      ;

        INSERT INTO library_tracks_artists
        (trackId, artistId)
        values ('podcast:track:clgz9rir000me3b6ep3u47qo3', 'podcast:artist:clgz9riqw000d3b6emzyjak9r-clgz9rir000mg3b6emfuztks0')
      ;

        -- TODO: INSERT OR REPLACE once fixed in SKDB...
        -- INSERT OR REPLACE INTO library_albums
        DELETE FROM library_albums WHERE id = 'podcast:album:clgz9riqw000d3b6emzyjak9r-clgz9rir000mf3b6ef5r00eks';
        INSERT INTO library_albums
        (id, name, colorsString, imageUrl, trackCount, releaseDate, copyrights)
        values ('podcast:album:clgz9riqw000d3b6emzyjak9r-clgz9rir000mf3b6ef5r00eks', 'VISION Radio', null, 'https://episodes.castos.com/6138cb87d83982-66320119/images/itunes-image.png', 1, null, null)
      ;

        INSERT INTO library_tracks_playlists
                (trackId, playlistId, trackIndex, addedAtTimestamp)
                values ('podcast:track:clgz9rir000me3b6ep3u47qo3', 'podcast:playlist:clgz9riqw000d3b6emzyjak9r', 264, 1523445360000)
      ;

        -- TODO: INSERT OR REPLACE once fixed in SKDB...
        -- INSERT OR REPLACE INTO library_tracks
        DELETE FROM library_tracks WHERE id = 'podcast:track:clgz9rir000mh3b6ebhssxvtx'; 
        INSERT INTO library_tracks
                (id, name, albumId, trackNumber, durationMs, isrc, imageUrl, audioUrl, externalLink, description)
                values ('podcast:track:clgz9rir000mh3b6ebhssxvtx', 'Noisia Radio S04E14', 'podcast:album:clgz9riqw000d3b6emzyjak9r-clgz9rir000mi3b6esknodk8v', 0, 3600000, null, 'https://episodes.castos.com/6138cb87d83982-66320119/images/itunes-image.png', 'https://episodes.castos.com/6138cb87d83982-66320119/VT7rqorSnIbgEFQ8EDPMcals2x6kh7a7wQhhYo4B.mp3', 'https://visionradio.castos.com/episodes/noisia-radio-s04e14-2', 'Noisia Radio this week: A belated Noisia Radio premiere of our remix for Pendulum’s ‘Hold Your Colour’, Mefjus hits us with the ‘Assembler’ halftime, we urge you to go see the video for ‘Pleasure Model’ (Our collab with Former), and more..')
      ;

        -- TODO: INSERT OR REPLACE once fixed in SKDB...
        -- INSERT OR REPLACE INTO library_artists
        DELETE FROM library_artists WHERE id = 'podcast:artist:clgz9riqw000d3b6emzyjak9r-clgz9rir000mj3b6e3qn2yiud';
        INSERT INTO library_artists
        (id, name, imageUrl, colorsString)
        values ('podcast:artist:clgz9riqw000d3b6emzyjak9r-clgz9rir000mj3b6e3qn2yiud', 'VISION Radio', 'https://episodes.castos.com/6138cb87d83982-66320119/images/itunes-image.png', null)
      ;

        INSERT INTO library_tracks_artists
        (trackId, artistId)
        values ('podcast:track:clgz9rir000mh3b6ebhssxvtx', 'podcast:artist:clgz9riqw000d3b6emzyjak9r-clgz9rir000mj3b6e3qn2yiud')
      ;

        -- TODO: INSERT OR REPLACE once fixed in SKDB...
        -- INSERT OR REPLACE INTO library_albums
        DELETE FROM library_albums WHERE id = 'podcast:album:clgz9riqw000d3b6emzyjak9r-clgz9rir000mi3b6esknodk8v';
        INSERT INTO library_albums
        (id, name, colorsString, imageUrl, trackCount, releaseDate, copyrights)
        values ('podcast:album:clgz9riqw000d3b6emzyjak9r-clgz9rir000mi3b6esknodk8v', 'VISION Radio', null, 'https://episodes.castos.com/6138cb87d83982-66320119/images/itunes-image.png', 1, null, null)
      ;

        INSERT INTO library_tracks_playlists
                (trackId, playlistId, trackIndex, addedAtTimestamp)
                values ('podcast:track:clgz9rir000mh3b6ebhssxvtx', 'podcast:playlist:clgz9riqw000d3b6emzyjak9r', 265, 1522841220000)
      ;

        -- TODO: INSERT OR REPLACE once fixed in SKDB...
        -- INSERT OR REPLACE INTO library_tracks
        DELETE FROM library_tracks WHERE id = 'podcast:track:clgz9rir000mk3b6ex3gw8kbj'; 
        INSERT INTO library_tracks
                (id, name, albumId, trackNumber, durationMs, isrc, imageUrl, audioUrl, externalLink, description)
                values ('podcast:track:clgz9rir000mk3b6ex3gw8kbj', 'Noisia Radio S04E14', 'podcast:album:clgz9riqw000d3b6emzyjak9r-clgz9rir000ml3b6e06uoym2l', 0, 3600000, null, 'https://episodes.castos.com/6138cb87d83982-66320119/images/itunes-image.png', 'https://episodes.castos.com/6138cb87d83982-66320119/K38wXARWH0sB3nPgqfFkfB0oMoBQmfgrY4Tj2WEd.mp3', 'https://visionradio.castos.com/episodes/noisia-radio-s04e14-2', 'Noisia Radio this week: A belated Noisia Radio premiere of our remix for Pendulum’s ‘Hold Your Colour’, Mefjus hits us with the ‘Assembler’ halftime, we urge you to go see the video for ‘Pleasure Model’ (Our collab with Former), and more..')
      ;

        -- TODO: INSERT OR REPLACE once fixed in SKDB...
        -- INSERT OR REPLACE INTO library_artists
        DELETE FROM library_artists WHERE id = 'podcast:artist:clgz9riqw000d3b6emzyjak9r-clgz9rir000mm3b6ekapu230m';
        INSERT INTO library_artists
        (id, name, imageUrl, colorsString)
        values ('podcast:artist:clgz9riqw000d3b6emzyjak9r-clgz9rir000mm3b6ekapu230m', 'VISION Radio', 'https://episodes.castos.com/6138cb87d83982-66320119/images/itunes-image.png', null)
      ;

        INSERT INTO library_tracks_artists
        (trackId, artistId)
        values ('podcast:track:clgz9rir000mk3b6ex3gw8kbj', 'podcast:artist:clgz9riqw000d3b6emzyjak9r-clgz9rir000mm3b6ekapu230m')
      ;

        -- TODO: INSERT OR REPLACE once fixed in SKDB...
        -- INSERT OR REPLACE INTO library_albums
        DELETE FROM library_albums WHERE id = 'podcast:album:clgz9riqw000d3b6emzyjak9r-clgz9rir000ml3b6e06uoym2l';
        INSERT INTO library_albums
        (id, name, colorsString, imageUrl, trackCount, releaseDate, copyrights)
        values ('podcast:album:clgz9riqw000d3b6emzyjak9r-clgz9rir000ml3b6e06uoym2l', 'VISION Radio', null, 'https://episodes.castos.com/6138cb87d83982-66320119/images/itunes-image.png', 1, null, null)
      ;

        INSERT INTO library_tracks_playlists
                (trackId, playlistId, trackIndex, addedAtTimestamp)
                values ('podcast:track:clgz9rir000mk3b6ex3gw8kbj', 'podcast:playlist:clgz9riqw000d3b6emzyjak9r', 266, 1522841220000)
      ;

        -- TODO: INSERT OR REPLACE once fixed in SKDB...
        -- INSERT OR REPLACE INTO library_tracks
        DELETE FROM library_tracks WHERE id = 'podcast:track:clgz9rir000mn3b6evei4n39z'; 
        INSERT INTO library_tracks
                (id, name, albumId, trackNumber, durationMs, isrc, imageUrl, audioUrl, externalLink, description)
                values ('podcast:track:clgz9rir000mn3b6evei4n39z', 'Noisia Radio S04E13', 'podcast:album:clgz9riqw000d3b6emzyjak9r-clgz9rir000mo3b6ev44xlfs9', 0, 3644000, null, 'https://episodes.castos.com/6138cb87d83982-66320119/images/itunes-image.png', 'https://episodes.castos.com/6138cb87d83982-66320119/CB4OsHZPBROrArBXGC45yympeO7JnmultA5Rc1p1.mp3', 'https://visionradio.castos.com/episodes/noisia-radio-s04e13-2', 'Noisia Radio this week: Mefjus" stampeding juggernaut "Muskox"! We also figure out that Høst"s ‘HNTRS’ (Division Partial#4) is an abbreviation of Half Naked Through Raw Science. Then: more new music by Fre4knc, QZB, Enei & Kasra, Disprove, Kronodigger.')
      ;

        -- TODO: INSERT OR REPLACE once fixed in SKDB...
        -- INSERT OR REPLACE INTO library_artists
        DELETE FROM library_artists WHERE id = 'podcast:artist:clgz9riqw000d3b6emzyjak9r-clgz9rir000mp3b6eliw7s9i6';
        INSERT INTO library_artists
        (id, name, imageUrl, colorsString)
        values ('podcast:artist:clgz9riqw000d3b6emzyjak9r-clgz9rir000mp3b6eliw7s9i6', 'VISION Radio', 'https://episodes.castos.com/6138cb87d83982-66320119/images/itunes-image.png', null)
      ;

        INSERT INTO library_tracks_artists
        (trackId, artistId)
        values ('podcast:track:clgz9rir000mn3b6evei4n39z', 'podcast:artist:clgz9riqw000d3b6emzyjak9r-clgz9rir000mp3b6eliw7s9i6')
      ;

        -- TODO: INSERT OR REPLACE once fixed in SKDB...
        -- INSERT OR REPLACE INTO library_albums
        DELETE FROM library_albums WHERE id = 'podcast:album:clgz9riqw000d3b6emzyjak9r-clgz9rir000mo3b6ev44xlfs9';
        INSERT INTO library_albums
        (id, name, colorsString, imageUrl, trackCount, releaseDate, copyrights)
        values ('podcast:album:clgz9riqw000d3b6emzyjak9r-clgz9rir000mo3b6ev44xlfs9', 'VISION Radio', null, 'https://episodes.castos.com/6138cb87d83982-66320119/images/itunes-image.png', 1, null, null)
      ;

        INSERT INTO library_tracks_playlists
                (trackId, playlistId, trackIndex, addedAtTimestamp)
                values ('podcast:track:clgz9rir000mn3b6evei4n39z', 'podcast:playlist:clgz9riqw000d3b6emzyjak9r', 267, 1522242547000)
      ;

        -- TODO: INSERT OR REPLACE once fixed in SKDB...
        -- INSERT OR REPLACE INTO library_tracks
        DELETE FROM library_tracks WHERE id = 'podcast:track:clgz9rir000mq3b6exwft8z9s'; 
        INSERT INTO library_tracks
                (id, name, albumId, trackNumber, durationMs, isrc, imageUrl, audioUrl, externalLink, description)
                values ('podcast:track:clgz9rir000mq3b6exwft8z9s', 'Noisia Radio S04E12', 'podcast:album:clgz9riqw000d3b6emzyjak9r-clgz9rir000mr3b6efqq54r0o', 0, 3656000, null, 'https://episodes.castos.com/6138cb87d83982-66320119/images/itunes-image.png', 'https://episodes.castos.com/6138cb87d83982-66320119/ed4fsoLrduc2XGoA1HjWYtOCAKyxOqgPrJZJvnBR.mp3', 'https://visionradio.castos.com/episodes/noisia-radio-s04e12-2', 'Noisia Radio this week: New Signs & Sotilas, taken from Partial#4 on our Division imprint, Teddy Killerz madness and an unusual concept on Renraku. Plus more music, and a dogwoman.')
      ;

        -- TODO: INSERT OR REPLACE once fixed in SKDB...
        -- INSERT OR REPLACE INTO library_artists
        DELETE FROM library_artists WHERE id = 'podcast:artist:clgz9riqw000d3b6emzyjak9r-clgz9rir000ms3b6esn6jtd10';
        INSERT INTO library_artists
        (id, name, imageUrl, colorsString)
        values ('podcast:artist:clgz9riqw000d3b6emzyjak9r-clgz9rir000ms3b6esn6jtd10', 'VISION Radio', 'https://episodes.castos.com/6138cb87d83982-66320119/images/itunes-image.png', null)
      ;

        INSERT INTO library_tracks_artists
        (trackId, artistId)
        values ('podcast:track:clgz9rir000mq3b6exwft8z9s', 'podcast:artist:clgz9riqw000d3b6emzyjak9r-clgz9rir000ms3b6esn6jtd10')
      ;

        -- TODO: INSERT OR REPLACE once fixed in SKDB...
        -- INSERT OR REPLACE INTO library_albums
        DELETE FROM library_albums WHERE id = 'podcast:album:clgz9riqw000d3b6emzyjak9r-clgz9rir000mr3b6efqq54r0o';
        INSERT INTO library_albums
        (id, name, colorsString, imageUrl, trackCount, releaseDate, copyrights)
        values ('podcast:album:clgz9riqw000d3b6emzyjak9r-clgz9rir000mr3b6efqq54r0o', 'VISION Radio', null, 'https://episodes.castos.com/6138cb87d83982-66320119/images/itunes-image.png', 1, null, null)
      ;

        INSERT INTO library_tracks_playlists
                (trackId, playlistId, trackIndex, addedAtTimestamp)
                values ('podcast:track:clgz9rir000mq3b6exwft8z9s', 'podcast:playlist:clgz9riqw000d3b6emzyjak9r', 268, 1521633540000)
      ;

        -- TODO: INSERT OR REPLACE once fixed in SKDB...
        -- INSERT OR REPLACE INTO library_tracks
        DELETE FROM library_tracks WHERE id = 'podcast:track:clgz9rir000mt3b6e992xy1cc'; 
        INSERT INTO library_tracks
                (id, name, albumId, trackNumber, durationMs, isrc, imageUrl, audioUrl, externalLink, description)
                values ('podcast:track:clgz9rir000mt3b6e992xy1cc', 'Noisia Radio S04E12', 'podcast:album:clgz9riqw000d3b6emzyjak9r-clgz9rir000mu3b6e05el1wjf', 0, 3656000, null, 'https://episodes.castos.com/6138cb87d83982-66320119/images/itunes-image.png', 'https://episodes.castos.com/6138cb87d83982-66320119/cyKK5KSMphl9xjPTs9P7LhPjuaAaB5m4zmIAi7gp.mp3', 'https://visionradio.castos.com/episodes/noisia-radio-s04e12-2', 'Noisia Radio this week: New Signs & Sotilas, taken from Partial#4 on our Division imprint, Teddy Killerz madness and an unusual concept on Renraku. Plus more music, and a dogwoman.')
      ;

        -- TODO: INSERT OR REPLACE once fixed in SKDB...
        -- INSERT OR REPLACE INTO library_artists
        DELETE FROM library_artists WHERE id = 'podcast:artist:clgz9riqw000d3b6emzyjak9r-clgz9rir000mv3b6egidk8nuu';
        INSERT INTO library_artists
        (id, name, imageUrl, colorsString)
        values ('podcast:artist:clgz9riqw000d3b6emzyjak9r-clgz9rir000mv3b6egidk8nuu', 'VISION Radio', 'https://episodes.castos.com/6138cb87d83982-66320119/images/itunes-image.png', null)
      ;

        INSERT INTO library_tracks_artists
        (trackId, artistId)
        values ('podcast:track:clgz9rir000mt3b6e992xy1cc', 'podcast:artist:clgz9riqw000d3b6emzyjak9r-clgz9rir000mv3b6egidk8nuu')
      ;

        -- TODO: INSERT OR REPLACE once fixed in SKDB...
        -- INSERT OR REPLACE INTO library_albums
        DELETE FROM library_albums WHERE id = 'podcast:album:clgz9riqw000d3b6emzyjak9r-clgz9rir000mu3b6e05el1wjf';
        INSERT INTO library_albums
        (id, name, colorsString, imageUrl, trackCount, releaseDate, copyrights)
        values ('podcast:album:clgz9riqw000d3b6emzyjak9r-clgz9rir000mu3b6e05el1wjf', 'VISION Radio', null, 'https://episodes.castos.com/6138cb87d83982-66320119/images/itunes-image.png', 1, null, null)
      ;

        INSERT INTO library_tracks_playlists
                (trackId, playlistId, trackIndex, addedAtTimestamp)
                values ('podcast:track:clgz9rir000mt3b6e992xy1cc', 'podcast:playlist:clgz9riqw000d3b6emzyjak9r', 269, 1521633540000)
      ;

        -- TODO: INSERT OR REPLACE once fixed in SKDB...
        -- INSERT OR REPLACE INTO library_tracks
        DELETE FROM library_tracks WHERE id = 'podcast:track:clgz9rir000mw3b6e35k6b1m7'; 
        INSERT INTO library_tracks
                (id, name, albumId, trackNumber, durationMs, isrc, imageUrl, audioUrl, externalLink, description)
                values ('podcast:track:clgz9rir000mw3b6e35k6b1m7', 'Noisia Radio S04E11', 'podcast:album:clgz9riqw000d3b6emzyjak9r-clgz9rir000mx3b6edu42jxmu', 0, 3602000, null, 'https://episodes.castos.com/6138cb87d83982-66320119/images/itunes-image.png', 'https://episodes.castos.com/6138cb87d83982-66320119/jozVZyyYUcnfri5jvKjlJ220j0iTYFKcx12XuoBJ.mp3', 'https://visionradio.castos.com/episodes/noisia-radio-s04e11-2', 'Noisia Radio this week: We play "Ringshifter" by Mefjus - full album ‘Manifest’ will be out the 26th of April. Prepare to delete all your mixdowns! Also sick new Ivy Lab, Samba, Fre4knc, QZB and more..')
      ;

        -- TODO: INSERT OR REPLACE once fixed in SKDB...
        -- INSERT OR REPLACE INTO library_artists
        DELETE FROM library_artists WHERE id = 'podcast:artist:clgz9riqw000d3b6emzyjak9r-clgz9rir000my3b6eyvte77qp';
        INSERT INTO library_artists
        (id, name, imageUrl, colorsString)
        values ('podcast:artist:clgz9riqw000d3b6emzyjak9r-clgz9rir000my3b6eyvte77qp', 'VISION Radio', 'https://episodes.castos.com/6138cb87d83982-66320119/images/itunes-image.png', null)
      ;

        INSERT INTO library_tracks_artists
        (trackId, artistId)
        values ('podcast:track:clgz9rir000mw3b6e35k6b1m7', 'podcast:artist:clgz9riqw000d3b6emzyjak9r-clgz9rir000my3b6eyvte77qp')
      ;

        -- TODO: INSERT OR REPLACE once fixed in SKDB...
        -- INSERT OR REPLACE INTO library_albums
        DELETE FROM library_albums WHERE id = 'podcast:album:clgz9riqw000d3b6emzyjak9r-clgz9rir000mx3b6edu42jxmu';
        INSERT INTO library_albums
        (id, name, colorsString, imageUrl, trackCount, releaseDate, copyrights)
        values ('podcast:album:clgz9riqw000d3b6emzyjak9r-clgz9rir000mx3b6edu42jxmu', 'VISION Radio', null, 'https://episodes.castos.com/6138cb87d83982-66320119/images/itunes-image.png', 1, null, null)
      ;

        INSERT INTO library_tracks_playlists
                (trackId, playlistId, trackIndex, addedAtTimestamp)
                values ('podcast:track:clgz9rir000mw3b6e35k6b1m7', 'podcast:playlist:clgz9riqw000d3b6emzyjak9r', 270, 1521031643000)
      ;

        -- TODO: INSERT OR REPLACE once fixed in SKDB...
        -- INSERT OR REPLACE INTO library_tracks
        DELETE FROM library_tracks WHERE id = 'podcast:track:clgz9rir000mz3b6e5606t4el'; 
        INSERT INTO library_tracks
                (id, name, albumId, trackNumber, durationMs, isrc, imageUrl, audioUrl, externalLink, description)
                values ('podcast:track:clgz9rir000mz3b6e5606t4el', 'Noisia Radio S04E11', 'podcast:album:clgz9riqw000d3b6emzyjak9r-clgz9rir000n03b6e92rfjiqi', 0, 3602000, null, 'https://episodes.castos.com/6138cb87d83982-66320119/images/itunes-image.png', 'https://episodes.castos.com/6138cb87d83982-66320119/b6ZILgmLsjcCvxyGilnsDlVimcJm6y06nE2IU1M1.mp3', 'https://visionradio.castos.com/episodes/noisia-radio-s04e11-2', 'Noisia Radio this week: We play "Ringshifter" by Mefjus - full album ‘Manifest’ will be out the 26th of April. Prepare to delete all your mixdowns! Also sick new Ivy Lab, Samba, Fre4knc, QZB and more..')
      ;

        -- TODO: INSERT OR REPLACE once fixed in SKDB...
        -- INSERT OR REPLACE INTO library_artists
        DELETE FROM library_artists WHERE id = 'podcast:artist:clgz9riqw000d3b6emzyjak9r-clgz9rir000n13b6eydr0r15m';
        INSERT INTO library_artists
        (id, name, imageUrl, colorsString)
        values ('podcast:artist:clgz9riqw000d3b6emzyjak9r-clgz9rir000n13b6eydr0r15m', 'VISION Radio', 'https://episodes.castos.com/6138cb87d83982-66320119/images/itunes-image.png', null)
      ;

        INSERT INTO library_tracks_artists
        (trackId, artistId)
        values ('podcast:track:clgz9rir000mz3b6e5606t4el', 'podcast:artist:clgz9riqw000d3b6emzyjak9r-clgz9rir000n13b6eydr0r15m')
      ;

        -- TODO: INSERT OR REPLACE once fixed in SKDB...
        -- INSERT OR REPLACE INTO library_albums
        DELETE FROM library_albums WHERE id = 'podcast:album:clgz9riqw000d3b6emzyjak9r-clgz9rir000n03b6e92rfjiqi';
        INSERT INTO library_albums
        (id, name, colorsString, imageUrl, trackCount, releaseDate, copyrights)
        values ('podcast:album:clgz9riqw000d3b6emzyjak9r-clgz9rir000n03b6e92rfjiqi', 'VISION Radio', null, 'https://episodes.castos.com/6138cb87d83982-66320119/images/itunes-image.png', 1, null, null)
      ;

        INSERT INTO library_tracks_playlists
                (trackId, playlistId, trackIndex, addedAtTimestamp)
                values ('podcast:track:clgz9rir000mz3b6e5606t4el', 'podcast:playlist:clgz9riqw000d3b6emzyjak9r', 271, 1521031643000)
      ;

        -- TODO: INSERT OR REPLACE once fixed in SKDB...
        -- INSERT OR REPLACE INTO library_tracks
        DELETE FROM library_tracks WHERE id = 'podcast:track:clgz9rir000n23b6e31ys3qgk'; 
        INSERT INTO library_tracks
                (id, name, albumId, trackNumber, durationMs, isrc, imageUrl, audioUrl, externalLink, description)
                values ('podcast:track:clgz9rir000n23b6e31ys3qgk', 'Noisia Radio S04E10', 'podcast:album:clgz9riqw000d3b6emzyjak9r-clgz9rir000n33b6eiy1oaeke', 0, 3644000, null, 'https://episodes.castos.com/6138cb87d83982-66320119/images/itunes-image.png', 'https://episodes.castos.com/6138cb87d83982-66320119/34gYCPLp8TObjv47Hyry0mk5CrjB3LpdwYKfx5TT.mp3', 'https://visionradio.castos.com/episodes/noisia-radio-s04e10-2', 'Noisia Radio this week: We play Mefjus’ first single taken off his ‘Manifest’ album - out now on Vision. So sick!! Also new music by Razat, Prestige, Circuits, Gydra, Hyroglifics and more..')
      ;

        -- TODO: INSERT OR REPLACE once fixed in SKDB...
        -- INSERT OR REPLACE INTO library_artists
        DELETE FROM library_artists WHERE id = 'podcast:artist:clgz9riqw000d3b6emzyjak9r-clgz9rir000n43b6ewtvq6ay0';
        INSERT INTO library_artists
        (id, name, imageUrl, colorsString)
        values ('podcast:artist:clgz9riqw000d3b6emzyjak9r-clgz9rir000n43b6ewtvq6ay0', 'VISION Radio', 'https://episodes.castos.com/6138cb87d83982-66320119/images/itunes-image.png', null)
      ;

        INSERT INTO library_tracks_artists
        (trackId, artistId)
        values ('podcast:track:clgz9rir000n23b6e31ys3qgk', 'podcast:artist:clgz9riqw000d3b6emzyjak9r-clgz9rir000n43b6ewtvq6ay0')
      ;

        -- TODO: INSERT OR REPLACE once fixed in SKDB...
        -- INSERT OR REPLACE INTO library_albums
        DELETE FROM library_albums WHERE id = 'podcast:album:clgz9riqw000d3b6emzyjak9r-clgz9rir000n33b6eiy1oaeke';
        INSERT INTO library_albums
        (id, name, colorsString, imageUrl, trackCount, releaseDate, copyrights)
        values ('podcast:album:clgz9riqw000d3b6emzyjak9r-clgz9rir000n33b6eiy1oaeke', 'VISION Radio', null, 'https://episodes.castos.com/6138cb87d83982-66320119/images/itunes-image.png', 1, null, null)
      ;

        INSERT INTO library_tracks_playlists
                (trackId, playlistId, trackIndex, addedAtTimestamp)
                values ('podcast:track:clgz9rir000n23b6e31ys3qgk', 'podcast:playlist:clgz9riqw000d3b6emzyjak9r', 272, 1520424120000)
      ;

        -- TODO: INSERT OR REPLACE once fixed in SKDB...
        -- INSERT OR REPLACE INTO library_tracks
        DELETE FROM library_tracks WHERE id = 'podcast:track:clgz9rir000n53b6eys2hfgh8'; 
        INSERT INTO library_tracks
                (id, name, albumId, trackNumber, durationMs, isrc, imageUrl, audioUrl, externalLink, description)
                values ('podcast:track:clgz9rir000n53b6eys2hfgh8', 'Noisia Radio S04E09', 'podcast:album:clgz9riqw000d3b6emzyjak9r-clgz9rir000n63b6ectjnxiel', 0, 3600000, null, 'https://episodes.castos.com/6138cb87d83982-66320119/images/itunes-image.png', 'https://episodes.castos.com/6138cb87d83982-66320119/txkCev6cWNMAXh0v933DBdJIHan4c9scuta3s7za.mp3', 'https://visionradio.castos.com/episodes/noisia-radio-s04e09-2', 'Noisia Radio this week: Proxima’s ‘Cut The Corner’ taken from his new EP on Nëu. Also new music by Hyroglifics, Was A Be, Nami, Neonlight, and a throwback to our own ‘Deception’...')
      ;

        -- TODO: INSERT OR REPLACE once fixed in SKDB...
        -- INSERT OR REPLACE INTO library_artists
        DELETE FROM library_artists WHERE id = 'podcast:artist:clgz9riqw000d3b6emzyjak9r-clgz9rir000n73b6e2b74rzlj';
        INSERT INTO library_artists
        (id, name, imageUrl, colorsString)
        values ('podcast:artist:clgz9riqw000d3b6emzyjak9r-clgz9rir000n73b6e2b74rzlj', 'VISION Radio', 'https://episodes.castos.com/6138cb87d83982-66320119/images/itunes-image.png', null)
      ;

        INSERT INTO library_tracks_artists
        (trackId, artistId)
        values ('podcast:track:clgz9rir000n53b6eys2hfgh8', 'podcast:artist:clgz9riqw000d3b6emzyjak9r-clgz9rir000n73b6e2b74rzlj')
      ;

        -- TODO: INSERT OR REPLACE once fixed in SKDB...
        -- INSERT OR REPLACE INTO library_albums
        DELETE FROM library_albums WHERE id = 'podcast:album:clgz9riqw000d3b6emzyjak9r-clgz9rir000n63b6ectjnxiel';
        INSERT INTO library_albums
        (id, name, colorsString, imageUrl, trackCount, releaseDate, copyrights)
        values ('podcast:album:clgz9riqw000d3b6emzyjak9r-clgz9rir000n63b6ectjnxiel', 'VISION Radio', null, 'https://episodes.castos.com/6138cb87d83982-66320119/images/itunes-image.png', 1, null, null)
      ;

        INSERT INTO library_tracks_playlists
                (trackId, playlistId, trackIndex, addedAtTimestamp)
                values ('podcast:track:clgz9rir000n53b6eys2hfgh8', 'podcast:playlist:clgz9riqw000d3b6emzyjak9r', 273, 1519823782000)
      ;

        -- TODO: INSERT OR REPLACE once fixed in SKDB...
        -- INSERT OR REPLACE INTO library_tracks
        DELETE FROM library_tracks WHERE id = 'podcast:track:clgz9rir000n83b6ew2k06o94'; 
        INSERT INTO library_tracks
                (id, name, albumId, trackNumber, durationMs, isrc, imageUrl, audioUrl, externalLink, description)
                values ('podcast:track:clgz9rir000n83b6ew2k06o94', 'Noisia Radio S04E08', 'podcast:album:clgz9riqw000d3b6emzyjak9r-clgz9rir000n93b6e6g46xzig', 0, 3470000, null, 'https://episodes.castos.com/6138cb87d83982-66320119/images/itunes-image.png', 'https://episodes.castos.com/6138cb87d83982-66320119/ZSJRUOWudDX9DBKRMpcW6gPDse8hhUTtm17ZRsyf.mp3', 'https://visionradio.castos.com/episodes/noisia-radio-s04e08-2', 'Noisia Radio this week: Our genre-bending DJ set from Let It Roll Winter Edition 2018.')
      ;

        -- TODO: INSERT OR REPLACE once fixed in SKDB...
        -- INSERT OR REPLACE INTO library_artists
        DELETE FROM library_artists WHERE id = 'podcast:artist:clgz9riqw000d3b6emzyjak9r-clgz9rir000na3b6efrzbg4id';
        INSERT INTO library_artists
        (id, name, imageUrl, colorsString)
        values ('podcast:artist:clgz9riqw000d3b6emzyjak9r-clgz9rir000na3b6efrzbg4id', 'VISION Radio', 'https://episodes.castos.com/6138cb87d83982-66320119/images/itunes-image.png', null)
      ;

        INSERT INTO library_tracks_artists
        (trackId, artistId)
        values ('podcast:track:clgz9rir000n83b6ew2k06o94', 'podcast:artist:clgz9riqw000d3b6emzyjak9r-clgz9rir000na3b6efrzbg4id')
      ;

        -- TODO: INSERT OR REPLACE once fixed in SKDB...
        -- INSERT OR REPLACE INTO library_albums
        DELETE FROM library_albums WHERE id = 'podcast:album:clgz9riqw000d3b6emzyjak9r-clgz9rir000n93b6e6g46xzig';
        INSERT INTO library_albums
        (id, name, colorsString, imageUrl, trackCount, releaseDate, copyrights)
        values ('podcast:album:clgz9riqw000d3b6emzyjak9r-clgz9rir000n93b6e6g46xzig', 'VISION Radio', null, 'https://episodes.castos.com/6138cb87d83982-66320119/images/itunes-image.png', 1, null, null)
      ;

        INSERT INTO library_tracks_playlists
                (trackId, playlistId, trackIndex, addedAtTimestamp)
                values ('podcast:track:clgz9rir000n83b6ew2k06o94', 'podcast:playlist:clgz9riqw000d3b6emzyjak9r', 274, 1519306743000)
      ;

        -- TODO: INSERT OR REPLACE once fixed in SKDB...
        -- INSERT OR REPLACE INTO library_tracks
        DELETE FROM library_tracks WHERE id = 'podcast:track:clgz9rir000nb3b6eke7fln38'; 
        INSERT INTO library_tracks
                (id, name, albumId, trackNumber, durationMs, isrc, imageUrl, audioUrl, externalLink, description)
                values ('podcast:track:clgz9rir000nb3b6eke7fln38', 'Noisia Radio S04E07', 'podcast:album:clgz9riqw000d3b6emzyjak9r-clgz9rir000nc3b6ezujqqzs4', 0, 3597000, null, 'https://episodes.castos.com/6138cb87d83982-66320119/images/itunes-image.png', 'https://episodes.castos.com/6138cb87d83982-66320119/9SBtEgu9bYO8vKyBsR6DHjJbZhHqlF2RkChcot8O.mp3', 'https://visionradio.castos.com/episodes/noisia-radio-s04e07-2', 'Noisia Radio this week: We premiere our new remix for ‘Camo & Krooked - Ember’, Toast by Foreign Beggars, taken from their album 2 2 Karma. New music by Rockwell, Dayle, Nami, Zeke Beats, Arkaik, Havelock, Donny and more..')
      ;

        -- TODO: INSERT OR REPLACE once fixed in SKDB...
        -- INSERT OR REPLACE INTO library_artists
        DELETE FROM library_artists WHERE id = 'podcast:artist:clgz9riqw000d3b6emzyjak9r-clgz9rir000nd3b6eftkzwcm3';
        INSERT INTO library_artists
        (id, name, imageUrl, colorsString)
        values ('podcast:artist:clgz9riqw000d3b6emzyjak9r-clgz9rir000nd3b6eftkzwcm3', 'VISION Radio', 'https://episodes.castos.com/6138cb87d83982-66320119/images/itunes-image.png', null)
      ;

        INSERT INTO library_tracks_artists
        (trackId, artistId)
        values ('podcast:track:clgz9rir000nb3b6eke7fln38', 'podcast:artist:clgz9riqw000d3b6emzyjak9r-clgz9rir000nd3b6eftkzwcm3')
      ;

        -- TODO: INSERT OR REPLACE once fixed in SKDB...
        -- INSERT OR REPLACE INTO library_albums
        DELETE FROM library_albums WHERE id = 'podcast:album:clgz9riqw000d3b6emzyjak9r-clgz9rir000nc3b6ezujqqzs4';
        INSERT INTO library_albums
        (id, name, colorsString, imageUrl, trackCount, releaseDate, copyrights)
        values ('podcast:album:clgz9riqw000d3b6emzyjak9r-clgz9rir000nc3b6ezujqqzs4', 'VISION Radio', null, 'https://episodes.castos.com/6138cb87d83982-66320119/images/itunes-image.png', 1, null, null)
      ;

        INSERT INTO library_tracks_playlists
                (trackId, playlistId, trackIndex, addedAtTimestamp)
                values ('podcast:track:clgz9rir000nb3b6eke7fln38', 'podcast:playlist:clgz9riqw000d3b6emzyjak9r', 275, 1518630844000)
      ;

        -- TODO: INSERT OR REPLACE once fixed in SKDB...
        -- INSERT OR REPLACE INTO library_tracks
        DELETE FROM library_tracks WHERE id = 'podcast:track:clgz9rir000ne3b6e68957x6k'; 
        INSERT INTO library_tracks
                (id, name, albumId, trackNumber, durationMs, isrc, imageUrl, audioUrl, externalLink, description)
                values ('podcast:track:clgz9rir000ne3b6e68957x6k', 'Noisia Radio S04E06', 'podcast:album:clgz9riqw000d3b6emzyjak9r-clgz9rir000nf3b6eg162y1h2', 0, 3600000, null, 'https://episodes.castos.com/6138cb87d83982-66320119/images/itunes-image.png', 'https://episodes.castos.com/6138cb87d83982-66320119/6UtZ2FJhQa9PJ1m7Y7WWScOqbQtLx7g4zfAtYnbn.mp3', 'https://visionradio.castos.com/episodes/noisia-radio-s04e06-2', 'Noisia Radio this week: Our guy Posij on remix duties for Black Sun Empire, Rockwell and Roni Size collaborating on ‘Easy’, new LEViT∆TE music, and a throwback to Matrix & Fierce.')
      ;

        -- TODO: INSERT OR REPLACE once fixed in SKDB...
        -- INSERT OR REPLACE INTO library_artists
        DELETE FROM library_artists WHERE id = 'podcast:artist:clgz9riqw000d3b6emzyjak9r-clgz9rir000ng3b6e5kmibbdr';
        INSERT INTO library_artists
        (id, name, imageUrl, colorsString)
        values ('podcast:artist:clgz9riqw000d3b6emzyjak9r-clgz9rir000ng3b6e5kmibbdr', 'VISION Radio', 'https://episodes.castos.com/6138cb87d83982-66320119/images/itunes-image.png', null)
      ;

        INSERT INTO library_tracks_artists
        (trackId, artistId)
        values ('podcast:track:clgz9rir000ne3b6e68957x6k', 'podcast:artist:clgz9riqw000d3b6emzyjak9r-clgz9rir000ng3b6e5kmibbdr')
      ;

        -- TODO: INSERT OR REPLACE once fixed in SKDB...
        -- INSERT OR REPLACE INTO library_albums
        DELETE FROM library_albums WHERE id = 'podcast:album:clgz9riqw000d3b6emzyjak9r-clgz9rir000nf3b6eg162y1h2';
        INSERT INTO library_albums
        (id, name, colorsString, imageUrl, trackCount, releaseDate, copyrights)
        values ('podcast:album:clgz9riqw000d3b6emzyjak9r-clgz9rir000nf3b6eg162y1h2', 'VISION Radio', null, 'https://episodes.castos.com/6138cb87d83982-66320119/images/itunes-image.png', 1, null, null)
      ;

        INSERT INTO library_tracks_playlists
                (trackId, playlistId, trackIndex, addedAtTimestamp)
                values ('podcast:track:clgz9rir000ne3b6e68957x6k', 'podcast:playlist:clgz9riqw000d3b6emzyjak9r', 276, 1518008085000)
      ;

        -- TODO: INSERT OR REPLACE once fixed in SKDB...
        -- INSERT OR REPLACE INTO library_tracks
        DELETE FROM library_tracks WHERE id = 'podcast:track:clgz9rir000nh3b6e41v2nt35'; 
        INSERT INTO library_tracks
                (id, name, albumId, trackNumber, durationMs, isrc, imageUrl, audioUrl, externalLink, description)
                values ('podcast:track:clgz9rir000nh3b6e41v2nt35', 'Noisia Radio S04E05', 'podcast:album:clgz9riqw000d3b6emzyjak9r-clgz9rir000ni3b6eg1v4k9ws', 0, 3600000, null, 'https://episodes.castos.com/6138cb87d83982-66320119/images/itunes-image.png', 'https://episodes.castos.com/6138cb87d83982-66320119/z7aF7r3fq8MxBvmSaNGmYKXzJMEiX8YluTy5NZi2.mp3', 'https://visionradio.castos.com/episodes/noisia-radio-s04e05-2', 'Noisia Radio this week: LEViT∆TE, The Outsiders, and Current Value representing our Imprints Division and Invisible. New music from Phace & Signal, Gydra, Emperor on remix duties, and a throwback to Hybris.')
      ;

        -- TODO: INSERT OR REPLACE once fixed in SKDB...
        -- INSERT OR REPLACE INTO library_artists
        DELETE FROM library_artists WHERE id = 'podcast:artist:clgz9riqw000d3b6emzyjak9r-clgz9rir000nj3b6eksd8t28n';
        INSERT INTO library_artists
        (id, name, imageUrl, colorsString)
        values ('podcast:artist:clgz9riqw000d3b6emzyjak9r-clgz9rir000nj3b6eksd8t28n', 'VISION Radio', 'https://episodes.castos.com/6138cb87d83982-66320119/images/itunes-image.png', null)
      ;

        INSERT INTO library_tracks_artists
        (trackId, artistId)
        values ('podcast:track:clgz9rir000nh3b6e41v2nt35', 'podcast:artist:clgz9riqw000d3b6emzyjak9r-clgz9rir000nj3b6eksd8t28n')
      ;

        -- TODO: INSERT OR REPLACE once fixed in SKDB...
        -- INSERT OR REPLACE INTO library_albums
        DELETE FROM library_albums WHERE id = 'podcast:album:clgz9riqw000d3b6emzyjak9r-clgz9rir000ni3b6eg1v4k9ws';
        INSERT INTO library_albums
        (id, name, colorsString, imageUrl, trackCount, releaseDate, copyrights)
        values ('podcast:album:clgz9riqw000d3b6emzyjak9r-clgz9rir000ni3b6eg1v4k9ws', 'VISION Radio', null, 'https://episodes.castos.com/6138cb87d83982-66320119/images/itunes-image.png', 1, null, null)
      ;

        INSERT INTO library_tracks_playlists
                (trackId, playlistId, trackIndex, addedAtTimestamp)
                values ('podcast:track:clgz9rir000nh3b6e41v2nt35', 'podcast:playlist:clgz9riqw000d3b6emzyjak9r', 277, 1517406628000)
      ;

        -- TODO: INSERT OR REPLACE once fixed in SKDB...
        -- INSERT OR REPLACE INTO library_tracks
        DELETE FROM library_tracks WHERE id = 'podcast:track:clgz9rir000nk3b6e8m0n5snl'; 
        INSERT INTO library_tracks
                (id, name, albumId, trackNumber, durationMs, isrc, imageUrl, audioUrl, externalLink, description)
                values ('podcast:track:clgz9rir000nk3b6e8m0n5snl', 'Noisia Radio S04E04', 'podcast:album:clgz9riqw000d3b6emzyjak9r-clgz9rir000nl3b6e60mp1l54', 0, 3612000, null, 'https://episodes.castos.com/6138cb87d83982-66320119/images/itunes-image.png', 'https://episodes.castos.com/6138cb87d83982-66320119/sMpBboRHRnsgqhgunaHfBCfJr5H2l18ko7EYvmvk.mp3', 'https://visionradio.castos.com/episodes/noisia-radio-s04e04-2', 'Noisia Radio this week: new music by Joe Ford, The Upbeats on remix duties for Black Sun Empire, and ‘Salvation’ by LEViT∆TE. All this and more..')
      ;

        -- TODO: INSERT OR REPLACE once fixed in SKDB...
        -- INSERT OR REPLACE INTO library_artists
        DELETE FROM library_artists WHERE id = 'podcast:artist:clgz9riqw000d3b6emzyjak9r-clgz9rir000nm3b6e9cr6qf15';
        INSERT INTO library_artists
        (id, name, imageUrl, colorsString)
        values ('podcast:artist:clgz9riqw000d3b6emzyjak9r-clgz9rir000nm3b6e9cr6qf15', 'VISION Radio', 'https://episodes.castos.com/6138cb87d83982-66320119/images/itunes-image.png', null)
      ;

        INSERT INTO library_tracks_artists
        (trackId, artistId)
        values ('podcast:track:clgz9rir000nk3b6e8m0n5snl', 'podcast:artist:clgz9riqw000d3b6emzyjak9r-clgz9rir000nm3b6e9cr6qf15')
      ;

        -- TODO: INSERT OR REPLACE once fixed in SKDB...
        -- INSERT OR REPLACE INTO library_albums
        DELETE FROM library_albums WHERE id = 'podcast:album:clgz9riqw000d3b6emzyjak9r-clgz9rir000nl3b6e60mp1l54';
        INSERT INTO library_albums
        (id, name, colorsString, imageUrl, trackCount, releaseDate, copyrights)
        values ('podcast:album:clgz9riqw000d3b6emzyjak9r-clgz9rir000nl3b6e60mp1l54', 'VISION Radio', null, 'https://episodes.castos.com/6138cb87d83982-66320119/images/itunes-image.png', 1, null, null)
      ;

        INSERT INTO library_tracks_playlists
                (trackId, playlistId, trackIndex, addedAtTimestamp)
                values ('podcast:track:clgz9rir000nk3b6e8m0n5snl', 'podcast:playlist:clgz9riqw000d3b6emzyjak9r', 278, 1516801408000)
      ;

        -- TODO: INSERT OR REPLACE once fixed in SKDB...
        -- INSERT OR REPLACE INTO library_tracks
        DELETE FROM library_tracks WHERE id = 'podcast:track:clgz9rir000nn3b6eyr2ypxj1'; 
        INSERT INTO library_tracks
                (id, name, albumId, trackNumber, durationMs, isrc, imageUrl, audioUrl, externalLink, description)
                values ('podcast:track:clgz9rir000nn3b6eyr2ypxj1', 'Noisia Radio S04E04', 'podcast:album:clgz9riqw000d3b6emzyjak9r-clgz9rir000no3b6eyia2wwm9', 0, 3612000, null, 'https://episodes.castos.com/6138cb87d83982-66320119/images/itunes-image.png', 'https://episodes.castos.com/6138cb87d83982-66320119/d1if2zzWo2BV1GRWbIaGQxAG7KEXTBijRuoFZ3kq.mp3', 'https://visionradio.castos.com/episodes/noisia-radio-s04e04-2', 'Noisia Radio this week: new music by Joe Ford, The Upbeats on remix duties for Black Sun Empire, and ‘Salvation’ by LEViT∆TE. All this and more..')
      ;

        -- TODO: INSERT OR REPLACE once fixed in SKDB...
        -- INSERT OR REPLACE INTO library_artists
        DELETE FROM library_artists WHERE id = 'podcast:artist:clgz9riqw000d3b6emzyjak9r-clgz9rir000np3b6elvrfkakd';
        INSERT INTO library_artists
        (id, name, imageUrl, colorsString)
        values ('podcast:artist:clgz9riqw000d3b6emzyjak9r-clgz9rir000np3b6elvrfkakd', 'VISION Radio', 'https://episodes.castos.com/6138cb87d83982-66320119/images/itunes-image.png', null)
      ;

        INSERT INTO library_tracks_artists
        (trackId, artistId)
        values ('podcast:track:clgz9rir000nn3b6eyr2ypxj1', 'podcast:artist:clgz9riqw000d3b6emzyjak9r-clgz9rir000np3b6elvrfkakd')
      ;

        -- TODO: INSERT OR REPLACE once fixed in SKDB...
        -- INSERT OR REPLACE INTO library_albums
        DELETE FROM library_albums WHERE id = 'podcast:album:clgz9riqw000d3b6emzyjak9r-clgz9rir000no3b6eyia2wwm9';
        INSERT INTO library_albums
        (id, name, colorsString, imageUrl, trackCount, releaseDate, copyrights)
        values ('podcast:album:clgz9riqw000d3b6emzyjak9r-clgz9rir000no3b6eyia2wwm9', 'VISION Radio', null, 'https://episodes.castos.com/6138cb87d83982-66320119/images/itunes-image.png', 1, null, null)
      ;

        INSERT INTO library_tracks_playlists
                (trackId, playlistId, trackIndex, addedAtTimestamp)
                values ('podcast:track:clgz9rir000nn3b6eyr2ypxj1', 'podcast:playlist:clgz9riqw000d3b6emzyjak9r', 279, 1516801408000)
      ;

        -- TODO: INSERT OR REPLACE once fixed in SKDB...
        -- INSERT OR REPLACE INTO library_tracks
        DELETE FROM library_tracks WHERE id = 'podcast:track:clgz9rir000nq3b6eqtfngqvl'; 
        INSERT INTO library_tracks
                (id, name, albumId, trackNumber, durationMs, isrc, imageUrl, audioUrl, externalLink, description)
                values ('podcast:track:clgz9rir000nq3b6eqtfngqvl', 'Noisia Radio S04E03', 'podcast:album:clgz9riqw000d3b6emzyjak9r-clgz9rir000nr3b6eh5lnfcmz', 0, 3600000, null, 'https://episodes.castos.com/6138cb87d83982-66320119/images/itunes-image.png', 'https://episodes.castos.com/6138cb87d83982-66320119/dfp2EuT40BDG9W3jEji00JL7VLJ1Y88kH0pKlRc8.mp3', 'https://visionradio.castos.com/episodes/noisia-radio-s04e03-2', 'Noisia Radio this week: new music on our labels from Arclight, Chee, Current Value, and LEViT∆TE (new EP announce!), a throwback to the DMC OST and more.')
      ;

        -- TODO: INSERT OR REPLACE once fixed in SKDB...
        -- INSERT OR REPLACE INTO library_artists
        DELETE FROM library_artists WHERE id = 'podcast:artist:clgz9riqw000d3b6emzyjak9r-clgz9rir000ns3b6ep2aa89s4';
        INSERT INTO library_artists
        (id, name, imageUrl, colorsString)
        values ('podcast:artist:clgz9riqw000d3b6emzyjak9r-clgz9rir000ns3b6ep2aa89s4', 'VISION Radio', 'https://episodes.castos.com/6138cb87d83982-66320119/images/itunes-image.png', null)
      ;

        INSERT INTO library_tracks_artists
        (trackId, artistId)
        values ('podcast:track:clgz9rir000nq3b6eqtfngqvl', 'podcast:artist:clgz9riqw000d3b6emzyjak9r-clgz9rir000ns3b6ep2aa89s4')
      ;

        -- TODO: INSERT OR REPLACE once fixed in SKDB...
        -- INSERT OR REPLACE INTO library_albums
        DELETE FROM library_albums WHERE id = 'podcast:album:clgz9riqw000d3b6emzyjak9r-clgz9rir000nr3b6eh5lnfcmz';
        INSERT INTO library_albums
        (id, name, colorsString, imageUrl, trackCount, releaseDate, copyrights)
        values ('podcast:album:clgz9riqw000d3b6emzyjak9r-clgz9rir000nr3b6eh5lnfcmz', 'VISION Radio', null, 'https://episodes.castos.com/6138cb87d83982-66320119/images/itunes-image.png', 1, null, null)
      ;

        INSERT INTO library_tracks_playlists
                (trackId, playlistId, trackIndex, addedAtTimestamp)
                values ('podcast:track:clgz9rir000nq3b6eqtfngqvl', 'podcast:playlist:clgz9riqw000d3b6emzyjak9r', 280, 1516192355000)
      ;

        -- TODO: INSERT OR REPLACE once fixed in SKDB...
        -- INSERT OR REPLACE INTO library_tracks
        DELETE FROM library_tracks WHERE id = 'podcast:track:clgz9rir000nt3b6e0yycgf7e'; 
        INSERT INTO library_tracks
                (id, name, albumId, trackNumber, durationMs, isrc, imageUrl, audioUrl, externalLink, description)
                values ('podcast:track:clgz9rir000nt3b6e0yycgf7e', 'Noisia Radio S04E03', 'podcast:album:clgz9riqw000d3b6emzyjak9r-clgz9rir000nu3b6eanupa90u', 0, 3600000, null, 'https://episodes.castos.com/6138cb87d83982-66320119/images/itunes-image.png', 'https://episodes.castos.com/6138cb87d83982-66320119/FZL0GGLZSFI19Vixqu2vumwgXxkFzd9cuI2OVf9F.mp3', 'https://visionradio.castos.com/episodes/noisia-radio-s04e03-2', 'Noisia Radio this week: new music on our labels from Arclight, Chee, Current Value, and LEViT∆TE (new EP announce!), a throwback to the DMC OST and more.')
      ;

        -- TODO: INSERT OR REPLACE once fixed in SKDB...
        -- INSERT OR REPLACE INTO library_artists
        DELETE FROM library_artists WHERE id = 'podcast:artist:clgz9riqw000d3b6emzyjak9r-clgz9rir000nv3b6e2zasccb8';
        INSERT INTO library_artists
        (id, name, imageUrl, colorsString)
        values ('podcast:artist:clgz9riqw000d3b6emzyjak9r-clgz9rir000nv3b6e2zasccb8', 'VISION Radio', 'https://episodes.castos.com/6138cb87d83982-66320119/images/itunes-image.png', null)
      ;

        INSERT INTO library_tracks_artists
        (trackId, artistId)
        values ('podcast:track:clgz9rir000nt3b6e0yycgf7e', 'podcast:artist:clgz9riqw000d3b6emzyjak9r-clgz9rir000nv3b6e2zasccb8')
      ;

        -- TODO: INSERT OR REPLACE once fixed in SKDB...
        -- INSERT OR REPLACE INTO library_albums
        DELETE FROM library_albums WHERE id = 'podcast:album:clgz9riqw000d3b6emzyjak9r-clgz9rir000nu3b6eanupa90u';
        INSERT INTO library_albums
        (id, name, colorsString, imageUrl, trackCount, releaseDate, copyrights)
        values ('podcast:album:clgz9riqw000d3b6emzyjak9r-clgz9rir000nu3b6eanupa90u', 'VISION Radio', null, 'https://episodes.castos.com/6138cb87d83982-66320119/images/itunes-image.png', 1, null, null)
      ;

        INSERT INTO library_tracks_playlists
                (trackId, playlistId, trackIndex, addedAtTimestamp)
                values ('podcast:track:clgz9rir000nt3b6e0yycgf7e', 'podcast:playlist:clgz9riqw000d3b6emzyjak9r', 281, 1516192355000)
      ;

        -- TODO: INSERT OR REPLACE once fixed in SKDB...
        -- INSERT OR REPLACE INTO library_tracks
        DELETE FROM library_tracks WHERE id = 'podcast:track:clgz9rir000nw3b6eyansts97'; 
        INSERT INTO library_tracks
                (id, name, albumId, trackNumber, durationMs, isrc, imageUrl, audioUrl, externalLink, description)
                values ('podcast:track:clgz9rir000nw3b6eyansts97', 'Noisia Radio S04E02', 'podcast:album:clgz9riqw000d3b6emzyjak9r-clgz9rir000nx3b6ekp848eql', 0, 3608000, null, 'https://episodes.castos.com/6138cb87d83982-66320119/images/itunes-image.png', 'https://episodes.castos.com/6138cb87d83982-66320119/dc2n7H1zVWpSjWJqqykjHUJofjl2NWfdoFzR9tz4.mp3', 'https://visionradio.castos.com/episodes/noisia-radio-s04e02-2', 'Noisia Radio this week: ‘Kije - Unnova’ taken from Outlines 2 forthcoming on our Invisible imprint. New music by Enei & Kasra, Current Value, Posij, and T.I. All this and more things.')
      ;

        -- TODO: INSERT OR REPLACE once fixed in SKDB...
        -- INSERT OR REPLACE INTO library_artists
        DELETE FROM library_artists WHERE id = 'podcast:artist:clgz9riqw000d3b6emzyjak9r-clgz9rir000ny3b6e92liulnw';
        INSERT INTO library_artists
        (id, name, imageUrl, colorsString)
        values ('podcast:artist:clgz9riqw000d3b6emzyjak9r-clgz9rir000ny3b6e92liulnw', 'VISION Radio', 'https://episodes.castos.com/6138cb87d83982-66320119/images/itunes-image.png', null)
      ;

        INSERT INTO library_tracks_artists
        (trackId, artistId)
        values ('podcast:track:clgz9rir000nw3b6eyansts97', 'podcast:artist:clgz9riqw000d3b6emzyjak9r-clgz9rir000ny3b6e92liulnw')
      ;

        -- TODO: INSERT OR REPLACE once fixed in SKDB...
        -- INSERT OR REPLACE INTO library_albums
        DELETE FROM library_albums WHERE id = 'podcast:album:clgz9riqw000d3b6emzyjak9r-clgz9rir000nx3b6ekp848eql';
        INSERT INTO library_albums
        (id, name, colorsString, imageUrl, trackCount, releaseDate, copyrights)
        values ('podcast:album:clgz9riqw000d3b6emzyjak9r-clgz9rir000nx3b6ekp848eql', 'VISION Radio', null, 'https://episodes.castos.com/6138cb87d83982-66320119/images/itunes-image.png', 1, null, null)
      ;

        INSERT INTO library_tracks_playlists
                (trackId, playlistId, trackIndex, addedAtTimestamp)
                values ('podcast:track:clgz9rir000nw3b6eyansts97', 'podcast:playlist:clgz9riqw000d3b6emzyjak9r', 282, 1515586476000)
      ;

        -- TODO: INSERT OR REPLACE once fixed in SKDB...
        -- INSERT OR REPLACE INTO library_tracks
        DELETE FROM library_tracks WHERE id = 'podcast:track:clgz9rir000nz3b6efdahm1p6'; 
        INSERT INTO library_tracks
                (id, name, albumId, trackNumber, durationMs, isrc, imageUrl, audioUrl, externalLink, description)
                values ('podcast:track:clgz9rir000nz3b6efdahm1p6', 'Noisia Radio S04E02', 'podcast:album:clgz9riqw000d3b6emzyjak9r-clgz9rir000o03b6etjdej7ei', 0, 3608000, null, 'https://episodes.castos.com/6138cb87d83982-66320119/images/itunes-image.png', 'https://episodes.castos.com/6138cb87d83982-66320119/tTqQZXX9qOJ0P3WcCyGBK0erEgoLTFdlDCmCB9u0.mp3', 'https://visionradio.castos.com/episodes/noisia-radio-s04e02-2', 'Noisia Radio this week: ‘Kije - Unnova’ taken from Outlines 2 forthcoming on our Invisible imprint. New music by Enei & Kasra, Current Value, Posij, and T.I. All this and more things.')
      ;

        -- TODO: INSERT OR REPLACE once fixed in SKDB...
        -- INSERT OR REPLACE INTO library_artists
        DELETE FROM library_artists WHERE id = 'podcast:artist:clgz9riqw000d3b6emzyjak9r-clgz9rir000o13b6e3hh2phfs';
        INSERT INTO library_artists
        (id, name, imageUrl, colorsString)
        values ('podcast:artist:clgz9riqw000d3b6emzyjak9r-clgz9rir000o13b6e3hh2phfs', 'VISION Radio', 'https://episodes.castos.com/6138cb87d83982-66320119/images/itunes-image.png', null)
      ;

        INSERT INTO library_tracks_artists
        (trackId, artistId)
        values ('podcast:track:clgz9rir000nz3b6efdahm1p6', 'podcast:artist:clgz9riqw000d3b6emzyjak9r-clgz9rir000o13b6e3hh2phfs')
      ;

        -- TODO: INSERT OR REPLACE once fixed in SKDB...
        -- INSERT OR REPLACE INTO library_albums
        DELETE FROM library_albums WHERE id = 'podcast:album:clgz9riqw000d3b6emzyjak9r-clgz9rir000o03b6etjdej7ei';
        INSERT INTO library_albums
        (id, name, colorsString, imageUrl, trackCount, releaseDate, copyrights)
        values ('podcast:album:clgz9riqw000d3b6emzyjak9r-clgz9rir000o03b6etjdej7ei', 'VISION Radio', null, 'https://episodes.castos.com/6138cb87d83982-66320119/images/itunes-image.png', 1, null, null)
      ;

        INSERT INTO library_tracks_playlists
                (trackId, playlistId, trackIndex, addedAtTimestamp)
                values ('podcast:track:clgz9rir000nz3b6efdahm1p6', 'podcast:playlist:clgz9riqw000d3b6emzyjak9r', 283, 1515586476000)
      ;

        -- TODO: INSERT OR REPLACE once fixed in SKDB...
        -- INSERT OR REPLACE INTO library_tracks
        DELETE FROM library_tracks WHERE id = 'podcast:track:clgz9rir000o23b6ef6pk75w3'; 
        INSERT INTO library_tracks
                (id, name, albumId, trackNumber, durationMs, isrc, imageUrl, audioUrl, externalLink, description)
                values ('podcast:track:clgz9rir000o23b6ef6pk75w3', 'Noisia Radio S04E01', 'podcast:album:clgz9riqw000d3b6emzyjak9r-clgz9rir000o33b6enp9cr0kp', 0, 3614000, null, 'https://episodes.castos.com/6138cb87d83982-66320119/images/itunes-image.png', 'https://episodes.castos.com/6138cb87d83982-66320119/uQ6NzTNGhHTqvP7nAaY1DjzZawGt63y6YtcmEv5q.mp3', 'https://visionradio.castos.com/episodes/noisia-radio-s04e01-2', 'Noisia Radio this week: We"re kicking off season 4 with a Current Value guest mix to celebrate the release of his "Deadly Toys" album on Invisible, plus more brand new music by Spectrasoul, Billain and Chee amongst others')
      ;

        -- TODO: INSERT OR REPLACE once fixed in SKDB...
        -- INSERT OR REPLACE INTO library_artists
        DELETE FROM library_artists WHERE id = 'podcast:artist:clgz9riqw000d3b6emzyjak9r-clgz9rir000o43b6evkqdpe78';
        INSERT INTO library_artists
        (id, name, imageUrl, colorsString)
        values ('podcast:artist:clgz9riqw000d3b6emzyjak9r-clgz9rir000o43b6evkqdpe78', 'VISION Radio', 'https://episodes.castos.com/6138cb87d83982-66320119/images/itunes-image.png', null)
      ;

        INSERT INTO library_tracks_artists
        (trackId, artistId)
        values ('podcast:track:clgz9rir000o23b6ef6pk75w3', 'podcast:artist:clgz9riqw000d3b6emzyjak9r-clgz9rir000o43b6evkqdpe78')
      ;

        -- TODO: INSERT OR REPLACE once fixed in SKDB...
        -- INSERT OR REPLACE INTO library_albums
        DELETE FROM library_albums WHERE id = 'podcast:album:clgz9riqw000d3b6emzyjak9r-clgz9rir000o33b6enp9cr0kp';
        INSERT INTO library_albums
        (id, name, colorsString, imageUrl, trackCount, releaseDate, copyrights)
        values ('podcast:album:clgz9riqw000d3b6emzyjak9r-clgz9rir000o33b6enp9cr0kp', 'VISION Radio', null, 'https://episodes.castos.com/6138cb87d83982-66320119/images/itunes-image.png', 1, null, null)
      ;

        INSERT INTO library_tracks_playlists
                (trackId, playlistId, trackIndex, addedAtTimestamp)
                values ('podcast:track:clgz9rir000o23b6ef6pk75w3', 'podcast:playlist:clgz9riqw000d3b6emzyjak9r', 284, 1514992260000)
      ;

        -- TODO: INSERT OR REPLACE once fixed in SKDB...
        -- INSERT OR REPLACE INTO library_tracks
        DELETE FROM library_tracks WHERE id = 'podcast:track:clgz9rir000o53b6e5dnj4ro9'; 
        INSERT INTO library_tracks
                (id, name, albumId, trackNumber, durationMs, isrc, imageUrl, audioUrl, externalLink, description)
                values ('podcast:track:clgz9rir000o53b6e5dnj4ro9', 'Noisia Radio S04E01', 'podcast:album:clgz9riqw000d3b6emzyjak9r-clgz9rir000o63b6e41px29mz', 0, 3614000, null, 'https://episodes.castos.com/6138cb87d83982-66320119/images/itunes-image.png', 'https://episodes.castos.com/6138cb87d83982-66320119/OOS19PgWivFX1DOSbjq8kRxkf65Cl1DNnzDLQH81.mp3', 'https://visionradio.castos.com/episodes/noisia-radio-s04e01-2', 'Noisia Radio this week: We"re kicking off season 4 with a Current Value guest mix to celebrate the release of his "Deadly Toys" album on Invisible, plus more brand new music by Spectrasoul, Billain and Chee amongst others')
      ;

        -- TODO: INSERT OR REPLACE once fixed in SKDB...
        -- INSERT OR REPLACE INTO library_artists
        DELETE FROM library_artists WHERE id = 'podcast:artist:clgz9riqw000d3b6emzyjak9r-clgz9rir000o73b6eqqcd5cfb';
        INSERT INTO library_artists
        (id, name, imageUrl, colorsString)
        values ('podcast:artist:clgz9riqw000d3b6emzyjak9r-clgz9rir000o73b6eqqcd5cfb', 'VISION Radio', 'https://episodes.castos.com/6138cb87d83982-66320119/images/itunes-image.png', null)
      ;

        INSERT INTO library_tracks_artists
        (trackId, artistId)
        values ('podcast:track:clgz9rir000o53b6e5dnj4ro9', 'podcast:artist:clgz9riqw000d3b6emzyjak9r-clgz9rir000o73b6eqqcd5cfb')
      ;

        -- TODO: INSERT OR REPLACE once fixed in SKDB...
        -- INSERT OR REPLACE INTO library_albums
        DELETE FROM library_albums WHERE id = 'podcast:album:clgz9riqw000d3b6emzyjak9r-clgz9rir000o63b6e41px29mz';
        INSERT INTO library_albums
        (id, name, colorsString, imageUrl, trackCount, releaseDate, copyrights)
        values ('podcast:album:clgz9riqw000d3b6emzyjak9r-clgz9rir000o63b6e41px29mz', 'VISION Radio', null, 'https://episodes.castos.com/6138cb87d83982-66320119/images/itunes-image.png', 1, null, null)
      ;

        INSERT INTO library_tracks_playlists
                (trackId, playlistId, trackIndex, addedAtTimestamp)
                values ('podcast:track:clgz9rir000o53b6e5dnj4ro9', 'podcast:playlist:clgz9riqw000d3b6emzyjak9r', 285, 1514992260000)
      ;

        -- TODO: INSERT OR REPLACE once fixed in SKDB...
        -- INSERT OR REPLACE INTO library_tracks
        DELETE FROM library_tracks WHERE id = 'podcast:track:clgz9rir000o83b6eo1y3993z'; 
        INSERT INTO library_tracks
                (id, name, albumId, trackNumber, durationMs, isrc, imageUrl, audioUrl, externalLink, description)
                values ('podcast:track:clgz9rir000o83b6eo1y3993z', 'Noisia Radio S03E52 Best Of 2017', 'podcast:album:clgz9riqw000d3b6emzyjak9r-clgz9rir000o93b6eshm6zkgv', 0, 3629000, null, 'https://episodes.castos.com/6138cb87d83982-66320119/images/itunes-image.png', 'https://episodes.castos.com/6138cb87d83982-66320119/z2qnVoXxOY1B5vGLFF0V2JUOCT1XDFMdHW5d766h.mp3', 'https://visionradio.castos.com/episodes/noisia-radio-s03e52-best-of-2017-2', 'Noisia Radio this week: The best of 2017. A special episode filled with our favorite tracks from all the music we played this year.')
      ;

        -- TODO: INSERT OR REPLACE once fixed in SKDB...
        -- INSERT OR REPLACE INTO library_artists
        DELETE FROM library_artists WHERE id = 'podcast:artist:clgz9riqw000d3b6emzyjak9r-clgz9rir000oa3b6e3e11ccik';
        INSERT INTO library_artists
        (id, name, imageUrl, colorsString)
        values ('podcast:artist:clgz9riqw000d3b6emzyjak9r-clgz9rir000oa3b6e3e11ccik', 'VISION Radio', 'https://episodes.castos.com/6138cb87d83982-66320119/images/itunes-image.png', null)
      ;

        INSERT INTO library_tracks_artists
        (trackId, artistId)
        values ('podcast:track:clgz9rir000o83b6eo1y3993z', 'podcast:artist:clgz9riqw000d3b6emzyjak9r-clgz9rir000oa3b6e3e11ccik')
      ;

        -- TODO: INSERT OR REPLACE once fixed in SKDB...
        -- INSERT OR REPLACE INTO library_albums
        DELETE FROM library_albums WHERE id = 'podcast:album:clgz9riqw000d3b6emzyjak9r-clgz9rir000o93b6eshm6zkgv';
        INSERT INTO library_albums
        (id, name, colorsString, imageUrl, trackCount, releaseDate, copyrights)
        values ('podcast:album:clgz9riqw000d3b6emzyjak9r-clgz9rir000o93b6eshm6zkgv', 'VISION Radio', null, 'https://episodes.castos.com/6138cb87d83982-66320119/images/itunes-image.png', 1, null, null)
      ;

        INSERT INTO library_tracks_playlists
                (trackId, playlistId, trackIndex, addedAtTimestamp)
                values ('podcast:track:clgz9rir000o83b6eo1y3993z', 'podcast:playlist:clgz9riqw000d3b6emzyjak9r', 286, 1514383320000)
      ;

        -- TODO: INSERT OR REPLACE once fixed in SKDB...
        -- INSERT OR REPLACE INTO library_tracks
        DELETE FROM library_tracks WHERE id = 'podcast:track:clgz9rir000ob3b6e3w4k2wj3'; 
        INSERT INTO library_tracks
                (id, name, albumId, trackNumber, durationMs, isrc, imageUrl, audioUrl, externalLink, description)
                values ('podcast:track:clgz9rir000ob3b6e3w4k2wj3', 'Noisia Radio S03E51', 'podcast:album:clgz9riqw000d3b6emzyjak9r-clgz9rir000oc3b6ewu7qd3rj', 0, 3601000, null, 'https://episodes.castos.com/6138cb87d83982-66320119/images/itunes-image.png', 'https://episodes.castos.com/6138cb87d83982-66320119/QpoFaMknl1AmE6nrg5dVCTPBI25s7zsHFpxIHRZg.mp3', 'https://visionradio.castos.com/episodes/noisia-radio-s03e51-2', 'Noisia Radio this week: Annix on remix duties for ‘Drawback’ by Phace & Noisia, ‘Creating’ by Current Value, and Chee takes over for 30 minutes with a guest mix to celebrate the release of his Eddy Morphine EP. All this and more things..')
      ;

        -- TODO: INSERT OR REPLACE once fixed in SKDB...
        -- INSERT OR REPLACE INTO library_artists
        DELETE FROM library_artists WHERE id = 'podcast:artist:clgz9riqw000d3b6emzyjak9r-clgz9rir000od3b6eiwvl8zvm';
        INSERT INTO library_artists
        (id, name, imageUrl, colorsString)
        values ('podcast:artist:clgz9riqw000d3b6emzyjak9r-clgz9rir000od3b6eiwvl8zvm', 'VISION Radio', 'https://episodes.castos.com/6138cb87d83982-66320119/images/itunes-image.png', null)
      ;

        INSERT INTO library_tracks_artists
        (trackId, artistId)
        values ('podcast:track:clgz9rir000ob3b6e3w4k2wj3', 'podcast:artist:clgz9riqw000d3b6emzyjak9r-clgz9rir000od3b6eiwvl8zvm')
      ;

        -- TODO: INSERT OR REPLACE once fixed in SKDB...
        -- INSERT OR REPLACE INTO library_albums
        DELETE FROM library_albums WHERE id = 'podcast:album:clgz9riqw000d3b6emzyjak9r-clgz9rir000oc3b6ewu7qd3rj';
        INSERT INTO library_albums
        (id, name, colorsString, imageUrl, trackCount, releaseDate, copyrights)
        values ('podcast:album:clgz9riqw000d3b6emzyjak9r-clgz9rir000oc3b6ewu7qd3rj', 'VISION Radio', null, 'https://episodes.castos.com/6138cb87d83982-66320119/images/itunes-image.png', 1, null, null)
      ;

        INSERT INTO library_tracks_playlists
                (trackId, playlistId, trackIndex, addedAtTimestamp)
                values ('podcast:track:clgz9rir000ob3b6e3w4k2wj3', 'podcast:playlist:clgz9riqw000d3b6emzyjak9r', 287, 1513774800000)
      ;

        -- TODO: INSERT OR REPLACE once fixed in SKDB...
        -- INSERT OR REPLACE INTO library_tracks
        DELETE FROM library_tracks WHERE id = 'podcast:track:clgz9rir000oe3b6e1xizyas0'; 
        INSERT INTO library_tracks
                (id, name, albumId, trackNumber, durationMs, isrc, imageUrl, audioUrl, externalLink, description)
                values ('podcast:track:clgz9rir000oe3b6e1xizyas0', 'S03E50', 'podcast:album:clgz9riqw000d3b6emzyjak9r-clgz9rir000of3b6et5wgvhly', 0, 3600000, null, 'https://episodes.castos.com/6138cb87d83982-66320119/images/itunes-image.png', 'https://episodes.castos.com/6138cb87d83982-66320119/GCp5NIPkmsgpO9XiYT49o2FcIA0AxuzrR6g3yjvY.mp3', 'https://visionradio.castos.com/episodes/s03e50-2', 'Noisia Radio this week: HELI AGGRESSION! A meditative symphony by Tim aka Current Value. New music by QZB, Chee, Sub Zero & Dj Limited, Scartip, Bredren, Des McHanon and more...')
      ;

        -- TODO: INSERT OR REPLACE once fixed in SKDB...
        -- INSERT OR REPLACE INTO library_artists
        DELETE FROM library_artists WHERE id = 'podcast:artist:clgz9riqw000d3b6emzyjak9r-clgz9rir000og3b6eyf77nd35';
        INSERT INTO library_artists
        (id, name, imageUrl, colorsString)
        values ('podcast:artist:clgz9riqw000d3b6emzyjak9r-clgz9rir000og3b6eyf77nd35', 'VISION Radio', 'https://episodes.castos.com/6138cb87d83982-66320119/images/itunes-image.png', null)
      ;

        INSERT INTO library_tracks_artists
        (trackId, artistId)
        values ('podcast:track:clgz9rir000oe3b6e1xizyas0', 'podcast:artist:clgz9riqw000d3b6emzyjak9r-clgz9rir000og3b6eyf77nd35')
      ;

        -- TODO: INSERT OR REPLACE once fixed in SKDB...
        -- INSERT OR REPLACE INTO library_albums
        DELETE FROM library_albums WHERE id = 'podcast:album:clgz9riqw000d3b6emzyjak9r-clgz9rir000of3b6et5wgvhly';
        INSERT INTO library_albums
        (id, name, colorsString, imageUrl, trackCount, releaseDate, copyrights)
        values ('podcast:album:clgz9riqw000d3b6emzyjak9r-clgz9rir000of3b6et5wgvhly', 'VISION Radio', null, 'https://episodes.castos.com/6138cb87d83982-66320119/images/itunes-image.png', 1, null, null)
      ;

        INSERT INTO library_tracks_playlists
                (trackId, playlistId, trackIndex, addedAtTimestamp)
                values ('podcast:track:clgz9rir000oe3b6e1xizyas0', 'podcast:playlist:clgz9riqw000d3b6emzyjak9r', 288, 1513161600000)
      ;

        -- TODO: INSERT OR REPLACE once fixed in SKDB...
        -- INSERT OR REPLACE INTO library_tracks
        DELETE FROM library_tracks WHERE id = 'podcast:track:clgz9rir000oh3b6e9y1aofpf'; 
        INSERT INTO library_tracks
                (id, name, albumId, trackNumber, durationMs, isrc, imageUrl, audioUrl, externalLink, description)
                values ('podcast:track:clgz9rir000oh3b6e9y1aofpf', 'S03E50', 'podcast:album:clgz9riqw000d3b6emzyjak9r-clgz9rir000oi3b6eb355kmhb', 0, 3600000, null, 'https://episodes.castos.com/6138cb87d83982-66320119/images/itunes-image.png', 'https://episodes.castos.com/6138cb87d83982-66320119/v79m9u1qwMzcdSWfV4ZAjHc4DwDIeUwxshsNBwh0.mp3', 'https://visionradio.castos.com/episodes/s03e50-2', 'Noisia Radio this week: HELI AGGRESSION! A meditative symphony by Tim aka Current Value. New music by QZB, Chee, Sub Zero & Dj Limited, Scartip, Bredren, Des McHanon and more...')
      ;

        -- TODO: INSERT OR REPLACE once fixed in SKDB...
        -- INSERT OR REPLACE INTO library_artists
        DELETE FROM library_artists WHERE id = 'podcast:artist:clgz9riqw000d3b6emzyjak9r-clgz9rir000oj3b6e2pkmhniv';
        INSERT INTO library_artists
        (id, name, imageUrl, colorsString)
        values ('podcast:artist:clgz9riqw000d3b6emzyjak9r-clgz9rir000oj3b6e2pkmhniv', 'VISION Radio', 'https://episodes.castos.com/6138cb87d83982-66320119/images/itunes-image.png', null)
      ;

        INSERT INTO library_tracks_artists
        (trackId, artistId)
        values ('podcast:track:clgz9rir000oh3b6e9y1aofpf', 'podcast:artist:clgz9riqw000d3b6emzyjak9r-clgz9rir000oj3b6e2pkmhniv')
      ;

        -- TODO: INSERT OR REPLACE once fixed in SKDB...
        -- INSERT OR REPLACE INTO library_albums
        DELETE FROM library_albums WHERE id = 'podcast:album:clgz9riqw000d3b6emzyjak9r-clgz9rir000oi3b6eb355kmhb';
        INSERT INTO library_albums
        (id, name, colorsString, imageUrl, trackCount, releaseDate, copyrights)
        values ('podcast:album:clgz9riqw000d3b6emzyjak9r-clgz9rir000oi3b6eb355kmhb', 'VISION Radio', null, 'https://episodes.castos.com/6138cb87d83982-66320119/images/itunes-image.png', 1, null, null)
      ;

        INSERT INTO library_tracks_playlists
                (trackId, playlistId, trackIndex, addedAtTimestamp)
                values ('podcast:track:clgz9rir000oh3b6e9y1aofpf', 'podcast:playlist:clgz9riqw000d3b6emzyjak9r', 289, 1513161600000)
      ;

        -- TODO: INSERT OR REPLACE once fixed in SKDB...
        -- INSERT OR REPLACE INTO library_tracks
        DELETE FROM library_tracks WHERE id = 'podcast:track:clgz9rir000ok3b6efnagh4wo'; 
        INSERT INTO library_tracks
                (id, name, albumId, trackNumber, durationMs, isrc, imageUrl, audioUrl, externalLink, description)
                values ('podcast:track:clgz9rir000ok3b6efnagh4wo', 'Noisia Radio S03E49', 'podcast:album:clgz9riqw000d3b6emzyjak9r-clgz9rir000ol3b6eujb8cnab', 0, 3600000, null, 'https://episodes.castos.com/6138cb87d83982-66320119/images/itunes-image.png', 'https://episodes.castos.com/6138cb87d83982-66320119/7eumtwNrl8VJMNgFa8PiXjKxb1zIHa6ND6MVCpg3.mp3', 'https://visionradio.castos.com/episodes/noisia-radio-s03e49-2', 'Noisia Radio this week: New music from our own imprints in the shape of ‘Eddy Morphine’ by Chee and ‘Dead Communications’ by Current Value, Dean Rodell & Lockjaw. More new music by 1991, Mefjus & Icicle, Disprove, and ChaseR. All this and more things.')
      ;

        -- TODO: INSERT OR REPLACE once fixed in SKDB...
        -- INSERT OR REPLACE INTO library_artists
        DELETE FROM library_artists WHERE id = 'podcast:artist:clgz9riqw000d3b6emzyjak9r-clgz9rir000om3b6ebvju5r59';
        INSERT INTO library_artists
        (id, name, imageUrl, colorsString)
        values ('podcast:artist:clgz9riqw000d3b6emzyjak9r-clgz9rir000om3b6ebvju5r59', 'VISION Radio', 'https://episodes.castos.com/6138cb87d83982-66320119/images/itunes-image.png', null)
      ;

        INSERT INTO library_tracks_artists
        (trackId, artistId)
        values ('podcast:track:clgz9rir000ok3b6efnagh4wo', 'podcast:artist:clgz9riqw000d3b6emzyjak9r-clgz9rir000om3b6ebvju5r59')
      ;

        -- TODO: INSERT OR REPLACE once fixed in SKDB...
        -- INSERT OR REPLACE INTO library_albums
        DELETE FROM library_albums WHERE id = 'podcast:album:clgz9riqw000d3b6emzyjak9r-clgz9rir000ol3b6eujb8cnab';
        INSERT INTO library_albums
        (id, name, colorsString, imageUrl, trackCount, releaseDate, copyrights)
        values ('podcast:album:clgz9riqw000d3b6emzyjak9r-clgz9rir000ol3b6eujb8cnab', 'VISION Radio', null, 'https://episodes.castos.com/6138cb87d83982-66320119/images/itunes-image.png', 1, null, null)
      ;

        INSERT INTO library_tracks_playlists
                (trackId, playlistId, trackIndex, addedAtTimestamp)
                values ('podcast:track:clgz9rir000ok3b6efnagh4wo', 'podcast:playlist:clgz9riqw000d3b6emzyjak9r', 290, 1512561966000)
      ;

        -- TODO: INSERT OR REPLACE once fixed in SKDB...
        -- INSERT OR REPLACE INTO library_tracks
        DELETE FROM library_tracks WHERE id = 'podcast:track:clgz9rir000on3b6e7zjk3es1'; 
        INSERT INTO library_tracks
                (id, name, albumId, trackNumber, durationMs, isrc, imageUrl, audioUrl, externalLink, description)
                values ('podcast:track:clgz9rir000on3b6e7zjk3es1', 'Noisia Radio S03E49', 'podcast:album:clgz9riqw000d3b6emzyjak9r-clgz9rir000oo3b6eea9ilfoq', 0, 3600000, null, 'https://episodes.castos.com/6138cb87d83982-66320119/images/itunes-image.png', 'https://episodes.castos.com/6138cb87d83982-66320119/7M5Jf8jiH5UroO9Utyk6dhicE3iXcHPllg1OemtH.mp3', 'https://visionradio.castos.com/episodes/noisia-radio-s03e49-2', 'Noisia Radio this week: New music from our own imprints in the shape of ‘Eddy Morphine’ by Chee and ‘Dead Communications’ by Current Value, Dean Rodell & Lockjaw. More new music by 1991, Mefjus & Icicle, Disprove, and ChaseR. All this and more things.')
      ;

        -- TODO: INSERT OR REPLACE once fixed in SKDB...
        -- INSERT OR REPLACE INTO library_artists
        DELETE FROM library_artists WHERE id = 'podcast:artist:clgz9riqw000d3b6emzyjak9r-clgz9rir000op3b6es5q5lenn';
        INSERT INTO library_artists
        (id, name, imageUrl, colorsString)
        values ('podcast:artist:clgz9riqw000d3b6emzyjak9r-clgz9rir000op3b6es5q5lenn', 'VISION Radio', 'https://episodes.castos.com/6138cb87d83982-66320119/images/itunes-image.png', null)
      ;

        INSERT INTO library_tracks_artists
        (trackId, artistId)
        values ('podcast:track:clgz9rir000on3b6e7zjk3es1', 'podcast:artist:clgz9riqw000d3b6emzyjak9r-clgz9rir000op3b6es5q5lenn')
      ;

        -- TODO: INSERT OR REPLACE once fixed in SKDB...
        -- INSERT OR REPLACE INTO library_albums
        DELETE FROM library_albums WHERE id = 'podcast:album:clgz9riqw000d3b6emzyjak9r-clgz9rir000oo3b6eea9ilfoq';
        INSERT INTO library_albums
        (id, name, colorsString, imageUrl, trackCount, releaseDate, copyrights)
        values ('podcast:album:clgz9riqw000d3b6emzyjak9r-clgz9rir000oo3b6eea9ilfoq', 'VISION Radio', null, 'https://episodes.castos.com/6138cb87d83982-66320119/images/itunes-image.png', 1, null, null)
      ;

        INSERT INTO library_tracks_playlists
                (trackId, playlistId, trackIndex, addedAtTimestamp)
                values ('podcast:track:clgz9rir000on3b6e7zjk3es1', 'podcast:playlist:clgz9riqw000d3b6emzyjak9r', 291, 1512561966000)
      ;

        -- TODO: INSERT OR REPLACE once fixed in SKDB...
        -- INSERT OR REPLACE INTO library_tracks
        DELETE FROM library_tracks WHERE id = 'podcast:track:clgz9rir000oq3b6e5aj7oay1'; 
        INSERT INTO library_tracks
                (id, name, albumId, trackNumber, durationMs, isrc, imageUrl, audioUrl, externalLink, description)
                values ('podcast:track:clgz9rir000oq3b6e5aj7oay1', 'Noisia Radio S03E48', 'podcast:album:clgz9riqw000d3b6emzyjak9r-clgz9rir000or3b6e87ax1bk0', 0, 3602000, null, 'https://episodes.castos.com/6138cb87d83982-66320119/images/itunes-image.png', 'https://episodes.castos.com/6138cb87d83982-66320119/zoFIbX0F6KNdMIYrNBy0a1WajXJI3BvozZKLRTrO.mp3', 'https://visionradio.castos.com/episodes/noisia-radio-s03e48-2', 'Noisia Radio this week: The premiere of Chee’s new Eddy Morphine EP, new Current Value, music by the likes of The Upbeats, Trisicloplox, Alix Perez, Xtrah, UFO!, Bassnectar and more holy crep')
      ;

        -- TODO: INSERT OR REPLACE once fixed in SKDB...
        -- INSERT OR REPLACE INTO library_artists
        DELETE FROM library_artists WHERE id = 'podcast:artist:clgz9riqw000d3b6emzyjak9r-clgz9rir000os3b6ee6nqas2q';
        INSERT INTO library_artists
        (id, name, imageUrl, colorsString)
        values ('podcast:artist:clgz9riqw000d3b6emzyjak9r-clgz9rir000os3b6ee6nqas2q', 'VISION Radio', 'https://episodes.castos.com/6138cb87d83982-66320119/images/itunes-image.png', null)
      ;

        INSERT INTO library_tracks_artists
        (trackId, artistId)
        values ('podcast:track:clgz9rir000oq3b6e5aj7oay1', 'podcast:artist:clgz9riqw000d3b6emzyjak9r-clgz9rir000os3b6ee6nqas2q')
      ;

        -- TODO: INSERT OR REPLACE once fixed in SKDB...
        -- INSERT OR REPLACE INTO library_albums
        DELETE FROM library_albums WHERE id = 'podcast:album:clgz9riqw000d3b6emzyjak9r-clgz9rir000or3b6e87ax1bk0';
        INSERT INTO library_albums
        (id, name, colorsString, imageUrl, trackCount, releaseDate, copyrights)
        values ('podcast:album:clgz9riqw000d3b6emzyjak9r-clgz9rir000or3b6e87ax1bk0', 'VISION Radio', null, 'https://episodes.castos.com/6138cb87d83982-66320119/images/itunes-image.png', 1, null, null)
      ;

        INSERT INTO library_tracks_playlists
                (trackId, playlistId, trackIndex, addedAtTimestamp)
                values ('podcast:track:clgz9rir000oq3b6e5aj7oay1', 'podcast:playlist:clgz9riqw000d3b6emzyjak9r', 292, 1511956800000)
      ;

        -- TODO: INSERT OR REPLACE once fixed in SKDB...
        -- INSERT OR REPLACE INTO library_tracks
        DELETE FROM library_tracks WHERE id = 'podcast:track:clgz9rir000ot3b6es3aj7mfq'; 
        INSERT INTO library_tracks
                (id, name, albumId, trackNumber, durationMs, isrc, imageUrl, audioUrl, externalLink, description)
                values ('podcast:track:clgz9rir000ot3b6es3aj7mfq', 'Noisia Radio S03E48', 'podcast:album:clgz9riqw000d3b6emzyjak9r-clgz9rir000ou3b6edus8na7o', 0, 3602000, null, 'https://episodes.castos.com/6138cb87d83982-66320119/images/itunes-image.png', 'https://episodes.castos.com/6138cb87d83982-66320119/vzpzZSa6ACAOPqVglxbLgtjViznRZn7rLv9hPs9Z.mp3', 'https://visionradio.castos.com/episodes/noisia-radio-s03e48-2', 'Noisia Radio this week: The premiere of Chee’s new Eddy Morphine EP, new Current Value, music by the likes of The Upbeats, Trisicloplox, Alix Perez, Xtrah, UFO!, Bassnectar and more holy crep')
      ;

        -- TODO: INSERT OR REPLACE once fixed in SKDB...
        -- INSERT OR REPLACE INTO library_artists
        DELETE FROM library_artists WHERE id = 'podcast:artist:clgz9riqw000d3b6emzyjak9r-clgz9rir000ov3b6e9e2qjf33';
        INSERT INTO library_artists
        (id, name, imageUrl, colorsString)
        values ('podcast:artist:clgz9riqw000d3b6emzyjak9r-clgz9rir000ov3b6e9e2qjf33', 'VISION Radio', 'https://episodes.castos.com/6138cb87d83982-66320119/images/itunes-image.png', null)
      ;

        INSERT INTO library_tracks_artists
        (trackId, artistId)
        values ('podcast:track:clgz9rir000ot3b6es3aj7mfq', 'podcast:artist:clgz9riqw000d3b6emzyjak9r-clgz9rir000ov3b6e9e2qjf33')
      ;

        -- TODO: INSERT OR REPLACE once fixed in SKDB...
        -- INSERT OR REPLACE INTO library_albums
        DELETE FROM library_albums WHERE id = 'podcast:album:clgz9riqw000d3b6emzyjak9r-clgz9rir000ou3b6edus8na7o';
        INSERT INTO library_albums
        (id, name, colorsString, imageUrl, trackCount, releaseDate, copyrights)
        values ('podcast:album:clgz9riqw000d3b6emzyjak9r-clgz9rir000ou3b6edus8na7o', 'VISION Radio', null, 'https://episodes.castos.com/6138cb87d83982-66320119/images/itunes-image.png', 1, null, null)
      ;

        INSERT INTO library_tracks_playlists
                (trackId, playlistId, trackIndex, addedAtTimestamp)
                values ('podcast:track:clgz9rir000ot3b6es3aj7mfq', 'podcast:playlist:clgz9riqw000d3b6emzyjak9r', 293, 1511956800000)
      ;

        -- TODO: INSERT OR REPLACE once fixed in SKDB...
        -- INSERT OR REPLACE INTO library_tracks
        DELETE FROM library_tracks WHERE id = 'podcast:track:clgz9rir000ow3b6e7x1z9mor'; 
        INSERT INTO library_tracks
                (id, name, albumId, trackNumber, durationMs, isrc, imageUrl, audioUrl, externalLink, description)
                values ('podcast:track:clgz9rir000ow3b6e7x1z9mor', 'Noisia Radio S03E47', 'podcast:album:clgz9riqw000d3b6emzyjak9r-clgz9rir100ox3b6ek5t68s84', 0, 3615000, null, 'https://episodes.castos.com/6138cb87d83982-66320119/images/itunes-image.png', 'https://episodes.castos.com/6138cb87d83982-66320119/eexWbUWaO2fED7S0dAd8EOx3sNHTUjeX9FGAHLT7.mp3', 'https://visionradio.castos.com/episodes/noisia-radio-s03e47-2', 'Noisia Radio this week: We announce ‘Deadly Toys’, an album by Current Value, and you’re not ready for it. More new music by Exept, Subp Yao, Serum, Gydra, Skeptical and more..')
      ;

        -- TODO: INSERT OR REPLACE once fixed in SKDB...
        -- INSERT OR REPLACE INTO library_artists
        DELETE FROM library_artists WHERE id = 'podcast:artist:clgz9riqw000d3b6emzyjak9r-clgz9rir100oy3b6e5ivv5lv0';
        INSERT INTO library_artists
        (id, name, imageUrl, colorsString)
        values ('podcast:artist:clgz9riqw000d3b6emzyjak9r-clgz9rir100oy3b6e5ivv5lv0', 'VISION Radio', 'https://episodes.castos.com/6138cb87d83982-66320119/images/itunes-image.png', null)
      ;

        INSERT INTO library_tracks_artists
        (trackId, artistId)
        values ('podcast:track:clgz9rir000ow3b6e7x1z9mor', 'podcast:artist:clgz9riqw000d3b6emzyjak9r-clgz9rir100oy3b6e5ivv5lv0')
      ;

        -- TODO: INSERT OR REPLACE once fixed in SKDB...
        -- INSERT OR REPLACE INTO library_albums
        DELETE FROM library_albums WHERE id = 'podcast:album:clgz9riqw000d3b6emzyjak9r-clgz9rir100ox3b6ek5t68s84';
        INSERT INTO library_albums
        (id, name, colorsString, imageUrl, trackCount, releaseDate, copyrights)
        values ('podcast:album:clgz9riqw000d3b6emzyjak9r-clgz9rir100ox3b6ek5t68s84', 'VISION Radio', null, 'https://episodes.castos.com/6138cb87d83982-66320119/images/itunes-image.png', 1, null, null)
      ;

        INSERT INTO library_tracks_playlists
                (trackId, playlistId, trackIndex, addedAtTimestamp)
                values ('podcast:track:clgz9rir000ow3b6e7x1z9mor', 'podcast:playlist:clgz9riqw000d3b6emzyjak9r', 294, 1511353380000)
      ;

        -- TODO: INSERT OR REPLACE once fixed in SKDB...
        -- INSERT OR REPLACE INTO library_tracks
        DELETE FROM library_tracks WHERE id = 'podcast:track:clgz9rir100oz3b6e9v300tcj'; 
        INSERT INTO library_tracks
                (id, name, albumId, trackNumber, durationMs, isrc, imageUrl, audioUrl, externalLink, description)
                values ('podcast:track:clgz9rir100oz3b6e9v300tcj', 'Noisia Radio S03E46', 'podcast:album:clgz9riqw000d3b6emzyjak9r-clgz9rir100p03b6ei7wr4752', 0, 3600000, null, 'https://episodes.castos.com/6138cb87d83982-66320119/images/itunes-image.png', 'https://episodes.castos.com/6138cb87d83982-66320119/xU60c8wrb4fujqQ5XoTj0xibePmhZAFRwXklxNEP.mp3', 'https://visionradio.castos.com/episodes/noisia-radio-s03e46-2', 'Noisia Radio this week: We premiere “So Did I” by Doctrine, taken from the Outlines series on our Invisible imprint. New music by: Jam Thieves, Icicle, Redpill, Nami, Monty, and more..')
      ;

        -- TODO: INSERT OR REPLACE once fixed in SKDB...
        -- INSERT OR REPLACE INTO library_artists
        DELETE FROM library_artists WHERE id = 'podcast:artist:clgz9riqw000d3b6emzyjak9r-clgz9rir100p13b6ew9094tcg';
        INSERT INTO library_artists
        (id, name, imageUrl, colorsString)
        values ('podcast:artist:clgz9riqw000d3b6emzyjak9r-clgz9rir100p13b6ew9094tcg', 'VISION Radio', 'https://episodes.castos.com/6138cb87d83982-66320119/images/itunes-image.png', null)
      ;

        INSERT INTO library_tracks_artists
        (trackId, artistId)
        values ('podcast:track:clgz9rir100oz3b6e9v300tcj', 'podcast:artist:clgz9riqw000d3b6emzyjak9r-clgz9rir100p13b6ew9094tcg')
      ;

        -- TODO: INSERT OR REPLACE once fixed in SKDB...
        -- INSERT OR REPLACE INTO library_albums
        DELETE FROM library_albums WHERE id = 'podcast:album:clgz9riqw000d3b6emzyjak9r-clgz9rir100p03b6ei7wr4752';
        INSERT INTO library_albums
        (id, name, colorsString, imageUrl, trackCount, releaseDate, copyrights)
        values ('podcast:album:clgz9riqw000d3b6emzyjak9r-clgz9rir100p03b6ei7wr4752', 'VISION Radio', null, 'https://episodes.castos.com/6138cb87d83982-66320119/images/itunes-image.png', 1, null, null)
      ;

        INSERT INTO library_tracks_playlists
                (trackId, playlistId, trackIndex, addedAtTimestamp)
                values ('podcast:track:clgz9rir100oz3b6e9v300tcj', 'podcast:playlist:clgz9riqw000d3b6emzyjak9r', 295, 1510744500000)
      ;

        -- TODO: INSERT OR REPLACE once fixed in SKDB...
        -- INSERT OR REPLACE INTO library_tracks
        DELETE FROM library_tracks WHERE id = 'podcast:track:clgz9rir100p23b6edb7obiu4'; 
        INSERT INTO library_tracks
                (id, name, albumId, trackNumber, durationMs, isrc, imageUrl, audioUrl, externalLink, description)
                values ('podcast:track:clgz9rir100p23b6edb7obiu4', 'Noisia Radio S03E45', 'podcast:album:clgz9riqw000d3b6emzyjak9r-clgz9rir100p33b6eux3x4hel', 0, 3605000, null, 'https://episodes.castos.com/6138cb87d83982-66320119/images/itunes-image.png', 'https://episodes.castos.com/6138cb87d83982-66320119/yxTs9rWc6vFBAOFKRI6FCa65XIRnozxnuX2V1qb1.mp3', 'https://visionradio.castos.com/episodes/noisia-radio-s03e45-2', 'Noisia Radio this week: ’Yokaze - Pink Oblivian’ taken from Partial#3, forthcoming on Division. New music by Foreign Beggars, Thys, S.P.Y., Jon Casey, Evol Intent, and Audio.')
      ;

        -- TODO: INSERT OR REPLACE once fixed in SKDB...
        -- INSERT OR REPLACE INTO library_artists
        DELETE FROM library_artists WHERE id = 'podcast:artist:clgz9riqw000d3b6emzyjak9r-clgz9rir100p43b6e5it2qgwg';
        INSERT INTO library_artists
        (id, name, imageUrl, colorsString)
        values ('podcast:artist:clgz9riqw000d3b6emzyjak9r-clgz9rir100p43b6e5it2qgwg', 'VISION Radio', 'https://episodes.castos.com/6138cb87d83982-66320119/images/itunes-image.png', null)
      ;

        INSERT INTO library_tracks_artists
        (trackId, artistId)
        values ('podcast:track:clgz9rir100p23b6edb7obiu4', 'podcast:artist:clgz9riqw000d3b6emzyjak9r-clgz9rir100p43b6e5it2qgwg')
      ;

        -- TODO: INSERT OR REPLACE once fixed in SKDB...
        -- INSERT OR REPLACE INTO library_albums
        DELETE FROM library_albums WHERE id = 'podcast:album:clgz9riqw000d3b6emzyjak9r-clgz9rir100p33b6eux3x4hel';
        INSERT INTO library_albums
        (id, name, colorsString, imageUrl, trackCount, releaseDate, copyrights)
        values ('podcast:album:clgz9riqw000d3b6emzyjak9r-clgz9rir100p33b6eux3x4hel', 'VISION Radio', null, 'https://episodes.castos.com/6138cb87d83982-66320119/images/itunes-image.png', 1, null, null)
      ;

        INSERT INTO library_tracks_playlists
                (trackId, playlistId, trackIndex, addedAtTimestamp)
                values ('podcast:track:clgz9rir100p23b6edb7obiu4', 'podcast:playlist:clgz9riqw000d3b6emzyjak9r', 296, 1510176263000)
      ;

        -- TODO: INSERT OR REPLACE once fixed in SKDB...
        -- INSERT OR REPLACE INTO library_tracks
        DELETE FROM library_tracks WHERE id = 'podcast:track:clgz9rir100p53b6eq285ihj5'; 
        INSERT INTO library_tracks
                (id, name, albumId, trackNumber, durationMs, isrc, imageUrl, audioUrl, externalLink, description)
                values ('podcast:track:clgz9rir100p53b6eq285ihj5', 'Noisia Radio S03E45', 'podcast:album:clgz9riqw000d3b6emzyjak9r-clgz9rir100p63b6ern5ycclw', 0, 3605000, null, 'https://episodes.castos.com/6138cb87d83982-66320119/images/itunes-image.png', 'https://episodes.castos.com/6138cb87d83982-66320119/sLkWP4gnvqsBo9H4lGMXY3VVfDlvwtbt12Bl97oM.mp3', 'https://visionradio.castos.com/episodes/noisia-radio-s03e45-2', 'Noisia Radio this week: ’Yokaze - Pink Oblivian’ taken from Partial#3, forthcoming on Division. New music by Foreign Beggars, Thys, S.P.Y., Jon Casey, Evol Intent, and Audio.')
      ;

        -- TODO: INSERT OR REPLACE once fixed in SKDB...
        -- INSERT OR REPLACE INTO library_artists
        DELETE FROM library_artists WHERE id = 'podcast:artist:clgz9riqw000d3b6emzyjak9r-clgz9rir100p73b6evvwhovf8';
        INSERT INTO library_artists
        (id, name, imageUrl, colorsString)
        values ('podcast:artist:clgz9riqw000d3b6emzyjak9r-clgz9rir100p73b6evvwhovf8', 'VISION Radio', 'https://episodes.castos.com/6138cb87d83982-66320119/images/itunes-image.png', null)
      ;

        INSERT INTO library_tracks_artists
        (trackId, artistId)
        values ('podcast:track:clgz9rir100p53b6eq285ihj5', 'podcast:artist:clgz9riqw000d3b6emzyjak9r-clgz9rir100p73b6evvwhovf8')
      ;

        -- TODO: INSERT OR REPLACE once fixed in SKDB...
        -- INSERT OR REPLACE INTO library_albums
        DELETE FROM library_albums WHERE id = 'podcast:album:clgz9riqw000d3b6emzyjak9r-clgz9rir100p63b6ern5ycclw';
        INSERT INTO library_albums
        (id, name, colorsString, imageUrl, trackCount, releaseDate, copyrights)
        values ('podcast:album:clgz9riqw000d3b6emzyjak9r-clgz9rir100p63b6ern5ycclw', 'VISION Radio', null, 'https://episodes.castos.com/6138cb87d83982-66320119/images/itunes-image.png', 1, null, null)
      ;

        INSERT INTO library_tracks_playlists
                (trackId, playlistId, trackIndex, addedAtTimestamp)
                values ('podcast:track:clgz9rir100p53b6eq285ihj5', 'podcast:playlist:clgz9riqw000d3b6emzyjak9r', 297, 1510176263000)
      ;

        -- TODO: INSERT OR REPLACE once fixed in SKDB...
        -- INSERT OR REPLACE INTO library_tracks
        DELETE FROM library_tracks WHERE id = 'podcast:track:clgz9rir100p83b6edcfv16j5'; 
        INSERT INTO library_tracks
                (id, name, albumId, trackNumber, durationMs, isrc, imageUrl, audioUrl, externalLink, description)
                values ('podcast:track:clgz9rir100p83b6edcfv16j5', 'Noisia Radio S03E44', 'podcast:album:clgz9riqw000d3b6emzyjak9r-clgz9rir100p93b6ertkeelch', 0, 3610000, null, 'https://episodes.castos.com/6138cb87d83982-66320119/images/itunes-image.png', 'https://episodes.castos.com/6138cb87d83982-66320119/a4xGRMs9r8dt4I8ey8u5Inhg87YRudyLSP7HCxJb.mp3', 'https://visionradio.castos.com/episodes/noisia-radio-s03e44-2', 'Noisia Radio this week: ’Samba - Blister’ taken from Partials #3, forthcoming on Division. New music by Cruk, Audio, The Upbeats, Alloy, Lapsung and more..')
      ;

        -- TODO: INSERT OR REPLACE once fixed in SKDB...
        -- INSERT OR REPLACE INTO library_artists
        DELETE FROM library_artists WHERE id = 'podcast:artist:clgz9riqw000d3b6emzyjak9r-clgz9rir100pa3b6elpfrgfci';
        INSERT INTO library_artists
        (id, name, imageUrl, colorsString)
        values ('podcast:artist:clgz9riqw000d3b6emzyjak9r-clgz9rir100pa3b6elpfrgfci', 'VISION Radio', 'https://episodes.castos.com/6138cb87d83982-66320119/images/itunes-image.png', null)
      ;

        INSERT INTO library_tracks_artists
        (trackId, artistId)
        values ('podcast:track:clgz9rir100p83b6edcfv16j5', 'podcast:artist:clgz9riqw000d3b6emzyjak9r-clgz9rir100pa3b6elpfrgfci')
      ;

        -- TODO: INSERT OR REPLACE once fixed in SKDB...
        -- INSERT OR REPLACE INTO library_albums
        DELETE FROM library_albums WHERE id = 'podcast:album:clgz9riqw000d3b6emzyjak9r-clgz9rir100p93b6ertkeelch';
        INSERT INTO library_albums
        (id, name, colorsString, imageUrl, trackCount, releaseDate, copyrights)
        values ('podcast:album:clgz9riqw000d3b6emzyjak9r-clgz9rir100p93b6ertkeelch', 'VISION Radio', null, 'https://episodes.castos.com/6138cb87d83982-66320119/images/itunes-image.png', 1, null, null)
      ;

        INSERT INTO library_tracks_playlists
                (trackId, playlistId, trackIndex, addedAtTimestamp)
                values ('podcast:track:clgz9rir100p83b6edcfv16j5', 'podcast:playlist:clgz9riqw000d3b6emzyjak9r', 298, 1509536404000)
      ;

        -- TODO: INSERT OR REPLACE once fixed in SKDB...
        -- INSERT OR REPLACE INTO library_tracks
        DELETE FROM library_tracks WHERE id = 'podcast:track:clgz9rir100pb3b6e4ekqxrcc'; 
        INSERT INTO library_tracks
                (id, name, albumId, trackNumber, durationMs, isrc, imageUrl, audioUrl, externalLink, description)
                values ('podcast:track:clgz9rir100pb3b6e4ekqxrcc', 'Noisia Radio S03E44', 'podcast:album:clgz9riqw000d3b6emzyjak9r-clgz9rir100pc3b6eaodcqu0j', 0, 3610000, null, 'https://episodes.castos.com/6138cb87d83982-66320119/images/itunes-image.png', 'https://episodes.castos.com/6138cb87d83982-66320119/EhaJ8q0XkjCS25JyQxsOVfqE9ouqUWnNOMibhK7a.mp3', 'https://visionradio.castos.com/episodes/noisia-radio-s03e44-2', 'Noisia Radio this week: ’Samba - Blister’ taken from Partials #3, forthcoming on Division. New music by Cruk, Audio, The Upbeats, Alloy, Lapsung and more..')
      ;

        -- TODO: INSERT OR REPLACE once fixed in SKDB...
        -- INSERT OR REPLACE INTO library_artists
        DELETE FROM library_artists WHERE id = 'podcast:artist:clgz9riqw000d3b6emzyjak9r-clgz9rir100pd3b6eqwdgzb3z';
        INSERT INTO library_artists
        (id, name, imageUrl, colorsString)
        values ('podcast:artist:clgz9riqw000d3b6emzyjak9r-clgz9rir100pd3b6eqwdgzb3z', 'VISION Radio', 'https://episodes.castos.com/6138cb87d83982-66320119/images/itunes-image.png', null)
      ;

        INSERT INTO library_tracks_artists
        (trackId, artistId)
        values ('podcast:track:clgz9rir100pb3b6e4ekqxrcc', 'podcast:artist:clgz9riqw000d3b6emzyjak9r-clgz9rir100pd3b6eqwdgzb3z')
      ;

        -- TODO: INSERT OR REPLACE once fixed in SKDB...
        -- INSERT OR REPLACE INTO library_albums
        DELETE FROM library_albums WHERE id = 'podcast:album:clgz9riqw000d3b6emzyjak9r-clgz9rir100pc3b6eaodcqu0j';
        INSERT INTO library_albums
        (id, name, colorsString, imageUrl, trackCount, releaseDate, copyrights)
        values ('podcast:album:clgz9riqw000d3b6emzyjak9r-clgz9rir100pc3b6eaodcqu0j', 'VISION Radio', null, 'https://episodes.castos.com/6138cb87d83982-66320119/images/itunes-image.png', 1, null, null)
      ;

        INSERT INTO library_tracks_playlists
                (trackId, playlistId, trackIndex, addedAtTimestamp)
                values ('podcast:track:clgz9rir100pb3b6e4ekqxrcc', 'podcast:playlist:clgz9riqw000d3b6emzyjak9r', 299, 1509536404000)
      ;

        -- TODO: INSERT OR REPLACE once fixed in SKDB...
        -- INSERT OR REPLACE INTO library_tracks
        DELETE FROM library_tracks WHERE id = 'podcast:track:clgz9rir100pe3b6e1qld3bfm'; 
        INSERT INTO library_tracks
                (id, name, albumId, trackNumber, durationMs, isrc, imageUrl, audioUrl, externalLink, description)
                values ('podcast:track:clgz9rir100pe3b6e1qld3bfm', 'Noisia Radio S03E43', 'podcast:album:clgz9riqw000d3b6emzyjak9r-clgz9rir100pf3b6e4n5v8zwr', 0, 3622000, null, 'https://episodes.castos.com/6138cb87d83982-66320119/images/itunes-image.png', 'https://episodes.castos.com/6138cb87d83982-66320119/AURQQRkQJWdAucuPwjUDk5VCSZcFivRCCdhoO4BF.mp3', 'https://visionradio.castos.com/episodes/noisia-radio-s03e43-2', 'Noisia Radio this week: ’Noché - Jagan’ taken from Partials #3, forthcoming on Division. New music by Spline, Killbox, Document One, Alix Perez and more..')
      ;

        -- TODO: INSERT OR REPLACE once fixed in SKDB...
        -- INSERT OR REPLACE INTO library_artists
        DELETE FROM library_artists WHERE id = 'podcast:artist:clgz9riqw000d3b6emzyjak9r-clgz9rir100pg3b6e3oeoak6l';
        INSERT INTO library_artists
        (id, name, imageUrl, colorsString)
        values ('podcast:artist:clgz9riqw000d3b6emzyjak9r-clgz9rir100pg3b6e3oeoak6l', 'VISION Radio', 'https://episodes.castos.com/6138cb87d83982-66320119/images/itunes-image.png', null)
      ;

        INSERT INTO library_tracks_artists
        (trackId, artistId)
        values ('podcast:track:clgz9rir100pe3b6e1qld3bfm', 'podcast:artist:clgz9riqw000d3b6emzyjak9r-clgz9rir100pg3b6e3oeoak6l')
      ;

        -- TODO: INSERT OR REPLACE once fixed in SKDB...
        -- INSERT OR REPLACE INTO library_albums
        DELETE FROM library_albums WHERE id = 'podcast:album:clgz9riqw000d3b6emzyjak9r-clgz9rir100pf3b6e4n5v8zwr';
        INSERT INTO library_albums
        (id, name, colorsString, imageUrl, trackCount, releaseDate, copyrights)
        values ('podcast:album:clgz9riqw000d3b6emzyjak9r-clgz9rir100pf3b6e4n5v8zwr', 'VISION Radio', null, 'https://episodes.castos.com/6138cb87d83982-66320119/images/itunes-image.png', 1, null, null)
      ;

        INSERT INTO library_tracks_playlists
                (trackId, playlistId, trackIndex, addedAtTimestamp)
                values ('podcast:track:clgz9rir100pe3b6e1qld3bfm', 'podcast:playlist:clgz9riqw000d3b6emzyjak9r', 300, 1508928840000)
      ;

        -- TODO: INSERT OR REPLACE once fixed in SKDB...
        -- INSERT OR REPLACE INTO library_tracks
        DELETE FROM library_tracks WHERE id = 'podcast:track:clgz9rir100ph3b6e8acm341v'; 
        INSERT INTO library_tracks
                (id, name, albumId, trackNumber, durationMs, isrc, imageUrl, audioUrl, externalLink, description)
                values ('podcast:track:clgz9rir100ph3b6e8acm341v', 'Noisia Radio S03E43', 'podcast:album:clgz9riqw000d3b6emzyjak9r-clgz9rir100pi3b6eqkx8mvmf', 0, 3622000, null, 'https://episodes.castos.com/6138cb87d83982-66320119/images/itunes-image.png', 'https://episodes.castos.com/6138cb87d83982-66320119/3gj0tVjMF1T0MvNkr1VgLnStwww69mBnEilLQFWm.mp3', 'https://visionradio.castos.com/episodes/noisia-radio-s03e43-2', 'Noisia Radio this week: ’Noché - Jagan’ taken from Partials #3, forthcoming on Division. New music by Spline, Killbox, Document One, Alix Perez and more..')
      ;

        -- TODO: INSERT OR REPLACE once fixed in SKDB...
        -- INSERT OR REPLACE INTO library_artists
        DELETE FROM library_artists WHERE id = 'podcast:artist:clgz9riqw000d3b6emzyjak9r-clgz9rir100pj3b6eqg4pi9i7';
        INSERT INTO library_artists
        (id, name, imageUrl, colorsString)
        values ('podcast:artist:clgz9riqw000d3b6emzyjak9r-clgz9rir100pj3b6eqg4pi9i7', 'VISION Radio', 'https://episodes.castos.com/6138cb87d83982-66320119/images/itunes-image.png', null)
      ;

        INSERT INTO library_tracks_artists
        (trackId, artistId)
        values ('podcast:track:clgz9rir100ph3b6e8acm341v', 'podcast:artist:clgz9riqw000d3b6emzyjak9r-clgz9rir100pj3b6eqg4pi9i7')
      ;

        -- TODO: INSERT OR REPLACE once fixed in SKDB...
        -- INSERT OR REPLACE INTO library_albums
        DELETE FROM library_albums WHERE id = 'podcast:album:clgz9riqw000d3b6emzyjak9r-clgz9rir100pi3b6eqkx8mvmf';
        INSERT INTO library_albums
        (id, name, colorsString, imageUrl, trackCount, releaseDate, copyrights)
        values ('podcast:album:clgz9riqw000d3b6emzyjak9r-clgz9rir100pi3b6eqkx8mvmf', 'VISION Radio', null, 'https://episodes.castos.com/6138cb87d83982-66320119/images/itunes-image.png', 1, null, null)
      ;

        INSERT INTO library_tracks_playlists
                (trackId, playlistId, trackIndex, addedAtTimestamp)
                values ('podcast:track:clgz9rir100ph3b6e8acm341v', 'podcast:playlist:clgz9riqw000d3b6emzyjak9r', 301, 1508928840000)
      ;

        -- TODO: INSERT OR REPLACE once fixed in SKDB...
        -- INSERT OR REPLACE INTO library_tracks
        DELETE FROM library_tracks WHERE id = 'podcast:track:clgz9rir100pk3b6edfx4ry6q'; 
        INSERT INTO library_tracks
                (id, name, albumId, trackNumber, durationMs, isrc, imageUrl, audioUrl, externalLink, description)
                values ('podcast:track:clgz9rir100pk3b6edfx4ry6q', 'Noisia Radio S03E42', 'podcast:album:clgz9riqw000d3b6emzyjak9r-clgz9rir100pl3b6e4l36fj29', 0, 3600000, null, 'https://episodes.castos.com/6138cb87d83982-66320119/images/itunes-image.png', 'https://episodes.castos.com/6138cb87d83982-66320119/Nze0nYAQaNHxSYmHZLmuwVDSBBqmamyipZKKNfWi.mp3', 'https://visionradio.castos.com/episodes/noisia-radio-s03e42-2', 'Noisia Radio this week: The official video for Tentacles is out now. New music by Spectrasoul, Drumsound & Bassline Smith, Trail, Fourward and more..')
      ;

        -- TODO: INSERT OR REPLACE once fixed in SKDB...
        -- INSERT OR REPLACE INTO library_artists
        DELETE FROM library_artists WHERE id = 'podcast:artist:clgz9riqw000d3b6emzyjak9r-clgz9rir100pm3b6e4jnnkkhn';
        INSERT INTO library_artists
        (id, name, imageUrl, colorsString)
        values ('podcast:artist:clgz9riqw000d3b6emzyjak9r-clgz9rir100pm3b6e4jnnkkhn', 'VISION Radio', 'https://episodes.castos.com/6138cb87d83982-66320119/images/itunes-image.png', null)
      ;

        INSERT INTO library_tracks_artists
        (trackId, artistId)
        values ('podcast:track:clgz9rir100pk3b6edfx4ry6q', 'podcast:artist:clgz9riqw000d3b6emzyjak9r-clgz9rir100pm3b6e4jnnkkhn')
      ;

        -- TODO: INSERT OR REPLACE once fixed in SKDB...
        -- INSERT OR REPLACE INTO library_albums
        DELETE FROM library_albums WHERE id = 'podcast:album:clgz9riqw000d3b6emzyjak9r-clgz9rir100pl3b6e4l36fj29';
        INSERT INTO library_albums
        (id, name, colorsString, imageUrl, trackCount, releaseDate, copyrights)
        values ('podcast:album:clgz9riqw000d3b6emzyjak9r-clgz9rir100pl3b6e4l36fj29', 'VISION Radio', null, 'https://episodes.castos.com/6138cb87d83982-66320119/images/itunes-image.png', 1, null, null)
      ;

        INSERT INTO library_tracks_playlists
                (trackId, playlistId, trackIndex, addedAtTimestamp)
                values ('podcast:track:clgz9rir100pk3b6edfx4ry6q', 'podcast:playlist:clgz9riqw000d3b6emzyjak9r', 302, 1508327482000)
      ;

        -- TODO: INSERT OR REPLACE once fixed in SKDB...
        -- INSERT OR REPLACE INTO library_tracks
        DELETE FROM library_tracks WHERE id = 'podcast:track:clgz9rir100pn3b6eov9d4n9u'; 
        INSERT INTO library_tracks
                (id, name, albumId, trackNumber, durationMs, isrc, imageUrl, audioUrl, externalLink, description)
                values ('podcast:track:clgz9rir100pn3b6eov9d4n9u', 'Noisia Radio S03E41', 'podcast:album:clgz9riqw000d3b6emzyjak9r-clgz9rir100po3b6eo341gi3x', 0, 3600000, null, 'https://episodes.castos.com/6138cb87d83982-66320119/images/itunes-image.png', 'https://episodes.castos.com/6138cb87d83982-66320119/dvv7lF6BiVbumRJA5Nd1BvlDKR4IhQpu8ZVw3Wba.mp3', 'https://visionradio.castos.com/episodes/noisia-radio-s03e41-2', 'Noisia Radio this week: Brand new music by Misanthrop, Black Sun Empire on remix duties for The Upbeats, and a Signal & Disprove guestmix inside! All this and more things.')
      ;

        -- TODO: INSERT OR REPLACE once fixed in SKDB...
        -- INSERT OR REPLACE INTO library_artists
        DELETE FROM library_artists WHERE id = 'podcast:artist:clgz9riqw000d3b6emzyjak9r-clgz9rir100pp3b6e7tvzw3mg';
        INSERT INTO library_artists
        (id, name, imageUrl, colorsString)
        values ('podcast:artist:clgz9riqw000d3b6emzyjak9r-clgz9rir100pp3b6e7tvzw3mg', 'VISION Radio', 'https://episodes.castos.com/6138cb87d83982-66320119/images/itunes-image.png', null)
      ;

        INSERT INTO library_tracks_artists
        (trackId, artistId)
        values ('podcast:track:clgz9rir100pn3b6eov9d4n9u', 'podcast:artist:clgz9riqw000d3b6emzyjak9r-clgz9rir100pp3b6e7tvzw3mg')
      ;

        -- TODO: INSERT OR REPLACE once fixed in SKDB...
        -- INSERT OR REPLACE INTO library_albums
        DELETE FROM library_albums WHERE id = 'podcast:album:clgz9riqw000d3b6emzyjak9r-clgz9rir100po3b6eo341gi3x';
        INSERT INTO library_albums
        (id, name, colorsString, imageUrl, trackCount, releaseDate, copyrights)
        values ('podcast:album:clgz9riqw000d3b6emzyjak9r-clgz9rir100po3b6eo341gi3x', 'VISION Radio', null, 'https://episodes.castos.com/6138cb87d83982-66320119/images/itunes-image.png', 1, null, null)
      ;

        INSERT INTO library_tracks_playlists
                (trackId, playlistId, trackIndex, addedAtTimestamp)
                values ('podcast:track:clgz9rir100pn3b6eov9d4n9u', 'podcast:playlist:clgz9riqw000d3b6emzyjak9r', 303, 1507723346000)
      ;

        -- TODO: INSERT OR REPLACE once fixed in SKDB...
        -- INSERT OR REPLACE INTO library_tracks
        DELETE FROM library_tracks WHERE id = 'podcast:track:clgz9rir100pq3b6ewfb33tck'; 
        INSERT INTO library_tracks
                (id, name, albumId, trackNumber, durationMs, isrc, imageUrl, audioUrl, externalLink, description)
                values ('podcast:track:clgz9rir100pq3b6ewfb33tck', 'Noisia Radio S03E41', 'podcast:album:clgz9riqw000d3b6emzyjak9r-clgz9rir100pr3b6e482sf9jb', 0, 3600000, null, 'https://episodes.castos.com/6138cb87d83982-66320119/images/itunes-image.png', 'https://episodes.castos.com/6138cb87d83982-66320119/BGFIk2TnIisG0MkDj4SJrBbRrSjHuAJPV6wF2ZHS.mp3', 'https://visionradio.castos.com/episodes/noisia-radio-s03e41-2', 'Noisia Radio this week: Brand new music by Misanthrop, Black Sun Empire on remix duties for The Upbeats, and a Signal & Disprove guestmix inside! All this and more things.')
      ;

        -- TODO: INSERT OR REPLACE once fixed in SKDB...
        -- INSERT OR REPLACE INTO library_artists
        DELETE FROM library_artists WHERE id = 'podcast:artist:clgz9riqw000d3b6emzyjak9r-clgz9rir100ps3b6e0aipb070';
        INSERT INTO library_artists
        (id, name, imageUrl, colorsString)
        values ('podcast:artist:clgz9riqw000d3b6emzyjak9r-clgz9rir100ps3b6e0aipb070', 'VISION Radio', 'https://episodes.castos.com/6138cb87d83982-66320119/images/itunes-image.png', null)
      ;

        INSERT INTO library_tracks_artists
        (trackId, artistId)
        values ('podcast:track:clgz9rir100pq3b6ewfb33tck', 'podcast:artist:clgz9riqw000d3b6emzyjak9r-clgz9rir100ps3b6e0aipb070')
      ;

        -- TODO: INSERT OR REPLACE once fixed in SKDB...
        -- INSERT OR REPLACE INTO library_albums
        DELETE FROM library_albums WHERE id = 'podcast:album:clgz9riqw000d3b6emzyjak9r-clgz9rir100pr3b6e482sf9jb';
        INSERT INTO library_albums
        (id, name, colorsString, imageUrl, trackCount, releaseDate, copyrights)
        values ('podcast:album:clgz9riqw000d3b6emzyjak9r-clgz9rir100pr3b6e482sf9jb', 'VISION Radio', null, 'https://episodes.castos.com/6138cb87d83982-66320119/images/itunes-image.png', 1, null, null)
      ;

        INSERT INTO library_tracks_playlists
                (trackId, playlistId, trackIndex, addedAtTimestamp)
                values ('podcast:track:clgz9rir100pq3b6ewfb33tck', 'podcast:playlist:clgz9riqw000d3b6emzyjak9r', 304, 1507723346000)
      ;

        -- TODO: INSERT OR REPLACE once fixed in SKDB...
        -- INSERT OR REPLACE INTO library_tracks
        DELETE FROM library_tracks WHERE id = 'podcast:track:clgz9rir100pt3b6eluuql9mo'; 
        INSERT INTO library_tracks
                (id, name, albumId, trackNumber, durationMs, isrc, imageUrl, audioUrl, externalLink, description)
                values ('podcast:track:clgz9rir100pt3b6eluuql9mo', 'Noisia Radio S03E40', 'podcast:album:clgz9riqw000d3b6emzyjak9r-clgz9rir100pu3b6eyckan50j', 0, 3641000, null, 'https://episodes.castos.com/6138cb87d83982-66320119/images/itunes-image.png', 'https://episodes.castos.com/6138cb87d83982-66320119/kXx2zUt6368UoMzPkMmUpSRN0er05tY0ARJEpLEz.mp3', 'https://visionradio.castos.com/episodes/noisia-radio-s03e40-2', 'Noisia Radio this week: Rip Apex. There’s also new music.')
      ;

        -- TODO: INSERT OR REPLACE once fixed in SKDB...
        -- INSERT OR REPLACE INTO library_artists
        DELETE FROM library_artists WHERE id = 'podcast:artist:clgz9riqw000d3b6emzyjak9r-clgz9rir100pv3b6ebhqwio96';
        INSERT INTO library_artists
        (id, name, imageUrl, colorsString)
        values ('podcast:artist:clgz9riqw000d3b6emzyjak9r-clgz9rir100pv3b6ebhqwio96', 'VISION Radio', 'https://episodes.castos.com/6138cb87d83982-66320119/images/itunes-image.png', null)
      ;

        INSERT INTO library_tracks_artists
        (trackId, artistId)
        values ('podcast:track:clgz9rir100pt3b6eluuql9mo', 'podcast:artist:clgz9riqw000d3b6emzyjak9r-clgz9rir100pv3b6ebhqwio96')
      ;

        -- TODO: INSERT OR REPLACE once fixed in SKDB...
        -- INSERT OR REPLACE INTO library_albums
        DELETE FROM library_albums WHERE id = 'podcast:album:clgz9riqw000d3b6emzyjak9r-clgz9rir100pu3b6eyckan50j';
        INSERT INTO library_albums
        (id, name, colorsString, imageUrl, trackCount, releaseDate, copyrights)
        values ('podcast:album:clgz9riqw000d3b6emzyjak9r-clgz9rir100pu3b6eyckan50j', 'VISION Radio', null, 'https://episodes.castos.com/6138cb87d83982-66320119/images/itunes-image.png', 1, null, null)
      ;

        INSERT INTO library_tracks_playlists
                (trackId, playlistId, trackIndex, addedAtTimestamp)
                values ('podcast:track:clgz9rir100pt3b6eluuql9mo', 'podcast:playlist:clgz9riqw000d3b6emzyjak9r', 305, 1507118400000)
      ;

        -- TODO: INSERT OR REPLACE once fixed in SKDB...
        -- INSERT OR REPLACE INTO library_tracks
        DELETE FROM library_tracks WHERE id = 'podcast:track:clgz9rir100pw3b6e177h9qqc'; 
        INSERT INTO library_tracks
                (id, name, albumId, trackNumber, durationMs, isrc, imageUrl, audioUrl, externalLink, description)
                values ('podcast:track:clgz9rir100pw3b6e177h9qqc', 'Noisia Radio S03E39', 'podcast:album:clgz9riqw000d3b6emzyjak9r-clgz9rir100px3b6eqzulq5nc', 0, 3597000, null, 'https://episodes.castos.com/6138cb87d83982-66320119/images/itunes-image.png', 'https://episodes.castos.com/6138cb87d83982-66320119/b0Ku5qA6a9OF7j7veJklKR9ve5DstSDd168x7Rqc.mp3', 'https://visionradio.castos.com/episodes/noisia-radio-s03e39-2', 'Noisia Radio this week: The premiere of ‘Pleasure Model’ our collab with Former, and Memtrix on remix duties for The Upbeats. New music by Shyun, Drumsound & Bassline Smith, G jones and more..')
      ;

        -- TODO: INSERT OR REPLACE once fixed in SKDB...
        -- INSERT OR REPLACE INTO library_artists
        DELETE FROM library_artists WHERE id = 'podcast:artist:clgz9riqw000d3b6emzyjak9r-clgz9rir100py3b6epwqbz7jp';
        INSERT INTO library_artists
        (id, name, imageUrl, colorsString)
        values ('podcast:artist:clgz9riqw000d3b6emzyjak9r-clgz9rir100py3b6epwqbz7jp', 'VISION Radio', 'https://episodes.castos.com/6138cb87d83982-66320119/images/itunes-image.png', null)
      ;

        INSERT INTO library_tracks_artists
        (trackId, artistId)
        values ('podcast:track:clgz9rir100pw3b6e177h9qqc', 'podcast:artist:clgz9riqw000d3b6emzyjak9r-clgz9rir100py3b6epwqbz7jp')
      ;

        -- TODO: INSERT OR REPLACE once fixed in SKDB...
        -- INSERT OR REPLACE INTO library_albums
        DELETE FROM library_albums WHERE id = 'podcast:album:clgz9riqw000d3b6emzyjak9r-clgz9rir100px3b6eqzulq5nc';
        INSERT INTO library_albums
        (id, name, colorsString, imageUrl, trackCount, releaseDate, copyrights)
        values ('podcast:album:clgz9riqw000d3b6emzyjak9r-clgz9rir100px3b6eqzulq5nc', 'VISION Radio', null, 'https://episodes.castos.com/6138cb87d83982-66320119/images/itunes-image.png', 1, null, null)
      ;

        INSERT INTO library_tracks_playlists
                (trackId, playlistId, trackIndex, addedAtTimestamp)
                values ('podcast:track:clgz9rir100pw3b6e177h9qqc', 'podcast:playlist:clgz9riqw000d3b6emzyjak9r', 306, 1506513600000)
      ;

        -- TODO: INSERT OR REPLACE once fixed in SKDB...
        -- INSERT OR REPLACE INTO library_tracks
        DELETE FROM library_tracks WHERE id = 'podcast:track:clgz9rir100pz3b6exd3vtygd'; 
        INSERT INTO library_tracks
                (id, name, albumId, trackNumber, durationMs, isrc, imageUrl, audioUrl, externalLink, description)
                values ('podcast:track:clgz9rir100pz3b6exd3vtygd', 'Noisia Radio S03E38', 'podcast:album:clgz9riqw000d3b6emzyjak9r-clgz9rir100q03b6espbpure7', 0, 3614000, null, 'https://episodes.castos.com/6138cb87d83982-66320119/images/itunes-image.png', 'https://episodes.castos.com/6138cb87d83982-66320119/98Qk2sYEnwHFkvKw71lzMndJlx1X2aVdfDZ70lYg.mp3', 'https://visionradio.castos.com/episodes/noisia-radio-s03e38-2', 'Noisia Radio this week: We announce Former’s ‘Edge Mecha’ EP, have Emperor on remix duties for The Upbeats and do a throwback to our Alix Perez collab ‘Underprint’. All this and more things.')
      ;

        -- TODO: INSERT OR REPLACE once fixed in SKDB...
        -- INSERT OR REPLACE INTO library_artists
        DELETE FROM library_artists WHERE id = 'podcast:artist:clgz9riqw000d3b6emzyjak9r-clgz9rir100q13b6erm5idhi9';
        INSERT INTO library_artists
        (id, name, imageUrl, colorsString)
        values ('podcast:artist:clgz9riqw000d3b6emzyjak9r-clgz9rir100q13b6erm5idhi9', 'VISION Radio', 'https://episodes.castos.com/6138cb87d83982-66320119/images/itunes-image.png', null)
      ;

        INSERT INTO library_tracks_artists
        (trackId, artistId)
        values ('podcast:track:clgz9rir100pz3b6exd3vtygd', 'podcast:artist:clgz9riqw000d3b6emzyjak9r-clgz9rir100q13b6erm5idhi9')
      ;

        -- TODO: INSERT OR REPLACE once fixed in SKDB...
        -- INSERT OR REPLACE INTO library_albums
        DELETE FROM library_albums WHERE id = 'podcast:album:clgz9riqw000d3b6emzyjak9r-clgz9rir100q03b6espbpure7';
        INSERT INTO library_albums
        (id, name, colorsString, imageUrl, trackCount, releaseDate, copyrights)
        values ('podcast:album:clgz9riqw000d3b6emzyjak9r-clgz9rir100q03b6espbpure7', 'VISION Radio', null, 'https://episodes.castos.com/6138cb87d83982-66320119/images/itunes-image.png', 1, null, null)
      ;

        INSERT INTO library_tracks_playlists
                (trackId, playlistId, trackIndex, addedAtTimestamp)
                values ('podcast:track:clgz9rir100pz3b6exd3vtygd', 'podcast:playlist:clgz9riqw000d3b6emzyjak9r', 307, 1505907000000)
      ;

        -- TODO: INSERT OR REPLACE once fixed in SKDB...
        -- INSERT OR REPLACE INTO library_tracks
        DELETE FROM library_tracks WHERE id = 'podcast:track:clgz9rir100q23b6ei9vs691n'; 
        INSERT INTO library_tracks
                (id, name, albumId, trackNumber, durationMs, isrc, imageUrl, audioUrl, externalLink, description)
                values ('podcast:track:clgz9rir100q23b6ei9vs691n', 'Noisia Radio S03E38', 'podcast:album:clgz9riqw000d3b6emzyjak9r-clgz9rir100q33b6eorqufs9l', 0, 3614000, null, 'https://episodes.castos.com/6138cb87d83982-66320119/images/itunes-image.png', 'https://episodes.castos.com/6138cb87d83982-66320119/Zj1HGSttYLdu737rm4dAxrWgjPKp5c9uxaqDuOMP.mp3', 'https://visionradio.castos.com/episodes/noisia-radio-s03e38-2', 'Noisia Radio this week: We announce Former’s ‘Edge Mecha’ EP, have Emperor on remix duties for The Upbeats and do a throwback to our Alix Perez collab ‘Underprint’. All this and more things.')
      ;

        -- TODO: INSERT OR REPLACE once fixed in SKDB...
        -- INSERT OR REPLACE INTO library_artists
        DELETE FROM library_artists WHERE id = 'podcast:artist:clgz9riqw000d3b6emzyjak9r-clgz9rir100q43b6er8sayuhg';
        INSERT INTO library_artists
        (id, name, imageUrl, colorsString)
        values ('podcast:artist:clgz9riqw000d3b6emzyjak9r-clgz9rir100q43b6er8sayuhg', 'VISION Radio', 'https://episodes.castos.com/6138cb87d83982-66320119/images/itunes-image.png', null)
      ;

        INSERT INTO library_tracks_artists
        (trackId, artistId)
        values ('podcast:track:clgz9rir100q23b6ei9vs691n', 'podcast:artist:clgz9riqw000d3b6emzyjak9r-clgz9rir100q43b6er8sayuhg')
      ;

        -- TODO: INSERT OR REPLACE once fixed in SKDB...
        -- INSERT OR REPLACE INTO library_albums
        DELETE FROM library_albums WHERE id = 'podcast:album:clgz9riqw000d3b6emzyjak9r-clgz9rir100q33b6eorqufs9l';
        INSERT INTO library_albums
        (id, name, colorsString, imageUrl, trackCount, releaseDate, copyrights)
        values ('podcast:album:clgz9riqw000d3b6emzyjak9r-clgz9rir100q33b6eorqufs9l', 'VISION Radio', null, 'https://episodes.castos.com/6138cb87d83982-66320119/images/itunes-image.png', 1, null, null)
      ;

        INSERT INTO library_tracks_playlists
                (trackId, playlistId, trackIndex, addedAtTimestamp)
                values ('podcast:track:clgz9rir100q23b6ei9vs691n', 'podcast:playlist:clgz9riqw000d3b6emzyjak9r', 308, 1505907000000)
      ;

        -- TODO: INSERT OR REPLACE once fixed in SKDB...
        -- INSERT OR REPLACE INTO library_tracks
        DELETE FROM library_tracks WHERE id = 'podcast:track:clgz9rir100q53b6ea5a7q2gt'; 
        INSERT INTO library_tracks
                (id, name, albumId, trackNumber, durationMs, isrc, imageUrl, audioUrl, externalLink, description)
                values ('podcast:track:clgz9rir100q53b6ea5a7q2gt', 'Noisia Radio S03E37', 'podcast:album:clgz9riqw000d3b6emzyjak9r-clgz9rir100q63b6esuxbhozk', 0, 3600000, null, 'https://episodes.castos.com/6138cb87d83982-66320119/images/itunes-image.png', 'https://episodes.castos.com/6138cb87d83982-66320119/rNyUh0uMxnl0Op9jOFQvPcN51sJ1zRP2T8qNw43e.mp3', 'https://visionradio.castos.com/episodes/noisia-radio-s03e37-2', 'Noisia Radio this week: Signal & Disprove drop a collaborative EP on our Invisible imprint, more new music by Thys, and Annix on remix duties for The Upbeats. All this and more..')
      ;

        -- TODO: INSERT OR REPLACE once fixed in SKDB...
        -- INSERT OR REPLACE INTO library_artists
        DELETE FROM library_artists WHERE id = 'podcast:artist:clgz9riqw000d3b6emzyjak9r-clgz9rir100q73b6e63hn223m';
        INSERT INTO library_artists
        (id, name, imageUrl, colorsString)
        values ('podcast:artist:clgz9riqw000d3b6emzyjak9r-clgz9rir100q73b6e63hn223m', 'VISION Radio', 'https://episodes.castos.com/6138cb87d83982-66320119/images/itunes-image.png', null)
      ;

        INSERT INTO library_tracks_artists
        (trackId, artistId)
        values ('podcast:track:clgz9rir100q53b6ea5a7q2gt', 'podcast:artist:clgz9riqw000d3b6emzyjak9r-clgz9rir100q73b6e63hn223m')
      ;

        -- TODO: INSERT OR REPLACE once fixed in SKDB...
        -- INSERT OR REPLACE INTO library_albums
        DELETE FROM library_albums WHERE id = 'podcast:album:clgz9riqw000d3b6emzyjak9r-clgz9rir100q63b6esuxbhozk';
        INSERT INTO library_albums
        (id, name, colorsString, imageUrl, trackCount, releaseDate, copyrights)
        values ('podcast:album:clgz9riqw000d3b6emzyjak9r-clgz9rir100q63b6esuxbhozk', 'VISION Radio', null, 'https://episodes.castos.com/6138cb87d83982-66320119/images/itunes-image.png', 1, null, null)
      ;

        INSERT INTO library_tracks_playlists
                (trackId, playlistId, trackIndex, addedAtTimestamp)
                values ('podcast:track:clgz9rir100q53b6ea5a7q2gt', 'podcast:playlist:clgz9riqw000d3b6emzyjak9r', 309, 1505299798000)
      ;

        -- TODO: INSERT OR REPLACE once fixed in SKDB...
        -- INSERT OR REPLACE INTO library_tracks
        DELETE FROM library_tracks WHERE id = 'podcast:track:clgz9rir100q83b6e5gvsz48z'; 
        INSERT INTO library_tracks
                (id, name, albumId, trackNumber, durationMs, isrc, imageUrl, audioUrl, externalLink, description)
                values ('podcast:track:clgz9rir100q83b6e5gvsz48z', 'Noisia Radio S03E36', 'podcast:album:clgz9riqw000d3b6emzyjak9r-clgz9rir100q93b6ekj28vxqt', 0, 3647000, null, 'https://episodes.castos.com/6138cb87d83982-66320119/images/itunes-image.png', 'https://episodes.castos.com/6138cb87d83982-66320119/uoIrmE0HnQwJStVSqjGEHlI2N7aElFPvHRTMqnXz.mp3', 'https://visionradio.castos.com/episodes/noisia-radio-s03e36-2', 'Noisia Radio this week: Rockwell on remix duties for The Upbeats, movement III by Thys, and new music by Survey, Benny L, Ewol, and Nymfo. All this and more things.')
      ;

        -- TODO: INSERT OR REPLACE once fixed in SKDB...
        -- INSERT OR REPLACE INTO library_artists
        DELETE FROM library_artists WHERE id = 'podcast:artist:clgz9riqw000d3b6emzyjak9r-clgz9rir100qa3b6ehq5zjqyv';
        INSERT INTO library_artists
        (id, name, imageUrl, colorsString)
        values ('podcast:artist:clgz9riqw000d3b6emzyjak9r-clgz9rir100qa3b6ehq5zjqyv', 'VISION Radio', 'https://episodes.castos.com/6138cb87d83982-66320119/images/itunes-image.png', null)
      ;

        INSERT INTO library_tracks_artists
        (trackId, artistId)
        values ('podcast:track:clgz9rir100q83b6e5gvsz48z', 'podcast:artist:clgz9riqw000d3b6emzyjak9r-clgz9rir100qa3b6ehq5zjqyv')
      ;

        -- TODO: INSERT OR REPLACE once fixed in SKDB...
        -- INSERT OR REPLACE INTO library_albums
        DELETE FROM library_albums WHERE id = 'podcast:album:clgz9riqw000d3b6emzyjak9r-clgz9rir100q93b6ekj28vxqt';
        INSERT INTO library_albums
        (id, name, colorsString, imageUrl, trackCount, releaseDate, copyrights)
        values ('podcast:album:clgz9riqw000d3b6emzyjak9r-clgz9rir100q93b6ekj28vxqt', 'VISION Radio', null, 'https://episodes.castos.com/6138cb87d83982-66320119/images/itunes-image.png', 1, null, null)
      ;

        INSERT INTO library_tracks_playlists
                (trackId, playlistId, trackIndex, addedAtTimestamp)
                values ('podcast:track:clgz9rir100q83b6e5gvsz48z', 'podcast:playlist:clgz9riqw000d3b6emzyjak9r', 310, 1504710000000)
      ;

        -- TODO: INSERT OR REPLACE once fixed in SKDB...
        -- INSERT OR REPLACE INTO library_tracks
        DELETE FROM library_tracks WHERE id = 'podcast:track:clgz9rir100qb3b6e13eaitx7'; 
        INSERT INTO library_tracks
                (id, name, albumId, trackNumber, durationMs, isrc, imageUrl, audioUrl, externalLink, description)
                values ('podcast:track:clgz9rir100qb3b6e13eaitx7', 'Noisia Radio S03E35', 'podcast:album:clgz9riqw000d3b6emzyjak9r-clgz9rir100qc3b6eakum16lo', 0, 3649000, null, 'https://episodes.castos.com/6138cb87d83982-66320119/images/itunes-image.png', 'https://episodes.castos.com/6138cb87d83982-66320119/oWRJQH2mGsRNE5rJYberqWb36EqMRYZZVTlXMsp3.mp3', 'https://visionradio.castos.com/episodes/noisia-radio-s03e35-2', 'Noisia Radio this week: We got Malux bringing the first remix for The Upbeats’ De-Evolution series on our Vision imprint. Phace & Mefjus are wastemen, and Thys makes moves on Division.')
      ;

        -- TODO: INSERT OR REPLACE once fixed in SKDB...
        -- INSERT OR REPLACE INTO library_artists
        DELETE FROM library_artists WHERE id = 'podcast:artist:clgz9riqw000d3b6emzyjak9r-clgz9rir100qd3b6ekwsy81ki';
        INSERT INTO library_artists
        (id, name, imageUrl, colorsString)
        values ('podcast:artist:clgz9riqw000d3b6emzyjak9r-clgz9rir100qd3b6ekwsy81ki', 'VISION Radio', 'https://episodes.castos.com/6138cb87d83982-66320119/images/itunes-image.png', null)
      ;

        INSERT INTO library_tracks_artists
        (trackId, artistId)
        values ('podcast:track:clgz9rir100qb3b6e13eaitx7', 'podcast:artist:clgz9riqw000d3b6emzyjak9r-clgz9rir100qd3b6ekwsy81ki')
      ;

        -- TODO: INSERT OR REPLACE once fixed in SKDB...
        -- INSERT OR REPLACE INTO library_albums
        DELETE FROM library_albums WHERE id = 'podcast:album:clgz9riqw000d3b6emzyjak9r-clgz9rir100qc3b6eakum16lo';
        INSERT INTO library_albums
        (id, name, colorsString, imageUrl, trackCount, releaseDate, copyrights)
        values ('podcast:album:clgz9riqw000d3b6emzyjak9r-clgz9rir100qc3b6eakum16lo', 'VISION Radio', null, 'https://episodes.castos.com/6138cb87d83982-66320119/images/itunes-image.png', 1, null, null)
      ;

        INSERT INTO library_tracks_playlists
                (trackId, playlistId, trackIndex, addedAtTimestamp)
                values ('podcast:track:clgz9rir100qb3b6e13eaitx7', 'podcast:playlist:clgz9riqw000d3b6emzyjak9r', 311, 1504270800000)
      ;

        -- TODO: INSERT OR REPLACE once fixed in SKDB...
        -- INSERT OR REPLACE INTO library_tracks
        DELETE FROM library_tracks WHERE id = 'podcast:track:clgz9rir100qe3b6eyozefqof'; 
        INSERT INTO library_tracks
                (id, name, albumId, trackNumber, durationMs, isrc, imageUrl, audioUrl, externalLink, description)
                values ('podcast:track:clgz9rir100qe3b6eyozefqof', 'Noisia Radio S03E35', 'podcast:album:clgz9riqw000d3b6emzyjak9r-clgz9rir100qf3b6ep3vua9yj', 0, 3649000, null, 'https://episodes.castos.com/6138cb87d83982-66320119/images/itunes-image.png', 'https://episodes.castos.com/6138cb87d83982-66320119/amY7VuuK8ZtCfZROnGAEvfvHTmGyoyxwEGIzYaUH.mp3', 'https://visionradio.castos.com/episodes/noisia-radio-s03e35-2', 'Noisia Radio this week: We got Malux bringing the first remix for The Upbeats’ De-Evolution series on our Vision imprint. Phace & Mefjus are wastemen, and Thys makes moves on Division.')
      ;

        -- TODO: INSERT OR REPLACE once fixed in SKDB...
        -- INSERT OR REPLACE INTO library_artists
        DELETE FROM library_artists WHERE id = 'podcast:artist:clgz9riqw000d3b6emzyjak9r-clgz9rir100qg3b6egiykm5sr';
        INSERT INTO library_artists
        (id, name, imageUrl, colorsString)
        values ('podcast:artist:clgz9riqw000d3b6emzyjak9r-clgz9rir100qg3b6egiykm5sr', 'VISION Radio', 'https://episodes.castos.com/6138cb87d83982-66320119/images/itunes-image.png', null)
      ;

        INSERT INTO library_tracks_artists
        (trackId, artistId)
        values ('podcast:track:clgz9rir100qe3b6eyozefqof', 'podcast:artist:clgz9riqw000d3b6emzyjak9r-clgz9rir100qg3b6egiykm5sr')
      ;

        -- TODO: INSERT OR REPLACE once fixed in SKDB...
        -- INSERT OR REPLACE INTO library_albums
        DELETE FROM library_albums WHERE id = 'podcast:album:clgz9riqw000d3b6emzyjak9r-clgz9rir100qf3b6ep3vua9yj';
        INSERT INTO library_albums
        (id, name, colorsString, imageUrl, trackCount, releaseDate, copyrights)
        values ('podcast:album:clgz9riqw000d3b6emzyjak9r-clgz9rir100qf3b6ep3vua9yj', 'VISION Radio', null, 'https://episodes.castos.com/6138cb87d83982-66320119/images/itunes-image.png', 1, null, null)
      ;

        INSERT INTO library_tracks_playlists
                (trackId, playlistId, trackIndex, addedAtTimestamp)
                values ('podcast:track:clgz9rir100qe3b6eyozefqof', 'podcast:playlist:clgz9riqw000d3b6emzyjak9r', 312, 1504270800000)
      ;

        -- TODO: INSERT OR REPLACE once fixed in SKDB...
        -- INSERT OR REPLACE INTO library_tracks
        DELETE FROM library_tracks WHERE id = 'podcast:track:clgz9rir100qh3b6e8ccdl4jm'; 
        INSERT INTO library_tracks
                (id, name, albumId, trackNumber, durationMs, isrc, imageUrl, audioUrl, externalLink, description)
                values ('podcast:track:clgz9rir100qh3b6e8ccdl4jm', 'Noisia Radio S03E34', 'podcast:album:clgz9riqw000d3b6emzyjak9r-clgz9rir100qi3b6er1oyu659', 0, 3601000, null, 'https://episodes.castos.com/6138cb87d83982-66320119/images/itunes-image.png', 'https://episodes.castos.com/6138cb87d83982-66320119/xkjuL4hdnkXPvIkI81TXFrzigrMJEiXGBmfTqbbz.mp3', 'https://visionradio.castos.com/episodes/noisia-radio-s03e34-2', 'Noisia Radio this week: Our good friends Phace & Mefjus bring you some new schnitzelfunk, and we casually reveal DotCrawl’s identity. All this and more things..')
      ;

        -- TODO: INSERT OR REPLACE once fixed in SKDB...
        -- INSERT OR REPLACE INTO library_artists
        DELETE FROM library_artists WHERE id = 'podcast:artist:clgz9riqw000d3b6emzyjak9r-clgz9rir100qj3b6ey95tl7ts';
        INSERT INTO library_artists
        (id, name, imageUrl, colorsString)
        values ('podcast:artist:clgz9riqw000d3b6emzyjak9r-clgz9rir100qj3b6ey95tl7ts', 'VISION Radio', 'https://episodes.castos.com/6138cb87d83982-66320119/images/itunes-image.png', null)
      ;

        INSERT INTO library_tracks_artists
        (trackId, artistId)
        values ('podcast:track:clgz9rir100qh3b6e8ccdl4jm', 'podcast:artist:clgz9riqw000d3b6emzyjak9r-clgz9rir100qj3b6ey95tl7ts')
      ;

        -- TODO: INSERT OR REPLACE once fixed in SKDB...
        -- INSERT OR REPLACE INTO library_albums
        DELETE FROM library_albums WHERE id = 'podcast:album:clgz9riqw000d3b6emzyjak9r-clgz9rir100qi3b6er1oyu659';
        INSERT INTO library_albums
        (id, name, colorsString, imageUrl, trackCount, releaseDate, copyrights)
        values ('podcast:album:clgz9riqw000d3b6emzyjak9r-clgz9rir100qi3b6er1oyu659', 'VISION Radio', null, 'https://episodes.castos.com/6138cb87d83982-66320119/images/itunes-image.png', 1, null, null)
      ;

        INSERT INTO library_tracks_playlists
                (trackId, playlistId, trackIndex, addedAtTimestamp)
                values ('podcast:track:clgz9rir100qh3b6e8ccdl4jm', 'podcast:playlist:clgz9riqw000d3b6emzyjak9r', 313, 1503673200000)
      ;

        -- TODO: INSERT OR REPLACE once fixed in SKDB...
        -- INSERT OR REPLACE INTO library_tracks
        DELETE FROM library_tracks WHERE id = 'podcast:track:clgz9rir100qk3b6ewzwl3sgw'; 
        INSERT INTO library_tracks
                (id, name, albumId, trackNumber, durationMs, isrc, imageUrl, audioUrl, externalLink, description)
                values ('podcast:track:clgz9rir100qk3b6ewzwl3sgw', 'Noisia Radio S03E34', 'podcast:album:clgz9riqw000d3b6emzyjak9r-clgz9rir100ql3b6etpwb0lbz', 0, 3601000, null, 'https://episodes.castos.com/6138cb87d83982-66320119/images/itunes-image.png', 'https://episodes.castos.com/6138cb87d83982-66320119/bhMfokjc2XZn6Wpq5YfFJqklwB0R1qcYmc1K90Rw.mp3', 'https://visionradio.castos.com/episodes/noisia-radio-s03e34-2', 'Noisia Radio this week: Our good friends Phace & Mefjus bring you some new schnitzelfunk, and we casually reveal DotCrawl’s identity. All this and more things..')
      ;

        -- TODO: INSERT OR REPLACE once fixed in SKDB...
        -- INSERT OR REPLACE INTO library_artists
        DELETE FROM library_artists WHERE id = 'podcast:artist:clgz9riqw000d3b6emzyjak9r-clgz9rir100qm3b6eafya6lxl';
        INSERT INTO library_artists
        (id, name, imageUrl, colorsString)
        values ('podcast:artist:clgz9riqw000d3b6emzyjak9r-clgz9rir100qm3b6eafya6lxl', 'VISION Radio', 'https://episodes.castos.com/6138cb87d83982-66320119/images/itunes-image.png', null)
      ;

        INSERT INTO library_tracks_artists
        (trackId, artistId)
        values ('podcast:track:clgz9rir100qk3b6ewzwl3sgw', 'podcast:artist:clgz9riqw000d3b6emzyjak9r-clgz9rir100qm3b6eafya6lxl')
      ;

        -- TODO: INSERT OR REPLACE once fixed in SKDB...
        -- INSERT OR REPLACE INTO library_albums
        DELETE FROM library_albums WHERE id = 'podcast:album:clgz9riqw000d3b6emzyjak9r-clgz9rir100ql3b6etpwb0lbz';
        INSERT INTO library_albums
        (id, name, colorsString, imageUrl, trackCount, releaseDate, copyrights)
        values ('podcast:album:clgz9riqw000d3b6emzyjak9r-clgz9rir100ql3b6etpwb0lbz', 'VISION Radio', null, 'https://episodes.castos.com/6138cb87d83982-66320119/images/itunes-image.png', 1, null, null)
      ;

        INSERT INTO library_tracks_playlists
                (trackId, playlistId, trackIndex, addedAtTimestamp)
                values ('podcast:track:clgz9rir100qk3b6ewzwl3sgw', 'podcast:playlist:clgz9riqw000d3b6emzyjak9r', 314, 1503673200000)
      ;

        -- TODO: INSERT OR REPLACE once fixed in SKDB...
        -- INSERT OR REPLACE INTO library_tracks
        DELETE FROM library_tracks WHERE id = 'podcast:track:clgz9rir100qn3b6ezfo1kv0s'; 
        INSERT INTO library_tracks
                (id, name, albumId, trackNumber, durationMs, isrc, imageUrl, audioUrl, externalLink, description)
                values ('podcast:track:clgz9rir100qn3b6ezfo1kv0s', 'Noisia Radio S03E33 (Noisia DJ Set at Glastonbury 2017)', 'podcast:album:clgz9riqw000d3b6emzyjak9r-clgz9rir100qo3b6e08vvwrbe', 0, 4349000, null, 'https://episodes.castos.com/6138cb87d83982-66320119/images/itunes-image.png', 'https://episodes.castos.com/6138cb87d83982-66320119/SNH0mqcQ3PAx0QOJDyxDZ95t4HnydmDUf8nZ8F6u.mp3', 'https://visionradio.castos.com/episodes/noisia-radio-s03e33-noisia-dj-set-at-glastonbury-2017-2', 'Noisia Radio this week: The live recording from our show on the Arcadia stage at Glastonbury 2017.')
      ;

        -- TODO: INSERT OR REPLACE once fixed in SKDB...
        -- INSERT OR REPLACE INTO library_artists
        DELETE FROM library_artists WHERE id = 'podcast:artist:clgz9riqw000d3b6emzyjak9r-clgz9rir100qp3b6e2ju37g1v';
        INSERT INTO library_artists
        (id, name, imageUrl, colorsString)
        values ('podcast:artist:clgz9riqw000d3b6emzyjak9r-clgz9rir100qp3b6e2ju37g1v', 'VISION Radio', 'https://episodes.castos.com/6138cb87d83982-66320119/images/itunes-image.png', null)
      ;

        INSERT INTO library_tracks_artists
        (trackId, artistId)
        values ('podcast:track:clgz9rir100qn3b6ezfo1kv0s', 'podcast:artist:clgz9riqw000d3b6emzyjak9r-clgz9rir100qp3b6e2ju37g1v')
      ;

        -- TODO: INSERT OR REPLACE once fixed in SKDB...
        -- INSERT OR REPLACE INTO library_albums
        DELETE FROM library_albums WHERE id = 'podcast:album:clgz9riqw000d3b6emzyjak9r-clgz9rir100qo3b6e08vvwrbe';
        INSERT INTO library_albums
        (id, name, colorsString, imageUrl, trackCount, releaseDate, copyrights)
        values ('podcast:album:clgz9riqw000d3b6emzyjak9r-clgz9rir100qo3b6e08vvwrbe', 'VISION Radio', null, 'https://episodes.castos.com/6138cb87d83982-66320119/images/itunes-image.png', 1, null, null)
      ;

        INSERT INTO library_tracks_playlists
                (trackId, playlistId, trackIndex, addedAtTimestamp)
                values ('podcast:track:clgz9rir100qn3b6ezfo1kv0s', 'podcast:playlist:clgz9riqw000d3b6emzyjak9r', 315, 1503071760000)
      ;

        -- TODO: INSERT OR REPLACE once fixed in SKDB...
        -- INSERT OR REPLACE INTO library_tracks
        DELETE FROM library_tracks WHERE id = 'podcast:track:clgz9rir100qq3b6erbz4jedg'; 
        INSERT INTO library_tracks
                (id, name, albumId, trackNumber, durationMs, isrc, imageUrl, audioUrl, externalLink, description)
                values ('podcast:track:clgz9rir100qq3b6erbz4jedg', 'Noisia Radio S03E32', 'podcast:album:clgz9riqw000d3b6emzyjak9r-clgz9rir100qr3b6e1avqad6g', 0, 3603000, null, 'https://episodes.castos.com/6138cb87d83982-66320119/images/itunes-image.png', 'https://episodes.castos.com/6138cb87d83982-66320119/KTGD61nxLzMt0ZMEorDEyr9POwskNUpnZX9oAu76.mp3', 'https://visionradio.castos.com/episodes/noisia-radio-s03e32-2', 'Noisia Radio this week: Enei drops a single on Critical, new music by Revazz for our Partial series on Division and an exclusive by Joker. All this and more things..')
      ;

        -- TODO: INSERT OR REPLACE once fixed in SKDB...
        -- INSERT OR REPLACE INTO library_artists
        DELETE FROM library_artists WHERE id = 'podcast:artist:clgz9riqw000d3b6emzyjak9r-clgz9rir100qs3b6ebaltw7ab';
        INSERT INTO library_artists
        (id, name, imageUrl, colorsString)
        values ('podcast:artist:clgz9riqw000d3b6emzyjak9r-clgz9rir100qs3b6ebaltw7ab', 'VISION Radio', 'https://episodes.castos.com/6138cb87d83982-66320119/images/itunes-image.png', null)
      ;

        INSERT INTO library_tracks_artists
        (trackId, artistId)
        values ('podcast:track:clgz9rir100qq3b6erbz4jedg', 'podcast:artist:clgz9riqw000d3b6emzyjak9r-clgz9rir100qs3b6ebaltw7ab')
      ;

        -- TODO: INSERT OR REPLACE once fixed in SKDB...
        -- INSERT OR REPLACE INTO library_albums
        DELETE FROM library_albums WHERE id = 'podcast:album:clgz9riqw000d3b6emzyjak9r-clgz9rir100qr3b6e1avqad6g';
        INSERT INTO library_albums
        (id, name, colorsString, imageUrl, trackCount, releaseDate, copyrights)
        values ('podcast:album:clgz9riqw000d3b6emzyjak9r-clgz9rir100qr3b6e1avqad6g', 'VISION Radio', null, 'https://episodes.castos.com/6138cb87d83982-66320119/images/itunes-image.png', 1, null, null)
      ;

        INSERT INTO library_tracks_playlists
                (trackId, playlistId, trackIndex, addedAtTimestamp)
                values ('podcast:track:clgz9rir100qq3b6erbz4jedg', 'podcast:playlist:clgz9riqw000d3b6emzyjak9r', 316, 1502463919000)
      ;

        -- TODO: INSERT OR REPLACE once fixed in SKDB...
        -- INSERT OR REPLACE INTO library_tracks
        DELETE FROM library_tracks WHERE id = 'podcast:track:clgz9rir100qt3b6e1dph6siy'; 
        INSERT INTO library_tracks
                (id, name, albumId, trackNumber, durationMs, isrc, imageUrl, audioUrl, externalLink, description)
                values ('podcast:track:clgz9rir100qt3b6e1dph6siy', 'Noisia Radio S03E31', 'podcast:album:clgz9riqw000d3b6emzyjak9r-clgz9rir100qu3b6eukine14t', 0, 3589000, null, 'https://episodes.castos.com/6138cb87d83982-66320119/images/itunes-image.png', 'https://episodes.castos.com/6138cb87d83982-66320119/l1EE1ZcqBnVaWFA9UjKOXXW1rW1nyeA4f96iYIDX.mp3', 'https://visionradio.castos.com/episodes/noisia-radio-s03e31-2', 'Noisia Radio this week: New music from our Partial series on Division by Holly & Former, and more new music by the likes of Phace & Mefjus, Paint, Kiril and many more..')
      ;

        -- TODO: INSERT OR REPLACE once fixed in SKDB...
        -- INSERT OR REPLACE INTO library_artists
        DELETE FROM library_artists WHERE id = 'podcast:artist:clgz9riqw000d3b6emzyjak9r-clgz9rir100qv3b6e9tjozmjt';
        INSERT INTO library_artists
        (id, name, imageUrl, colorsString)
        values ('podcast:artist:clgz9riqw000d3b6emzyjak9r-clgz9rir100qv3b6e9tjozmjt', 'VISION Radio', 'https://episodes.castos.com/6138cb87d83982-66320119/images/itunes-image.png', null)
      ;

        INSERT INTO library_tracks_artists
        (trackId, artistId)
        values ('podcast:track:clgz9rir100qt3b6e1dph6siy', 'podcast:artist:clgz9riqw000d3b6emzyjak9r-clgz9rir100qv3b6e9tjozmjt')
      ;

        -- TODO: INSERT OR REPLACE once fixed in SKDB...
        -- INSERT OR REPLACE INTO library_albums
        DELETE FROM library_albums WHERE id = 'podcast:album:clgz9riqw000d3b6emzyjak9r-clgz9rir100qu3b6eukine14t';
        INSERT INTO library_albums
        (id, name, colorsString, imageUrl, trackCount, releaseDate, copyrights)
        values ('podcast:album:clgz9riqw000d3b6emzyjak9r-clgz9rir100qu3b6eukine14t', 'VISION Radio', null, 'https://episodes.castos.com/6138cb87d83982-66320119/images/itunes-image.png', 1, null, null)
      ;

        INSERT INTO library_tracks_playlists
                (trackId, playlistId, trackIndex, addedAtTimestamp)
                values ('podcast:track:clgz9rir100qt3b6e1dph6siy', 'podcast:playlist:clgz9riqw000d3b6emzyjak9r', 317, 1501842900000)
      ;

        -- TODO: INSERT OR REPLACE once fixed in SKDB...
        -- INSERT OR REPLACE INTO library_tracks
        DELETE FROM library_tracks WHERE id = 'podcast:track:clgz9rir100qw3b6eh779917g'; 
        INSERT INTO library_tracks
                (id, name, albumId, trackNumber, durationMs, isrc, imageUrl, audioUrl, externalLink, description)
                values ('podcast:track:clgz9rir100qw3b6eh779917g', 'Noisia Radio S03E30', 'podcast:album:clgz9riqw000d3b6emzyjak9r-clgz9rir100qx3b6enol1hbcs', 0, 3695000, null, 'https://episodes.castos.com/6138cb87d83982-66320119/images/itunes-image.png', 'https://episodes.castos.com/6138cb87d83982-66320119/RgXoRP8FHmwaSoFPu6DPiUowR8utEiKtn5FfksSM.mp3', 'https://visionradio.castos.com/episodes/noisia-radio-s03e30-2', 'Noisia Radio this week: After putting out an album on our Division imprint, Tsuruda takes over with one hour full of unreleased material from himself and his colleagues.')
      ;

        -- TODO: INSERT OR REPLACE once fixed in SKDB...
        -- INSERT OR REPLACE INTO library_artists
        DELETE FROM library_artists WHERE id = 'podcast:artist:clgz9riqw000d3b6emzyjak9r-clgz9rir100qy3b6ekvg2qu02';
        INSERT INTO library_artists
        (id, name, imageUrl, colorsString)
        values ('podcast:artist:clgz9riqw000d3b6emzyjak9r-clgz9rir100qy3b6ekvg2qu02', 'VISION Radio', 'https://episodes.castos.com/6138cb87d83982-66320119/images/itunes-image.png', null)
      ;

        INSERT INTO library_tracks_artists
        (trackId, artistId)
        values ('podcast:track:clgz9rir100qw3b6eh779917g', 'podcast:artist:clgz9riqw000d3b6emzyjak9r-clgz9rir100qy3b6ekvg2qu02')
      ;

        -- TODO: INSERT OR REPLACE once fixed in SKDB...
        -- INSERT OR REPLACE INTO library_albums
        DELETE FROM library_albums WHERE id = 'podcast:album:clgz9riqw000d3b6emzyjak9r-clgz9rir100qx3b6enol1hbcs';
        INSERT INTO library_albums
        (id, name, colorsString, imageUrl, trackCount, releaseDate, copyrights)
        values ('podcast:album:clgz9riqw000d3b6emzyjak9r-clgz9rir100qx3b6enol1hbcs', 'VISION Radio', null, 'https://episodes.castos.com/6138cb87d83982-66320119/images/itunes-image.png', 1, null, null)
      ;

        INSERT INTO library_tracks_playlists
                (trackId, playlistId, trackIndex, addedAtTimestamp)
                values ('podcast:track:clgz9rir100qw3b6eh779917g', 'podcast:playlist:clgz9riqw000d3b6emzyjak9r', 318, 1501247360000)
      ;

        -- TODO: INSERT OR REPLACE once fixed in SKDB...
        -- INSERT OR REPLACE INTO library_tracks
        DELETE FROM library_tracks WHERE id = 'podcast:track:clgz9rir100qz3b6eomogilgf'; 
        INSERT INTO library_tracks
                (id, name, albumId, trackNumber, durationMs, isrc, imageUrl, audioUrl, externalLink, description)
                values ('podcast:track:clgz9rir100qz3b6eomogilgf', 'Noisia Radio S03E30', 'podcast:album:clgz9riqw000d3b6emzyjak9r-clgz9rir100r03b6eorcpbg96', 0, 3695000, null, 'https://episodes.castos.com/6138cb87d83982-66320119/images/itunes-image.png', 'https://episodes.castos.com/6138cb87d83982-66320119/9EFTkyJ9kd2BQO9vUUy2XNjNrRR2qDzLf5c5e02o.mp3', 'https://visionradio.castos.com/episodes/noisia-radio-s03e30-2', 'Noisia Radio this week: After putting out an album on our Division imprint, Tsuruda takes over with one hour full of unreleased material from himself and his colleagues.')
      ;

        -- TODO: INSERT OR REPLACE once fixed in SKDB...
        -- INSERT OR REPLACE INTO library_artists
        DELETE FROM library_artists WHERE id = 'podcast:artist:clgz9riqw000d3b6emzyjak9r-clgz9rir100r13b6e8jzo7mtq';
        INSERT INTO library_artists
        (id, name, imageUrl, colorsString)
        values ('podcast:artist:clgz9riqw000d3b6emzyjak9r-clgz9rir100r13b6e8jzo7mtq', 'VISION Radio', 'https://episodes.castos.com/6138cb87d83982-66320119/images/itunes-image.png', null)
      ;

        INSERT INTO library_tracks_artists
        (trackId, artistId)
        values ('podcast:track:clgz9rir100qz3b6eomogilgf', 'podcast:artist:clgz9riqw000d3b6emzyjak9r-clgz9rir100r13b6e8jzo7mtq')
      ;

        -- TODO: INSERT OR REPLACE once fixed in SKDB...
        -- INSERT OR REPLACE INTO library_albums
        DELETE FROM library_albums WHERE id = 'podcast:album:clgz9riqw000d3b6emzyjak9r-clgz9rir100r03b6eorcpbg96';
        INSERT INTO library_albums
        (id, name, colorsString, imageUrl, trackCount, releaseDate, copyrights)
        values ('podcast:album:clgz9riqw000d3b6emzyjak9r-clgz9rir100r03b6eorcpbg96', 'VISION Radio', null, 'https://episodes.castos.com/6138cb87d83982-66320119/images/itunes-image.png', 1, null, null)
      ;

        INSERT INTO library_tracks_playlists
                (trackId, playlistId, trackIndex, addedAtTimestamp)
                values ('podcast:track:clgz9rir100qz3b6eomogilgf', 'podcast:playlist:clgz9riqw000d3b6emzyjak9r', 319, 1501247360000)
      ;

        -- TODO: INSERT OR REPLACE once fixed in SKDB...
        -- INSERT OR REPLACE INTO library_tracks
        DELETE FROM library_tracks WHERE id = 'podcast:track:clgz9rir100r23b6e07ywi67u'; 
        INSERT INTO library_tracks
                (id, name, albumId, trackNumber, durationMs, isrc, imageUrl, audioUrl, externalLink, description)
                values ('podcast:track:clgz9rir100r23b6e07ywi67u', 'Noisia Radio S03E29', 'podcast:album:clgz9riqw000d3b6emzyjak9r-clgz9rir100r33b6ehazmxxuj', 0, 3700000, null, 'https://episodes.castos.com/6138cb87d83982-66320119/images/itunes-image.png', 'https://episodes.castos.com/6138cb87d83982-66320119/Bx11qXHxmmCZ1yXLQMWvrn2FL3XwzX3SRHI0avCo.mp3', 'https://visionradio.castos.com/episodes/noisia-radio-s03e29-2', 'Noisia Radio this week: New music from our Division imprint by Woolymammoth, we premiere ‘Skuttle’ by Frankee, and have a Renraku guestmix, mixed by Critsyn. All this and more things..')
      ;

        -- TODO: INSERT OR REPLACE once fixed in SKDB...
        -- INSERT OR REPLACE INTO library_artists
        DELETE FROM library_artists WHERE id = 'podcast:artist:clgz9riqw000d3b6emzyjak9r-clgz9rir100r43b6e5p71g8gn';
        INSERT INTO library_artists
        (id, name, imageUrl, colorsString)
        values ('podcast:artist:clgz9riqw000d3b6emzyjak9r-clgz9rir100r43b6e5p71g8gn', 'VISION Radio', 'https://episodes.castos.com/6138cb87d83982-66320119/images/itunes-image.png', null)
      ;

        INSERT INTO library_tracks_artists
        (trackId, artistId)
        values ('podcast:track:clgz9rir100r23b6e07ywi67u', 'podcast:artist:clgz9riqw000d3b6emzyjak9r-clgz9rir100r43b6e5p71g8gn')
      ;

        -- TODO: INSERT OR REPLACE once fixed in SKDB...
        -- INSERT OR REPLACE INTO library_albums
        DELETE FROM library_albums WHERE id = 'podcast:album:clgz9riqw000d3b6emzyjak9r-clgz9rir100r33b6ehazmxxuj';
        INSERT INTO library_albums
        (id, name, colorsString, imageUrl, trackCount, releaseDate, copyrights)
        values ('podcast:album:clgz9riqw000d3b6emzyjak9r-clgz9rir100r33b6ehazmxxuj', 'VISION Radio', null, 'https://episodes.castos.com/6138cb87d83982-66320119/images/itunes-image.png', 1, null, null)
      ;

        INSERT INTO library_tracks_playlists
                (trackId, playlistId, trackIndex, addedAtTimestamp)
                values ('podcast:track:clgz9rir100r23b6e07ywi67u', 'podcast:playlist:clgz9riqw000d3b6emzyjak9r', 320, 1500633900000)
      ;

        -- TODO: INSERT OR REPLACE once fixed in SKDB...
        -- INSERT OR REPLACE INTO library_tracks
        DELETE FROM library_tracks WHERE id = 'podcast:track:clgz9rir100r53b6e1b73s7ew'; 
        INSERT INTO library_tracks
                (id, name, albumId, trackNumber, durationMs, isrc, imageUrl, audioUrl, externalLink, description)
                values ('podcast:track:clgz9rir100r53b6e1b73s7ew', 'Noisia Radio S03E28', 'podcast:album:clgz9riqw000d3b6emzyjak9r-clgz9rir100r63b6e2m0xpxtb', 0, 3605000, null, 'https://episodes.castos.com/6138cb87d83982-66320119/images/itunes-image.png', 'https://episodes.castos.com/6138cb87d83982-66320119/3krKR2fYjlL1X4wimLPfR8kgOkJxyU8EWNah6AOa.mp3', 'https://visionradio.castos.com/episodes/noisia-radio-s03e28-2', 'Noisia Radio this week: more Mefjus & Kasra music, new Proxima taken from our Solids series on Invisible, and a couple of throwbacks amongst new and exclusive music. All this and more things.')
      ;

        -- TODO: INSERT OR REPLACE once fixed in SKDB...
        -- INSERT OR REPLACE INTO library_artists
        DELETE FROM library_artists WHERE id = 'podcast:artist:clgz9riqw000d3b6emzyjak9r-clgz9rir100r73b6e2j1azp9u';
        INSERT INTO library_artists
        (id, name, imageUrl, colorsString)
        values ('podcast:artist:clgz9riqw000d3b6emzyjak9r-clgz9rir100r73b6e2j1azp9u', 'VISION Radio', 'https://episodes.castos.com/6138cb87d83982-66320119/images/itunes-image.png', null)
      ;

        INSERT INTO library_tracks_artists
        (trackId, artistId)
        values ('podcast:track:clgz9rir100r53b6e1b73s7ew', 'podcast:artist:clgz9riqw000d3b6emzyjak9r-clgz9rir100r73b6e2j1azp9u')
      ;

        -- TODO: INSERT OR REPLACE once fixed in SKDB...
        -- INSERT OR REPLACE INTO library_albums
        DELETE FROM library_albums WHERE id = 'podcast:album:clgz9riqw000d3b6emzyjak9r-clgz9rir100r63b6e2m0xpxtb';
        INSERT INTO library_albums
        (id, name, colorsString, imageUrl, trackCount, releaseDate, copyrights)
        values ('podcast:album:clgz9riqw000d3b6emzyjak9r-clgz9rir100r63b6e2m0xpxtb', 'VISION Radio', null, 'https://episodes.castos.com/6138cb87d83982-66320119/images/itunes-image.png', 1, null, null)
      ;

        INSERT INTO library_tracks_playlists
                (trackId, playlistId, trackIndex, addedAtTimestamp)
                values ('podcast:track:clgz9rir100r53b6e1b73s7ew', 'podcast:playlist:clgz9riqw000d3b6emzyjak9r', 321, 1500037200000)
      ;

        -- TODO: INSERT OR REPLACE once fixed in SKDB...
        -- INSERT OR REPLACE INTO library_tracks
        DELETE FROM library_tracks WHERE id = 'podcast:track:clgz9rir100r83b6ejbedp1ef'; 
        INSERT INTO library_tracks
                (id, name, albumId, trackNumber, durationMs, isrc, imageUrl, audioUrl, externalLink, description)
                values ('podcast:track:clgz9rir100r83b6ejbedp1ef', 'Noisia Radio S03E27', 'podcast:album:clgz9riqw000d3b6emzyjak9r-clgz9rir100r93b6efeiqgz1w', 0, 3609000, null, 'https://episodes.castos.com/6138cb87d83982-66320119/images/itunes-image.png', 'https://episodes.castos.com/6138cb87d83982-66320119/EoFi4DYoIJCqAQ92Mbr7EZYWy58LSoVwRgxdtd8V.mp3', 'https://visionradio.castos.com/episodes/noisia-radio-s03e27-2', 'Noisia Radio this week: Brand new Mefjus & Critical, more music from our Solids series on Invisible by Nami & Black Barrel, and a selection of experimental beats.')
      ;

        -- TODO: INSERT OR REPLACE once fixed in SKDB...
        -- INSERT OR REPLACE INTO library_artists
        DELETE FROM library_artists WHERE id = 'podcast:artist:clgz9riqw000d3b6emzyjak9r-clgz9rir100ra3b6e7j0mus0q';
        INSERT INTO library_artists
        (id, name, imageUrl, colorsString)
        values ('podcast:artist:clgz9riqw000d3b6emzyjak9r-clgz9rir100ra3b6e7j0mus0q', 'VISION Radio', 'https://episodes.castos.com/6138cb87d83982-66320119/images/itunes-image.png', null)
      ;

        INSERT INTO library_tracks_artists
        (trackId, artistId)
        values ('podcast:track:clgz9rir100r83b6ejbedp1ef', 'podcast:artist:clgz9riqw000d3b6emzyjak9r-clgz9rir100ra3b6e7j0mus0q')
      ;

        -- TODO: INSERT OR REPLACE once fixed in SKDB...
        -- INSERT OR REPLACE INTO library_albums
        DELETE FROM library_albums WHERE id = 'podcast:album:clgz9riqw000d3b6emzyjak9r-clgz9rir100r93b6efeiqgz1w';
        INSERT INTO library_albums
        (id, name, colorsString, imageUrl, trackCount, releaseDate, copyrights)
        values ('podcast:album:clgz9riqw000d3b6emzyjak9r-clgz9rir100r93b6efeiqgz1w', 'VISION Radio', null, 'https://episodes.castos.com/6138cb87d83982-66320119/images/itunes-image.png', 1, null, null)
      ;

        INSERT INTO library_tracks_playlists
                (trackId, playlistId, trackIndex, addedAtTimestamp)
                values ('podcast:track:clgz9rir100r83b6ejbedp1ef', 'podcast:playlist:clgz9riqw000d3b6emzyjak9r', 322, 1499439600000)
      ;

        -- TODO: INSERT OR REPLACE once fixed in SKDB...
        -- INSERT OR REPLACE INTO library_tracks
        DELETE FROM library_tracks WHERE id = 'podcast:track:clgz9rir100rb3b6ejs4qzmna'; 
        INSERT INTO library_tracks
                (id, name, albumId, trackNumber, durationMs, isrc, imageUrl, audioUrl, externalLink, description)
                values ('podcast:track:clgz9rir100rb3b6ejs4qzmna', 'Noisia Radio S03E27', 'podcast:album:clgz9riqw000d3b6emzyjak9r-clgz9rir100rc3b6e5s6oz0qn', 0, 3609000, null, 'https://episodes.castos.com/6138cb87d83982-66320119/images/itunes-image.png', 'https://episodes.castos.com/6138cb87d83982-66320119/FpAZhhKE5ZgeQf2vpRBSv3Ovo0V58W9bO0g1QjHB.mp3', 'https://visionradio.castos.com/episodes/noisia-radio-s03e27-2', 'Noisia Radio this week: Brand new Mefjus & Critical, more music from our Solids series on Invisible by Nami & Black Barrel, and a selection of experimental beats.')
      ;

        -- TODO: INSERT OR REPLACE once fixed in SKDB...
        -- INSERT OR REPLACE INTO library_artists
        DELETE FROM library_artists WHERE id = 'podcast:artist:clgz9riqw000d3b6emzyjak9r-clgz9rir100rd3b6eelo156c2';
        INSERT INTO library_artists
        (id, name, imageUrl, colorsString)
        values ('podcast:artist:clgz9riqw000d3b6emzyjak9r-clgz9rir100rd3b6eelo156c2', 'VISION Radio', 'https://episodes.castos.com/6138cb87d83982-66320119/images/itunes-image.png', null)
      ;

        INSERT INTO library_tracks_artists
        (trackId, artistId)
        values ('podcast:track:clgz9rir100rb3b6ejs4qzmna', 'podcast:artist:clgz9riqw000d3b6emzyjak9r-clgz9rir100rd3b6eelo156c2')
      ;

        -- TODO: INSERT OR REPLACE once fixed in SKDB...
        -- INSERT OR REPLACE INTO library_albums
        DELETE FROM library_albums WHERE id = 'podcast:album:clgz9riqw000d3b6emzyjak9r-clgz9rir100rc3b6e5s6oz0qn';
        INSERT INTO library_albums
        (id, name, colorsString, imageUrl, trackCount, releaseDate, copyrights)
        values ('podcast:album:clgz9riqw000d3b6emzyjak9r-clgz9rir100rc3b6e5s6oz0qn', 'VISION Radio', null, 'https://episodes.castos.com/6138cb87d83982-66320119/images/itunes-image.png', 1, null, null)
      ;

        INSERT INTO library_tracks_playlists
                (trackId, playlistId, trackIndex, addedAtTimestamp)
                values ('podcast:track:clgz9rir100rb3b6ejs4qzmna', 'podcast:playlist:clgz9riqw000d3b6emzyjak9r', 323, 1499439600000)
      ;

        -- TODO: INSERT OR REPLACE once fixed in SKDB...
        -- INSERT OR REPLACE INTO library_tracks
        DELETE FROM library_tracks WHERE id = 'podcast:track:clgz9rir100re3b6eqsdkwzkv'; 
        INSERT INTO library_tracks
                (id, name, albumId, trackNumber, durationMs, isrc, imageUrl, audioUrl, externalLink, description)
                values ('podcast:track:clgz9rir100re3b6eqsdkwzkv', 'Noisia Radio S03E26', 'podcast:album:clgz9riqw000d3b6emzyjak9r-clgz9rir100rf3b6ep0h7wzry', 0, 3575000, null, 'https://episodes.castos.com/6138cb87d83982-66320119/images/itunes-image.png', 'https://episodes.castos.com/6138cb87d83982-66320119/k7eou9DkamCRwz40YE3JzaoEMhkatAsCszssmLqM.mp3', 'https://visionradio.castos.com/episodes/noisia-radio-s03e26-2', 'Noisia Radio this week: MRSA aka Mat Zo’s new tune ‘Bio Weapon’, taken from our Solids series on our Invisible imprint and the ‘Noisia Outer Edges Remix’ of Surfaceless. All this and more things.')
      ;

        -- TODO: INSERT OR REPLACE once fixed in SKDB...
        -- INSERT OR REPLACE INTO library_artists
        DELETE FROM library_artists WHERE id = 'podcast:artist:clgz9riqw000d3b6emzyjak9r-clgz9rir100rg3b6etocm8wnp';
        INSERT INTO library_artists
        (id, name, imageUrl, colorsString)
        values ('podcast:artist:clgz9riqw000d3b6emzyjak9r-clgz9rir100rg3b6etocm8wnp', 'VISION Radio', 'https://episodes.castos.com/6138cb87d83982-66320119/images/itunes-image.png', null)
      ;

        INSERT INTO library_tracks_artists
        (trackId, artistId)
        values ('podcast:track:clgz9rir100re3b6eqsdkwzkv', 'podcast:artist:clgz9riqw000d3b6emzyjak9r-clgz9rir100rg3b6etocm8wnp')
      ;

        -- TODO: INSERT OR REPLACE once fixed in SKDB...
        -- INSERT OR REPLACE INTO library_albums
        DELETE FROM library_albums WHERE id = 'podcast:album:clgz9riqw000d3b6emzyjak9r-clgz9rir100rf3b6ep0h7wzry';
        INSERT INTO library_albums
        (id, name, colorsString, imageUrl, trackCount, releaseDate, copyrights)
        values ('podcast:album:clgz9riqw000d3b6emzyjak9r-clgz9rir100rf3b6ep0h7wzry', 'VISION Radio', null, 'https://episodes.castos.com/6138cb87d83982-66320119/images/itunes-image.png', 1, null, null)
      ;

        INSERT INTO library_tracks_playlists
                (trackId, playlistId, trackIndex, addedAtTimestamp)
                values ('podcast:track:clgz9rir100re3b6eqsdkwzkv', 'podcast:playlist:clgz9riqw000d3b6emzyjak9r', 324, 1498834800000)
      ;

        -- TODO: INSERT OR REPLACE once fixed in SKDB...
        -- INSERT OR REPLACE INTO library_tracks
        DELETE FROM library_tracks WHERE id = 'podcast:track:clgz9rir100rh3b6ejujerpk7'; 
        INSERT INTO library_tracks
                (id, name, albumId, trackNumber, durationMs, isrc, imageUrl, audioUrl, externalLink, description)
                values ('podcast:track:clgz9rir100rh3b6ejujerpk7', 'Noisia Radio S03E26', 'podcast:album:clgz9riqw000d3b6emzyjak9r-clgz9rir100ri3b6ecyq7obir', 0, 3575000, null, 'https://episodes.castos.com/6138cb87d83982-66320119/images/itunes-image.png', 'https://episodes.castos.com/6138cb87d83982-66320119/iz2cQ1UYyWDCemi0SdprtkmwEQnXByvF2TaFX3TQ.mp3', 'https://visionradio.castos.com/episodes/noisia-radio-s03e26-2', 'Noisia Radio this week: MRSA aka Mat Zo’s new tune ‘Bio Weapon’, taken from our Solids series on our Invisible imprint and the ‘Noisia Outer Edges Remix’ of Surfaceless. All this and more things.')
      ;

        -- TODO: INSERT OR REPLACE once fixed in SKDB...
        -- INSERT OR REPLACE INTO library_artists
        DELETE FROM library_artists WHERE id = 'podcast:artist:clgz9riqw000d3b6emzyjak9r-clgz9rir100rj3b6efh8p6wo8';
        INSERT INTO library_artists
        (id, name, imageUrl, colorsString)
        values ('podcast:artist:clgz9riqw000d3b6emzyjak9r-clgz9rir100rj3b6efh8p6wo8', 'VISION Radio', 'https://episodes.castos.com/6138cb87d83982-66320119/images/itunes-image.png', null)
      ;

        INSERT INTO library_tracks_artists
        (trackId, artistId)
        values ('podcast:track:clgz9rir100rh3b6ejujerpk7', 'podcast:artist:clgz9riqw000d3b6emzyjak9r-clgz9rir100rj3b6efh8p6wo8')
      ;

        -- TODO: INSERT OR REPLACE once fixed in SKDB...
        -- INSERT OR REPLACE INTO library_albums
        DELETE FROM library_albums WHERE id = 'podcast:album:clgz9riqw000d3b6emzyjak9r-clgz9rir100ri3b6ecyq7obir';
        INSERT INTO library_albums
        (id, name, colorsString, imageUrl, trackCount, releaseDate, copyrights)
        values ('podcast:album:clgz9riqw000d3b6emzyjak9r-clgz9rir100ri3b6ecyq7obir', 'VISION Radio', null, 'https://episodes.castos.com/6138cb87d83982-66320119/images/itunes-image.png', 1, null, null)
      ;

        INSERT INTO library_tracks_playlists
                (trackId, playlistId, trackIndex, addedAtTimestamp)
                values ('podcast:track:clgz9rir100rh3b6ejujerpk7', 'podcast:playlist:clgz9riqw000d3b6emzyjak9r', 325, 1498834800000)
      ;

        -- TODO: INSERT OR REPLACE once fixed in SKDB...
        -- INSERT OR REPLACE INTO library_tracks
        DELETE FROM library_tracks WHERE id = 'podcast:track:clgz9rir100rk3b6ehphzvhti'; 
        INSERT INTO library_tracks
                (id, name, albumId, trackNumber, durationMs, isrc, imageUrl, audioUrl, externalLink, description)
                values ('podcast:track:clgz9rir100rk3b6ehphzvhti', 'Noisia Radio S03E25', 'podcast:album:clgz9riqw000d3b6emzyjak9r-clgz9rir100rl3b6eo1ke770k', 0, 3601000, null, 'https://episodes.castos.com/6138cb87d83982-66320119/images/itunes-image.png', 'https://episodes.castos.com/6138cb87d83982-66320119/Vx7WEOwKJSApl4xIIh6tHqrSI4S5D1wZFOb7CF8Q.mp3', 'https://visionradio.castos.com/episodes/noisia-radio-s03e25-2', 'Noisia Radio this week: our "Outer Edges" remix of Dead Limit, new music from our "Solids" series on Invisible, and more new Halogenix music. All this and more things..')
      ;

        -- TODO: INSERT OR REPLACE once fixed in SKDB...
        -- INSERT OR REPLACE INTO library_artists
        DELETE FROM library_artists WHERE id = 'podcast:artist:clgz9riqw000d3b6emzyjak9r-clgz9rir100rm3b6ezpmao8fl';
        INSERT INTO library_artists
        (id, name, imageUrl, colorsString)
        values ('podcast:artist:clgz9riqw000d3b6emzyjak9r-clgz9rir100rm3b6ezpmao8fl', 'VISION Radio', 'https://episodes.castos.com/6138cb87d83982-66320119/images/itunes-image.png', null)
      ;

        INSERT INTO library_tracks_artists
        (trackId, artistId)
        values ('podcast:track:clgz9rir100rk3b6ehphzvhti', 'podcast:artist:clgz9riqw000d3b6emzyjak9r-clgz9rir100rm3b6ezpmao8fl')
      ;

        -- TODO: INSERT OR REPLACE once fixed in SKDB...
        -- INSERT OR REPLACE INTO library_albums
        DELETE FROM library_albums WHERE id = 'podcast:album:clgz9riqw000d3b6emzyjak9r-clgz9rir100rl3b6eo1ke770k';
        INSERT INTO library_albums
        (id, name, colorsString, imageUrl, trackCount, releaseDate, copyrights)
        values ('podcast:album:clgz9riqw000d3b6emzyjak9r-clgz9rir100rl3b6eo1ke770k', 'VISION Radio', null, 'https://episodes.castos.com/6138cb87d83982-66320119/images/itunes-image.png', 1, null, null)
      ;

        INSERT INTO library_tracks_playlists
                (trackId, playlistId, trackIndex, addedAtTimestamp)
                values ('podcast:track:clgz9rir100rk3b6ehphzvhti', 'podcast:playlist:clgz9riqw000d3b6emzyjak9r', 326, 1498230000000)
      ;

        -- TODO: INSERT OR REPLACE once fixed in SKDB...
        -- INSERT OR REPLACE INTO library_tracks
        DELETE FROM library_tracks WHERE id = 'podcast:track:clgz9rir100rn3b6e9q5aknsi'; 
        INSERT INTO library_tracks
                (id, name, albumId, trackNumber, durationMs, isrc, imageUrl, audioUrl, externalLink, description)
                values ('podcast:track:clgz9rir100rn3b6e9q5aknsi', 'Noisia Radio S03E25', 'podcast:album:clgz9riqw000d3b6emzyjak9r-clgz9rir100ro3b6e95ycejqi', 0, 3601000, null, 'https://episodes.castos.com/6138cb87d83982-66320119/images/itunes-image.png', 'https://episodes.castos.com/6138cb87d83982-66320119/HafunhFG14SCu05RkrixuPi3pwECz6UpQJgZnvnO.mp3', 'https://visionradio.castos.com/episodes/noisia-radio-s03e25-2', 'Noisia Radio this week: our "Outer Edges" remix of Dead Limit, new music from our "Solids" series on Invisible, and more new Halogenix music. All this and more things..')
      ;

        -- TODO: INSERT OR REPLACE once fixed in SKDB...
        -- INSERT OR REPLACE INTO library_artists
        DELETE FROM library_artists WHERE id = 'podcast:artist:clgz9riqw000d3b6emzyjak9r-clgz9rir100rp3b6ecbfnbf6y';
        INSERT INTO library_artists
        (id, name, imageUrl, colorsString)
        values ('podcast:artist:clgz9riqw000d3b6emzyjak9r-clgz9rir100rp3b6ecbfnbf6y', 'VISION Radio', 'https://episodes.castos.com/6138cb87d83982-66320119/images/itunes-image.png', null)
      ;

        INSERT INTO library_tracks_artists
        (trackId, artistId)
        values ('podcast:track:clgz9rir100rn3b6e9q5aknsi', 'podcast:artist:clgz9riqw000d3b6emzyjak9r-clgz9rir100rp3b6ecbfnbf6y')
      ;

        -- TODO: INSERT OR REPLACE once fixed in SKDB...
        -- INSERT OR REPLACE INTO library_albums
        DELETE FROM library_albums WHERE id = 'podcast:album:clgz9riqw000d3b6emzyjak9r-clgz9rir100ro3b6e95ycejqi';
        INSERT INTO library_albums
        (id, name, colorsString, imageUrl, trackCount, releaseDate, copyrights)
        values ('podcast:album:clgz9riqw000d3b6emzyjak9r-clgz9rir100ro3b6e95ycejqi', 'VISION Radio', null, 'https://episodes.castos.com/6138cb87d83982-66320119/images/itunes-image.png', 1, null, null)
      ;

        INSERT INTO library_tracks_playlists
                (trackId, playlistId, trackIndex, addedAtTimestamp)
                values ('podcast:track:clgz9rir100rn3b6e9q5aknsi', 'podcast:playlist:clgz9riqw000d3b6emzyjak9r', 327, 1498230000000)
      ;

        -- TODO: INSERT OR REPLACE once fixed in SKDB...
        -- INSERT OR REPLACE INTO library_tracks
        DELETE FROM library_tracks WHERE id = 'podcast:track:clgz9rir100rq3b6eeclryzk6'; 
        INSERT INTO library_tracks
                (id, name, albumId, trackNumber, durationMs, isrc, imageUrl, audioUrl, externalLink, description)
                values ('podcast:track:clgz9rir100rq3b6eeclryzk6', 'Noisia Radio S03E24', 'podcast:album:clgz9riqw000d3b6emzyjak9r-clgz9rir100rr3b6e6imk4d4v', 0, 3573000, null, 'https://episodes.castos.com/6138cb87d83982-66320119/images/itunes-image.png', 'https://episodes.castos.com/6138cb87d83982-66320119/I9JHhKvF2YvoqhmcgyCNnnOI0h3cMrYaP7JuEcUB.mp3', 'https://visionradio.castos.com/episodes/noisia-radio-s03e24-2', 'Noisia Radio this week: our remix of What So Not’s ‘Divide & Conquer’, our "Outer Edges" remix of Voodoo, new Halogenix music, and Tsuruda’s album is out today!')
      ;

        -- TODO: INSERT OR REPLACE once fixed in SKDB...
        -- INSERT OR REPLACE INTO library_artists
        DELETE FROM library_artists WHERE id = 'podcast:artist:clgz9riqw000d3b6emzyjak9r-clgz9rir100rs3b6et2m3s88k';
        INSERT INTO library_artists
        (id, name, imageUrl, colorsString)
        values ('podcast:artist:clgz9riqw000d3b6emzyjak9r-clgz9rir100rs3b6et2m3s88k', 'VISION Radio', 'https://episodes.castos.com/6138cb87d83982-66320119/images/itunes-image.png', null)
      ;

        INSERT INTO library_tracks_artists
        (trackId, artistId)
        values ('podcast:track:clgz9rir100rq3b6eeclryzk6', 'podcast:artist:clgz9riqw000d3b6emzyjak9r-clgz9rir100rs3b6et2m3s88k')
      ;

        -- TODO: INSERT OR REPLACE once fixed in SKDB...
        -- INSERT OR REPLACE INTO library_albums
        DELETE FROM library_albums WHERE id = 'podcast:album:clgz9riqw000d3b6emzyjak9r-clgz9rir100rr3b6e6imk4d4v';
        INSERT INTO library_albums
        (id, name, colorsString, imageUrl, trackCount, releaseDate, copyrights)
        values ('podcast:album:clgz9riqw000d3b6emzyjak9r-clgz9rir100rr3b6e6imk4d4v', 'VISION Radio', null, 'https://episodes.castos.com/6138cb87d83982-66320119/images/itunes-image.png', 1, null, null)
      ;

        INSERT INTO library_tracks_playlists
                (trackId, playlistId, trackIndex, addedAtTimestamp)
                values ('podcast:track:clgz9rir100rq3b6eeclryzk6', 'podcast:playlist:clgz9riqw000d3b6emzyjak9r', 328, 1497625200000)
      ;

        -- TODO: INSERT OR REPLACE once fixed in SKDB...
        -- INSERT OR REPLACE INTO library_tracks
        DELETE FROM library_tracks WHERE id = 'podcast:track:clgz9rir100rt3b6evetivnl8'; 
        INSERT INTO library_tracks
                (id, name, albumId, trackNumber, durationMs, isrc, imageUrl, audioUrl, externalLink, description)
                values ('podcast:track:clgz9rir100rt3b6evetivnl8', 'Noisia Radio S03E23', 'podcast:album:clgz9riqw000d3b6emzyjak9r-clgz9rir100ru3b6e9y3phqdr', 0, 3638000, null, 'https://episodes.castos.com/6138cb87d83982-66320119/images/itunes-image.png', 'https://episodes.castos.com/6138cb87d83982-66320119/Cb6lJXf7pDmhZfWwHV3BLLpEFafv2EwY5iKZDt7o.mp3', 'https://visionradio.castos.com/episodes/noisia-radio-s03e23-2', 'Noisia Radio this week: we listen to the ‘Outer Edges’ remix of Diplodocus, new Billain from our Invisible imprint, and brand new Tsuruda. All this and more things.')
      ;

        -- TODO: INSERT OR REPLACE once fixed in SKDB...
        -- INSERT OR REPLACE INTO library_artists
        DELETE FROM library_artists WHERE id = 'podcast:artist:clgz9riqw000d3b6emzyjak9r-clgz9rir100rv3b6ej8mufebm';
        INSERT INTO library_artists
        (id, name, imageUrl, colorsString)
        values ('podcast:artist:clgz9riqw000d3b6emzyjak9r-clgz9rir100rv3b6ej8mufebm', 'VISION Radio', 'https://episodes.castos.com/6138cb87d83982-66320119/images/itunes-image.png', null)
      ;

        INSERT INTO library_tracks_artists
        (trackId, artistId)
        values ('podcast:track:clgz9rir100rt3b6evetivnl8', 'podcast:artist:clgz9riqw000d3b6emzyjak9r-clgz9rir100rv3b6ej8mufebm')
      ;

        -- TODO: INSERT OR REPLACE once fixed in SKDB...
        -- INSERT OR REPLACE INTO library_albums
        DELETE FROM library_albums WHERE id = 'podcast:album:clgz9riqw000d3b6emzyjak9r-clgz9rir100ru3b6e9y3phqdr';
        INSERT INTO library_albums
        (id, name, colorsString, imageUrl, trackCount, releaseDate, copyrights)
        values ('podcast:album:clgz9riqw000d3b6emzyjak9r-clgz9rir100ru3b6e9y3phqdr', 'VISION Radio', null, 'https://episodes.castos.com/6138cb87d83982-66320119/images/itunes-image.png', 1, null, null)
      ;

        INSERT INTO library_tracks_playlists
                (trackId, playlistId, trackIndex, addedAtTimestamp)
                values ('podcast:track:clgz9rir100rt3b6evetivnl8', 'podcast:playlist:clgz9riqw000d3b6emzyjak9r', 329, 1497020400000)
      ;

        -- TODO: INSERT OR REPLACE once fixed in SKDB...
        -- INSERT OR REPLACE INTO library_tracks
        DELETE FROM library_tracks WHERE id = 'podcast:track:clgz9rir100rw3b6eruhln4g9'; 
        INSERT INTO library_tracks
                (id, name, albumId, trackNumber, durationMs, isrc, imageUrl, audioUrl, externalLink, description)
                values ('podcast:track:clgz9rir100rw3b6eruhln4g9', 'Noisia Radio S03E22', 'podcast:album:clgz9riqw000d3b6emzyjak9r-clgz9rir100rx3b6eitk7rszd', 0, 3597000, null, 'https://episodes.castos.com/6138cb87d83982-66320119/images/itunes-image.png', 'https://episodes.castos.com/6138cb87d83982-66320119/2MT4zKBWa8R6QkjZZHMSHhrJmhF3ET96tDfM8Ath.mp3', 'https://visionradio.castos.com/episodes/noisia-radio-s03e22-2', 'Noisia Radio this week: we celebrate and thank Marcus Intalex for his music with a beautiful charity track from DRS and LSB. We also made a Tommy’s Theme remix. Stay safe and be thankful for those around you <3')
      ;

        -- TODO: INSERT OR REPLACE once fixed in SKDB...
        -- INSERT OR REPLACE INTO library_artists
        DELETE FROM library_artists WHERE id = 'podcast:artist:clgz9riqw000d3b6emzyjak9r-clgz9rir100ry3b6erdhx4trf';
        INSERT INTO library_artists
        (id, name, imageUrl, colorsString)
        values ('podcast:artist:clgz9riqw000d3b6emzyjak9r-clgz9rir100ry3b6erdhx4trf', 'VISION Radio', 'https://episodes.castos.com/6138cb87d83982-66320119/images/itunes-image.png', null)
      ;

        INSERT INTO library_tracks_artists
        (trackId, artistId)
        values ('podcast:track:clgz9rir100rw3b6eruhln4g9', 'podcast:artist:clgz9riqw000d3b6emzyjak9r-clgz9rir100ry3b6erdhx4trf')
      ;

        -- TODO: INSERT OR REPLACE once fixed in SKDB...
        -- INSERT OR REPLACE INTO library_albums
        DELETE FROM library_albums WHERE id = 'podcast:album:clgz9riqw000d3b6emzyjak9r-clgz9rir100rx3b6eitk7rszd';
        INSERT INTO library_albums
        (id, name, colorsString, imageUrl, trackCount, releaseDate, copyrights)
        values ('podcast:album:clgz9riqw000d3b6emzyjak9r-clgz9rir100rx3b6eitk7rszd', 'VISION Radio', null, 'https://episodes.castos.com/6138cb87d83982-66320119/images/itunes-image.png', 1, null, null)
      ;

        INSERT INTO library_tracks_playlists
                (trackId, playlistId, trackIndex, addedAtTimestamp)
                values ('podcast:track:clgz9rir100rw3b6eruhln4g9', 'podcast:playlist:clgz9riqw000d3b6emzyjak9r', 330, 1496418840000)
      ;

        -- TODO: INSERT OR REPLACE once fixed in SKDB...
        -- INSERT OR REPLACE INTO library_tracks
        DELETE FROM library_tracks WHERE id = 'podcast:track:clgz9rir100rz3b6e0kkt9vyi'; 
        INSERT INTO library_tracks
                (id, name, albumId, trackNumber, durationMs, isrc, imageUrl, audioUrl, externalLink, description)
                values ('podcast:track:clgz9rir100rz3b6e0kkt9vyi', 'Noisia Radio S03E22', 'podcast:album:clgz9riqw000d3b6emzyjak9r-clgz9rir100s03b6ewpt0m1f9', 0, 3597000, null, 'https://episodes.castos.com/6138cb87d83982-66320119/images/itunes-image.png', 'https://episodes.castos.com/6138cb87d83982-66320119/i7qzgEBKcDNVIorXxeSSDDnpZ4bblE13doRjQtiv.mp3', 'https://visionradio.castos.com/episodes/noisia-radio-s03e22-2', 'Noisia Radio this week: we celebrate and thank Marcus Intalex for his music with a beautiful charity track from DRS and LSB. We also made a Tommy’s Theme remix. Stay safe and be thankful for those around you <3')
      ;

        -- TODO: INSERT OR REPLACE once fixed in SKDB...
        -- INSERT OR REPLACE INTO library_artists
        DELETE FROM library_artists WHERE id = 'podcast:artist:clgz9riqw000d3b6emzyjak9r-clgz9rir100s13b6e0pwfqcq3';
        INSERT INTO library_artists
        (id, name, imageUrl, colorsString)
        values ('podcast:artist:clgz9riqw000d3b6emzyjak9r-clgz9rir100s13b6e0pwfqcq3', 'VISION Radio', 'https://episodes.castos.com/6138cb87d83982-66320119/images/itunes-image.png', null)
      ;

        INSERT INTO library_tracks_artists
        (trackId, artistId)
        values ('podcast:track:clgz9rir100rz3b6e0kkt9vyi', 'podcast:artist:clgz9riqw000d3b6emzyjak9r-clgz9rir100s13b6e0pwfqcq3')
      ;

        -- TODO: INSERT OR REPLACE once fixed in SKDB...
        -- INSERT OR REPLACE INTO library_albums
        DELETE FROM library_albums WHERE id = 'podcast:album:clgz9riqw000d3b6emzyjak9r-clgz9rir100s03b6ewpt0m1f9';
        INSERT INTO library_albums
        (id, name, colorsString, imageUrl, trackCount, releaseDate, copyrights)
        values ('podcast:album:clgz9riqw000d3b6emzyjak9r-clgz9rir100s03b6ewpt0m1f9', 'VISION Radio', null, 'https://episodes.castos.com/6138cb87d83982-66320119/images/itunes-image.png', 1, null, null)
      ;

        INSERT INTO library_tracks_playlists
                (trackId, playlistId, trackIndex, addedAtTimestamp)
                values ('podcast:track:clgz9rir100rz3b6e0kkt9vyi', 'podcast:playlist:clgz9riqw000d3b6emzyjak9r', 331, 1496418840000)
      ;

        -- TODO: INSERT OR REPLACE once fixed in SKDB...
        -- INSERT OR REPLACE INTO library_tracks
        DELETE FROM library_tracks WHERE id = 'podcast:track:clgz9rir100s23b6enq7aefrq'; 
        INSERT INTO library_tracks
                (id, name, albumId, trackNumber, durationMs, isrc, imageUrl, audioUrl, externalLink, description)
                values ('podcast:track:clgz9rir100s23b6enq7aefrq', 'Noisia Radio S03E21', 'podcast:album:clgz9riqw000d3b6emzyjak9r-clgz9rir100s33b6efv41bmjb', 0, 3633000, null, 'https://episodes.castos.com/6138cb87d83982-66320119/images/itunes-image.png', 'https://episodes.castos.com/6138cb87d83982-66320119/vSr9ObeuCT6ezMbGRg2WEyqIa3461wZBBCXvoCEq.mp3', 'https://visionradio.castos.com/episodes/noisia-radio-s03e21-2', 'Noisia Radio this week; new music by Monty and Tsuruda from our own imprints, Emperor"s 15 Years of Critical track, and X&G reveal some majestic new music. All this and more things.   ')
      ;

        -- TODO: INSERT OR REPLACE once fixed in SKDB...
        -- INSERT OR REPLACE INTO library_artists
        DELETE FROM library_artists WHERE id = 'podcast:artist:clgz9riqw000d3b6emzyjak9r-clgz9rir100s43b6e34to92lm';
        INSERT INTO library_artists
        (id, name, imageUrl, colorsString)
        values ('podcast:artist:clgz9riqw000d3b6emzyjak9r-clgz9rir100s43b6e34to92lm', 'VISION Radio', 'https://episodes.castos.com/6138cb87d83982-66320119/images/itunes-image.png', null)
      ;

        INSERT INTO library_tracks_artists
        (trackId, artistId)
        values ('podcast:track:clgz9rir100s23b6enq7aefrq', 'podcast:artist:clgz9riqw000d3b6emzyjak9r-clgz9rir100s43b6e34to92lm')
      ;

        -- TODO: INSERT OR REPLACE once fixed in SKDB...
        -- INSERT OR REPLACE INTO library_albums
        DELETE FROM library_albums WHERE id = 'podcast:album:clgz9riqw000d3b6emzyjak9r-clgz9rir100s33b6efv41bmjb';
        INSERT INTO library_albums
        (id, name, colorsString, imageUrl, trackCount, releaseDate, copyrights)
        values ('podcast:album:clgz9riqw000d3b6emzyjak9r-clgz9rir100s33b6efv41bmjb', 'VISION Radio', null, 'https://episodes.castos.com/6138cb87d83982-66320119/images/itunes-image.png', 1, null, null)
      ;

        INSERT INTO library_tracks_playlists
                (trackId, playlistId, trackIndex, addedAtTimestamp)
                values ('podcast:track:clgz9rir100s23b6enq7aefrq', 'podcast:playlist:clgz9riqw000d3b6emzyjak9r', 332, 1495823068000)
      ;

        -- TODO: INSERT OR REPLACE once fixed in SKDB...
        -- INSERT OR REPLACE INTO library_tracks
        DELETE FROM library_tracks WHERE id = 'podcast:track:clgz9rir100s53b6ezp6lckl7'; 
        INSERT INTO library_tracks
                (id, name, albumId, trackNumber, durationMs, isrc, imageUrl, audioUrl, externalLink, description)
                values ('podcast:track:clgz9rir100s53b6ezp6lckl7', 'Noisia Radio S03E20', 'podcast:album:clgz9riqw000d3b6emzyjak9r-clgz9rir100s63b6e2pcb1x0o', 0, 3692000, null, 'https://episodes.castos.com/6138cb87d83982-66320119/images/itunes-image.png', 'https://episodes.castos.com/6138cb87d83982-66320119/RWe5kJEoGGHkze1mv63bduLUIkPqSM1wadYnwwrl.mp3', 'https://visionradio.castos.com/episodes/noisia-radio-s03e20-2', 'Noisia Radio this week; our hundredth episode! With new music by Tsuruda, Malux, Camo & Crooked and Mefjus.')
      ;

        -- TODO: INSERT OR REPLACE once fixed in SKDB...
        -- INSERT OR REPLACE INTO library_artists
        DELETE FROM library_artists WHERE id = 'podcast:artist:clgz9riqw000d3b6emzyjak9r-clgz9rir100s73b6er9ymquqe';
        INSERT INTO library_artists
        (id, name, imageUrl, colorsString)
        values ('podcast:artist:clgz9riqw000d3b6emzyjak9r-clgz9rir100s73b6er9ymquqe', 'VISION Radio', 'https://episodes.castos.com/6138cb87d83982-66320119/images/itunes-image.png', null)
      ;

        INSERT INTO library_tracks_artists
        (trackId, artistId)
        values ('podcast:track:clgz9rir100s53b6ezp6lckl7', 'podcast:artist:clgz9riqw000d3b6emzyjak9r-clgz9rir100s73b6er9ymquqe')
      ;

        -- TODO: INSERT OR REPLACE once fixed in SKDB...
        -- INSERT OR REPLACE INTO library_albums
        DELETE FROM library_albums WHERE id = 'podcast:album:clgz9riqw000d3b6emzyjak9r-clgz9rir100s63b6e2pcb1x0o';
        INSERT INTO library_albums
        (id, name, colorsString, imageUrl, trackCount, releaseDate, copyrights)
        values ('podcast:album:clgz9riqw000d3b6emzyjak9r-clgz9rir100s63b6e2pcb1x0o', 'VISION Radio', null, 'https://episodes.castos.com/6138cb87d83982-66320119/images/itunes-image.png', 1, null, null)
      ;

        INSERT INTO library_tracks_playlists
                (trackId, playlistId, trackIndex, addedAtTimestamp)
                values ('podcast:track:clgz9rir100s53b6ezp6lckl7', 'podcast:playlist:clgz9riqw000d3b6emzyjak9r', 333, 1495206000000)
      ;

        -- TODO: INSERT OR REPLACE once fixed in SKDB...
        -- INSERT OR REPLACE INTO library_tracks
        DELETE FROM library_tracks WHERE id = 'podcast:track:clgz9rir100s83b6eceh98x6f'; 
        INSERT INTO library_tracks
                (id, name, albumId, trackNumber, durationMs, isrc, imageUrl, audioUrl, externalLink, description)
                values ('podcast:track:clgz9rir100s83b6eceh98x6f', 'Noisia Radio S03E20', 'podcast:album:clgz9riqw000d3b6emzyjak9r-clgz9rir100s93b6eu1zsq8fv', 0, 3692000, null, 'https://episodes.castos.com/6138cb87d83982-66320119/images/itunes-image.png', 'https://episodes.castos.com/6138cb87d83982-66320119/b9ftkXJGROfhN2wmiXsWTJQzVHUOe8EYsVnbrrea.mp3', 'https://visionradio.castos.com/episodes/noisia-radio-s03e20-2', 'Noisia Radio this week; our hundredth episode! With new music by Tsuruda, Malux, Camo & Crooked and Mefjus.')
      ;

        -- TODO: INSERT OR REPLACE once fixed in SKDB...
        -- INSERT OR REPLACE INTO library_artists
        DELETE FROM library_artists WHERE id = 'podcast:artist:clgz9riqw000d3b6emzyjak9r-clgz9rir100sa3b6ex6a58y7g';
        INSERT INTO library_artists
        (id, name, imageUrl, colorsString)
        values ('podcast:artist:clgz9riqw000d3b6emzyjak9r-clgz9rir100sa3b6ex6a58y7g', 'VISION Radio', 'https://episodes.castos.com/6138cb87d83982-66320119/images/itunes-image.png', null)
      ;

        INSERT INTO library_tracks_artists
        (trackId, artistId)
        values ('podcast:track:clgz9rir100s83b6eceh98x6f', 'podcast:artist:clgz9riqw000d3b6emzyjak9r-clgz9rir100sa3b6ex6a58y7g')
      ;

        -- TODO: INSERT OR REPLACE once fixed in SKDB...
        -- INSERT OR REPLACE INTO library_albums
        DELETE FROM library_albums WHERE id = 'podcast:album:clgz9riqw000d3b6emzyjak9r-clgz9rir100s93b6eu1zsq8fv';
        INSERT INTO library_albums
        (id, name, colorsString, imageUrl, trackCount, releaseDate, copyrights)
        values ('podcast:album:clgz9riqw000d3b6emzyjak9r-clgz9rir100s93b6eu1zsq8fv', 'VISION Radio', null, 'https://episodes.castos.com/6138cb87d83982-66320119/images/itunes-image.png', 1, null, null)
      ;

        INSERT INTO library_tracks_playlists
                (trackId, playlistId, trackIndex, addedAtTimestamp)
                values ('podcast:track:clgz9rir100s83b6eceh98x6f', 'podcast:playlist:clgz9riqw000d3b6emzyjak9r', 334, 1495206000000)
      ;

        -- TODO: INSERT OR REPLACE once fixed in SKDB...
        -- INSERT OR REPLACE INTO library_tracks
        DELETE FROM library_tracks WHERE id = 'podcast:track:clgz9rir100sb3b6eca10nl9e'; 
        INSERT INTO library_tracks
                (id, name, albumId, trackNumber, durationMs, isrc, imageUrl, audioUrl, externalLink, description)
                values ('podcast:track:clgz9rir100sb3b6eca10nl9e', 'Noisia Radio S03E19', 'podcast:album:clgz9riqw000d3b6emzyjak9r-clgz9rir100sc3b6ef23xhcjw', 0, 3580000, null, 'https://episodes.castos.com/6138cb87d83982-66320119/images/itunes-image.png', 'https://episodes.castos.com/6138cb87d83982-66320119/Sl9WPm1DyxAW8qFkx9aFrcUguN62rVPOgbZrefGd.mp3', 'https://visionradio.castos.com/episodes/noisia-radio-s03e19-2', 'Noisia Radio this week; Brrrap! A new track by Tsuruda, to announce his forthcoming album “Move” on our Division imprint. This and more and that.')
      ;

        -- TODO: INSERT OR REPLACE once fixed in SKDB...
        -- INSERT OR REPLACE INTO library_artists
        DELETE FROM library_artists WHERE id = 'podcast:artist:clgz9riqw000d3b6emzyjak9r-clgz9rir100sd3b6em42rtx21';
        INSERT INTO library_artists
        (id, name, imageUrl, colorsString)
        values ('podcast:artist:clgz9riqw000d3b6emzyjak9r-clgz9rir100sd3b6em42rtx21', 'VISION Radio', 'https://episodes.castos.com/6138cb87d83982-66320119/images/itunes-image.png', null)
      ;

        INSERT INTO library_tracks_artists
        (trackId, artistId)
        values ('podcast:track:clgz9rir100sb3b6eca10nl9e', 'podcast:artist:clgz9riqw000d3b6emzyjak9r-clgz9rir100sd3b6em42rtx21')
      ;

        -- TODO: INSERT OR REPLACE once fixed in SKDB...
        -- INSERT OR REPLACE INTO library_albums
        DELETE FROM library_albums WHERE id = 'podcast:album:clgz9riqw000d3b6emzyjak9r-clgz9rir100sc3b6ef23xhcjw';
        INSERT INTO library_albums
        (id, name, colorsString, imageUrl, trackCount, releaseDate, copyrights)
        values ('podcast:album:clgz9riqw000d3b6emzyjak9r-clgz9rir100sc3b6ef23xhcjw', 'VISION Radio', null, 'https://episodes.castos.com/6138cb87d83982-66320119/images/itunes-image.png', 1, null, null)
      ;

        INSERT INTO library_tracks_playlists
                (trackId, playlistId, trackIndex, addedAtTimestamp)
                values ('podcast:track:clgz9rir100sb3b6eca10nl9e', 'podcast:playlist:clgz9riqw000d3b6emzyjak9r', 335, 1494601200000)
      ;

        -- TODO: INSERT OR REPLACE once fixed in SKDB...
        -- INSERT OR REPLACE INTO library_tracks
        DELETE FROM library_tracks WHERE id = 'podcast:track:clgz9rir100se3b6ernori9qc'; 
        INSERT INTO library_tracks
                (id, name, albumId, trackNumber, durationMs, isrc, imageUrl, audioUrl, externalLink, description)
                values ('podcast:track:clgz9rir100se3b6ernori9qc', 'Noisia Radio S03E19', 'podcast:album:clgz9riqw000d3b6emzyjak9r-clgz9rir100sf3b6e5vlpfeg0', 0, 3580000, null, 'https://episodes.castos.com/6138cb87d83982-66320119/images/itunes-image.png', 'https://episodes.castos.com/6138cb87d83982-66320119/sBTjcXICFNJTKktmpuUmrh6YhHBI0qeDXM7xh041.mp3', 'https://visionradio.castos.com/episodes/noisia-radio-s03e19-2', 'Noisia Radio this week; Brrrap! A new track by Tsuruda, to announce his forthcoming album “Move” on our Division imprint. This and more and that.')
      ;

        -- TODO: INSERT OR REPLACE once fixed in SKDB...
        -- INSERT OR REPLACE INTO library_artists
        DELETE FROM library_artists WHERE id = 'podcast:artist:clgz9riqw000d3b6emzyjak9r-clgz9rir100sg3b6ez8qntt55';
        INSERT INTO library_artists
        (id, name, imageUrl, colorsString)
        values ('podcast:artist:clgz9riqw000d3b6emzyjak9r-clgz9rir100sg3b6ez8qntt55', 'VISION Radio', 'https://episodes.castos.com/6138cb87d83982-66320119/images/itunes-image.png', null)
      ;

        INSERT INTO library_tracks_artists
        (trackId, artistId)
        values ('podcast:track:clgz9rir100se3b6ernori9qc', 'podcast:artist:clgz9riqw000d3b6emzyjak9r-clgz9rir100sg3b6ez8qntt55')
      ;

        -- TODO: INSERT OR REPLACE once fixed in SKDB...
        -- INSERT OR REPLACE INTO library_albums
        DELETE FROM library_albums WHERE id = 'podcast:album:clgz9riqw000d3b6emzyjak9r-clgz9rir100sf3b6e5vlpfeg0';
        INSERT INTO library_albums
        (id, name, colorsString, imageUrl, trackCount, releaseDate, copyrights)
        values ('podcast:album:clgz9riqw000d3b6emzyjak9r-clgz9rir100sf3b6e5vlpfeg0', 'VISION Radio', null, 'https://episodes.castos.com/6138cb87d83982-66320119/images/itunes-image.png', 1, null, null)
      ;

        INSERT INTO library_tracks_playlists
                (trackId, playlistId, trackIndex, addedAtTimestamp)
                values ('podcast:track:clgz9rir100se3b6ernori9qc', 'podcast:playlist:clgz9riqw000d3b6emzyjak9r', 336, 1494601200000)
      ;

        -- TODO: INSERT OR REPLACE once fixed in SKDB...
        -- INSERT OR REPLACE INTO library_tracks
        DELETE FROM library_tracks WHERE id = 'podcast:track:clgz9rir100sh3b6eki878n7e'; 
        INSERT INTO library_tracks
                (id, name, albumId, trackNumber, durationMs, isrc, imageUrl, audioUrl, externalLink, description)
                values ('podcast:track:clgz9rir100sh3b6eki878n7e', 'Noisia Radio S03E18', 'podcast:album:clgz9riqw000d3b6emzyjak9r-clgz9rir100si3b6e6kriqkpx', 0, 3594000, null, 'https://episodes.castos.com/6138cb87d83982-66320119/images/itunes-image.png', 'https://episodes.castos.com/6138cb87d83982-66320119/NG0ro3d0F9eDkVizuBhNvUPYDZKcuJHS3ro0x38A.mp3', 'https://visionradio.castos.com/episodes/noisia-radio-s03e18-2', 'Noisia Radio this week; Outer Edges remixes from Tsuruda and MonoPoly, combined with lots of new and exclusive music.')
      ;

        -- TODO: INSERT OR REPLACE once fixed in SKDB...
        -- INSERT OR REPLACE INTO library_artists
        DELETE FROM library_artists WHERE id = 'podcast:artist:clgz9riqw000d3b6emzyjak9r-clgz9rir100sj3b6ed5r4d9dp';
        INSERT INTO library_artists
        (id, name, imageUrl, colorsString)
        values ('podcast:artist:clgz9riqw000d3b6emzyjak9r-clgz9rir100sj3b6ed5r4d9dp', 'VISION Radio', 'https://episodes.castos.com/6138cb87d83982-66320119/images/itunes-image.png', null)
      ;

        INSERT INTO library_tracks_artists
        (trackId, artistId)
        values ('podcast:track:clgz9rir100sh3b6eki878n7e', 'podcast:artist:clgz9riqw000d3b6emzyjak9r-clgz9rir100sj3b6ed5r4d9dp')
      ;

        -- TODO: INSERT OR REPLACE once fixed in SKDB...
        -- INSERT OR REPLACE INTO library_albums
        DELETE FROM library_albums WHERE id = 'podcast:album:clgz9riqw000d3b6emzyjak9r-clgz9rir100si3b6e6kriqkpx';
        INSERT INTO library_albums
        (id, name, colorsString, imageUrl, trackCount, releaseDate, copyrights)
        values ('podcast:album:clgz9riqw000d3b6emzyjak9r-clgz9rir100si3b6e6kriqkpx', 'VISION Radio', null, 'https://episodes.castos.com/6138cb87d83982-66320119/images/itunes-image.png', 1, null, null)
      ;

        INSERT INTO library_tracks_playlists
                (trackId, playlistId, trackIndex, addedAtTimestamp)
                values ('podcast:track:clgz9rir100sh3b6eki878n7e', 'podcast:playlist:clgz9riqw000d3b6emzyjak9r', 337, 1493996400000)
      ;

        -- TODO: INSERT OR REPLACE once fixed in SKDB...
        -- INSERT OR REPLACE INTO library_tracks
        DELETE FROM library_tracks WHERE id = 'podcast:track:clgz9rir100sk3b6eryaqejd7'; 
        INSERT INTO library_tracks
                (id, name, albumId, trackNumber, durationMs, isrc, imageUrl, audioUrl, externalLink, description)
                values ('podcast:track:clgz9rir100sk3b6eryaqejd7', 'Noisia Radio S03E17 (Ivy Lab Co-Host)', 'podcast:album:clgz9riqw000d3b6emzyjak9r-clgz9rir100sl3b6ej9z433i8', 0, 3647000, null, 'https://episodes.castos.com/6138cb87d83982-66320119/images/itunes-image.png', 'https://episodes.castos.com/6138cb87d83982-66320119/5gdB3r39NUm1fVvaBYkgr3wB0KJGN5EBxZ5i7w7O.mp3', 'https://visionradio.castos.com/episodes/noisia-radio-s03e17-ivy-lab-co-host-2', 'Noisia Radio this week; one third of Ivy Lab co-hosts with one third of Noisia. New music by Agressor Bunx, Ivy Lab, and many more..')
      ;

        -- TODO: INSERT OR REPLACE once fixed in SKDB...
        -- INSERT OR REPLACE INTO library_artists
        DELETE FROM library_artists WHERE id = 'podcast:artist:clgz9riqw000d3b6emzyjak9r-clgz9rir100sm3b6egmdid284';
        INSERT INTO library_artists
        (id, name, imageUrl, colorsString)
        values ('podcast:artist:clgz9riqw000d3b6emzyjak9r-clgz9rir100sm3b6egmdid284', 'VISION Radio', 'https://episodes.castos.com/6138cb87d83982-66320119/images/itunes-image.png', null)
      ;

        INSERT INTO library_tracks_artists
        (trackId, artistId)
        values ('podcast:track:clgz9rir100sk3b6eryaqejd7', 'podcast:artist:clgz9riqw000d3b6emzyjak9r-clgz9rir100sm3b6egmdid284')
      ;

        -- TODO: INSERT OR REPLACE once fixed in SKDB...
        -- INSERT OR REPLACE INTO library_albums
        DELETE FROM library_albums WHERE id = 'podcast:album:clgz9riqw000d3b6emzyjak9r-clgz9rir100sl3b6ej9z433i8';
        INSERT INTO library_albums
        (id, name, colorsString, imageUrl, trackCount, releaseDate, copyrights)
        values ('podcast:album:clgz9riqw000d3b6emzyjak9r-clgz9rir100sl3b6ej9z433i8', 'VISION Radio', null, 'https://episodes.castos.com/6138cb87d83982-66320119/images/itunes-image.png', 1, null, null)
      ;

        INSERT INTO library_tracks_playlists
                (trackId, playlistId, trackIndex, addedAtTimestamp)
                values ('podcast:track:clgz9rir100sk3b6eryaqejd7', 'podcast:playlist:clgz9riqw000d3b6emzyjak9r', 338, 1493391600000)
      ;

        -- TODO: INSERT OR REPLACE once fixed in SKDB...
        -- INSERT OR REPLACE INTO library_tracks
        DELETE FROM library_tracks WHERE id = 'podcast:track:clgz9rir100sn3b6eetyfwo10'; 
        INSERT INTO library_tracks
                (id, name, albumId, trackNumber, durationMs, isrc, imageUrl, audioUrl, externalLink, description)
                values ('podcast:track:clgz9rir100sn3b6eetyfwo10', 'Noisia Radio S03E16', 'podcast:album:clgz9riqw000d3b6emzyjak9r-clgz9rir100so3b6eqv7q55oo', 0, 3627000, null, 'https://episodes.castos.com/6138cb87d83982-66320119/images/itunes-image.png', 'https://episodes.castos.com/6138cb87d83982-66320119/A3tuwdZVQm6LKignHMZtuDFzWsWxeNQiEHsdvIna.mp3', 'https://visionradio.castos.com/episodes/noisia-radio-s03e16-2', 'Noisia Radio this week; new music from Agressor Bunx, Outer Edges remixes by Hybris and Amon tobin, combined with more new and exclusive music.')
      ;

        -- TODO: INSERT OR REPLACE once fixed in SKDB...
        -- INSERT OR REPLACE INTO library_artists
        DELETE FROM library_artists WHERE id = 'podcast:artist:clgz9riqw000d3b6emzyjak9r-clgz9rir100sp3b6evb1f4mcn';
        INSERT INTO library_artists
        (id, name, imageUrl, colorsString)
        values ('podcast:artist:clgz9riqw000d3b6emzyjak9r-clgz9rir100sp3b6evb1f4mcn', 'VISION Radio', 'https://episodes.castos.com/6138cb87d83982-66320119/images/itunes-image.png', null)
      ;

        INSERT INTO library_tracks_artists
        (trackId, artistId)
        values ('podcast:track:clgz9rir100sn3b6eetyfwo10', 'podcast:artist:clgz9riqw000d3b6emzyjak9r-clgz9rir100sp3b6evb1f4mcn')
      ;

        -- TODO: INSERT OR REPLACE once fixed in SKDB...
        -- INSERT OR REPLACE INTO library_albums
        DELETE FROM library_albums WHERE id = 'podcast:album:clgz9riqw000d3b6emzyjak9r-clgz9rir100so3b6eqv7q55oo';
        INSERT INTO library_albums
        (id, name, colorsString, imageUrl, trackCount, releaseDate, copyrights)
        values ('podcast:album:clgz9riqw000d3b6emzyjak9r-clgz9rir100so3b6eqv7q55oo', 'VISION Radio', null, 'https://episodes.castos.com/6138cb87d83982-66320119/images/itunes-image.png', 1, null, null)
      ;

        INSERT INTO library_tracks_playlists
                (trackId, playlistId, trackIndex, addedAtTimestamp)
                values ('podcast:track:clgz9rir100sn3b6eetyfwo10', 'podcast:playlist:clgz9riqw000d3b6emzyjak9r', 339, 1492786800000)
      ;

        -- TODO: INSERT OR REPLACE once fixed in SKDB...
        -- INSERT OR REPLACE INTO library_tracks
        DELETE FROM library_tracks WHERE id = 'podcast:track:clgz9rir100sq3b6e5fabkei3'; 
        INSERT INTO library_tracks
                (id, name, albumId, trackNumber, durationMs, isrc, imageUrl, audioUrl, externalLink, description)
                values ('podcast:track:clgz9rir100sq3b6e5fabkei3', 'Noisia Radio S03E16', 'podcast:album:clgz9riqw000d3b6emzyjak9r-clgz9rir100sr3b6e2vfpe232', 0, 3627000, null, 'https://episodes.castos.com/6138cb87d83982-66320119/images/itunes-image.png', 'https://episodes.castos.com/6138cb87d83982-66320119/gyWKX83Kfcy9CqzbapvFUXKC4fx38baY5NbdDzD7.mp3', 'https://visionradio.castos.com/episodes/noisia-radio-s03e16-2', 'Noisia Radio this week; new music from Agressor Bunx, Outer Edges remixes by Hybris and Amon tobin, combined with more new and exclusive music.')
      ;

        -- TODO: INSERT OR REPLACE once fixed in SKDB...
        -- INSERT OR REPLACE INTO library_artists
        DELETE FROM library_artists WHERE id = 'podcast:artist:clgz9riqw000d3b6emzyjak9r-clgz9rir100ss3b6eel5y03o3';
        INSERT INTO library_artists
        (id, name, imageUrl, colorsString)
        values ('podcast:artist:clgz9riqw000d3b6emzyjak9r-clgz9rir100ss3b6eel5y03o3', 'VISION Radio', 'https://episodes.castos.com/6138cb87d83982-66320119/images/itunes-image.png', null)
      ;

        INSERT INTO library_tracks_artists
        (trackId, artistId)
        values ('podcast:track:clgz9rir100sq3b6e5fabkei3', 'podcast:artist:clgz9riqw000d3b6emzyjak9r-clgz9rir100ss3b6eel5y03o3')
      ;

        -- TODO: INSERT OR REPLACE once fixed in SKDB...
        -- INSERT OR REPLACE INTO library_albums
        DELETE FROM library_albums WHERE id = 'podcast:album:clgz9riqw000d3b6emzyjak9r-clgz9rir100sr3b6e2vfpe232';
        INSERT INTO library_albums
        (id, name, colorsString, imageUrl, trackCount, releaseDate, copyrights)
        values ('podcast:album:clgz9riqw000d3b6emzyjak9r-clgz9rir100sr3b6e2vfpe232', 'VISION Radio', null, 'https://episodes.castos.com/6138cb87d83982-66320119/images/itunes-image.png', 1, null, null)
      ;

        INSERT INTO library_tracks_playlists
                (trackId, playlistId, trackIndex, addedAtTimestamp)
                values ('podcast:track:clgz9rir100sq3b6e5fabkei3', 'podcast:playlist:clgz9riqw000d3b6emzyjak9r', 340, 1492786800000)
      ;

        -- TODO: INSERT OR REPLACE once fixed in SKDB...
        -- INSERT OR REPLACE INTO library_tracks
        DELETE FROM library_tracks WHERE id = 'podcast:track:clgz9rir100st3b6etyn0s6be'; 
        INSERT INTO library_tracks
                (id, name, albumId, trackNumber, durationMs, isrc, imageUrl, audioUrl, externalLink, description)
                values ('podcast:track:clgz9rir100st3b6etyn0s6be', 'Noisia Radio S03E15', 'podcast:album:clgz9riqw000d3b6emzyjak9r-clgz9rir100su3b6es8jel0hu', 0, 3632000, null, 'https://episodes.castos.com/6138cb87d83982-66320119/images/itunes-image.png', 'https://episodes.castos.com/6138cb87d83982-66320119/YUEcGunY8vqowO1krb3279L8nDBfjD9DcIvf9fly.mp3', 'https://visionradio.castos.com/episodes/noisia-radio-s03e15-2', 'Noisia Radio this week; our own Tentacles in the remix by Teddy Killerz, followed up with lots of new and exclusive music.')
      ;

        -- TODO: INSERT OR REPLACE once fixed in SKDB...
        -- INSERT OR REPLACE INTO library_artists
        DELETE FROM library_artists WHERE id = 'podcast:artist:clgz9riqw000d3b6emzyjak9r-clgz9rir100sv3b6ed8l6v1xf';
        INSERT INTO library_artists
        (id, name, imageUrl, colorsString)
        values ('podcast:artist:clgz9riqw000d3b6emzyjak9r-clgz9rir100sv3b6ed8l6v1xf', 'VISION Radio', 'https://episodes.castos.com/6138cb87d83982-66320119/images/itunes-image.png', null)
      ;

        INSERT INTO library_tracks_artists
        (trackId, artistId)
        values ('podcast:track:clgz9rir100st3b6etyn0s6be', 'podcast:artist:clgz9riqw000d3b6emzyjak9r-clgz9rir100sv3b6ed8l6v1xf')
      ;

        -- TODO: INSERT OR REPLACE once fixed in SKDB...
        -- INSERT OR REPLACE INTO library_albums
        DELETE FROM library_albums WHERE id = 'podcast:album:clgz9riqw000d3b6emzyjak9r-clgz9rir100su3b6es8jel0hu';
        INSERT INTO library_albums
        (id, name, colorsString, imageUrl, trackCount, releaseDate, copyrights)
        values ('podcast:album:clgz9riqw000d3b6emzyjak9r-clgz9rir100su3b6es8jel0hu', 'VISION Radio', null, 'https://episodes.castos.com/6138cb87d83982-66320119/images/itunes-image.png', 1, null, null)
      ;

        INSERT INTO library_tracks_playlists
                (trackId, playlistId, trackIndex, addedAtTimestamp)
                values ('podcast:track:clgz9rir100st3b6etyn0s6be', 'podcast:playlist:clgz9riqw000d3b6emzyjak9r', 341, 1492182000000)
      ;

        -- TODO: INSERT OR REPLACE once fixed in SKDB...
        -- INSERT OR REPLACE INTO library_tracks
        DELETE FROM library_tracks WHERE id = 'podcast:track:clgz9rir100sw3b6ei87odwps'; 
        INSERT INTO library_tracks
                (id, name, albumId, trackNumber, durationMs, isrc, imageUrl, audioUrl, externalLink, description)
                values ('podcast:track:clgz9rir100sw3b6ei87odwps', 'Noisia Radio S03E14', 'podcast:album:clgz9riqw000d3b6emzyjak9r-clgz9rir100sx3b6eropz2rzn', 0, 3686000, null, 'https://episodes.castos.com/6138cb87d83982-66320119/images/itunes-image.png', 'https://episodes.castos.com/6138cb87d83982-66320119/qhWGb2JCLdQahMN9R7FQYJ63ydnNGeIn9AfLKTVu.mp3', 'https://visionradio.castos.com/episodes/noisia-radio-s03e14-2', 'Noisia Radio this week; we celebrate the release of our Outer Edges Remixes album with Posij, The Upbeats and Moody Good on remix duties.')
      ;

        -- TODO: INSERT OR REPLACE once fixed in SKDB...
        -- INSERT OR REPLACE INTO library_artists
        DELETE FROM library_artists WHERE id = 'podcast:artist:clgz9riqw000d3b6emzyjak9r-clgz9rir100sy3b6e5f1j7l8m';
        INSERT INTO library_artists
        (id, name, imageUrl, colorsString)
        values ('podcast:artist:clgz9riqw000d3b6emzyjak9r-clgz9rir100sy3b6e5f1j7l8m', 'VISION Radio', 'https://episodes.castos.com/6138cb87d83982-66320119/images/itunes-image.png', null)
      ;

        INSERT INTO library_tracks_artists
        (trackId, artistId)
        values ('podcast:track:clgz9rir100sw3b6ei87odwps', 'podcast:artist:clgz9riqw000d3b6emzyjak9r-clgz9rir100sy3b6e5f1j7l8m')
      ;

        -- TODO: INSERT OR REPLACE once fixed in SKDB...
        -- INSERT OR REPLACE INTO library_albums
        DELETE FROM library_albums WHERE id = 'podcast:album:clgz9riqw000d3b6emzyjak9r-clgz9rir100sx3b6eropz2rzn';
        INSERT INTO library_albums
        (id, name, colorsString, imageUrl, trackCount, releaseDate, copyrights)
        values ('podcast:album:clgz9riqw000d3b6emzyjak9r-clgz9rir100sx3b6eropz2rzn', 'VISION Radio', null, 'https://episodes.castos.com/6138cb87d83982-66320119/images/itunes-image.png', 1, null, null)
      ;

        INSERT INTO library_tracks_playlists
                (trackId, playlistId, trackIndex, addedAtTimestamp)
                values ('podcast:track:clgz9rir100sw3b6ei87odwps', 'podcast:playlist:clgz9riqw000d3b6emzyjak9r', 342, 1491577200000)
      ;

        -- TODO: INSERT OR REPLACE once fixed in SKDB...
        -- INSERT OR REPLACE INTO library_tracks
        DELETE FROM library_tracks WHERE id = 'podcast:track:clgz9rir100sz3b6exhb8jft9'; 
        INSERT INTO library_tracks
                (id, name, albumId, trackNumber, durationMs, isrc, imageUrl, audioUrl, externalLink, description)
                values ('podcast:track:clgz9rir100sz3b6exhb8jft9', 'Noisia Radio S03E13', 'podcast:album:clgz9riqw000d3b6emzyjak9r-clgz9rir100t03b6eu8ab3d95', 0, 3680000, null, 'https://episodes.castos.com/6138cb87d83982-66320119/images/itunes-image.png', 'https://episodes.castos.com/6138cb87d83982-66320119/B7IAB6AcG1jnoMc9F1JyRmfv1Xj4H50XI0QXsdOC.mp3', 'https://visionradio.castos.com/episodes/noisia-radio-s03e13-2', 'Noisia Radio this week; more Outer Edges remixes by Bassnectar, Mat Zo, DLR, and a guest mix by our friends Signs to celebrate their Skin Out release.')
      ;

        -- TODO: INSERT OR REPLACE once fixed in SKDB...
        -- INSERT OR REPLACE INTO library_artists
        DELETE FROM library_artists WHERE id = 'podcast:artist:clgz9riqw000d3b6emzyjak9r-clgz9rir100t13b6ew4jppidy';
        INSERT INTO library_artists
        (id, name, imageUrl, colorsString)
        values ('podcast:artist:clgz9riqw000d3b6emzyjak9r-clgz9rir100t13b6ew4jppidy', 'VISION Radio', 'https://episodes.castos.com/6138cb87d83982-66320119/images/itunes-image.png', null)
      ;

        INSERT INTO library_tracks_artists
        (trackId, artistId)
        values ('podcast:track:clgz9rir100sz3b6exhb8jft9', 'podcast:artist:clgz9riqw000d3b6emzyjak9r-clgz9rir100t13b6ew4jppidy')
      ;

        -- TODO: INSERT OR REPLACE once fixed in SKDB...
        -- INSERT OR REPLACE INTO library_albums
        DELETE FROM library_albums WHERE id = 'podcast:album:clgz9riqw000d3b6emzyjak9r-clgz9rir100t03b6eu8ab3d95';
        INSERT INTO library_albums
        (id, name, colorsString, imageUrl, trackCount, releaseDate, copyrights)
        values ('podcast:album:clgz9riqw000d3b6emzyjak9r-clgz9rir100t03b6eu8ab3d95', 'VISION Radio', null, 'https://episodes.castos.com/6138cb87d83982-66320119/images/itunes-image.png', 1, null, null)
      ;

        INSERT INTO library_tracks_playlists
                (trackId, playlistId, trackIndex, addedAtTimestamp)
                values ('podcast:track:clgz9rir100sz3b6exhb8jft9', 'podcast:playlist:clgz9riqw000d3b6emzyjak9r', 343, 1490972515000)
      ;

        -- TODO: INSERT OR REPLACE once fixed in SKDB...
        -- INSERT OR REPLACE INTO library_tracks
        DELETE FROM library_tracks WHERE id = 'podcast:track:clgz9rir100t23b6evnv7gp9q'; 
        INSERT INTO library_tracks
                (id, name, albumId, trackNumber, durationMs, isrc, imageUrl, audioUrl, externalLink, description)
                values ('podcast:track:clgz9rir100t23b6evnv7gp9q', 'Noisia Radio S03E12', 'podcast:album:clgz9riqw000d3b6emzyjak9r-clgz9rir100t33b6e6bv1m97n', 0, 3617000, null, 'https://episodes.castos.com/6138cb87d83982-66320119/images/itunes-image.png', 'https://episodes.castos.com/6138cb87d83982-66320119/6XqDtDQI2BJyEDdcMm4GoYWvqE1SWNbacDIxfDvc.mp3', 'https://visionradio.castos.com/episodes/noisia-radio-s03e12-2', 'Noisia Radio this week; Outer Edges remixes by Neonlight, Machinedrum, and Rival Consoles plus a lot of new music we’ve selected for you.')
      ;

        -- TODO: INSERT OR REPLACE once fixed in SKDB...
        -- INSERT OR REPLACE INTO library_artists
        DELETE FROM library_artists WHERE id = 'podcast:artist:clgz9riqw000d3b6emzyjak9r-clgz9rir100t43b6egbtpeh2c';
        INSERT INTO library_artists
        (id, name, imageUrl, colorsString)
        values ('podcast:artist:clgz9riqw000d3b6emzyjak9r-clgz9rir100t43b6egbtpeh2c', 'VISION Radio', 'https://episodes.castos.com/6138cb87d83982-66320119/images/itunes-image.png', null)
      ;

        INSERT INTO library_tracks_artists
        (trackId, artistId)
        values ('podcast:track:clgz9rir100t23b6evnv7gp9q', 'podcast:artist:clgz9riqw000d3b6emzyjak9r-clgz9rir100t43b6egbtpeh2c')
      ;

        -- TODO: INSERT OR REPLACE once fixed in SKDB...
        -- INSERT OR REPLACE INTO library_albums
        DELETE FROM library_albums WHERE id = 'podcast:album:clgz9riqw000d3b6emzyjak9r-clgz9rir100t33b6e6bv1m97n';
        INSERT INTO library_albums
        (id, name, colorsString, imageUrl, trackCount, releaseDate, copyrights)
        values ('podcast:album:clgz9riqw000d3b6emzyjak9r-clgz9rir100t33b6e6bv1m97n', 'VISION Radio', null, 'https://episodes.castos.com/6138cb87d83982-66320119/images/itunes-image.png', 1, null, null)
      ;

        INSERT INTO library_tracks_playlists
                (trackId, playlistId, trackIndex, addedAtTimestamp)
                values ('podcast:track:clgz9rir100t23b6evnv7gp9q', 'podcast:playlist:clgz9riqw000d3b6emzyjak9r', 344, 1490371200000)
      ;

        -- TODO: INSERT OR REPLACE once fixed in SKDB...
        -- INSERT OR REPLACE INTO library_tracks
        DELETE FROM library_tracks WHERE id = 'podcast:track:clgz9rir100t53b6e9s6w5xbu'; 
        INSERT INTO library_tracks
                (id, name, albumId, trackNumber, durationMs, isrc, imageUrl, audioUrl, externalLink, description)
                values ('podcast:track:clgz9rir100t53b6e9s6w5xbu', 'Noisia Radio S03E12', 'podcast:album:clgz9riqw000d3b6emzyjak9r-clgz9rir100t63b6eqvc4103s', 0, 3617000, null, 'https://episodes.castos.com/6138cb87d83982-66320119/images/itunes-image.png', 'https://episodes.castos.com/6138cb87d83982-66320119/0KK6FqYifEPjP4Ap5TFJMK32gch3VAcFeq6oOqzJ.mp3', 'https://visionradio.castos.com/episodes/noisia-radio-s03e12-2', 'Noisia Radio this week; Outer Edges remixes by Neonlight, Machinedrum, and Rival Consoles plus a lot of new music we’ve selected for you.')
      ;

        -- TODO: INSERT OR REPLACE once fixed in SKDB...
        -- INSERT OR REPLACE INTO library_artists
        DELETE FROM library_artists WHERE id = 'podcast:artist:clgz9riqw000d3b6emzyjak9r-clgz9rir100t73b6eoocdes6j';
        INSERT INTO library_artists
        (id, name, imageUrl, colorsString)
        values ('podcast:artist:clgz9riqw000d3b6emzyjak9r-clgz9rir100t73b6eoocdes6j', 'VISION Radio', 'https://episodes.castos.com/6138cb87d83982-66320119/images/itunes-image.png', null)
      ;

        INSERT INTO library_tracks_artists
        (trackId, artistId)
        values ('podcast:track:clgz9rir100t53b6e9s6w5xbu', 'podcast:artist:clgz9riqw000d3b6emzyjak9r-clgz9rir100t73b6eoocdes6j')
      ;

        -- TODO: INSERT OR REPLACE once fixed in SKDB...
        -- INSERT OR REPLACE INTO library_albums
        DELETE FROM library_albums WHERE id = 'podcast:album:clgz9riqw000d3b6emzyjak9r-clgz9rir100t63b6eqvc4103s';
        INSERT INTO library_albums
        (id, name, colorsString, imageUrl, trackCount, releaseDate, copyrights)
        values ('podcast:album:clgz9riqw000d3b6emzyjak9r-clgz9rir100t63b6eqvc4103s', 'VISION Radio', null, 'https://episodes.castos.com/6138cb87d83982-66320119/images/itunes-image.png', 1, null, null)
      ;

        INSERT INTO library_tracks_playlists
                (trackId, playlistId, trackIndex, addedAtTimestamp)
                values ('podcast:track:clgz9rir100t53b6e9s6w5xbu', 'podcast:playlist:clgz9riqw000d3b6emzyjak9r', 345, 1490371200000)
      ;

        -- TODO: INSERT OR REPLACE once fixed in SKDB...
        -- INSERT OR REPLACE INTO library_tracks
        DELETE FROM library_tracks WHERE id = 'podcast:track:clgz9rir100t83b6e2vih7h4s'; 
        INSERT INTO library_tracks
                (id, name, albumId, trackNumber, durationMs, isrc, imageUrl, audioUrl, externalLink, description)
                values ('podcast:track:clgz9rir100t83b6e2vih7h4s', 'Noisia Radio S03E11', 'podcast:album:clgz9riqw000d3b6emzyjak9r-clgz9rir100t93b6eksxcg8bu', 0, 3690000, null, 'https://episodes.castos.com/6138cb87d83982-66320119/images/itunes-image.png', 'https://episodes.castos.com/6138cb87d83982-66320119/K8GgnLnHMlhqMV61zftomjGR8zVjT0RrUi8oKVgb.mp3', 'https://visionradio.castos.com/episodes/noisia-radio-s03e11-2', 'Noisia Radio this week; New music from the likes of Emperor, Ivy Lab, Signs and many more.')
      ;

        -- TODO: INSERT OR REPLACE once fixed in SKDB...
        -- INSERT OR REPLACE INTO library_artists
        DELETE FROM library_artists WHERE id = 'podcast:artist:clgz9riqw000d3b6emzyjak9r-clgz9rir100ta3b6eto29cgyb';
        INSERT INTO library_artists
        (id, name, imageUrl, colorsString)
        values ('podcast:artist:clgz9riqw000d3b6emzyjak9r-clgz9rir100ta3b6eto29cgyb', 'VISION Radio', 'https://episodes.castos.com/6138cb87d83982-66320119/images/itunes-image.png', null)
      ;

        INSERT INTO library_tracks_artists
        (trackId, artistId)
        values ('podcast:track:clgz9rir100t83b6e2vih7h4s', 'podcast:artist:clgz9riqw000d3b6emzyjak9r-clgz9rir100ta3b6eto29cgyb')
      ;

        -- TODO: INSERT OR REPLACE once fixed in SKDB...
        -- INSERT OR REPLACE INTO library_albums
        DELETE FROM library_albums WHERE id = 'podcast:album:clgz9riqw000d3b6emzyjak9r-clgz9rir100t93b6eksxcg8bu';
        INSERT INTO library_albums
        (id, name, colorsString, imageUrl, trackCount, releaseDate, copyrights)
        values ('podcast:album:clgz9riqw000d3b6emzyjak9r-clgz9rir100t93b6eksxcg8bu', 'VISION Radio', null, 'https://episodes.castos.com/6138cb87d83982-66320119/images/itunes-image.png', 1, null, null)
      ;

        INSERT INTO library_tracks_playlists
                (trackId, playlistId, trackIndex, addedAtTimestamp)
                values ('podcast:track:clgz9rir100t83b6e2vih7h4s', 'podcast:playlist:clgz9riqw000d3b6emzyjak9r', 346, 1489766400000)
      ;

        -- TODO: INSERT OR REPLACE once fixed in SKDB...
        -- INSERT OR REPLACE INTO library_tracks
        DELETE FROM library_tracks WHERE id = 'podcast:track:clgz9rir100tb3b6e7g1dgcyj'; 
        INSERT INTO library_tracks
                (id, name, albumId, trackNumber, durationMs, isrc, imageUrl, audioUrl, externalLink, description)
                values ('podcast:track:clgz9rir100tb3b6e7g1dgcyj', 'Noisia Radio S03E11', 'podcast:album:clgz9riqw000d3b6emzyjak9r-clgz9rir100tc3b6egs77r15h', 0, 3690000, null, 'https://episodes.castos.com/6138cb87d83982-66320119/images/itunes-image.png', 'https://episodes.castos.com/6138cb87d83982-66320119/Zcnj6hwS1c6ytKJLlUB9Ctj5aENpgXGP5gjNKWrx.mp3', 'https://visionradio.castos.com/episodes/noisia-radio-s03e11-2', 'Noisia Radio this week; New music from the likes of Emperor, Ivy Lab, Signs and many more.')
      ;

        -- TODO: INSERT OR REPLACE once fixed in SKDB...
        -- INSERT OR REPLACE INTO library_artists
        DELETE FROM library_artists WHERE id = 'podcast:artist:clgz9riqw000d3b6emzyjak9r-clgz9rir100td3b6ehj7bbrt7';
        INSERT INTO library_artists
        (id, name, imageUrl, colorsString)
        values ('podcast:artist:clgz9riqw000d3b6emzyjak9r-clgz9rir100td3b6ehj7bbrt7', 'VISION Radio', 'https://episodes.castos.com/6138cb87d83982-66320119/images/itunes-image.png', null)
      ;

        INSERT INTO library_tracks_artists
        (trackId, artistId)
        values ('podcast:track:clgz9rir100tb3b6e7g1dgcyj', 'podcast:artist:clgz9riqw000d3b6emzyjak9r-clgz9rir100td3b6ehj7bbrt7')
      ;

        -- TODO: INSERT OR REPLACE once fixed in SKDB...
        -- INSERT OR REPLACE INTO library_albums
        DELETE FROM library_albums WHERE id = 'podcast:album:clgz9riqw000d3b6emzyjak9r-clgz9rir100tc3b6egs77r15h';
        INSERT INTO library_albums
        (id, name, colorsString, imageUrl, trackCount, releaseDate, copyrights)
        values ('podcast:album:clgz9riqw000d3b6emzyjak9r-clgz9rir100tc3b6egs77r15h', 'VISION Radio', null, 'https://episodes.castos.com/6138cb87d83982-66320119/images/itunes-image.png', 1, null, null)
      ;

        INSERT INTO library_tracks_playlists
                (trackId, playlistId, trackIndex, addedAtTimestamp)
                values ('podcast:track:clgz9rir100tb3b6e7g1dgcyj', 'podcast:playlist:clgz9riqw000d3b6emzyjak9r', 347, 1489766400000)
      ;

        -- TODO: INSERT OR REPLACE once fixed in SKDB...
        -- INSERT OR REPLACE INTO library_tracks
        DELETE FROM library_tracks WHERE id = 'podcast:track:clgz9rir100te3b6exz8agve6'; 
        INSERT INTO library_tracks
                (id, name, albumId, trackNumber, durationMs, isrc, imageUrl, audioUrl, externalLink, description)
                values ('podcast:track:clgz9rir100te3b6exz8agve6', 'Noisia Radio S03E10', 'podcast:album:clgz9riqw000d3b6emzyjak9r-clgz9rir100tf3b6eb86fkmo1', 0, 3611000, null, 'https://episodes.castos.com/6138cb87d83982-66320119/images/itunes-image.png', 'https://episodes.castos.com/6138cb87d83982-66320119/bLNeqkZad1KckH4R6hCtCrHZ2tsTJIj8bt7N2rCi.mp3', 'https://visionradio.castos.com/episodes/noisia-radio-s03e10-2', 'Noisia Radio this week; Ivy lab’s remix of Tentacles, a new Black Sun Empire album track, a recorded DJ set from edIT playing at Low End Theory LA, and your weekly dose of beats and bass.')
      ;

        -- TODO: INSERT OR REPLACE once fixed in SKDB...
        -- INSERT OR REPLACE INTO library_artists
        DELETE FROM library_artists WHERE id = 'podcast:artist:clgz9riqw000d3b6emzyjak9r-clgz9rir100tg3b6ew7l2nnn4';
        INSERT INTO library_artists
        (id, name, imageUrl, colorsString)
        values ('podcast:artist:clgz9riqw000d3b6emzyjak9r-clgz9rir100tg3b6ew7l2nnn4', 'VISION Radio', 'https://episodes.castos.com/6138cb87d83982-66320119/images/itunes-image.png', null)
      ;

        INSERT INTO library_tracks_artists
        (trackId, artistId)
        values ('podcast:track:clgz9rir100te3b6exz8agve6', 'podcast:artist:clgz9riqw000d3b6emzyjak9r-clgz9rir100tg3b6ew7l2nnn4')
      ;

        -- TODO: INSERT OR REPLACE once fixed in SKDB...
        -- INSERT OR REPLACE INTO library_albums
        DELETE FROM library_albums WHERE id = 'podcast:album:clgz9riqw000d3b6emzyjak9r-clgz9rir100tf3b6eb86fkmo1';
        INSERT INTO library_albums
        (id, name, colorsString, imageUrl, trackCount, releaseDate, copyrights)
        values ('podcast:album:clgz9riqw000d3b6emzyjak9r-clgz9rir100tf3b6eb86fkmo1', 'VISION Radio', null, 'https://episodes.castos.com/6138cb87d83982-66320119/images/itunes-image.png', 1, null, null)
      ;

        INSERT INTO library_tracks_playlists
                (trackId, playlistId, trackIndex, addedAtTimestamp)
                values ('podcast:track:clgz9rir100te3b6exz8agve6', 'podcast:playlist:clgz9riqw000d3b6emzyjak9r', 348, 1489161600000)
      ;

        -- TODO: INSERT OR REPLACE once fixed in SKDB...
        -- INSERT OR REPLACE INTO library_tracks
        DELETE FROM library_tracks WHERE id = 'podcast:track:clgz9rir100th3b6e8krllzj9'; 
        INSERT INTO library_tracks
                (id, name, albumId, trackNumber, durationMs, isrc, imageUrl, audioUrl, externalLink, description)
                values ('podcast:track:clgz9rir100th3b6e8krllzj9', 'Noisia Radio S03E09', 'podcast:album:clgz9riqw000d3b6emzyjak9r-clgz9rir100ti3b6eohix5h2f', 0, 3604000, null, 'https://episodes.castos.com/6138cb87d83982-66320119/images/itunes-image.png', 'https://episodes.castos.com/6138cb87d83982-66320119/gTJv1jKezk83P0AQnBqQ36xEG5aANNYDumv0P107.mp3', 'https://visionradio.castos.com/episodes/noisia-radio-s03e09-2', 'Noisia Radio this week; lots of new music from our own labels and others, including the third part of The Upbeats’ release combined with your weekly dose of beats and bass.')
      ;

        -- TODO: INSERT OR REPLACE once fixed in SKDB...
        -- INSERT OR REPLACE INTO library_artists
        DELETE FROM library_artists WHERE id = 'podcast:artist:clgz9riqw000d3b6emzyjak9r-clgz9rir100tj3b6eomkdf17g';
        INSERT INTO library_artists
        (id, name, imageUrl, colorsString)
        values ('podcast:artist:clgz9riqw000d3b6emzyjak9r-clgz9rir100tj3b6eomkdf17g', 'VISION Radio', 'https://episodes.castos.com/6138cb87d83982-66320119/images/itunes-image.png', null)
      ;

        INSERT INTO library_tracks_artists
        (trackId, artistId)
        values ('podcast:track:clgz9rir100th3b6e8krllzj9', 'podcast:artist:clgz9riqw000d3b6emzyjak9r-clgz9rir100tj3b6eomkdf17g')
      ;

        -- TODO: INSERT OR REPLACE once fixed in SKDB...
        -- INSERT OR REPLACE INTO library_albums
        DELETE FROM library_albums WHERE id = 'podcast:album:clgz9riqw000d3b6emzyjak9r-clgz9rir100ti3b6eohix5h2f';
        INSERT INTO library_albums
        (id, name, colorsString, imageUrl, trackCount, releaseDate, copyrights)
        values ('podcast:album:clgz9riqw000d3b6emzyjak9r-clgz9rir100ti3b6eohix5h2f', 'VISION Radio', null, 'https://episodes.castos.com/6138cb87d83982-66320119/images/itunes-image.png', 1, null, null)
      ;

        INSERT INTO library_tracks_playlists
                (trackId, playlistId, trackIndex, addedAtTimestamp)
                values ('podcast:track:clgz9rir100th3b6e8krllzj9', 'podcast:playlist:clgz9riqw000d3b6emzyjak9r', 349, 1488556800000)
      ;

        -- TODO: INSERT OR REPLACE once fixed in SKDB...
        -- INSERT OR REPLACE INTO library_tracks
        DELETE FROM library_tracks WHERE id = 'podcast:track:clgz9rir100tk3b6eftish13y'; 
        INSERT INTO library_tracks
                (id, name, albumId, trackNumber, durationMs, isrc, imageUrl, audioUrl, externalLink, description)
                values ('podcast:track:clgz9rir100tk3b6eftish13y', 'Noisia Radio S03E08', 'podcast:album:clgz9riqw000d3b6emzyjak9r-clgz9rir100tl3b6eohml3eey', 0, 3613000, null, 'https://episodes.castos.com/6138cb87d83982-66320119/images/itunes-image.png', 'https://episodes.castos.com/6138cb87d83982-66320119/tEUTvX3HVXs6VTQggG3rRujRT4IgS7N5o4KrjdYg.mp3', 'https://visionradio.castos.com/episodes/noisia-radio-s03e08-2', 'Noisia Radio this week; 4 new tracks from all of our imprints, Tsuruda says hi trough our mics, and we serve you your weekly dose of beats and bass.')
      ;

        -- TODO: INSERT OR REPLACE once fixed in SKDB...
        -- INSERT OR REPLACE INTO library_artists
        DELETE FROM library_artists WHERE id = 'podcast:artist:clgz9riqw000d3b6emzyjak9r-clgz9rir100tm3b6e7rsin27p';
        INSERT INTO library_artists
        (id, name, imageUrl, colorsString)
        values ('podcast:artist:clgz9riqw000d3b6emzyjak9r-clgz9rir100tm3b6e7rsin27p', 'VISION Radio', 'https://episodes.castos.com/6138cb87d83982-66320119/images/itunes-image.png', null)
      ;

        INSERT INTO library_tracks_artists
        (trackId, artistId)
        values ('podcast:track:clgz9rir100tk3b6eftish13y', 'podcast:artist:clgz9riqw000d3b6emzyjak9r-clgz9rir100tm3b6e7rsin27p')
      ;

        -- TODO: INSERT OR REPLACE once fixed in SKDB...
        -- INSERT OR REPLACE INTO library_albums
        DELETE FROM library_albums WHERE id = 'podcast:album:clgz9riqw000d3b6emzyjak9r-clgz9rir100tl3b6eohml3eey';
        INSERT INTO library_albums
        (id, name, colorsString, imageUrl, trackCount, releaseDate, copyrights)
        values ('podcast:album:clgz9riqw000d3b6emzyjak9r-clgz9rir100tl3b6eohml3eey', 'VISION Radio', null, 'https://episodes.castos.com/6138cb87d83982-66320119/images/itunes-image.png', 1, null, null)
      ;

        INSERT INTO library_tracks_playlists
                (trackId, playlistId, trackIndex, addedAtTimestamp)
                values ('podcast:track:clgz9rir100tk3b6eftish13y', 'podcast:playlist:clgz9riqw000d3b6emzyjak9r', 350, 1487952000000)
      ;

        -- TODO: INSERT OR REPLACE once fixed in SKDB...
        -- INSERT OR REPLACE INTO library_tracks
        DELETE FROM library_tracks WHERE id = 'podcast:track:clgz9rir100tn3b6e64twltjo'; 
        INSERT INTO library_tracks
                (id, name, albumId, trackNumber, durationMs, isrc, imageUrl, audioUrl, externalLink, description)
                values ('podcast:track:clgz9rir100tn3b6e64twltjo', 'Noisia Radio S03E07', 'podcast:album:clgz9riqw000d3b6emzyjak9r-clgz9rir100to3b6eayjq0yn8', 0, 3663000, null, 'https://episodes.castos.com/6138cb87d83982-66320119/images/itunes-image.png', 'https://episodes.castos.com/6138cb87d83982-66320119/9uPUsoklqGgGcdYTUX7dESyaFDaOKuBN3P1aCPTB.mp3', 'https://visionradio.castos.com/episodes/noisia-radio-s03e07-2', 'Noisia Radio this week; new music from our friends The Upbeats, and more new bits from our Invisible and Division imprints, combined with your weekly dose of beats and bass.')
      ;

        -- TODO: INSERT OR REPLACE once fixed in SKDB...
        -- INSERT OR REPLACE INTO library_artists
        DELETE FROM library_artists WHERE id = 'podcast:artist:clgz9riqw000d3b6emzyjak9r-clgz9rir100tp3b6eogp75ahe';
        INSERT INTO library_artists
        (id, name, imageUrl, colorsString)
        values ('podcast:artist:clgz9riqw000d3b6emzyjak9r-clgz9rir100tp3b6eogp75ahe', 'VISION Radio', 'https://episodes.castos.com/6138cb87d83982-66320119/images/itunes-image.png', null)
      ;

        INSERT INTO library_tracks_artists
        (trackId, artistId)
        values ('podcast:track:clgz9rir100tn3b6e64twltjo', 'podcast:artist:clgz9riqw000d3b6emzyjak9r-clgz9rir100tp3b6eogp75ahe')
      ;

        -- TODO: INSERT OR REPLACE once fixed in SKDB...
        -- INSERT OR REPLACE INTO library_albums
        DELETE FROM library_albums WHERE id = 'podcast:album:clgz9riqw000d3b6emzyjak9r-clgz9rir100to3b6eayjq0yn8';
        INSERT INTO library_albums
        (id, name, colorsString, imageUrl, trackCount, releaseDate, copyrights)
        values ('podcast:album:clgz9riqw000d3b6emzyjak9r-clgz9rir100to3b6eayjq0yn8', 'VISION Radio', null, 'https://episodes.castos.com/6138cb87d83982-66320119/images/itunes-image.png', 1, null, null)
      ;

        INSERT INTO library_tracks_playlists
                (trackId, playlistId, trackIndex, addedAtTimestamp)
                values ('podcast:track:clgz9rir100tn3b6e64twltjo', 'podcast:playlist:clgz9riqw000d3b6emzyjak9r', 351, 1487347200000)
      ;

        -- TODO: INSERT OR REPLACE once fixed in SKDB...
        -- INSERT OR REPLACE INTO library_tracks
        DELETE FROM library_tracks WHERE id = 'podcast:track:clgz9rir100tq3b6eanbku3ze'; 
        INSERT INTO library_tracks
                (id, name, albumId, trackNumber, durationMs, isrc, imageUrl, audioUrl, externalLink, description)
                values ('podcast:track:clgz9rir100tq3b6eanbku3ze', 'Noisia Radio S03E06', 'podcast:album:clgz9riqw000d3b6emzyjak9r-clgz9rir100tr3b6egdtbmug5', 0, 3567000, null, 'https://episodes.castos.com/6138cb87d83982-66320119/images/itunes-image.png', 'https://episodes.castos.com/6138cb87d83982-66320119/ydAKOgAGlkw8OTMoMRIHsCSM9okxCtRsYyJHdrnn.mp3', 'https://visionradio.castos.com/episodes/noisia-radio-s03e06-2', 'Noisia Radio this week; the premiere of our Partial series on our Division imprint, new Invisible music and your weekly dose of beats and bass.')
      ;

        -- TODO: INSERT OR REPLACE once fixed in SKDB...
        -- INSERT OR REPLACE INTO library_artists
        DELETE FROM library_artists WHERE id = 'podcast:artist:clgz9riqw000d3b6emzyjak9r-clgz9rir100ts3b6eo21g0brk';
        INSERT INTO library_artists
        (id, name, imageUrl, colorsString)
        values ('podcast:artist:clgz9riqw000d3b6emzyjak9r-clgz9rir100ts3b6eo21g0brk', 'VISION Radio', 'https://episodes.castos.com/6138cb87d83982-66320119/images/itunes-image.png', null)
      ;

        INSERT INTO library_tracks_artists
        (trackId, artistId)
        values ('podcast:track:clgz9rir100tq3b6eanbku3ze', 'podcast:artist:clgz9riqw000d3b6emzyjak9r-clgz9rir100ts3b6eo21g0brk')
      ;

        -- TODO: INSERT OR REPLACE once fixed in SKDB...
        -- INSERT OR REPLACE INTO library_albums
        DELETE FROM library_albums WHERE id = 'podcast:album:clgz9riqw000d3b6emzyjak9r-clgz9rir100tr3b6egdtbmug5';
        INSERT INTO library_albums
        (id, name, colorsString, imageUrl, trackCount, releaseDate, copyrights)
        values ('podcast:album:clgz9riqw000d3b6emzyjak9r-clgz9rir100tr3b6egdtbmug5', 'VISION Radio', null, 'https://episodes.castos.com/6138cb87d83982-66320119/images/itunes-image.png', 1, null, null)
      ;

        INSERT INTO library_tracks_playlists
                (trackId, playlistId, trackIndex, addedAtTimestamp)
                values ('podcast:track:clgz9rir100tq3b6eanbku3ze', 'podcast:playlist:clgz9riqw000d3b6emzyjak9r', 352, 1486742400000)
      ;

        -- TODO: INSERT OR REPLACE once fixed in SKDB...
        -- INSERT OR REPLACE INTO library_tracks
        DELETE FROM library_tracks WHERE id = 'podcast:track:clgz9rir100tt3b6eyh0bc0mf'; 
        INSERT INTO library_tracks
                (id, name, albumId, trackNumber, durationMs, isrc, imageUrl, audioUrl, externalLink, description)
                values ('podcast:track:clgz9rir100tt3b6eyh0bc0mf', 'Noisia Radio S03E05', 'podcast:album:clgz9riqw000d3b6emzyjak9r-clgz9rir100tu3b6e652o9zcw', 0, 3713000, null, 'https://episodes.castos.com/6138cb87d83982-66320119/images/itunes-image.png', 'https://episodes.castos.com/6138cb87d83982-66320119/WlSZp2V1L5zfov0EUZXTwTKYOvnthWp0DfPqORKp.mp3', 'https://visionradio.castos.com/episodes/noisia-radio-s03e05-2', 'Noisia Radio this week; ‘The Veil’ our collaboration with Black Sun Empire, forthcoming on Blackout and your weekly dose of beats and bass.')
      ;

        -- TODO: INSERT OR REPLACE once fixed in SKDB...
        -- INSERT OR REPLACE INTO library_artists
        DELETE FROM library_artists WHERE id = 'podcast:artist:clgz9riqw000d3b6emzyjak9r-clgz9rir100tv3b6e3meluezu';
        INSERT INTO library_artists
        (id, name, imageUrl, colorsString)
        values ('podcast:artist:clgz9riqw000d3b6emzyjak9r-clgz9rir100tv3b6e3meluezu', 'VISION Radio', 'https://episodes.castos.com/6138cb87d83982-66320119/images/itunes-image.png', null)
      ;

        INSERT INTO library_tracks_artists
        (trackId, artistId)
        values ('podcast:track:clgz9rir100tt3b6eyh0bc0mf', 'podcast:artist:clgz9riqw000d3b6emzyjak9r-clgz9rir100tv3b6e3meluezu')
      ;

        -- TODO: INSERT OR REPLACE once fixed in SKDB...
        -- INSERT OR REPLACE INTO library_albums
        DELETE FROM library_albums WHERE id = 'podcast:album:clgz9riqw000d3b6emzyjak9r-clgz9rir100tu3b6e652o9zcw';
        INSERT INTO library_albums
        (id, name, colorsString, imageUrl, trackCount, releaseDate, copyrights)
        values ('podcast:album:clgz9riqw000d3b6emzyjak9r-clgz9rir100tu3b6e652o9zcw', 'VISION Radio', null, 'https://episodes.castos.com/6138cb87d83982-66320119/images/itunes-image.png', 1, null, null)
      ;

        INSERT INTO library_tracks_playlists
                (trackId, playlistId, trackIndex, addedAtTimestamp)
                values ('podcast:track:clgz9rir100tt3b6eyh0bc0mf', 'podcast:playlist:clgz9riqw000d3b6emzyjak9r', 353, 1486137600000)
      ;

        -- TODO: INSERT OR REPLACE once fixed in SKDB...
        -- INSERT OR REPLACE INTO library_tracks
        DELETE FROM library_tracks WHERE id = 'podcast:track:clgz9rir100tw3b6eydue00iu'; 
        INSERT INTO library_tracks
                (id, name, albumId, trackNumber, durationMs, isrc, imageUrl, audioUrl, externalLink, description)
                values ('podcast:track:clgz9rir100tw3b6eydue00iu', 'Noisia Radio S03E04', 'podcast:album:clgz9riqw000d3b6emzyjak9r-clgz9rir100tx3b6ebxuk32fv', 0, 3605000, null, 'https://episodes.castos.com/6138cb87d83982-66320119/images/itunes-image.png', 'https://episodes.castos.com/6138cb87d83982-66320119/NZzi7b7083khXKSy3BtAnigPVyNCJiEYlcrvunI4.mp3', 'https://visionradio.castos.com/episodes/noisia-radio-s03e04-2', 'Noisia Radio this week; some older Noisia we’ve never played before and brand new music from the likes of Malux, combined with your weekly dose of beats and bass.')
      ;

        -- TODO: INSERT OR REPLACE once fixed in SKDB...
        -- INSERT OR REPLACE INTO library_artists
        DELETE FROM library_artists WHERE id = 'podcast:artist:clgz9riqw000d3b6emzyjak9r-clgz9rir100ty3b6en6llyxsv';
        INSERT INTO library_artists
        (id, name, imageUrl, colorsString)
        values ('podcast:artist:clgz9riqw000d3b6emzyjak9r-clgz9rir100ty3b6en6llyxsv', 'VISION Radio', 'https://episodes.castos.com/6138cb87d83982-66320119/images/itunes-image.png', null)
      ;

        INSERT INTO library_tracks_artists
        (trackId, artistId)
        values ('podcast:track:clgz9rir100tw3b6eydue00iu', 'podcast:artist:clgz9riqw000d3b6emzyjak9r-clgz9rir100ty3b6en6llyxsv')
      ;

        -- TODO: INSERT OR REPLACE once fixed in SKDB...
        -- INSERT OR REPLACE INTO library_albums
        DELETE FROM library_albums WHERE id = 'podcast:album:clgz9riqw000d3b6emzyjak9r-clgz9rir100tx3b6ebxuk32fv';
        INSERT INTO library_albums
        (id, name, colorsString, imageUrl, trackCount, releaseDate, copyrights)
        values ('podcast:album:clgz9riqw000d3b6emzyjak9r-clgz9rir100tx3b6ebxuk32fv', 'VISION Radio', null, 'https://episodes.castos.com/6138cb87d83982-66320119/images/itunes-image.png', 1, null, null)
      ;

        INSERT INTO library_tracks_playlists
                (trackId, playlistId, trackIndex, addedAtTimestamp)
                values ('podcast:track:clgz9rir100tw3b6eydue00iu', 'podcast:playlist:clgz9riqw000d3b6emzyjak9r', 354, 1485532800000)
      ;

        -- TODO: INSERT OR REPLACE once fixed in SKDB...
        -- INSERT OR REPLACE INTO library_tracks
        DELETE FROM library_tracks WHERE id = 'podcast:track:clgz9rir100tz3b6eaicjmxew'; 
        INSERT INTO library_tracks
                (id, name, albumId, trackNumber, durationMs, isrc, imageUrl, audioUrl, externalLink, description)
                values ('podcast:track:clgz9rir100tz3b6eaicjmxew', 'Noisia Radio S03E04', 'podcast:album:clgz9riqw000d3b6emzyjak9r-clgz9rir100u03b6e7x5jbp27', 0, 3605000, null, 'https://episodes.castos.com/6138cb87d83982-66320119/images/itunes-image.png', 'https://episodes.castos.com/6138cb87d83982-66320119/5ukYgx0qLurpL3YNGgbgG6xeHqgmv8LebV8q9zP2.mp3', 'https://visionradio.castos.com/episodes/noisia-radio-s03e04-2', 'Noisia Radio this week; some older Noisia we’ve never played before and brand new music from the likes of Malux, combined with your weekly dose of beats and bass.')
      ;

        -- TODO: INSERT OR REPLACE once fixed in SKDB...
        -- INSERT OR REPLACE INTO library_artists
        DELETE FROM library_artists WHERE id = 'podcast:artist:clgz9riqw000d3b6emzyjak9r-clgz9rir100u13b6eaf2df0vy';
        INSERT INTO library_artists
        (id, name, imageUrl, colorsString)
        values ('podcast:artist:clgz9riqw000d3b6emzyjak9r-clgz9rir100u13b6eaf2df0vy', 'VISION Radio', 'https://episodes.castos.com/6138cb87d83982-66320119/images/itunes-image.png', null)
      ;

        INSERT INTO library_tracks_artists
        (trackId, artistId)
        values ('podcast:track:clgz9rir100tz3b6eaicjmxew', 'podcast:artist:clgz9riqw000d3b6emzyjak9r-clgz9rir100u13b6eaf2df0vy')
      ;

        -- TODO: INSERT OR REPLACE once fixed in SKDB...
        -- INSERT OR REPLACE INTO library_albums
        DELETE FROM library_albums WHERE id = 'podcast:album:clgz9riqw000d3b6emzyjak9r-clgz9rir100u03b6e7x5jbp27';
        INSERT INTO library_albums
        (id, name, colorsString, imageUrl, trackCount, releaseDate, copyrights)
        values ('podcast:album:clgz9riqw000d3b6emzyjak9r-clgz9rir100u03b6e7x5jbp27', 'VISION Radio', null, 'https://episodes.castos.com/6138cb87d83982-66320119/images/itunes-image.png', 1, null, null)
      ;

        INSERT INTO library_tracks_playlists
                (trackId, playlistId, trackIndex, addedAtTimestamp)
                values ('podcast:track:clgz9rir100tz3b6eaicjmxew', 'podcast:playlist:clgz9riqw000d3b6emzyjak9r', 355, 1485532800000)
      ;

        -- TODO: INSERT OR REPLACE once fixed in SKDB...
        -- INSERT OR REPLACE INTO library_tracks
        DELETE FROM library_tracks WHERE id = 'podcast:track:clgz9rir100u23b6e4hckf1xn'; 
        INSERT INTO library_tracks
                (id, name, albumId, trackNumber, durationMs, isrc, imageUrl, audioUrl, externalLink, description)
                values ('podcast:track:clgz9rir100u23b6e4hckf1xn', 'Noisia Radio S03E03', 'podcast:album:clgz9riqw000d3b6emzyjak9r-clgz9rir100u33b6efwh36ojb', 0, 3607000, null, 'https://episodes.castos.com/6138cb87d83982-66320119/images/itunes-image.png', 'https://episodes.castos.com/6138cb87d83982-66320119/vINWvgakzr42TMaWasX0S8YQ0q2oum1QacEFy1Ci.mp3', 'https://visionradio.castos.com/episodes/noisia-radio-s03e03-2', 'Noisia Radio this week; new music from our Invisible imprint by LeStR and lots of exclusives, combined with your weekly dose of beats and bass.')
      ;

        -- TODO: INSERT OR REPLACE once fixed in SKDB...
        -- INSERT OR REPLACE INTO library_artists
        DELETE FROM library_artists WHERE id = 'podcast:artist:clgz9riqw000d3b6emzyjak9r-clgz9rir100u43b6eyxrhi58j';
        INSERT INTO library_artists
        (id, name, imageUrl, colorsString)
        values ('podcast:artist:clgz9riqw000d3b6emzyjak9r-clgz9rir100u43b6eyxrhi58j', 'VISION Radio', 'https://episodes.castos.com/6138cb87d83982-66320119/images/itunes-image.png', null)
      ;

        INSERT INTO library_tracks_artists
        (trackId, artistId)
        values ('podcast:track:clgz9rir100u23b6e4hckf1xn', 'podcast:artist:clgz9riqw000d3b6emzyjak9r-clgz9rir100u43b6eyxrhi58j')
      ;

        -- TODO: INSERT OR REPLACE once fixed in SKDB...
        -- INSERT OR REPLACE INTO library_albums
        DELETE FROM library_albums WHERE id = 'podcast:album:clgz9riqw000d3b6emzyjak9r-clgz9rir100u33b6efwh36ojb';
        INSERT INTO library_albums
        (id, name, colorsString, imageUrl, trackCount, releaseDate, copyrights)
        values ('podcast:album:clgz9riqw000d3b6emzyjak9r-clgz9rir100u33b6efwh36ojb', 'VISION Radio', null, 'https://episodes.castos.com/6138cb87d83982-66320119/images/itunes-image.png', 1, null, null)
      ;

        INSERT INTO library_tracks_playlists
                (trackId, playlistId, trackIndex, addedAtTimestamp)
                values ('podcast:track:clgz9rir100u23b6e4hckf1xn', 'podcast:playlist:clgz9riqw000d3b6emzyjak9r', 356, 1484928000000)
      ;

        -- TODO: INSERT OR REPLACE once fixed in SKDB...
        -- INSERT OR REPLACE INTO library_tracks
        DELETE FROM library_tracks WHERE id = 'podcast:track:clgz9rir100u53b6ed1l3qi91'; 
        INSERT INTO library_tracks
                (id, name, albumId, trackNumber, durationMs, isrc, imageUrl, audioUrl, externalLink, description)
                values ('podcast:track:clgz9rir100u53b6ed1l3qi91', 'Noisia Radio S03E02', 'podcast:album:clgz9riqw000d3b6emzyjak9r-clgz9rir100u63b6eeemkzjjd', 0, 3598000, null, 'https://episodes.castos.com/6138cb87d83982-66320119/images/itunes-image.png', 'https://episodes.castos.com/6138cb87d83982-66320119/aRUn52g3g3W8Gbs7SAyE0SirA8QoHUJXGBQaHwZJ.mp3', 'https://visionradio.castos.com/episodes/noisia-radio-s03e02-2', 'Noisia Radio this week; brand new music from our Invisible imprint by Redpill, and your weekly dose of beats and bass curated by Noisia.')
      ;

        -- TODO: INSERT OR REPLACE once fixed in SKDB...
        -- INSERT OR REPLACE INTO library_artists
        DELETE FROM library_artists WHERE id = 'podcast:artist:clgz9riqw000d3b6emzyjak9r-clgz9rir100u73b6ebs5tv1i3';
        INSERT INTO library_artists
        (id, name, imageUrl, colorsString)
        values ('podcast:artist:clgz9riqw000d3b6emzyjak9r-clgz9rir100u73b6ebs5tv1i3', 'VISION Radio', 'https://episodes.castos.com/6138cb87d83982-66320119/images/itunes-image.png', null)
      ;

        INSERT INTO library_tracks_artists
        (trackId, artistId)
        values ('podcast:track:clgz9rir100u53b6ed1l3qi91', 'podcast:artist:clgz9riqw000d3b6emzyjak9r-clgz9rir100u73b6ebs5tv1i3')
      ;

        -- TODO: INSERT OR REPLACE once fixed in SKDB...
        -- INSERT OR REPLACE INTO library_albums
        DELETE FROM library_albums WHERE id = 'podcast:album:clgz9riqw000d3b6emzyjak9r-clgz9rir100u63b6eeemkzjjd';
        INSERT INTO library_albums
        (id, name, colorsString, imageUrl, trackCount, releaseDate, copyrights)
        values ('podcast:album:clgz9riqw000d3b6emzyjak9r-clgz9rir100u63b6eeemkzjjd', 'VISION Radio', null, 'https://episodes.castos.com/6138cb87d83982-66320119/images/itunes-image.png', 1, null, null)
      ;

        INSERT INTO library_tracks_playlists
                (trackId, playlistId, trackIndex, addedAtTimestamp)
                values ('podcast:track:clgz9rir100u53b6ed1l3qi91', 'podcast:playlist:clgz9riqw000d3b6emzyjak9r', 357, 1484325248000)
      ;

        -- TODO: INSERT OR REPLACE once fixed in SKDB...
        -- INSERT OR REPLACE INTO library_tracks
        DELETE FROM library_tracks WHERE id = 'podcast:track:clgz9rir100u83b6eqr4bsly7'; 
        INSERT INTO library_tracks
                (id, name, albumId, trackNumber, durationMs, isrc, imageUrl, audioUrl, externalLink, description)
                values ('podcast:track:clgz9rir100u83b6eqr4bsly7', 'Noisia Radio S03E01', 'podcast:album:clgz9riqw000d3b6emzyjak9r-clgz9rir100u93b6edkfy70ii', 0, 3603000, null, 'https://episodes.castos.com/6138cb87d83982-66320119/images/itunes-image.png', 'https://episodes.castos.com/6138cb87d83982-66320119/Ec3C9iSJvBsvj5BGzf7bzTw2WugQRFcBJDYfo6qY.mp3', 'https://visionradio.castos.com/episodes/noisia-radio-s03e01-2', 'Noisia Radio season 3 starts off with a guest host, no one other than our friend Mefjus, his personal picks and our weekly dose of beats and bass make up this season"s first episode.')
      ;

        -- TODO: INSERT OR REPLACE once fixed in SKDB...
        -- INSERT OR REPLACE INTO library_artists
        DELETE FROM library_artists WHERE id = 'podcast:artist:clgz9riqw000d3b6emzyjak9r-clgz9rir100ua3b6egrl5zun9';
        INSERT INTO library_artists
        (id, name, imageUrl, colorsString)
        values ('podcast:artist:clgz9riqw000d3b6emzyjak9r-clgz9rir100ua3b6egrl5zun9', 'VISION Radio', 'https://episodes.castos.com/6138cb87d83982-66320119/images/itunes-image.png', null)
      ;

        INSERT INTO library_tracks_artists
        (trackId, artistId)
        values ('podcast:track:clgz9rir100u83b6eqr4bsly7', 'podcast:artist:clgz9riqw000d3b6emzyjak9r-clgz9rir100ua3b6egrl5zun9')
      ;

        -- TODO: INSERT OR REPLACE once fixed in SKDB...
        -- INSERT OR REPLACE INTO library_albums
        DELETE FROM library_albums WHERE id = 'podcast:album:clgz9riqw000d3b6emzyjak9r-clgz9rir100u93b6edkfy70ii';
        INSERT INTO library_albums
        (id, name, colorsString, imageUrl, trackCount, releaseDate, copyrights)
        values ('podcast:album:clgz9riqw000d3b6emzyjak9r-clgz9rir100u93b6edkfy70ii', 'VISION Radio', null, 'https://episodes.castos.com/6138cb87d83982-66320119/images/itunes-image.png', 1, null, null)
      ;

        INSERT INTO library_tracks_playlists
                (trackId, playlistId, trackIndex, addedAtTimestamp)
                values ('podcast:track:clgz9rir100u83b6eqr4bsly7', 'podcast:playlist:clgz9riqw000d3b6emzyjak9r', 358, 1483718400000)
      ;

        -- TODO: INSERT OR REPLACE once fixed in SKDB...
        -- INSERT OR REPLACE INTO library_tracks
        DELETE FROM library_tracks WHERE id = 'podcast:track:clgz9rir100ub3b6eg16wcphp'; 
        INSERT INTO library_tracks
                (id, name, albumId, trackNumber, durationMs, isrc, imageUrl, audioUrl, externalLink, description)
                values ('podcast:track:clgz9rir100ub3b6eg16wcphp', 'Noisia Radio S02E53', 'podcast:album:clgz9riqw000d3b6emzyjak9r-clgz9rir100uc3b6eke6sgdb9', 0, 3621000, null, 'https://episodes.castos.com/6138cb87d83982-66320119/images/itunes-image.png', 'https://episodes.castos.com/6138cb87d83982-66320119/DJg6rydvtfVBzusjqnaPhmMw5jRGELB7ItVjhwyS.mp3', 'https://visionradio.castos.com/episodes/noisia-radio-s02e53-2', 'Noisia Radio this week; the very special end of year episode with a selection of some of our favorite tracks we’ve played on Noisia Radio.')
      ;

        -- TODO: INSERT OR REPLACE once fixed in SKDB...
        -- INSERT OR REPLACE INTO library_artists
        DELETE FROM library_artists WHERE id = 'podcast:artist:clgz9riqw000d3b6emzyjak9r-clgz9rir100ud3b6exhu97hkg';
        INSERT INTO library_artists
        (id, name, imageUrl, colorsString)
        values ('podcast:artist:clgz9riqw000d3b6emzyjak9r-clgz9rir100ud3b6exhu97hkg', 'VISION Radio', 'https://episodes.castos.com/6138cb87d83982-66320119/images/itunes-image.png', null)
      ;

        INSERT INTO library_tracks_artists
        (trackId, artistId)
        values ('podcast:track:clgz9rir100ub3b6eg16wcphp', 'podcast:artist:clgz9riqw000d3b6emzyjak9r-clgz9rir100ud3b6exhu97hkg')
      ;

        -- TODO: INSERT OR REPLACE once fixed in SKDB...
        -- INSERT OR REPLACE INTO library_albums
        DELETE FROM library_albums WHERE id = 'podcast:album:clgz9riqw000d3b6emzyjak9r-clgz9rir100uc3b6eke6sgdb9';
        INSERT INTO library_albums
        (id, name, colorsString, imageUrl, trackCount, releaseDate, copyrights)
        values ('podcast:album:clgz9riqw000d3b6emzyjak9r-clgz9rir100uc3b6eke6sgdb9', 'VISION Radio', null, 'https://episodes.castos.com/6138cb87d83982-66320119/images/itunes-image.png', 1, null, null)
      ;

        INSERT INTO library_tracks_playlists
                (trackId, playlistId, trackIndex, addedAtTimestamp)
                values ('podcast:track:clgz9rir100ub3b6eg16wcphp', 'podcast:playlist:clgz9riqw000d3b6emzyjak9r', 359, 1483113600000)
      ;

        -- TODO: INSERT OR REPLACE once fixed in SKDB...
        -- INSERT OR REPLACE INTO library_tracks
        DELETE FROM library_tracks WHERE id = 'podcast:track:clgz9rir100ue3b6emg202ynk'; 
        INSERT INTO library_tracks
                (id, name, albumId, trackNumber, durationMs, isrc, imageUrl, audioUrl, externalLink, description)
                values ('podcast:track:clgz9rir100ue3b6emg202ynk', 'Noisia Radio S02E53', 'podcast:album:clgz9riqw000d3b6emzyjak9r-clgz9rir100uf3b6ef22zu46l', 0, 3621000, null, 'https://episodes.castos.com/6138cb87d83982-66320119/images/itunes-image.png', 'https://episodes.castos.com/6138cb87d83982-66320119/zoFC5QRrqTRScOzB3uADYg0RaadxtKA6FqZQzc6e.mp3', 'https://visionradio.castos.com/episodes/noisia-radio-s02e53-2', 'Noisia Radio this week; the very special end of year episode with a selection of some of our favorite tracks we’ve played on Noisia Radio.')
      ;

        -- TODO: INSERT OR REPLACE once fixed in SKDB...
        -- INSERT OR REPLACE INTO library_artists
        DELETE FROM library_artists WHERE id = 'podcast:artist:clgz9riqw000d3b6emzyjak9r-clgz9rir100ug3b6efcpwxsvy';
        INSERT INTO library_artists
        (id, name, imageUrl, colorsString)
        values ('podcast:artist:clgz9riqw000d3b6emzyjak9r-clgz9rir100ug3b6efcpwxsvy', 'VISION Radio', 'https://episodes.castos.com/6138cb87d83982-66320119/images/itunes-image.png', null)
      ;

        INSERT INTO library_tracks_artists
        (trackId, artistId)
        values ('podcast:track:clgz9rir100ue3b6emg202ynk', 'podcast:artist:clgz9riqw000d3b6emzyjak9r-clgz9rir100ug3b6efcpwxsvy')
      ;

        -- TODO: INSERT OR REPLACE once fixed in SKDB...
        -- INSERT OR REPLACE INTO library_albums
        DELETE FROM library_albums WHERE id = 'podcast:album:clgz9riqw000d3b6emzyjak9r-clgz9rir100uf3b6ef22zu46l';
        INSERT INTO library_albums
        (id, name, colorsString, imageUrl, trackCount, releaseDate, copyrights)
        values ('podcast:album:clgz9riqw000d3b6emzyjak9r-clgz9rir100uf3b6ef22zu46l', 'VISION Radio', null, 'https://episodes.castos.com/6138cb87d83982-66320119/images/itunes-image.png', 1, null, null)
      ;

        INSERT INTO library_tracks_playlists
                (trackId, playlistId, trackIndex, addedAtTimestamp)
                values ('podcast:track:clgz9rir100ue3b6emg202ynk', 'podcast:playlist:clgz9riqw000d3b6emzyjak9r', 360, 1483113600000)
      ;

        -- TODO: INSERT OR REPLACE once fixed in SKDB...
        -- INSERT OR REPLACE INTO library_tracks
        DELETE FROM library_tracks WHERE id = 'podcast:track:clgz9rir100uh3b6eizmxb17i'; 
        INSERT INTO library_tracks
                (id, name, albumId, trackNumber, durationMs, isrc, imageUrl, audioUrl, externalLink, description)
                values ('podcast:track:clgz9rir100uh3b6eizmxb17i', 'Noisia Radio S02E52', 'podcast:album:clgz9riqw000d3b6emzyjak9r-clgz9rir100ui3b6ezeeld9vh', 0, 3631000, null, 'https://episodes.castos.com/6138cb87d83982-66320119/images/itunes-image.png', 'https://episodes.castos.com/6138cb87d83982-66320119/y8jo2VOupzpTnhDC4y3rEDSQwrfZayj9hSkbTXa9.mp3', 'https://visionradio.castos.com/episodes/noisia-radio-s02e52-2', 'Noisia Radio this week; brand new music from the likes of Spectrasoul, Sofie Letitre, Ivy Lab, Kyrist, and many more, combined with your weekly dose of beats and bass.')
      ;

        -- TODO: INSERT OR REPLACE once fixed in SKDB...
        -- INSERT OR REPLACE INTO library_artists
        DELETE FROM library_artists WHERE id = 'podcast:artist:clgz9riqw000d3b6emzyjak9r-clgz9rir100uj3b6ewq1whisi';
        INSERT INTO library_artists
        (id, name, imageUrl, colorsString)
        values ('podcast:artist:clgz9riqw000d3b6emzyjak9r-clgz9rir100uj3b6ewq1whisi', 'VISION Radio', 'https://episodes.castos.com/6138cb87d83982-66320119/images/itunes-image.png', null)
      ;

        INSERT INTO library_tracks_artists
        (trackId, artistId)
        values ('podcast:track:clgz9rir100uh3b6eizmxb17i', 'podcast:artist:clgz9riqw000d3b6emzyjak9r-clgz9rir100uj3b6ewq1whisi')
      ;

        -- TODO: INSERT OR REPLACE once fixed in SKDB...
        -- INSERT OR REPLACE INTO library_albums
        DELETE FROM library_albums WHERE id = 'podcast:album:clgz9riqw000d3b6emzyjak9r-clgz9rir100ui3b6ezeeld9vh';
        INSERT INTO library_albums
        (id, name, colorsString, imageUrl, trackCount, releaseDate, copyrights)
        values ('podcast:album:clgz9riqw000d3b6emzyjak9r-clgz9rir100ui3b6ezeeld9vh', 'VISION Radio', null, 'https://episodes.castos.com/6138cb87d83982-66320119/images/itunes-image.png', 1, null, null)
      ;

        INSERT INTO library_tracks_playlists
                (trackId, playlistId, trackIndex, addedAtTimestamp)
                values ('podcast:track:clgz9rir100uh3b6eizmxb17i', 'podcast:playlist:clgz9riqw000d3b6emzyjak9r', 361, 1482596623000)
      ;

        -- TODO: INSERT OR REPLACE once fixed in SKDB...
        -- INSERT OR REPLACE INTO library_tracks
        DELETE FROM library_tracks WHERE id = 'podcast:track:clgz9rir100uk3b6e59a2n1kl'; 
        INSERT INTO library_tracks
                (id, name, albumId, trackNumber, durationMs, isrc, imageUrl, audioUrl, externalLink, description)
                values ('podcast:track:clgz9rir100uk3b6e59a2n1kl', 'Noisia Radio S02E52', 'podcast:album:clgz9riqw000d3b6emzyjak9r-clgz9rir100ul3b6esdr9p8w4', 0, 3631000, null, 'https://episodes.castos.com/6138cb87d83982-66320119/images/itunes-image.png', 'https://episodes.castos.com/6138cb87d83982-66320119/WthmeMpK72oJCJEWOQOXZXJRSQvnFf7bqapJ9yH3.mp3', 'https://visionradio.castos.com/episodes/noisia-radio-s02e52-2', 'Noisia Radio this week; brand new music from the likes of Spectrasoul, Sofie Letitre, Ivy Lab, Kyrist, and many more, combined with your weekly dose of beats and bass.')
      ;

        -- TODO: INSERT OR REPLACE once fixed in SKDB...
        -- INSERT OR REPLACE INTO library_artists
        DELETE FROM library_artists WHERE id = 'podcast:artist:clgz9riqw000d3b6emzyjak9r-clgz9rir100um3b6ep4m1jp7w';
        INSERT INTO library_artists
        (id, name, imageUrl, colorsString)
        values ('podcast:artist:clgz9riqw000d3b6emzyjak9r-clgz9rir100um3b6ep4m1jp7w', 'VISION Radio', 'https://episodes.castos.com/6138cb87d83982-66320119/images/itunes-image.png', null)
      ;

        INSERT INTO library_tracks_artists
        (trackId, artistId)
        values ('podcast:track:clgz9rir100uk3b6e59a2n1kl', 'podcast:artist:clgz9riqw000d3b6emzyjak9r-clgz9rir100um3b6ep4m1jp7w')
      ;

        -- TODO: INSERT OR REPLACE once fixed in SKDB...
        -- INSERT OR REPLACE INTO library_albums
        DELETE FROM library_albums WHERE id = 'podcast:album:clgz9riqw000d3b6emzyjak9r-clgz9rir100ul3b6esdr9p8w4';
        INSERT INTO library_albums
        (id, name, colorsString, imageUrl, trackCount, releaseDate, copyrights)
        values ('podcast:album:clgz9riqw000d3b6emzyjak9r-clgz9rir100ul3b6esdr9p8w4', 'VISION Radio', null, 'https://episodes.castos.com/6138cb87d83982-66320119/images/itunes-image.png', 1, null, null)
      ;

        INSERT INTO library_tracks_playlists
                (trackId, playlistId, trackIndex, addedAtTimestamp)
                values ('podcast:track:clgz9rir100uk3b6e59a2n1kl', 'podcast:playlist:clgz9riqw000d3b6emzyjak9r', 362, 1482596623000)
      ;

        -- TODO: INSERT OR REPLACE once fixed in SKDB...
        -- INSERT OR REPLACE INTO library_tracks
        DELETE FROM library_tracks WHERE id = 'podcast:track:clgz9rir100un3b6e3n00yiuk'; 
        INSERT INTO library_tracks
                (id, name, albumId, trackNumber, durationMs, isrc, imageUrl, audioUrl, externalLink, description)
                values ('podcast:track:clgz9rir100un3b6e3n00yiuk', 'Noisia Radio S02E51', 'podcast:album:clgz9riqw000d3b6emzyjak9r-clgz9rir100uo3b6el2cv8epb', 0, 3641000, null, 'https://episodes.castos.com/6138cb87d83982-66320119/images/itunes-image.png', 'https://episodes.castos.com/6138cb87d83982-66320119/0k8tIVREbUeBvUa7fcm3L7ddXTBR6GVZXTZRf8uD.mp3', 'https://visionradio.castos.com/episodes/noisia-radio-s02e51-2', 'Noisia Radio this week; brand new music from Phace, a remix from ZES for Sofie Letitre on our Division imprint, and your weekly dose of beats and bass.')
      ;

        -- TODO: INSERT OR REPLACE once fixed in SKDB...
        -- INSERT OR REPLACE INTO library_artists
        DELETE FROM library_artists WHERE id = 'podcast:artist:clgz9riqw000d3b6emzyjak9r-clgz9rir100up3b6e1ujlg66q';
        INSERT INTO library_artists
        (id, name, imageUrl, colorsString)
        values ('podcast:artist:clgz9riqw000d3b6emzyjak9r-clgz9rir100up3b6e1ujlg66q', 'VISION Radio', 'https://episodes.castos.com/6138cb87d83982-66320119/images/itunes-image.png', null)
      ;

        INSERT INTO library_tracks_artists
        (trackId, artistId)
        values ('podcast:track:clgz9rir100un3b6e3n00yiuk', 'podcast:artist:clgz9riqw000d3b6emzyjak9r-clgz9rir100up3b6e1ujlg66q')
      ;

        -- TODO: INSERT OR REPLACE once fixed in SKDB...
        -- INSERT OR REPLACE INTO library_albums
        DELETE FROM library_albums WHERE id = 'podcast:album:clgz9riqw000d3b6emzyjak9r-clgz9rir100uo3b6el2cv8epb';
        INSERT INTO library_albums
        (id, name, colorsString, imageUrl, trackCount, releaseDate, copyrights)
        values ('podcast:album:clgz9riqw000d3b6emzyjak9r-clgz9rir100uo3b6el2cv8epb', 'VISION Radio', null, 'https://episodes.castos.com/6138cb87d83982-66320119/images/itunes-image.png', 1, null, null)
      ;

        INSERT INTO library_tracks_playlists
                (trackId, playlistId, trackIndex, addedAtTimestamp)
                values ('podcast:track:clgz9rir100un3b6e3n00yiuk', 'podcast:playlist:clgz9riqw000d3b6emzyjak9r', 363, 1481904000000)
      ;

        -- TODO: INSERT OR REPLACE once fixed in SKDB...
        -- INSERT OR REPLACE INTO library_tracks
        DELETE FROM library_tracks WHERE id = 'podcast:track:clgz9rir100uq3b6en4w25uju'; 
        INSERT INTO library_tracks
                (id, name, albumId, trackNumber, durationMs, isrc, imageUrl, audioUrl, externalLink, description)
                values ('podcast:track:clgz9rir100uq3b6en4w25uju', 'Noisia Radio S02E51', 'podcast:album:clgz9riqw000d3b6emzyjak9r-clgz9rir100ur3b6ejzvmzuqi', 0, 3641000, null, 'https://episodes.castos.com/6138cb87d83982-66320119/images/itunes-image.png', 'https://episodes.castos.com/6138cb87d83982-66320119/fKHq8Qmu6qsy0I12GdpOHLH421nGW0VDdqhgiaXL.mp3', 'https://visionradio.castos.com/episodes/noisia-radio-s02e51-2', 'Noisia Radio this week; brand new music from Phace, a remix from ZES for Sofie Letitre on our Division imprint, and your weekly dose of beats and bass.')
      ;

        -- TODO: INSERT OR REPLACE once fixed in SKDB...
        -- INSERT OR REPLACE INTO library_artists
        DELETE FROM library_artists WHERE id = 'podcast:artist:clgz9riqw000d3b6emzyjak9r-clgz9rir100us3b6ea3ljdbtv';
        INSERT INTO library_artists
        (id, name, imageUrl, colorsString)
        values ('podcast:artist:clgz9riqw000d3b6emzyjak9r-clgz9rir100us3b6ea3ljdbtv', 'VISION Radio', 'https://episodes.castos.com/6138cb87d83982-66320119/images/itunes-image.png', null)
      ;

        INSERT INTO library_tracks_artists
        (trackId, artistId)
        values ('podcast:track:clgz9rir100uq3b6en4w25uju', 'podcast:artist:clgz9riqw000d3b6emzyjak9r-clgz9rir100us3b6ea3ljdbtv')
      ;

        -- TODO: INSERT OR REPLACE once fixed in SKDB...
        -- INSERT OR REPLACE INTO library_albums
        DELETE FROM library_albums WHERE id = 'podcast:album:clgz9riqw000d3b6emzyjak9r-clgz9rir100ur3b6ejzvmzuqi';
        INSERT INTO library_albums
        (id, name, colorsString, imageUrl, trackCount, releaseDate, copyrights)
        values ('podcast:album:clgz9riqw000d3b6emzyjak9r-clgz9rir100ur3b6ejzvmzuqi', 'VISION Radio', null, 'https://episodes.castos.com/6138cb87d83982-66320119/images/itunes-image.png', 1, null, null)
      ;

        INSERT INTO library_tracks_playlists
                (trackId, playlistId, trackIndex, addedAtTimestamp)
                values ('podcast:track:clgz9rir100uq3b6en4w25uju', 'podcast:playlist:clgz9riqw000d3b6emzyjak9r', 364, 1481904000000)
      ;

        -- TODO: INSERT OR REPLACE once fixed in SKDB...
        -- INSERT OR REPLACE INTO library_tracks
        DELETE FROM library_tracks WHERE id = 'podcast:track:clgz9rir100ut3b6eceazfb6m'; 
        INSERT INTO library_tracks
                (id, name, albumId, trackNumber, durationMs, isrc, imageUrl, audioUrl, externalLink, description)
                values ('podcast:track:clgz9rir100ut3b6eceazfb6m', 'Noisia Radio S02E50', 'podcast:album:clgz9riqw000d3b6emzyjak9r-clgz9rir100uu3b6e25i2kcnd', 0, 3642000, null, 'https://episodes.castos.com/6138cb87d83982-66320119/images/itunes-image.png', 'https://episodes.castos.com/6138cb87d83982-66320119/SsxO3PSIPEn5mS2ZMeperfTNoZSpIIRVIyt9Cwvp.mp3', 'https://visionradio.castos.com/episodes/noisia-radio-s02e50-2', 'Noisia Radio this week; new music from the drum & bass world combined with some throwbacks and your weekly dose of beats and bass.')
      ;

        -- TODO: INSERT OR REPLACE once fixed in SKDB...
        -- INSERT OR REPLACE INTO library_artists
        DELETE FROM library_artists WHERE id = 'podcast:artist:clgz9riqw000d3b6emzyjak9r-clgz9rir100uv3b6elx7nxztd';
        INSERT INTO library_artists
        (id, name, imageUrl, colorsString)
        values ('podcast:artist:clgz9riqw000d3b6emzyjak9r-clgz9rir100uv3b6elx7nxztd', 'VISION Radio', 'https://episodes.castos.com/6138cb87d83982-66320119/images/itunes-image.png', null)
      ;

        INSERT INTO library_tracks_artists
        (trackId, artistId)
        values ('podcast:track:clgz9rir100ut3b6eceazfb6m', 'podcast:artist:clgz9riqw000d3b6emzyjak9r-clgz9rir100uv3b6elx7nxztd')
      ;

        -- TODO: INSERT OR REPLACE once fixed in SKDB...
        -- INSERT OR REPLACE INTO library_albums
        DELETE FROM library_albums WHERE id = 'podcast:album:clgz9riqw000d3b6emzyjak9r-clgz9rir100uu3b6e25i2kcnd';
        INSERT INTO library_albums
        (id, name, colorsString, imageUrl, trackCount, releaseDate, copyrights)
        values ('podcast:album:clgz9riqw000d3b6emzyjak9r-clgz9rir100uu3b6e25i2kcnd', 'VISION Radio', null, 'https://episodes.castos.com/6138cb87d83982-66320119/images/itunes-image.png', 1, null, null)
      ;

        INSERT INTO library_tracks_playlists
                (trackId, playlistId, trackIndex, addedAtTimestamp)
                values ('podcast:track:clgz9rir100ut3b6eceazfb6m', 'podcast:playlist:clgz9riqw000d3b6emzyjak9r', 365, 1481299200000)
      ;

        -- TODO: INSERT OR REPLACE once fixed in SKDB...
        -- INSERT OR REPLACE INTO library_tracks
        DELETE FROM library_tracks WHERE id = 'podcast:track:clgz9rir100uw3b6ezhppf8ey'; 
        INSERT INTO library_tracks
                (id, name, albumId, trackNumber, durationMs, isrc, imageUrl, audioUrl, externalLink, description)
                values ('podcast:track:clgz9rir100uw3b6ezhppf8ey', 'Noisia Radio S02E50', 'podcast:album:clgz9riqw000d3b6emzyjak9r-clgz9rir100ux3b6edf2nnkl1', 0, 3642000, null, 'https://episodes.castos.com/6138cb87d83982-66320119/images/itunes-image.png', 'https://episodes.castos.com/6138cb87d83982-66320119/KTELKhUBptOuwKWGXhA0YfAXIX3RolNpjdRXjZaO.mp3', 'https://visionradio.castos.com/episodes/noisia-radio-s02e50-2', 'Noisia Radio this week; new music from the drum & bass world combined with some throwbacks and your weekly dose of beats and bass.')
      ;

        -- TODO: INSERT OR REPLACE once fixed in SKDB...
        -- INSERT OR REPLACE INTO library_artists
        DELETE FROM library_artists WHERE id = 'podcast:artist:clgz9riqw000d3b6emzyjak9r-clgz9rir100uy3b6eso8ptwrf';
        INSERT INTO library_artists
        (id, name, imageUrl, colorsString)
        values ('podcast:artist:clgz9riqw000d3b6emzyjak9r-clgz9rir100uy3b6eso8ptwrf', 'VISION Radio', 'https://episodes.castos.com/6138cb87d83982-66320119/images/itunes-image.png', null)
      ;

        INSERT INTO library_tracks_artists
        (trackId, artistId)
        values ('podcast:track:clgz9rir100uw3b6ezhppf8ey', 'podcast:artist:clgz9riqw000d3b6emzyjak9r-clgz9rir100uy3b6eso8ptwrf')
      ;

        -- TODO: INSERT OR REPLACE once fixed in SKDB...
        -- INSERT OR REPLACE INTO library_albums
        DELETE FROM library_albums WHERE id = 'podcast:album:clgz9riqw000d3b6emzyjak9r-clgz9rir100ux3b6edf2nnkl1';
        INSERT INTO library_albums
        (id, name, colorsString, imageUrl, trackCount, releaseDate, copyrights)
        values ('podcast:album:clgz9riqw000d3b6emzyjak9r-clgz9rir100ux3b6edf2nnkl1', 'VISION Radio', null, 'https://episodes.castos.com/6138cb87d83982-66320119/images/itunes-image.png', 1, null, null)
      ;

        INSERT INTO library_tracks_playlists
                (trackId, playlistId, trackIndex, addedAtTimestamp)
                values ('podcast:track:clgz9rir100uw3b6ezhppf8ey', 'podcast:playlist:clgz9riqw000d3b6emzyjak9r', 366, 1481299200000)
      ;

        -- TODO: INSERT OR REPLACE once fixed in SKDB...
        -- INSERT OR REPLACE INTO library_tracks
        DELETE FROM library_tracks WHERE id = 'podcast:track:clgz9rir100uz3b6e25mh6sld'; 
        INSERT INTO library_tracks
                (id, name, albumId, trackNumber, durationMs, isrc, imageUrl, audioUrl, externalLink, description)
                values ('podcast:track:clgz9rir100uz3b6e25mh6sld', 'Noisia Radio S02E49', 'podcast:album:clgz9riqw000d3b6emzyjak9r-clgz9rir100v03b6eogdarvp3', 0, 3599000, null, 'https://episodes.castos.com/6138cb87d83982-66320119/images/itunes-image.png', 'https://episodes.castos.com/6138cb87d83982-66320119/8shPvSCNwJ0b4LZWaPTw22MHLDOSfVxV1195nvoK.mp3', 'https://visionradio.castos.com/episodes/noisia-radio-s02e49-2', 'Noisia Radio this week; brand new music from the Binary: Codes album, more 2020 music and your weekly dose of beats and bass.')
      ;

        -- TODO: INSERT OR REPLACE once fixed in SKDB...
        -- INSERT OR REPLACE INTO library_artists
        DELETE FROM library_artists WHERE id = 'podcast:artist:clgz9riqw000d3b6emzyjak9r-clgz9rir100v13b6e5a1ivc09';
        INSERT INTO library_artists
        (id, name, imageUrl, colorsString)
        values ('podcast:artist:clgz9riqw000d3b6emzyjak9r-clgz9rir100v13b6e5a1ivc09', 'VISION Radio', 'https://episodes.castos.com/6138cb87d83982-66320119/images/itunes-image.png', null)
      ;

        INSERT INTO library_tracks_artists
        (trackId, artistId)
        values ('podcast:track:clgz9rir100uz3b6e25mh6sld', 'podcast:artist:clgz9riqw000d3b6emzyjak9r-clgz9rir100v13b6e5a1ivc09')
      ;

        -- TODO: INSERT OR REPLACE once fixed in SKDB...
        -- INSERT OR REPLACE INTO library_albums
        DELETE FROM library_albums WHERE id = 'podcast:album:clgz9riqw000d3b6emzyjak9r-clgz9rir100v03b6eogdarvp3';
        INSERT INTO library_albums
        (id, name, colorsString, imageUrl, trackCount, releaseDate, copyrights)
        values ('podcast:album:clgz9riqw000d3b6emzyjak9r-clgz9rir100v03b6eogdarvp3', 'VISION Radio', null, 'https://episodes.castos.com/6138cb87d83982-66320119/images/itunes-image.png', 1, null, null)
      ;

        INSERT INTO library_tracks_playlists
                (trackId, playlistId, trackIndex, addedAtTimestamp)
                values ('podcast:track:clgz9rir100uz3b6e25mh6sld', 'podcast:playlist:clgz9riqw000d3b6emzyjak9r', 367, 1480694400000)
      ;

        -- TODO: INSERT OR REPLACE once fixed in SKDB...
        -- INSERT OR REPLACE INTO library_tracks
        DELETE FROM library_tracks WHERE id = 'podcast:track:clgz9rir100v23b6eav8r41cj'; 
        INSERT INTO library_tracks
                (id, name, albumId, trackNumber, durationMs, isrc, imageUrl, audioUrl, externalLink, description)
                values ('podcast:track:clgz9rir100v23b6eav8r41cj', 'Noisia Radio S02E49', 'podcast:album:clgz9riqw000d3b6emzyjak9r-clgz9rir100v33b6e0b88eewz', 0, 3599000, null, 'https://episodes.castos.com/6138cb87d83982-66320119/images/itunes-image.png', 'https://episodes.castos.com/6138cb87d83982-66320119/ecOmGIwazZ6BtdpN2H6a7zOhQZUJVz1me3GUecly.mp3', 'https://visionradio.castos.com/episodes/noisia-radio-s02e49-2', 'Noisia Radio this week; brand new music from the Binary: Codes album, more 2020 music and your weekly dose of beats and bass.')
      ;

        -- TODO: INSERT OR REPLACE once fixed in SKDB...
        -- INSERT OR REPLACE INTO library_artists
        DELETE FROM library_artists WHERE id = 'podcast:artist:clgz9riqw000d3b6emzyjak9r-clgz9rir100v43b6ek2134g0v';
        INSERT INTO library_artists
        (id, name, imageUrl, colorsString)
        values ('podcast:artist:clgz9riqw000d3b6emzyjak9r-clgz9rir100v43b6ek2134g0v', 'VISION Radio', 'https://episodes.castos.com/6138cb87d83982-66320119/images/itunes-image.png', null)
      ;

        INSERT INTO library_tracks_artists
        (trackId, artistId)
        values ('podcast:track:clgz9rir100v23b6eav8r41cj', 'podcast:artist:clgz9riqw000d3b6emzyjak9r-clgz9rir100v43b6ek2134g0v')
      ;

        -- TODO: INSERT OR REPLACE once fixed in SKDB...
        -- INSERT OR REPLACE INTO library_albums
        DELETE FROM library_albums WHERE id = 'podcast:album:clgz9riqw000d3b6emzyjak9r-clgz9rir100v33b6e0b88eewz';
        INSERT INTO library_albums
        (id, name, colorsString, imageUrl, trackCount, releaseDate, copyrights)
        values ('podcast:album:clgz9riqw000d3b6emzyjak9r-clgz9rir100v33b6e0b88eewz', 'VISION Radio', null, 'https://episodes.castos.com/6138cb87d83982-66320119/images/itunes-image.png', 1, null, null)
      ;

        INSERT INTO library_tracks_playlists
                (trackId, playlistId, trackIndex, addedAtTimestamp)
                values ('podcast:track:clgz9rir100v23b6eav8r41cj', 'podcast:playlist:clgz9riqw000d3b6emzyjak9r', 368, 1480694400000)
      ;

        -- TODO: INSERT OR REPLACE once fixed in SKDB...
        -- INSERT OR REPLACE INTO library_tracks
        DELETE FROM library_tracks WHERE id = 'podcast:track:clgz9rir100v53b6eqftdv7y4'; 
        INSERT INTO library_tracks
                (id, name, albumId, trackNumber, durationMs, isrc, imageUrl, audioUrl, externalLink, description)
                values ('podcast:track:clgz9rir100v53b6eqftdv7y4', 'Noisia Radio S02E48 Hybris Takeover', 'podcast:album:clgz9riqw000d3b6emzyjak9r-clgz9rir100v63b6e6uua556q', 0, 3632000, null, 'https://episodes.castos.com/6138cb87d83982-66320119/images/itunes-image.png', 'https://episodes.castos.com/6138cb87d83982-66320119/6I69b82UDbn3STF73hsaBUupirdBjtCNUS1gowC5.mp3', 'https://visionradio.castos.com/episodes/noisia-radio-s02e48-hybris-takeover-2', 'Noisia Radio this week; Hybris takes over and plays you his new EP that’s out on Invisible, combined with a selection of tunes he wants you to listen to.')
      ;

        -- TODO: INSERT OR REPLACE once fixed in SKDB...
        -- INSERT OR REPLACE INTO library_artists
        DELETE FROM library_artists WHERE id = 'podcast:artist:clgz9riqw000d3b6emzyjak9r-clgz9rir100v73b6ezfwnggb4';
        INSERT INTO library_artists
        (id, name, imageUrl, colorsString)
        values ('podcast:artist:clgz9riqw000d3b6emzyjak9r-clgz9rir100v73b6ezfwnggb4', 'VISION Radio', 'https://episodes.castos.com/6138cb87d83982-66320119/images/itunes-image.png', null)
      ;

        INSERT INTO library_tracks_artists
        (trackId, artistId)
        values ('podcast:track:clgz9rir100v53b6eqftdv7y4', 'podcast:artist:clgz9riqw000d3b6emzyjak9r-clgz9rir100v73b6ezfwnggb4')
      ;

        -- TODO: INSERT OR REPLACE once fixed in SKDB...
        -- INSERT OR REPLACE INTO library_albums
        DELETE FROM library_albums WHERE id = 'podcast:album:clgz9riqw000d3b6emzyjak9r-clgz9rir100v63b6e6uua556q';
        INSERT INTO library_albums
        (id, name, colorsString, imageUrl, trackCount, releaseDate, copyrights)
        values ('podcast:album:clgz9riqw000d3b6emzyjak9r-clgz9rir100v63b6e6uua556q', 'VISION Radio', null, 'https://episodes.castos.com/6138cb87d83982-66320119/images/itunes-image.png', 1, null, null)
      ;

        INSERT INTO library_tracks_playlists
                (trackId, playlistId, trackIndex, addedAtTimestamp)
                values ('podcast:track:clgz9rir100v53b6eqftdv7y4', 'podcast:playlist:clgz9riqw000d3b6emzyjak9r', 369, 1480089600000)
      ;

        -- TODO: INSERT OR REPLACE once fixed in SKDB...
        -- INSERT OR REPLACE INTO library_tracks
        DELETE FROM library_tracks WHERE id = 'podcast:track:clgz9rir100v83b6em004eqbb'; 
        INSERT INTO library_tracks
                (id, name, albumId, trackNumber, durationMs, isrc, imageUrl, audioUrl, externalLink, description)
                values ('podcast:track:clgz9rir100v83b6em004eqbb', 'Noisia Radio S02E48 Hybris Takeover', 'podcast:album:clgz9riqw000d3b6emzyjak9r-clgz9rir100v93b6ezx6o3mxl', 0, 3632000, null, 'https://episodes.castos.com/6138cb87d83982-66320119/images/itunes-image.png', 'https://episodes.castos.com/6138cb87d83982-66320119/TgHQKbPjTXfwpqK8xcoiGk9a1aXuaTxlB0sOmTMe.mp3', 'https://visionradio.castos.com/episodes/noisia-radio-s02e48-hybris-takeover-2', 'Noisia Radio this week; Hybris takes over and plays you his new EP that’s out on Invisible, combined with a selection of tunes he wants you to listen to.')
      ;

        -- TODO: INSERT OR REPLACE once fixed in SKDB...
        -- INSERT OR REPLACE INTO library_artists
        DELETE FROM library_artists WHERE id = 'podcast:artist:clgz9riqw000d3b6emzyjak9r-clgz9rir100va3b6ebgd69uol';
        INSERT INTO library_artists
        (id, name, imageUrl, colorsString)
        values ('podcast:artist:clgz9riqw000d3b6emzyjak9r-clgz9rir100va3b6ebgd69uol', 'VISION Radio', 'https://episodes.castos.com/6138cb87d83982-66320119/images/itunes-image.png', null)
      ;

        INSERT INTO library_tracks_artists
        (trackId, artistId)
        values ('podcast:track:clgz9rir100v83b6em004eqbb', 'podcast:artist:clgz9riqw000d3b6emzyjak9r-clgz9rir100va3b6ebgd69uol')
      ;

        -- TODO: INSERT OR REPLACE once fixed in SKDB...
        -- INSERT OR REPLACE INTO library_albums
        DELETE FROM library_albums WHERE id = 'podcast:album:clgz9riqw000d3b6emzyjak9r-clgz9rir100v93b6ezx6o3mxl';
        INSERT INTO library_albums
        (id, name, colorsString, imageUrl, trackCount, releaseDate, copyrights)
        values ('podcast:album:clgz9riqw000d3b6emzyjak9r-clgz9rir100v93b6ezx6o3mxl', 'VISION Radio', null, 'https://episodes.castos.com/6138cb87d83982-66320119/images/itunes-image.png', 1, null, null)
      ;

        INSERT INTO library_tracks_playlists
                (trackId, playlistId, trackIndex, addedAtTimestamp)
                values ('podcast:track:clgz9rir100v83b6em004eqbb', 'podcast:playlist:clgz9riqw000d3b6emzyjak9r', 370, 1480089600000)
      ;

        -- TODO: INSERT OR REPLACE once fixed in SKDB...
        -- INSERT OR REPLACE INTO library_tracks
        DELETE FROM library_tracks WHERE id = 'podcast:track:clgz9rir100vb3b6ep809av5i'; 
        INSERT INTO library_tracks
                (id, name, albumId, trackNumber, durationMs, isrc, imageUrl, audioUrl, externalLink, description)
                values ('podcast:track:clgz9rir100vb3b6ep809av5i', 'Noisia Radio S02E47', 'podcast:album:clgz9riqw000d3b6emzyjak9r-clgz9rir100vc3b6ejmahaskr', 0, 3608000, null, 'https://episodes.castos.com/6138cb87d83982-66320119/images/itunes-image.png', 'https://episodes.castos.com/6138cb87d83982-66320119/8H4mnMDhD79MDH9VQ5duTen8OtEJKZMxvt3ixjGq.mp3', 'https://visionradio.castos.com/episodes/noisia-radio-s02e47-2', 'Noisia radio this week; more brand new music from Hybris and some throwbacks to earlier bangers, combined with your weekly dose of beats and bass.')
      ;

        -- TODO: INSERT OR REPLACE once fixed in SKDB...
        -- INSERT OR REPLACE INTO library_artists
        DELETE FROM library_artists WHERE id = 'podcast:artist:clgz9riqw000d3b6emzyjak9r-clgz9rir100vd3b6eoaoudk2x';
        INSERT INTO library_artists
        (id, name, imageUrl, colorsString)
        values ('podcast:artist:clgz9riqw000d3b6emzyjak9r-clgz9rir100vd3b6eoaoudk2x', 'VISION Radio', 'https://episodes.castos.com/6138cb87d83982-66320119/images/itunes-image.png', null)
      ;

        INSERT INTO library_tracks_artists
        (trackId, artistId)
        values ('podcast:track:clgz9rir100vb3b6ep809av5i', 'podcast:artist:clgz9riqw000d3b6emzyjak9r-clgz9rir100vd3b6eoaoudk2x')
      ;

        -- TODO: INSERT OR REPLACE once fixed in SKDB...
        -- INSERT OR REPLACE INTO library_albums
        DELETE FROM library_albums WHERE id = 'podcast:album:clgz9riqw000d3b6emzyjak9r-clgz9rir100vc3b6ejmahaskr';
        INSERT INTO library_albums
        (id, name, colorsString, imageUrl, trackCount, releaseDate, copyrights)
        values ('podcast:album:clgz9riqw000d3b6emzyjak9r-clgz9rir100vc3b6ejmahaskr', 'VISION Radio', null, 'https://episodes.castos.com/6138cb87d83982-66320119/images/itunes-image.png', 1, null, null)
      ;

        INSERT INTO library_tracks_playlists
                (trackId, playlistId, trackIndex, addedAtTimestamp)
                values ('podcast:track:clgz9rir100vb3b6ep809av5i', 'podcast:playlist:clgz9riqw000d3b6emzyjak9r', 371, 1479484800000)
      ;

        -- TODO: INSERT OR REPLACE once fixed in SKDB...
        -- INSERT OR REPLACE INTO library_tracks
        DELETE FROM library_tracks WHERE id = 'podcast:track:clgz9rir100ve3b6emij4f272'; 
        INSERT INTO library_tracks
                (id, name, albumId, trackNumber, durationMs, isrc, imageUrl, audioUrl, externalLink, description)
                values ('podcast:track:clgz9rir100ve3b6emij4f272', 'Noisia Radio S02E46', 'podcast:album:clgz9riqw000d3b6emzyjak9r-clgz9rir100vf3b6e631vbaxw', 0, 3664000, null, 'https://episodes.castos.com/6138cb87d83982-66320119/images/itunes-image.png', 'https://episodes.castos.com/6138cb87d83982-66320119/HfW18uhPId7TBXzCnMFJS8S7eUs8ZENh6h8aykJK.mp3', 'https://visionradio.castos.com/episodes/noisia-radio-s02e46-2', 'Noisia Radio this week; the second new track by Hybris, all new music, and a replay of one of our own combined with your weekly dose of beats and bass.')
      ;

        -- TODO: INSERT OR REPLACE once fixed in SKDB...
        -- INSERT OR REPLACE INTO library_artists
        DELETE FROM library_artists WHERE id = 'podcast:artist:clgz9riqw000d3b6emzyjak9r-clgz9rir100vg3b6erj1mycbw';
        INSERT INTO library_artists
        (id, name, imageUrl, colorsString)
        values ('podcast:artist:clgz9riqw000d3b6emzyjak9r-clgz9rir100vg3b6erj1mycbw', 'VISION Radio', 'https://episodes.castos.com/6138cb87d83982-66320119/images/itunes-image.png', null)
      ;

        INSERT INTO library_tracks_artists
        (trackId, artistId)
        values ('podcast:track:clgz9rir100ve3b6emij4f272', 'podcast:artist:clgz9riqw000d3b6emzyjak9r-clgz9rir100vg3b6erj1mycbw')
      ;

        -- TODO: INSERT OR REPLACE once fixed in SKDB...
        -- INSERT OR REPLACE INTO library_albums
        DELETE FROM library_albums WHERE id = 'podcast:album:clgz9riqw000d3b6emzyjak9r-clgz9rir100vf3b6e631vbaxw';
        INSERT INTO library_albums
        (id, name, colorsString, imageUrl, trackCount, releaseDate, copyrights)
        values ('podcast:album:clgz9riqw000d3b6emzyjak9r-clgz9rir100vf3b6e631vbaxw', 'VISION Radio', null, 'https://episodes.castos.com/6138cb87d83982-66320119/images/itunes-image.png', 1, null, null)
      ;

        INSERT INTO library_tracks_playlists
                (trackId, playlistId, trackIndex, addedAtTimestamp)
                values ('podcast:track:clgz9rir100ve3b6emij4f272', 'podcast:playlist:clgz9riqw000d3b6emzyjak9r', 372, 1478880000000)
      ;

        -- TODO: INSERT OR REPLACE once fixed in SKDB...
        -- INSERT OR REPLACE INTO library_tracks
        DELETE FROM library_tracks WHERE id = 'podcast:track:clgz9rir100vh3b6e58pwth5x'; 
        INSERT INTO library_tracks
                (id, name, albumId, trackNumber, durationMs, isrc, imageUrl, audioUrl, externalLink, description)
                values ('podcast:track:clgz9rir100vh3b6e58pwth5x', 'Noisia Radio S02E45', 'podcast:album:clgz9riqw000d3b6emzyjak9r-clgz9rir100vi3b6epkuncmfh', 0, 3570000, null, 'https://episodes.castos.com/6138cb87d83982-66320119/images/itunes-image.png', 'https://episodes.castos.com/6138cb87d83982-66320119/DZgevxzJYtLRNRvF7TDO2lEEwtT6DNTZIGPw1QDT.mp3', 'https://visionradio.castos.com/episodes/noisia-radio-s02e45-2', 'Noisia Radio this week; Brand new music by Hybris from our Invisible imprint and your weekly dose of beats and bass curated by Noisia.')
      ;

        -- TODO: INSERT OR REPLACE once fixed in SKDB...
        -- INSERT OR REPLACE INTO library_artists
        DELETE FROM library_artists WHERE id = 'podcast:artist:clgz9riqw000d3b6emzyjak9r-clgz9rir100vj3b6ebkd0xtlp';
        INSERT INTO library_artists
        (id, name, imageUrl, colorsString)
        values ('podcast:artist:clgz9riqw000d3b6emzyjak9r-clgz9rir100vj3b6ebkd0xtlp', 'VISION Radio', 'https://episodes.castos.com/6138cb87d83982-66320119/images/itunes-image.png', null)
      ;

        INSERT INTO library_tracks_artists
        (trackId, artistId)
        values ('podcast:track:clgz9rir100vh3b6e58pwth5x', 'podcast:artist:clgz9riqw000d3b6emzyjak9r-clgz9rir100vj3b6ebkd0xtlp')
      ;

        -- TODO: INSERT OR REPLACE once fixed in SKDB...
        -- INSERT OR REPLACE INTO library_albums
        DELETE FROM library_albums WHERE id = 'podcast:album:clgz9riqw000d3b6emzyjak9r-clgz9rir100vi3b6epkuncmfh';
        INSERT INTO library_albums
        (id, name, colorsString, imageUrl, trackCount, releaseDate, copyrights)
        values ('podcast:album:clgz9riqw000d3b6emzyjak9r-clgz9rir100vi3b6epkuncmfh', 'VISION Radio', null, 'https://episodes.castos.com/6138cb87d83982-66320119/images/itunes-image.png', 1, null, null)
      ;

        INSERT INTO library_tracks_playlists
                (trackId, playlistId, trackIndex, addedAtTimestamp)
                values ('podcast:track:clgz9rir100vh3b6e58pwth5x', 'podcast:playlist:clgz9riqw000d3b6emzyjak9r', 373, 1478275200000)
      ;

        -- TODO: INSERT OR REPLACE once fixed in SKDB...
        -- INSERT OR REPLACE INTO library_tracks
        DELETE FROM library_tracks WHERE id = 'podcast:track:clgz9rir100vk3b6ed0b9wbbd'; 
        INSERT INTO library_tracks
                (id, name, albumId, trackNumber, durationMs, isrc, imageUrl, audioUrl, externalLink, description)
                values ('podcast:track:clgz9rir100vk3b6ed0b9wbbd', 'Noisia Radio S02E44', 'podcast:album:clgz9riqw000d3b6emzyjak9r-clgz9rir100vl3b6e0ck8qtcz', 0, 3609000, null, 'https://episodes.castos.com/6138cb87d83982-66320119/images/itunes-image.png', 'https://episodes.castos.com/6138cb87d83982-66320119/rOkTKee9MbajdfqXdpXYrZG51eguyU3kfc9uTF0z.mp3', 'https://visionradio.castos.com/episodes/noisia-radio-s02e44-2', 'Your weekly dose of beats and bass, selected by Noisia for Noisia Radio.')
      ;

        -- TODO: INSERT OR REPLACE once fixed in SKDB...
        -- INSERT OR REPLACE INTO library_artists
        DELETE FROM library_artists WHERE id = 'podcast:artist:clgz9riqw000d3b6emzyjak9r-clgz9rir100vm3b6e7w1sg57h';
        INSERT INTO library_artists
        (id, name, imageUrl, colorsString)
        values ('podcast:artist:clgz9riqw000d3b6emzyjak9r-clgz9rir100vm3b6e7w1sg57h', 'VISION Radio', 'https://episodes.castos.com/6138cb87d83982-66320119/images/itunes-image.png', null)
      ;

        INSERT INTO library_tracks_artists
        (trackId, artistId)
        values ('podcast:track:clgz9rir100vk3b6ed0b9wbbd', 'podcast:artist:clgz9riqw000d3b6emzyjak9r-clgz9rir100vm3b6e7w1sg57h')
      ;

        -- TODO: INSERT OR REPLACE once fixed in SKDB...
        -- INSERT OR REPLACE INTO library_albums
        DELETE FROM library_albums WHERE id = 'podcast:album:clgz9riqw000d3b6emzyjak9r-clgz9rir100vl3b6e0ck8qtcz';
        INSERT INTO library_albums
        (id, name, colorsString, imageUrl, trackCount, releaseDate, copyrights)
        values ('podcast:album:clgz9riqw000d3b6emzyjak9r-clgz9rir100vl3b6e0ck8qtcz', 'VISION Radio', null, 'https://episodes.castos.com/6138cb87d83982-66320119/images/itunes-image.png', 1, null, null)
      ;

        INSERT INTO library_tracks_playlists
                (trackId, playlistId, trackIndex, addedAtTimestamp)
                values ('podcast:track:clgz9rir100vk3b6ed0b9wbbd', 'podcast:playlist:clgz9riqw000d3b6emzyjak9r', 374, 1477666740000)
      ;

        -- TODO: INSERT OR REPLACE once fixed in SKDB...
        -- INSERT OR REPLACE INTO library_tracks
        DELETE FROM library_tracks WHERE id = 'podcast:track:clgz9rir100vn3b6edrlr91jb'; 
        INSERT INTO library_tracks
                (id, name, albumId, trackNumber, durationMs, isrc, imageUrl, audioUrl, externalLink, description)
                values ('podcast:track:clgz9rir100vn3b6edrlr91jb', 'Noisia Radio S02E44', 'podcast:album:clgz9riqw000d3b6emzyjak9r-clgz9rir100vo3b6e4xmhz3as', 0, 3609000, null, 'https://episodes.castos.com/6138cb87d83982-66320119/images/itunes-image.png', 'https://episodes.castos.com/6138cb87d83982-66320119/jVLN2vNYOZsm8tbRz9gehaUDEbgs9KBGYwSl3yME.mp3', 'https://visionradio.castos.com/episodes/noisia-radio-s02e44-2', 'Your weekly dose of beats and bass, selected by Noisia for Noisia Radio.')
      ;

        -- TODO: INSERT OR REPLACE once fixed in SKDB...
        -- INSERT OR REPLACE INTO library_artists
        DELETE FROM library_artists WHERE id = 'podcast:artist:clgz9riqw000d3b6emzyjak9r-clgz9rir100vp3b6eodqywx7i';
        INSERT INTO library_artists
        (id, name, imageUrl, colorsString)
        values ('podcast:artist:clgz9riqw000d3b6emzyjak9r-clgz9rir100vp3b6eodqywx7i', 'VISION Radio', 'https://episodes.castos.com/6138cb87d83982-66320119/images/itunes-image.png', null)
      ;

        INSERT INTO library_tracks_artists
        (trackId, artistId)
        values ('podcast:track:clgz9rir100vn3b6edrlr91jb', 'podcast:artist:clgz9riqw000d3b6emzyjak9r-clgz9rir100vp3b6eodqywx7i')
      ;

        -- TODO: INSERT OR REPLACE once fixed in SKDB...
        -- INSERT OR REPLACE INTO library_albums
        DELETE FROM library_albums WHERE id = 'podcast:album:clgz9riqw000d3b6emzyjak9r-clgz9rir100vo3b6e4xmhz3as';
        INSERT INTO library_albums
        (id, name, colorsString, imageUrl, trackCount, releaseDate, copyrights)
        values ('podcast:album:clgz9riqw000d3b6emzyjak9r-clgz9rir100vo3b6e4xmhz3as', 'VISION Radio', null, 'https://episodes.castos.com/6138cb87d83982-66320119/images/itunes-image.png', 1, null, null)
      ;

        INSERT INTO library_tracks_playlists
                (trackId, playlistId, trackIndex, addedAtTimestamp)
                values ('podcast:track:clgz9rir100vn3b6edrlr91jb', 'podcast:playlist:clgz9riqw000d3b6emzyjak9r', 375, 1477666740000)
      ;

        -- TODO: INSERT OR REPLACE once fixed in SKDB...
        -- INSERT OR REPLACE INTO library_tracks
        DELETE FROM library_tracks WHERE id = 'podcast:track:clgz9rir100vq3b6ef0vyhw9u'; 
        INSERT INTO library_tracks
                (id, name, albumId, trackNumber, durationMs, isrc, imageUrl, audioUrl, externalLink, description)
                values ('podcast:track:clgz9rir100vq3b6ef0vyhw9u', 'Noisia Radio S02E43', 'podcast:album:clgz9riqw000d3b6emzyjak9r-clgz9rir100vr3b6ef9asjbwp', 0, 3763000, null, 'https://episodes.castos.com/6138cb87d83982-66320119/images/itunes-image.png', 'https://episodes.castos.com/6138cb87d83982-66320119/1RmJS8u9EbNga54t4ayRBQ5fXEobdp7Yz5xuS6GF.mp3', 'https://visionradio.castos.com/episodes/noisia-radio-s02e43-2', 'Noisia Radio this week; new music from the drum and bass world, 3 submissions from our listeners, and your weekly dose of beats and bass.')
      ;

        -- TODO: INSERT OR REPLACE once fixed in SKDB...
        -- INSERT OR REPLACE INTO library_artists
        DELETE FROM library_artists WHERE id = 'podcast:artist:clgz9riqw000d3b6emzyjak9r-clgz9rir100vs3b6emn9nmsnj';
        INSERT INTO library_artists
        (id, name, imageUrl, colorsString)
        values ('podcast:artist:clgz9riqw000d3b6emzyjak9r-clgz9rir100vs3b6emn9nmsnj', 'VISION Radio', 'https://episodes.castos.com/6138cb87d83982-66320119/images/itunes-image.png', null)
      ;

        INSERT INTO library_tracks_artists
        (trackId, artistId)
        values ('podcast:track:clgz9rir100vq3b6ef0vyhw9u', 'podcast:artist:clgz9riqw000d3b6emzyjak9r-clgz9rir100vs3b6emn9nmsnj')
      ;

        -- TODO: INSERT OR REPLACE once fixed in SKDB...
        -- INSERT OR REPLACE INTO library_albums
        DELETE FROM library_albums WHERE id = 'podcast:album:clgz9riqw000d3b6emzyjak9r-clgz9rir100vr3b6ef9asjbwp';
        INSERT INTO library_albums
        (id, name, colorsString, imageUrl, trackCount, releaseDate, copyrights)
        values ('podcast:album:clgz9riqw000d3b6emzyjak9r-clgz9rir100vr3b6ef9asjbwp', 'VISION Radio', null, 'https://episodes.castos.com/6138cb87d83982-66320119/images/itunes-image.png', 1, null, null)
      ;

        INSERT INTO library_tracks_playlists
                (trackId, playlistId, trackIndex, addedAtTimestamp)
                values ('podcast:track:clgz9rir100vq3b6ef0vyhw9u', 'podcast:playlist:clgz9riqw000d3b6emzyjak9r', 376, 1477062066000)
      ;

        -- TODO: INSERT OR REPLACE once fixed in SKDB...
        -- INSERT OR REPLACE INTO library_tracks
        DELETE FROM library_tracks WHERE id = 'podcast:track:clgz9rir100vt3b6ex75nl63e'; 
        INSERT INTO library_tracks
                (id, name, albumId, trackNumber, durationMs, isrc, imageUrl, audioUrl, externalLink, description)
                values ('podcast:track:clgz9rir100vt3b6ex75nl63e', 'Noisia Radio S02E43', 'podcast:album:clgz9riqw000d3b6emzyjak9r-clgz9rir100vu3b6euzffqquc', 0, 3763000, null, 'https://episodes.castos.com/6138cb87d83982-66320119/images/itunes-image.png', 'https://episodes.castos.com/6138cb87d83982-66320119/n5B2IQMIMShNx41vr6vLRDvwiRN2WavcooVNprOA.mp3', 'https://visionradio.castos.com/episodes/noisia-radio-s02e43-2', 'Noisia Radio this week; new music from the drum and bass world, 3 submissions from our listeners, and your weekly dose of beats and bass.')
      ;

        -- TODO: INSERT OR REPLACE once fixed in SKDB...
        -- INSERT OR REPLACE INTO library_artists
        DELETE FROM library_artists WHERE id = 'podcast:artist:clgz9riqw000d3b6emzyjak9r-clgz9rir100vv3b6etjm0mg3o';
        INSERT INTO library_artists
        (id, name, imageUrl, colorsString)
        values ('podcast:artist:clgz9riqw000d3b6emzyjak9r-clgz9rir100vv3b6etjm0mg3o', 'VISION Radio', 'https://episodes.castos.com/6138cb87d83982-66320119/images/itunes-image.png', null)
      ;

        INSERT INTO library_tracks_artists
        (trackId, artistId)
        values ('podcast:track:clgz9rir100vt3b6ex75nl63e', 'podcast:artist:clgz9riqw000d3b6emzyjak9r-clgz9rir100vv3b6etjm0mg3o')
      ;

        -- TODO: INSERT OR REPLACE once fixed in SKDB...
        -- INSERT OR REPLACE INTO library_albums
        DELETE FROM library_albums WHERE id = 'podcast:album:clgz9riqw000d3b6emzyjak9r-clgz9rir100vu3b6euzffqquc';
        INSERT INTO library_albums
        (id, name, colorsString, imageUrl, trackCount, releaseDate, copyrights)
        values ('podcast:album:clgz9riqw000d3b6emzyjak9r-clgz9rir100vu3b6euzffqquc', 'VISION Radio', null, 'https://episodes.castos.com/6138cb87d83982-66320119/images/itunes-image.png', 1, null, null)
      ;

        INSERT INTO library_tracks_playlists
                (trackId, playlistId, trackIndex, addedAtTimestamp)
                values ('podcast:track:clgz9rir100vt3b6ex75nl63e', 'podcast:playlist:clgz9riqw000d3b6emzyjak9r', 377, 1477062066000)
      ;

        -- TODO: INSERT OR REPLACE once fixed in SKDB...
        -- INSERT OR REPLACE INTO library_tracks
        DELETE FROM library_tracks WHERE id = 'podcast:track:clgz9rir100vw3b6e8meounq5'; 
        INSERT INTO library_tracks
                (id, name, albumId, trackNumber, durationMs, isrc, imageUrl, audioUrl, externalLink, description)
                values ('podcast:track:clgz9rir100vw3b6e8meounq5', 'Noisia Radio S02E42', 'podcast:album:clgz9riqw000d3b6emzyjak9r-clgz9rir100vx3b6el9cfwjbh', 0, 3603000, null, 'https://episodes.castos.com/6138cb87d83982-66320119/images/itunes-image.png', 'https://episodes.castos.com/6138cb87d83982-66320119/CGzWCLJY1kpvyet6FRyTGlApqFSEiSjla4RIcBoS.mp3', 'https://visionradio.castos.com/episodes/noisia-radio-s02e42-2', 'This week in Noisia Radio; a lot of exclusive tracks, some throwbacks and your weekly dose of beats and bass.')
      ;

        -- TODO: INSERT OR REPLACE once fixed in SKDB...
        -- INSERT OR REPLACE INTO library_artists
        DELETE FROM library_artists WHERE id = 'podcast:artist:clgz9riqw000d3b6emzyjak9r-clgz9rir100vy3b6e5fstpeqt';
        INSERT INTO library_artists
        (id, name, imageUrl, colorsString)
        values ('podcast:artist:clgz9riqw000d3b6emzyjak9r-clgz9rir100vy3b6e5fstpeqt', 'VISION Radio', 'https://episodes.castos.com/6138cb87d83982-66320119/images/itunes-image.png', null)
      ;

        INSERT INTO library_tracks_artists
        (trackId, artistId)
        values ('podcast:track:clgz9rir100vw3b6e8meounq5', 'podcast:artist:clgz9riqw000d3b6emzyjak9r-clgz9rir100vy3b6e5fstpeqt')
      ;

        -- TODO: INSERT OR REPLACE once fixed in SKDB...
        -- INSERT OR REPLACE INTO library_albums
        DELETE FROM library_albums WHERE id = 'podcast:album:clgz9riqw000d3b6emzyjak9r-clgz9rir100vx3b6el9cfwjbh';
        INSERT INTO library_albums
        (id, name, colorsString, imageUrl, trackCount, releaseDate, copyrights)
        values ('podcast:album:clgz9riqw000d3b6emzyjak9r-clgz9rir100vx3b6el9cfwjbh', 'VISION Radio', null, 'https://episodes.castos.com/6138cb87d83982-66320119/images/itunes-image.png', 1, null, null)
      ;

        INSERT INTO library_tracks_playlists
                (trackId, playlistId, trackIndex, addedAtTimestamp)
                values ('podcast:track:clgz9rir100vw3b6e8meounq5', 'podcast:playlist:clgz9riqw000d3b6emzyjak9r', 378, 1476457200000)
      ;

        -- TODO: INSERT OR REPLACE once fixed in SKDB...
        -- INSERT OR REPLACE INTO library_tracks
        DELETE FROM library_tracks WHERE id = 'podcast:track:clgz9rir100vz3b6ekfjpn55y'; 
        INSERT INTO library_tracks
                (id, name, albumId, trackNumber, durationMs, isrc, imageUrl, audioUrl, externalLink, description)
                values ('podcast:track:clgz9rir100vz3b6ekfjpn55y', 'Noisia Radio S02E42', 'podcast:album:clgz9riqw000d3b6emzyjak9r-clgz9rir100w03b6ecxji2lvz', 0, 3603000, null, 'https://episodes.castos.com/6138cb87d83982-66320119/images/itunes-image.png', 'https://episodes.castos.com/6138cb87d83982-66320119/GjHmopl17PgEkEHNho58VhU35ukbeH0wpYNarG5q.mp3', 'https://visionradio.castos.com/episodes/noisia-radio-s02e42-2', 'This week in Noisia Radio; a lot of exclusive tracks, some throwbacks and your weekly dose of beats and bass.')
      ;

        -- TODO: INSERT OR REPLACE once fixed in SKDB...
        -- INSERT OR REPLACE INTO library_artists
        DELETE FROM library_artists WHERE id = 'podcast:artist:clgz9riqw000d3b6emzyjak9r-clgz9rir100w13b6emjuimckx';
        INSERT INTO library_artists
        (id, name, imageUrl, colorsString)
        values ('podcast:artist:clgz9riqw000d3b6emzyjak9r-clgz9rir100w13b6emjuimckx', 'VISION Radio', 'https://episodes.castos.com/6138cb87d83982-66320119/images/itunes-image.png', null)
      ;

        INSERT INTO library_tracks_artists
        (trackId, artistId)
        values ('podcast:track:clgz9rir100vz3b6ekfjpn55y', 'podcast:artist:clgz9riqw000d3b6emzyjak9r-clgz9rir100w13b6emjuimckx')
      ;

        -- TODO: INSERT OR REPLACE once fixed in SKDB...
        -- INSERT OR REPLACE INTO library_albums
        DELETE FROM library_albums WHERE id = 'podcast:album:clgz9riqw000d3b6emzyjak9r-clgz9rir100w03b6ecxji2lvz';
        INSERT INTO library_albums
        (id, name, colorsString, imageUrl, trackCount, releaseDate, copyrights)
        values ('podcast:album:clgz9riqw000d3b6emzyjak9r-clgz9rir100w03b6ecxji2lvz', 'VISION Radio', null, 'https://episodes.castos.com/6138cb87d83982-66320119/images/itunes-image.png', 1, null, null)
      ;

        INSERT INTO library_tracks_playlists
                (trackId, playlistId, trackIndex, addedAtTimestamp)
                values ('podcast:track:clgz9rir100vz3b6ekfjpn55y', 'podcast:playlist:clgz9riqw000d3b6emzyjak9r', 379, 1476457200000)
      ;

        -- TODO: INSERT OR REPLACE once fixed in SKDB...
        -- INSERT OR REPLACE INTO library_tracks
        DELETE FROM library_tracks WHERE id = 'podcast:track:clgz9rir100w23b6ek9x6lcdm'; 
        INSERT INTO library_tracks
                (id, name, albumId, trackNumber, durationMs, isrc, imageUrl, audioUrl, externalLink, description)
                values ('podcast:track:clgz9rir100w23b6ek9x6lcdm', 'Noisia Radio S02E41', 'podcast:album:clgz9riqw000d3b6emzyjak9r-clgz9rir100w33b6e3epaqgcz', 0, 3618000, null, 'https://episodes.castos.com/6138cb87d83982-66320119/images/itunes-image.png', 'https://episodes.castos.com/6138cb87d83982-66320119/aXIvXceiNKBBxYAgTQBDifGdw12wyhMm4HChr8UO.mp3', 'https://visionradio.castos.com/episodes/noisia-radio-s02e41-2', 'This week in Noisia Radio; new music from our own imprints, lots of exclusives and your weekly dose of beats and bass.')
      ;

        -- TODO: INSERT OR REPLACE once fixed in SKDB...
        -- INSERT OR REPLACE INTO library_artists
        DELETE FROM library_artists WHERE id = 'podcast:artist:clgz9riqw000d3b6emzyjak9r-clgz9rir100w43b6e6f2newrh';
        INSERT INTO library_artists
        (id, name, imageUrl, colorsString)
        values ('podcast:artist:clgz9riqw000d3b6emzyjak9r-clgz9rir100w43b6e6f2newrh', 'VISION Radio', 'https://episodes.castos.com/6138cb87d83982-66320119/images/itunes-image.png', null)
      ;

        INSERT INTO library_tracks_artists
        (trackId, artistId)
        values ('podcast:track:clgz9rir100w23b6ek9x6lcdm', 'podcast:artist:clgz9riqw000d3b6emzyjak9r-clgz9rir100w43b6e6f2newrh')
      ;

        -- TODO: INSERT OR REPLACE once fixed in SKDB...
        -- INSERT OR REPLACE INTO library_albums
        DELETE FROM library_albums WHERE id = 'podcast:album:clgz9riqw000d3b6emzyjak9r-clgz9rir100w33b6e3epaqgcz';
        INSERT INTO library_albums
        (id, name, colorsString, imageUrl, trackCount, releaseDate, copyrights)
        values ('podcast:album:clgz9riqw000d3b6emzyjak9r-clgz9rir100w33b6e3epaqgcz', 'VISION Radio', null, 'https://episodes.castos.com/6138cb87d83982-66320119/images/itunes-image.png', 1, null, null)
      ;

        INSERT INTO library_tracks_playlists
                (trackId, playlistId, trackIndex, addedAtTimestamp)
                values ('podcast:track:clgz9rir100w23b6ek9x6lcdm', 'podcast:playlist:clgz9riqw000d3b6emzyjak9r', 380, 1475852400000)
      ;

        -- TODO: INSERT OR REPLACE once fixed in SKDB...
        -- INSERT OR REPLACE INTO library_tracks
        DELETE FROM library_tracks WHERE id = 'podcast:track:clgz9rir100w53b6el9luawah'; 
        INSERT INTO library_tracks
                (id, name, albumId, trackNumber, durationMs, isrc, imageUrl, audioUrl, externalLink, description)
                values ('podcast:track:clgz9rir100w53b6el9luawah', 'Noisia Radio S02E41', 'podcast:album:clgz9riqw000d3b6emzyjak9r-clgz9rir100w63b6e97dppazc', 0, 3618000, null, 'https://episodes.castos.com/6138cb87d83982-66320119/images/itunes-image.png', 'https://episodes.castos.com/6138cb87d83982-66320119/jsda7Yub1C4z40TNbHKjLh9rKv4ejmzNNrNKCQf5.mp3', 'https://visionradio.castos.com/episodes/noisia-radio-s02e41-2', 'This week in Noisia Radio; new music from our own imprints, lots of exclusives and your weekly dose of beats and bass.')
      ;

        -- TODO: INSERT OR REPLACE once fixed in SKDB...
        -- INSERT OR REPLACE INTO library_artists
        DELETE FROM library_artists WHERE id = 'podcast:artist:clgz9riqw000d3b6emzyjak9r-clgz9rir100w73b6e3mhwkavj';
        INSERT INTO library_artists
        (id, name, imageUrl, colorsString)
        values ('podcast:artist:clgz9riqw000d3b6emzyjak9r-clgz9rir100w73b6e3mhwkavj', 'VISION Radio', 'https://episodes.castos.com/6138cb87d83982-66320119/images/itunes-image.png', null)
      ;

        INSERT INTO library_tracks_artists
        (trackId, artistId)
        values ('podcast:track:clgz9rir100w53b6el9luawah', 'podcast:artist:clgz9riqw000d3b6emzyjak9r-clgz9rir100w73b6e3mhwkavj')
      ;

        -- TODO: INSERT OR REPLACE once fixed in SKDB...
        -- INSERT OR REPLACE INTO library_albums
        DELETE FROM library_albums WHERE id = 'podcast:album:clgz9riqw000d3b6emzyjak9r-clgz9rir100w63b6e97dppazc';
        INSERT INTO library_albums
        (id, name, colorsString, imageUrl, trackCount, releaseDate, copyrights)
        values ('podcast:album:clgz9riqw000d3b6emzyjak9r-clgz9rir100w63b6e97dppazc', 'VISION Radio', null, 'https://episodes.castos.com/6138cb87d83982-66320119/images/itunes-image.png', 1, null, null)
      ;

        INSERT INTO library_tracks_playlists
                (trackId, playlistId, trackIndex, addedAtTimestamp)
                values ('podcast:track:clgz9rir100w53b6el9luawah', 'podcast:playlist:clgz9riqw000d3b6emzyjak9r', 381, 1475852400000)
      ;

        -- TODO: INSERT OR REPLACE once fixed in SKDB...
        -- INSERT OR REPLACE INTO library_tracks
        DELETE FROM library_tracks WHERE id = 'podcast:track:clgz9rir100w83b6esgt5cqpv'; 
        INSERT INTO library_tracks
                (id, name, albumId, trackNumber, durationMs, isrc, imageUrl, audioUrl, externalLink, description)
                values ('podcast:track:clgz9rir100w83b6esgt5cqpv', 'Noisia Radio S02E40', 'podcast:album:clgz9riqw000d3b6emzyjak9r-clgz9rir100w93b6eefmcjjp9', 0, 3905000, null, 'https://episodes.castos.com/6138cb87d83982-66320119/images/itunes-image.png', 'https://episodes.castos.com/6138cb87d83982-66320119/CaaVNSWvxRF6q8w4EP2rbhzDEPxXq31zRGdFI5V5.mp3', 'https://visionradio.castos.com/episodes/noisia-radio-s02e40-2', 'This week in Noisia Radio; an exclusive new track by Sofie Letitre taken from our Division imprint, brand new Current Value music and more. Combined with your weekly dose of beats and bass. ')
      ;

        -- TODO: INSERT OR REPLACE once fixed in SKDB...
        -- INSERT OR REPLACE INTO library_artists
        DELETE FROM library_artists WHERE id = 'podcast:artist:clgz9riqw000d3b6emzyjak9r-clgz9rir100wa3b6etn7ls00w';
        INSERT INTO library_artists
        (id, name, imageUrl, colorsString)
        values ('podcast:artist:clgz9riqw000d3b6emzyjak9r-clgz9rir100wa3b6etn7ls00w', 'VISION Radio', 'https://episodes.castos.com/6138cb87d83982-66320119/images/itunes-image.png', null)
      ;

        INSERT INTO library_tracks_artists
        (trackId, artistId)
        values ('podcast:track:clgz9rir100w83b6esgt5cqpv', 'podcast:artist:clgz9riqw000d3b6emzyjak9r-clgz9rir100wa3b6etn7ls00w')
      ;

        -- TODO: INSERT OR REPLACE once fixed in SKDB...
        -- INSERT OR REPLACE INTO library_albums
        DELETE FROM library_albums WHERE id = 'podcast:album:clgz9riqw000d3b6emzyjak9r-clgz9rir100w93b6eefmcjjp9';
        INSERT INTO library_albums
        (id, name, colorsString, imageUrl, trackCount, releaseDate, copyrights)
        values ('podcast:album:clgz9riqw000d3b6emzyjak9r-clgz9rir100w93b6eefmcjjp9', 'VISION Radio', null, 'https://episodes.castos.com/6138cb87d83982-66320119/images/itunes-image.png', 1, null, null)
      ;

        INSERT INTO library_tracks_playlists
                (trackId, playlistId, trackIndex, addedAtTimestamp)
                values ('podcast:track:clgz9rir100w83b6esgt5cqpv', 'podcast:playlist:clgz9riqw000d3b6emzyjak9r', 382, 1475247600000)
      ;

        -- TODO: INSERT OR REPLACE once fixed in SKDB...
        -- INSERT OR REPLACE INTO library_tracks
        DELETE FROM library_tracks WHERE id = 'podcast:track:clgz9rir100wb3b6e5wtrfly1'; 
        INSERT INTO library_tracks
                (id, name, albumId, trackNumber, durationMs, isrc, imageUrl, audioUrl, externalLink, description)
                values ('podcast:track:clgz9rir100wb3b6e5wtrfly1', 'Noisia Radio S02E39', 'podcast:album:clgz9riqw000d3b6emzyjak9r-clgz9rir100wc3b6eexh9ayxs', 0, 3675000, null, 'https://episodes.castos.com/6138cb87d83982-66320119/images/itunes-image.png', 'https://episodes.castos.com/6138cb87d83982-66320119/m3kwOM7ABdTvmhCsqXY7eIYWg8EMm4IVgLeUfNFb.mp3', 'https://visionradio.castos.com/episodes/noisia-radio-s02e39-2', 'Noisia Radio with a weekly dose of beats and bass, plus new music from our own imprints.')
      ;

        -- TODO: INSERT OR REPLACE once fixed in SKDB...
        -- INSERT OR REPLACE INTO library_artists
        DELETE FROM library_artists WHERE id = 'podcast:artist:clgz9riqw000d3b6emzyjak9r-clgz9rir100wd3b6eajdt4d52';
        INSERT INTO library_artists
        (id, name, imageUrl, colorsString)
        values ('podcast:artist:clgz9riqw000d3b6emzyjak9r-clgz9rir100wd3b6eajdt4d52', 'VISION Radio', 'https://episodes.castos.com/6138cb87d83982-66320119/images/itunes-image.png', null)
      ;

        INSERT INTO library_tracks_artists
        (trackId, artistId)
        values ('podcast:track:clgz9rir100wb3b6e5wtrfly1', 'podcast:artist:clgz9riqw000d3b6emzyjak9r-clgz9rir100wd3b6eajdt4d52')
      ;

        -- TODO: INSERT OR REPLACE once fixed in SKDB...
        -- INSERT OR REPLACE INTO library_albums
        DELETE FROM library_albums WHERE id = 'podcast:album:clgz9riqw000d3b6emzyjak9r-clgz9rir100wc3b6eexh9ayxs';
        INSERT INTO library_albums
        (id, name, colorsString, imageUrl, trackCount, releaseDate, copyrights)
        values ('podcast:album:clgz9riqw000d3b6emzyjak9r-clgz9rir100wc3b6eexh9ayxs', 'VISION Radio', null, 'https://episodes.castos.com/6138cb87d83982-66320119/images/itunes-image.png', 1, null, null)
      ;

        INSERT INTO library_tracks_playlists
                (trackId, playlistId, trackIndex, addedAtTimestamp)
                values ('podcast:track:clgz9rir100wb3b6e5wtrfly1', 'podcast:playlist:clgz9riqw000d3b6emzyjak9r', 383, 1474642800000)
      ;

        -- TODO: INSERT OR REPLACE once fixed in SKDB...
        -- INSERT OR REPLACE INTO library_tracks
        DELETE FROM library_tracks WHERE id = 'podcast:track:clgz9rir100we3b6e9t4v58sa'; 
        INSERT INTO library_tracks
                (id, name, albumId, trackNumber, durationMs, isrc, imageUrl, audioUrl, externalLink, description)
                values ('podcast:track:clgz9rir100we3b6e9t4v58sa', 'Noisia Radio S02E38', 'podcast:album:clgz9riqw000d3b6emzyjak9r-clgz9rir100wf3b6e030n0li7', 0, 3880000, null, 'https://episodes.castos.com/6138cb87d83982-66320119/images/itunes-image.png', 'https://episodes.castos.com/6138cb87d83982-66320119/EuCLxmwIB2wJENxtE2k5T3oeBD3NDZ48TLX7MBzw.mp3', 'https://visionradio.castos.com/episodes/noisia-radio-s02e38-2', 'A very special album episode this week, featuring the physical release of our ‘Outer Edges’ album, combined with your weekly dose of beats and bass.')
      ;

        -- TODO: INSERT OR REPLACE once fixed in SKDB...
        -- INSERT OR REPLACE INTO library_artists
        DELETE FROM library_artists WHERE id = 'podcast:artist:clgz9riqw000d3b6emzyjak9r-clgz9rir100wg3b6ehsefzd3d';
        INSERT INTO library_artists
        (id, name, imageUrl, colorsString)
        values ('podcast:artist:clgz9riqw000d3b6emzyjak9r-clgz9rir100wg3b6ehsefzd3d', 'VISION Radio', 'https://episodes.castos.com/6138cb87d83982-66320119/images/itunes-image.png', null)
      ;

        INSERT INTO library_tracks_artists
        (trackId, artistId)
        values ('podcast:track:clgz9rir100we3b6e9t4v58sa', 'podcast:artist:clgz9riqw000d3b6emzyjak9r-clgz9rir100wg3b6ehsefzd3d')
      ;

        -- TODO: INSERT OR REPLACE once fixed in SKDB...
        -- INSERT OR REPLACE INTO library_albums
        DELETE FROM library_albums WHERE id = 'podcast:album:clgz9riqw000d3b6emzyjak9r-clgz9rir100wf3b6e030n0li7';
        INSERT INTO library_albums
        (id, name, colorsString, imageUrl, trackCount, releaseDate, copyrights)
        values ('podcast:album:clgz9riqw000d3b6emzyjak9r-clgz9rir100wf3b6e030n0li7', 'VISION Radio', null, 'https://episodes.castos.com/6138cb87d83982-66320119/images/itunes-image.png', 1, null, null)
      ;

        INSERT INTO library_tracks_playlists
                (trackId, playlistId, trackIndex, addedAtTimestamp)
                values ('podcast:track:clgz9rir100we3b6e9t4v58sa', 'podcast:playlist:clgz9riqw000d3b6emzyjak9r', 384, 1474038000000)
      ;

        -- TODO: INSERT OR REPLACE once fixed in SKDB...
        -- INSERT OR REPLACE INTO library_tracks
        DELETE FROM library_tracks WHERE id = 'podcast:track:clgz9rir100wh3b6e76kht2qb'; 
        INSERT INTO library_tracks
                (id, name, albumId, trackNumber, durationMs, isrc, imageUrl, audioUrl, externalLink, description)
                values ('podcast:track:clgz9rir100wh3b6e76kht2qb', 'Noisia Radio S02E37', 'podcast:album:clgz9riqw000d3b6emzyjak9r-clgz9rir100wi3b6edrgrm17u', 0, 3627000, null, 'https://episodes.castos.com/6138cb87d83982-66320119/images/itunes-image.png', 'https://episodes.castos.com/6138cb87d83982-66320119/saV1XMKEFKtYfYKIHxIETqcgCLvFV8Tds8F8YByw.mp3', 'https://visionradio.castos.com/episodes/noisia-radio-s02e37-2', 'Noisia Radio with new music by Misanthrop, new bits from our Outer Edges album, your weekly dose of beats and bass, and your tweets answered in Question Time.')
      ;

        -- TODO: INSERT OR REPLACE once fixed in SKDB...
        -- INSERT OR REPLACE INTO library_artists
        DELETE FROM library_artists WHERE id = 'podcast:artist:clgz9riqw000d3b6emzyjak9r-clgz9rir100wj3b6esvwdcyo4';
        INSERT INTO library_artists
        (id, name, imageUrl, colorsString)
        values ('podcast:artist:clgz9riqw000d3b6emzyjak9r-clgz9rir100wj3b6esvwdcyo4', 'VISION Radio', 'https://episodes.castos.com/6138cb87d83982-66320119/images/itunes-image.png', null)
      ;

        INSERT INTO library_tracks_artists
        (trackId, artistId)
        values ('podcast:track:clgz9rir100wh3b6e76kht2qb', 'podcast:artist:clgz9riqw000d3b6emzyjak9r-clgz9rir100wj3b6esvwdcyo4')
      ;

        -- TODO: INSERT OR REPLACE once fixed in SKDB...
        -- INSERT OR REPLACE INTO library_albums
        DELETE FROM library_albums WHERE id = 'podcast:album:clgz9riqw000d3b6emzyjak9r-clgz9rir100wi3b6edrgrm17u';
        INSERT INTO library_albums
        (id, name, colorsString, imageUrl, trackCount, releaseDate, copyrights)
        values ('podcast:album:clgz9riqw000d3b6emzyjak9r-clgz9rir100wi3b6edrgrm17u', 'VISION Radio', null, 'https://episodes.castos.com/6138cb87d83982-66320119/images/itunes-image.png', 1, null, null)
      ;

        INSERT INTO library_tracks_playlists
                (trackId, playlistId, trackIndex, addedAtTimestamp)
                values ('podcast:track:clgz9rir100wh3b6e76kht2qb', 'podcast:playlist:clgz9riqw000d3b6emzyjak9r', 385, 1473433200000)
      ;

        -- TODO: INSERT OR REPLACE once fixed in SKDB...
        -- INSERT OR REPLACE INTO library_tracks
        DELETE FROM library_tracks WHERE id = 'podcast:track:clgz9rir100wk3b6exvjt4rkp'; 
        INSERT INTO library_tracks
                (id, name, albumId, trackNumber, durationMs, isrc, imageUrl, audioUrl, externalLink, description)
                values ('podcast:track:clgz9rir100wk3b6exvjt4rkp', 'Noisia Radio S02E37', 'podcast:album:clgz9riqw000d3b6emzyjak9r-clgz9rir100wl3b6e10tesumy', 0, 3627000, null, 'https://episodes.castos.com/6138cb87d83982-66320119/images/itunes-image.png', 'https://episodes.castos.com/6138cb87d83982-66320119/55f9ChTRLjbpHGXwJKUrESDmlkBUY03Kx8JlfAa5.mp3', 'https://visionradio.castos.com/episodes/noisia-radio-s02e37-2', 'Noisia Radio with new music by Misanthrop, new bits from our Outer Edges album, your weekly dose of beats and bass, and your tweets answered in Question Time.')
      ;

        -- TODO: INSERT OR REPLACE once fixed in SKDB...
        -- INSERT OR REPLACE INTO library_artists
        DELETE FROM library_artists WHERE id = 'podcast:artist:clgz9riqw000d3b6emzyjak9r-clgz9rir100wm3b6etltjxv6f';
        INSERT INTO library_artists
        (id, name, imageUrl, colorsString)
        values ('podcast:artist:clgz9riqw000d3b6emzyjak9r-clgz9rir100wm3b6etltjxv6f', 'VISION Radio', 'https://episodes.castos.com/6138cb87d83982-66320119/images/itunes-image.png', null)
      ;

        INSERT INTO library_tracks_artists
        (trackId, artistId)
        values ('podcast:track:clgz9rir100wk3b6exvjt4rkp', 'podcast:artist:clgz9riqw000d3b6emzyjak9r-clgz9rir100wm3b6etltjxv6f')
      ;

        -- TODO: INSERT OR REPLACE once fixed in SKDB...
        -- INSERT OR REPLACE INTO library_albums
        DELETE FROM library_albums WHERE id = 'podcast:album:clgz9riqw000d3b6emzyjak9r-clgz9rir100wl3b6e10tesumy';
        INSERT INTO library_albums
        (id, name, colorsString, imageUrl, trackCount, releaseDate, copyrights)
        values ('podcast:album:clgz9riqw000d3b6emzyjak9r-clgz9rir100wl3b6e10tesumy', 'VISION Radio', null, 'https://episodes.castos.com/6138cb87d83982-66320119/images/itunes-image.png', 1, null, null)
      ;

        INSERT INTO library_tracks_playlists
                (trackId, playlistId, trackIndex, addedAtTimestamp)
                values ('podcast:track:clgz9rir100wk3b6exvjt4rkp', 'podcast:playlist:clgz9riqw000d3b6emzyjak9r', 386, 1473433200000)
      ;

        -- TODO: INSERT OR REPLACE once fixed in SKDB...
        -- INSERT OR REPLACE INTO library_tracks
        DELETE FROM library_tracks WHERE id = 'podcast:track:clgz9rir100wn3b6eexbigmwt'; 
        INSERT INTO library_tracks
                (id, name, albumId, trackNumber, durationMs, isrc, imageUrl, audioUrl, externalLink, description)
                values ('podcast:track:clgz9rir100wn3b6eexbigmwt', 'Noisia Radio S02E36', 'podcast:album:clgz9riqw000d3b6emzyjak9r-clgz9rir100wo3b6ezuvmt2hc', 0, 3738000, null, 'https://episodes.castos.com/6138cb87d83982-66320119/images/itunes-image.png', 'https://episodes.castos.com/6138cb87d83982-66320119/6a9c8pMUbNWFTMAF72xLUFJaif051SXWt0rNFD6O.mp3', 'https://visionradio.castos.com/episodes/noisia-radio-s02e36-2', 'Noisia Radio with new music by Former for our Division imprint and your weekly dose of beats and bass.')
      ;

        -- TODO: INSERT OR REPLACE once fixed in SKDB...
        -- INSERT OR REPLACE INTO library_artists
        DELETE FROM library_artists WHERE id = 'podcast:artist:clgz9riqw000d3b6emzyjak9r-clgz9rir100wp3b6egfn5n0tf';
        INSERT INTO library_artists
        (id, name, imageUrl, colorsString)
        values ('podcast:artist:clgz9riqw000d3b6emzyjak9r-clgz9rir100wp3b6egfn5n0tf', 'VISION Radio', 'https://episodes.castos.com/6138cb87d83982-66320119/images/itunes-image.png', null)
      ;

        INSERT INTO library_tracks_artists
        (trackId, artistId)
        values ('podcast:track:clgz9rir100wn3b6eexbigmwt', 'podcast:artist:clgz9riqw000d3b6emzyjak9r-clgz9rir100wp3b6egfn5n0tf')
      ;

        -- TODO: INSERT OR REPLACE once fixed in SKDB...
        -- INSERT OR REPLACE INTO library_albums
        DELETE FROM library_albums WHERE id = 'podcast:album:clgz9riqw000d3b6emzyjak9r-clgz9rir100wo3b6ezuvmt2hc';
        INSERT INTO library_albums
        (id, name, colorsString, imageUrl, trackCount, releaseDate, copyrights)
        values ('podcast:album:clgz9riqw000d3b6emzyjak9r-clgz9rir100wo3b6ezuvmt2hc', 'VISION Radio', null, 'https://episodes.castos.com/6138cb87d83982-66320119/images/itunes-image.png', 1, null, null)
      ;

        INSERT INTO library_tracks_playlists
                (trackId, playlistId, trackIndex, addedAtTimestamp)
                values ('podcast:track:clgz9rir100wn3b6eexbigmwt', 'podcast:playlist:clgz9riqw000d3b6emzyjak9r', 387, 1472828400000)
      ;

        -- TODO: INSERT OR REPLACE once fixed in SKDB...
        -- INSERT OR REPLACE INTO library_tracks
        DELETE FROM library_tracks WHERE id = 'podcast:track:clgz9rir100wq3b6enxzg18yj'; 
        INSERT INTO library_tracks
                (id, name, albumId, trackNumber, durationMs, isrc, imageUrl, audioUrl, externalLink, description)
                values ('podcast:track:clgz9rir100wq3b6enxzg18yj', 'Noisia Radio S02E35', 'podcast:album:clgz9riqw000d3b6emzyjak9r-clgz9rir100wr3b6e9iu7iad8', 0, 3930000, null, 'https://episodes.castos.com/6138cb87d83982-66320119/images/itunes-image.png', 'https://episodes.castos.com/6138cb87d83982-66320119/ykcTsVuQATVVfgDW57M8kuoHud2NWyDbBDjjnSJI.mp3', 'https://visionradio.castos.com/episodes/noisia-radio-s02e35-2', 'Your weekly dose of beats and bass with brand new music by Nickbee and Shades.')
      ;

        -- TODO: INSERT OR REPLACE once fixed in SKDB...
        -- INSERT OR REPLACE INTO library_artists
        DELETE FROM library_artists WHERE id = 'podcast:artist:clgz9riqw000d3b6emzyjak9r-clgz9rir100ws3b6e16kd3lqk';
        INSERT INTO library_artists
        (id, name, imageUrl, colorsString)
        values ('podcast:artist:clgz9riqw000d3b6emzyjak9r-clgz9rir100ws3b6e16kd3lqk', 'VISION Radio', 'https://episodes.castos.com/6138cb87d83982-66320119/images/itunes-image.png', null)
      ;

        INSERT INTO library_tracks_artists
        (trackId, artistId)
        values ('podcast:track:clgz9rir100wq3b6enxzg18yj', 'podcast:artist:clgz9riqw000d3b6emzyjak9r-clgz9rir100ws3b6e16kd3lqk')
      ;

        -- TODO: INSERT OR REPLACE once fixed in SKDB...
        -- INSERT OR REPLACE INTO library_albums
        DELETE FROM library_albums WHERE id = 'podcast:album:clgz9riqw000d3b6emzyjak9r-clgz9rir100wr3b6e9iu7iad8';
        INSERT INTO library_albums
        (id, name, colorsString, imageUrl, trackCount, releaseDate, copyrights)
        values ('podcast:album:clgz9riqw000d3b6emzyjak9r-clgz9rir100wr3b6e9iu7iad8', 'VISION Radio', null, 'https://episodes.castos.com/6138cb87d83982-66320119/images/itunes-image.png', 1, null, null)
      ;

        INSERT INTO library_tracks_playlists
                (trackId, playlistId, trackIndex, addedAtTimestamp)
                values ('podcast:track:clgz9rir100wq3b6enxzg18yj', 'podcast:playlist:clgz9riqw000d3b6emzyjak9r', 388, 1472223600000)
      ;

        -- TODO: INSERT OR REPLACE once fixed in SKDB...
        -- INSERT OR REPLACE INTO library_tracks
        DELETE FROM library_tracks WHERE id = 'podcast:track:clgz9rir100wt3b6ez9q8w0a0'; 
        INSERT INTO library_tracks
                (id, name, albumId, trackNumber, durationMs, isrc, imageUrl, audioUrl, externalLink, description)
                values ('podcast:track:clgz9rir100wt3b6ez9q8w0a0', ' Noisia Radio S02E34', 'podcast:album:clgz9riqw000d3b6emzyjak9r-clgz9rir100wu3b6eo5tc0jp1', 0, 3911000, null, 'https://episodes.castos.com/6138cb87d83982-66320119/images/itunes-image.png', 'https://episodes.castos.com/6138cb87d83982-66320119/FHV6kjevTReXBnwM4TfJfdFcu3v4FC2YGdHXPmao.mp3', 'https://visionradio.castos.com/episodes/noisia-radio-s02e34-2', 'Got a NickBee guest mix this week, and your weekly dose of beats and bass')
      ;

        -- TODO: INSERT OR REPLACE once fixed in SKDB...
        -- INSERT OR REPLACE INTO library_artists
        DELETE FROM library_artists WHERE id = 'podcast:artist:clgz9riqw000d3b6emzyjak9r-clgz9rir100wv3b6ecuq70mbp';
        INSERT INTO library_artists
        (id, name, imageUrl, colorsString)
        values ('podcast:artist:clgz9riqw000d3b6emzyjak9r-clgz9rir100wv3b6ecuq70mbp', 'VISION Radio', 'https://episodes.castos.com/6138cb87d83982-66320119/images/itunes-image.png', null)
      ;

        INSERT INTO library_tracks_artists
        (trackId, artistId)
        values ('podcast:track:clgz9rir100wt3b6ez9q8w0a0', 'podcast:artist:clgz9riqw000d3b6emzyjak9r-clgz9rir100wv3b6ecuq70mbp')
      ;

        -- TODO: INSERT OR REPLACE once fixed in SKDB...
        -- INSERT OR REPLACE INTO library_albums
        DELETE FROM library_albums WHERE id = 'podcast:album:clgz9riqw000d3b6emzyjak9r-clgz9rir100wu3b6eo5tc0jp1';
        INSERT INTO library_albums
        (id, name, colorsString, imageUrl, trackCount, releaseDate, copyrights)
        values ('podcast:album:clgz9riqw000d3b6emzyjak9r-clgz9rir100wu3b6eo5tc0jp1', 'VISION Radio', null, 'https://episodes.castos.com/6138cb87d83982-66320119/images/itunes-image.png', 1, null, null)
      ;

        INSERT INTO library_tracks_playlists
                (trackId, playlistId, trackIndex, addedAtTimestamp)
                values ('podcast:track:clgz9rir100wt3b6ez9q8w0a0', 'podcast:playlist:clgz9riqw000d3b6emzyjak9r', 389, 1471617000000)
      ;

        -- TODO: INSERT OR REPLACE once fixed in SKDB...
        -- INSERT OR REPLACE INTO library_tracks
        DELETE FROM library_tracks WHERE id = 'podcast:track:clgz9rir100ww3b6eken5pl72'; 
        INSERT INTO library_tracks
                (id, name, albumId, trackNumber, durationMs, isrc, imageUrl, audioUrl, externalLink, description)
                values ('podcast:track:clgz9rir100ww3b6eken5pl72', 'Noisia Radio S02E33', 'podcast:album:clgz9riqw000d3b6emzyjak9r-clgz9rir100wx3b6eh6qrp78o', 0, 3629000, null, 'https://episodes.castos.com/6138cb87d83982-66320119/images/itunes-image.png', 'https://episodes.castos.com/6138cb87d83982-66320119/47cpaV2AAZeR0tghsu4p7oKiaOJqMZ9djxwpvc2h.mp3', 'https://visionradio.castos.com/episodes/noisia-radio-s02e33-2', 'Noisia Radio brings you a new track from our Outer Edges album titled ‘Straight hook’, brand new Blackout, and many more. Our label manager Jaap joins us for this week’s episode!')
      ;

        -- TODO: INSERT OR REPLACE once fixed in SKDB...
        -- INSERT OR REPLACE INTO library_artists
        DELETE FROM library_artists WHERE id = 'podcast:artist:clgz9riqw000d3b6emzyjak9r-clgz9rir100wy3b6e12g4gfss';
        INSERT INTO library_artists
        (id, name, imageUrl, colorsString)
        values ('podcast:artist:clgz9riqw000d3b6emzyjak9r-clgz9rir100wy3b6e12g4gfss', 'VISION Radio', 'https://episodes.castos.com/6138cb87d83982-66320119/images/itunes-image.png', null)
      ;

        INSERT INTO library_tracks_artists
        (trackId, artistId)
        values ('podcast:track:clgz9rir100ww3b6eken5pl72', 'podcast:artist:clgz9riqw000d3b6emzyjak9r-clgz9rir100wy3b6e12g4gfss')
      ;

        -- TODO: INSERT OR REPLACE once fixed in SKDB...
        -- INSERT OR REPLACE INTO library_albums
        DELETE FROM library_albums WHERE id = 'podcast:album:clgz9riqw000d3b6emzyjak9r-clgz9rir100wx3b6eh6qrp78o';
        INSERT INTO library_albums
        (id, name, colorsString, imageUrl, trackCount, releaseDate, copyrights)
        values ('podcast:album:clgz9riqw000d3b6emzyjak9r-clgz9rir100wx3b6eh6qrp78o', 'VISION Radio', null, 'https://episodes.castos.com/6138cb87d83982-66320119/images/itunes-image.png', 1, null, null)
      ;

        INSERT INTO library_tracks_playlists
                (trackId, playlistId, trackIndex, addedAtTimestamp)
                values ('podcast:track:clgz9rir100ww3b6eken5pl72', 'podcast:playlist:clgz9riqw000d3b6emzyjak9r', 390, 1471014000000)
      ;

        -- TODO: INSERT OR REPLACE once fixed in SKDB...
        -- INSERT OR REPLACE INTO library_tracks
        DELETE FROM library_tracks WHERE id = 'podcast:track:clgz9rir100wz3b6eozvi2ida'; 
        INSERT INTO library_tracks
                (id, name, albumId, trackNumber, durationMs, isrc, imageUrl, audioUrl, externalLink, description)
                values ('podcast:track:clgz9rir100wz3b6eozvi2ida', 'Noisia Radio S02E32', 'podcast:album:clgz9riqw000d3b6emzyjak9r-clgz9rir100x03b6emg1w7ak0', 0, 3911000, null, 'https://episodes.castos.com/6138cb87d83982-66320119/images/itunes-image.png', 'https://episodes.castos.com/6138cb87d83982-66320119/PhBTHOW7e6PBztyofVDju9OegoxqCyhY6hd0AGGk.mp3', 'https://visionradio.castos.com/episodes/noisia-radio-s02e32-2', 'Our album ‘Outer Edges’ is out today! This week features two new Noisia, two new The Upbeats and one brand new Nickbee tune, and we talk about the leak and release of our album in Question Time.')
      ;

        -- TODO: INSERT OR REPLACE once fixed in SKDB...
        -- INSERT OR REPLACE INTO library_artists
        DELETE FROM library_artists WHERE id = 'podcast:artist:clgz9riqw000d3b6emzyjak9r-clgz9rir100x13b6erzj70m3v';
        INSERT INTO library_artists
        (id, name, imageUrl, colorsString)
        values ('podcast:artist:clgz9riqw000d3b6emzyjak9r-clgz9rir100x13b6erzj70m3v', 'VISION Radio', 'https://episodes.castos.com/6138cb87d83982-66320119/images/itunes-image.png', null)
      ;

        INSERT INTO library_tracks_artists
        (trackId, artistId)
        values ('podcast:track:clgz9rir100wz3b6eozvi2ida', 'podcast:artist:clgz9riqw000d3b6emzyjak9r-clgz9rir100x13b6erzj70m3v')
      ;

        -- TODO: INSERT OR REPLACE once fixed in SKDB...
        -- INSERT OR REPLACE INTO library_albums
        DELETE FROM library_albums WHERE id = 'podcast:album:clgz9riqw000d3b6emzyjak9r-clgz9rir100x03b6emg1w7ak0';
        INSERT INTO library_albums
        (id, name, colorsString, imageUrl, trackCount, releaseDate, copyrights)
        values ('podcast:album:clgz9riqw000d3b6emzyjak9r-clgz9rir100x03b6emg1w7ak0', 'VISION Radio', null, 'https://episodes.castos.com/6138cb87d83982-66320119/images/itunes-image.png', 1, null, null)
      ;

        INSERT INTO library_tracks_playlists
                (trackId, playlistId, trackIndex, addedAtTimestamp)
                values ('podcast:track:clgz9rir100wz3b6eozvi2ida', 'podcast:playlist:clgz9riqw000d3b6emzyjak9r', 391, 1470409200000)
      ;

        -- TODO: INSERT OR REPLACE once fixed in SKDB...
        -- INSERT OR REPLACE INTO library_tracks
        DELETE FROM library_tracks WHERE id = 'podcast:track:clgz9rir100x23b6e03v9fd0z'; 
        INSERT INTO library_tracks
                (id, name, albumId, trackNumber, durationMs, isrc, imageUrl, audioUrl, externalLink, description)
                values ('podcast:track:clgz9rir100x23b6e03v9fd0z', 'Noisia Radio S02E31', 'podcast:album:clgz9riqw000d3b6emzyjak9r-clgz9rir100x33b6eddl5l27h', 0, 3757000, null, 'https://episodes.castos.com/6138cb87d83982-66320119/images/itunes-image.png', 'https://episodes.castos.com/6138cb87d83982-66320119/fYEuKXW2N7RGHmoStQxknL1rzMyJBTVCFjtDUAX2.mp3', 'https://visionradio.castos.com/episodes/noisia-radio-s02e31-2', 'An icicle guest mix, brand new music from The Upbeats, Noisia, and Nickbee. Combined with a selection of beats and questions answered. Noisia Radio in effect.')
      ;

        -- TODO: INSERT OR REPLACE once fixed in SKDB...
        -- INSERT OR REPLACE INTO library_artists
        DELETE FROM library_artists WHERE id = 'podcast:artist:clgz9riqw000d3b6emzyjak9r-clgz9rir100x43b6e9ofdo4b3';
        INSERT INTO library_artists
        (id, name, imageUrl, colorsString)
        values ('podcast:artist:clgz9riqw000d3b6emzyjak9r-clgz9rir100x43b6e9ofdo4b3', 'VISION Radio', 'https://episodes.castos.com/6138cb87d83982-66320119/images/itunes-image.png', null)
      ;

        INSERT INTO library_tracks_artists
        (trackId, artistId)
        values ('podcast:track:clgz9rir100x23b6e03v9fd0z', 'podcast:artist:clgz9riqw000d3b6emzyjak9r-clgz9rir100x43b6e9ofdo4b3')
      ;

        -- TODO: INSERT OR REPLACE once fixed in SKDB...
        -- INSERT OR REPLACE INTO library_albums
        DELETE FROM library_albums WHERE id = 'podcast:album:clgz9riqw000d3b6emzyjak9r-clgz9rir100x33b6eddl5l27h';
        INSERT INTO library_albums
        (id, name, colorsString, imageUrl, trackCount, releaseDate, copyrights)
        values ('podcast:album:clgz9riqw000d3b6emzyjak9r-clgz9rir100x33b6eddl5l27h', 'VISION Radio', null, 'https://episodes.castos.com/6138cb87d83982-66320119/images/itunes-image.png', 1, null, null)
      ;

        INSERT INTO library_tracks_playlists
                (trackId, playlistId, trackIndex, addedAtTimestamp)
                values ('podcast:track:clgz9rir100x23b6e03v9fd0z', 'podcast:playlist:clgz9riqw000d3b6emzyjak9r', 392, 1469804400000)
      ;

        -- TODO: INSERT OR REPLACE once fixed in SKDB...
        -- INSERT OR REPLACE INTO library_tracks
        DELETE FROM library_tracks WHERE id = 'podcast:track:clgz9rir100x53b6e73xyyv3m'; 
        INSERT INTO library_tracks
                (id, name, albumId, trackNumber, durationMs, isrc, imageUrl, audioUrl, externalLink, description)
                values ('podcast:track:clgz9rir100x53b6e73xyyv3m', 'Noisia Radio S02E30', 'podcast:album:clgz9riqw000d3b6emzyjak9r-clgz9rir100x63b6enxhahr48', 0, 4191000, null, 'https://episodes.castos.com/6138cb87d83982-66320119/images/itunes-image.png', 'https://episodes.castos.com/6138cb87d83982-66320119/y1UQ5ZNrp21guN3gWuEtm0I6lcCCve7lWdbL1S7G.mp3', 'https://visionradio.castos.com/episodes/noisia-radio-s02e30-2', 'This week in Noisia Radio we have Phace within our midst answering questions and selecting music, a brand new track from The Upbeats and our weekly selection of new beats and dnb.')
      ;

        -- TODO: INSERT OR REPLACE once fixed in SKDB...
        -- INSERT OR REPLACE INTO library_artists
        DELETE FROM library_artists WHERE id = 'podcast:artist:clgz9riqw000d3b6emzyjak9r-clgz9rir100x73b6e1fd76qil';
        INSERT INTO library_artists
        (id, name, imageUrl, colorsString)
        values ('podcast:artist:clgz9riqw000d3b6emzyjak9r-clgz9rir100x73b6e1fd76qil', 'VISION Radio', 'https://episodes.castos.com/6138cb87d83982-66320119/images/itunes-image.png', null)
      ;

        INSERT INTO library_tracks_artists
        (trackId, artistId)
        values ('podcast:track:clgz9rir100x53b6e73xyyv3m', 'podcast:artist:clgz9riqw000d3b6emzyjak9r-clgz9rir100x73b6e1fd76qil')
      ;

        -- TODO: INSERT OR REPLACE once fixed in SKDB...
        -- INSERT OR REPLACE INTO library_albums
        DELETE FROM library_albums WHERE id = 'podcast:album:clgz9riqw000d3b6emzyjak9r-clgz9rir100x63b6enxhahr48';
        INSERT INTO library_albums
        (id, name, colorsString, imageUrl, trackCount, releaseDate, copyrights)
        values ('podcast:album:clgz9riqw000d3b6emzyjak9r-clgz9rir100x63b6enxhahr48', 'VISION Radio', null, 'https://episodes.castos.com/6138cb87d83982-66320119/images/itunes-image.png', 1, null, null)
      ;

        INSERT INTO library_tracks_playlists
                (trackId, playlistId, trackIndex, addedAtTimestamp)
                values ('podcast:track:clgz9rir100x53b6e73xyyv3m', 'podcast:playlist:clgz9riqw000d3b6emzyjak9r', 393, 1469199600000)
      ;

        -- TODO: INSERT OR REPLACE once fixed in SKDB...
        -- INSERT OR REPLACE INTO library_tracks
        DELETE FROM library_tracks WHERE id = 'podcast:track:clgz9rir100x83b6enbuzzy4k'; 
        INSERT INTO library_tracks
                (id, name, albumId, trackNumber, durationMs, isrc, imageUrl, audioUrl, externalLink, description)
                values ('podcast:track:clgz9rir100x83b6enbuzzy4k', 'Noisia Radio S02E29', 'podcast:album:clgz9riqw000d3b6emzyjak9r-clgz9rir100x93b6eip7cxlb1', 0, 3686000, null, 'https://episodes.castos.com/6138cb87d83982-66320119/images/itunes-image.png', 'https://episodes.castos.com/6138cb87d83982-66320119/UA3S7lVdCdftJj0CmXMlGKtlM42rv7v0Gu97kciI.mp3', 'https://visionradio.castos.com/episodes/noisia-radio-s02e29-2', 'This week:  a brand new Noisia track at 140 bats per minute: Voodoo. And more bats of course, exclusive new bats, a throwback from Hybris, and fresh bats from soundcloud.')
      ;

        -- TODO: INSERT OR REPLACE once fixed in SKDB...
        -- INSERT OR REPLACE INTO library_artists
        DELETE FROM library_artists WHERE id = 'podcast:artist:clgz9riqw000d3b6emzyjak9r-clgz9rir100xa3b6ewa1jgjmr';
        INSERT INTO library_artists
        (id, name, imageUrl, colorsString)
        values ('podcast:artist:clgz9riqw000d3b6emzyjak9r-clgz9rir100xa3b6ewa1jgjmr', 'VISION Radio', 'https://episodes.castos.com/6138cb87d83982-66320119/images/itunes-image.png', null)
      ;

        INSERT INTO library_tracks_artists
        (trackId, artistId)
        values ('podcast:track:clgz9rir100x83b6enbuzzy4k', 'podcast:artist:clgz9riqw000d3b6emzyjak9r-clgz9rir100xa3b6ewa1jgjmr')
      ;

        -- TODO: INSERT OR REPLACE once fixed in SKDB...
        -- INSERT OR REPLACE INTO library_albums
        DELETE FROM library_albums WHERE id = 'podcast:album:clgz9riqw000d3b6emzyjak9r-clgz9rir100x93b6eip7cxlb1';
        INSERT INTO library_albums
        (id, name, colorsString, imageUrl, trackCount, releaseDate, copyrights)
        values ('podcast:album:clgz9riqw000d3b6emzyjak9r-clgz9rir100x93b6eip7cxlb1', 'VISION Radio', null, 'https://episodes.castos.com/6138cb87d83982-66320119/images/itunes-image.png', 1, null, null)
      ;

        INSERT INTO library_tracks_playlists
                (trackId, playlistId, trackIndex, addedAtTimestamp)
                values ('podcast:track:clgz9rir100x83b6enbuzzy4k', 'podcast:playlist:clgz9riqw000d3b6emzyjak9r', 394, 1468594800000)
      ;

        -- TODO: INSERT OR REPLACE once fixed in SKDB...
        -- INSERT OR REPLACE INTO library_tracks
        DELETE FROM library_tracks WHERE id = 'podcast:track:clgz9rir100xb3b6eo1ee37f4'; 
        INSERT INTO library_tracks
                (id, name, albumId, trackNumber, durationMs, isrc, imageUrl, audioUrl, externalLink, description)
                values ('podcast:track:clgz9rir100xb3b6eo1ee37f4', 'Noisia Radio S02E29', 'podcast:album:clgz9riqw000d3b6emzyjak9r-clgz9rir100xc3b6ewtfyl2le', 0, 3686000, null, 'https://episodes.castos.com/6138cb87d83982-66320119/images/itunes-image.png', 'https://episodes.castos.com/6138cb87d83982-66320119/DR3N3qHtyGaMvN9tasQkddaYWBfLOHjNRcXzwUXp.mp3', 'https://visionradio.castos.com/episodes/noisia-radio-s02e29-2', 'This week:  a brand new Noisia track at 140 bats per minute: Voodoo. And more bats of course, exclusive new bats, a throwback from Hybris, and fresh bats from soundcloud.')
      ;

        -- TODO: INSERT OR REPLACE once fixed in SKDB...
        -- INSERT OR REPLACE INTO library_artists
        DELETE FROM library_artists WHERE id = 'podcast:artist:clgz9riqw000d3b6emzyjak9r-clgz9rir100xd3b6eyl3ckpa6';
        INSERT INTO library_artists
        (id, name, imageUrl, colorsString)
        values ('podcast:artist:clgz9riqw000d3b6emzyjak9r-clgz9rir100xd3b6eyl3ckpa6', 'VISION Radio', 'https://episodes.castos.com/6138cb87d83982-66320119/images/itunes-image.png', null)
      ;

        INSERT INTO library_tracks_artists
        (trackId, artistId)
        values ('podcast:track:clgz9rir100xb3b6eo1ee37f4', 'podcast:artist:clgz9riqw000d3b6emzyjak9r-clgz9rir100xd3b6eyl3ckpa6')
      ;

        -- TODO: INSERT OR REPLACE once fixed in SKDB...
        -- INSERT OR REPLACE INTO library_albums
        DELETE FROM library_albums WHERE id = 'podcast:album:clgz9riqw000d3b6emzyjak9r-clgz9rir100xc3b6ewtfyl2le';
        INSERT INTO library_albums
        (id, name, colorsString, imageUrl, trackCount, releaseDate, copyrights)
        values ('podcast:album:clgz9riqw000d3b6emzyjak9r-clgz9rir100xc3b6ewtfyl2le', 'VISION Radio', null, 'https://episodes.castos.com/6138cb87d83982-66320119/images/itunes-image.png', 1, null, null)
      ;

        INSERT INTO library_tracks_playlists
                (trackId, playlistId, trackIndex, addedAtTimestamp)
                values ('podcast:track:clgz9rir100xb3b6eo1ee37f4', 'podcast:playlist:clgz9riqw000d3b6emzyjak9r', 395, 1468594800000)
      ;

        -- TODO: INSERT OR REPLACE once fixed in SKDB...
        -- INSERT OR REPLACE INTO library_tracks
        DELETE FROM library_tracks WHERE id = 'podcast:track:clgz9rir100xe3b6eu6lq9e88'; 
        INSERT INTO library_tracks
                (id, name, albumId, trackNumber, durationMs, isrc, imageUrl, audioUrl, externalLink, description)
                values ('podcast:track:clgz9rir100xe3b6eu6lq9e88', 'Noisia Radio S02E28', 'podcast:album:clgz9riqw000d3b6emzyjak9r-clgz9rir100xf3b6edk2h8yqu', 0, 3852000, null, 'https://episodes.castos.com/6138cb87d83982-66320119/images/itunes-image.png', 'https://episodes.castos.com/6138cb87d83982-66320119/wAEfScsjESSEfiIqyRgJAO2VJXr4vaEVG4jK0cMR.mp3', 'https://visionradio.castos.com/episodes/noisia-radio-s02e28-2', 'Exclusive new music from Segment & Concept Vision, a brand new Fre4knc tune out today on invisible, a very exciting new Alix Perez tune, and the usual ingredients: dnb, beats, and your questions answered.')
      ;

        -- TODO: INSERT OR REPLACE once fixed in SKDB...
        -- INSERT OR REPLACE INTO library_artists
        DELETE FROM library_artists WHERE id = 'podcast:artist:clgz9riqw000d3b6emzyjak9r-clgz9rir100xg3b6ewvmse092';
        INSERT INTO library_artists
        (id, name, imageUrl, colorsString)
        values ('podcast:artist:clgz9riqw000d3b6emzyjak9r-clgz9rir100xg3b6ewvmse092', 'VISION Radio', 'https://episodes.castos.com/6138cb87d83982-66320119/images/itunes-image.png', null)
      ;

        INSERT INTO library_tracks_artists
        (trackId, artistId)
        values ('podcast:track:clgz9rir100xe3b6eu6lq9e88', 'podcast:artist:clgz9riqw000d3b6emzyjak9r-clgz9rir100xg3b6ewvmse092')
      ;

        -- TODO: INSERT OR REPLACE once fixed in SKDB...
        -- INSERT OR REPLACE INTO library_albums
        DELETE FROM library_albums WHERE id = 'podcast:album:clgz9riqw000d3b6emzyjak9r-clgz9rir100xf3b6edk2h8yqu';
        INSERT INTO library_albums
        (id, name, colorsString, imageUrl, trackCount, releaseDate, copyrights)
        values ('podcast:album:clgz9riqw000d3b6emzyjak9r-clgz9rir100xf3b6edk2h8yqu', 'VISION Radio', null, 'https://episodes.castos.com/6138cb87d83982-66320119/images/itunes-image.png', 1, null, null)
      ;

        INSERT INTO library_tracks_playlists
                (trackId, playlistId, trackIndex, addedAtTimestamp)
                values ('podcast:track:clgz9rir100xe3b6eu6lq9e88', 'podcast:playlist:clgz9riqw000d3b6emzyjak9r', 396, 1467990000000)
      ;

        -- TODO: INSERT OR REPLACE once fixed in SKDB...
        -- INSERT OR REPLACE INTO library_tracks
        DELETE FROM library_tracks WHERE id = 'podcast:track:clgz9rir100xh3b6e9mgcogkv'; 
        INSERT INTO library_tracks
                (id, name, albumId, trackNumber, durationMs, isrc, imageUrl, audioUrl, externalLink, description)
                values ('podcast:track:clgz9rir100xh3b6e9mgcogkv', 'Noisia Radio S02E27', 'podcast:album:clgz9riqw000d3b6emzyjak9r-clgz9rir100xi3b6eda5665m5', 0, 3738000, null, 'https://episodes.castos.com/6138cb87d83982-66320119/images/itunes-image.png', 'https://episodes.castos.com/6138cb87d83982-66320119/lbuwWaKvEX6MOjhC8M5wWinlwffPJO1AhacFDGBy.mp3', 'https://visionradio.castos.com/episodes/noisia-radio-s02e27-2', 'This week we"re excited to announce our album "Outer Edges", and play you our new single Collider! Besides this we have the usual recipe: exclusive new music, beats and dnb.')
      ;

        -- TODO: INSERT OR REPLACE once fixed in SKDB...
        -- INSERT OR REPLACE INTO library_artists
        DELETE FROM library_artists WHERE id = 'podcast:artist:clgz9riqw000d3b6emzyjak9r-clgz9rir100xj3b6e2xsl32tb';
        INSERT INTO library_artists
        (id, name, imageUrl, colorsString)
        values ('podcast:artist:clgz9riqw000d3b6emzyjak9r-clgz9rir100xj3b6e2xsl32tb', 'VISION Radio', 'https://episodes.castos.com/6138cb87d83982-66320119/images/itunes-image.png', null)
      ;

        INSERT INTO library_tracks_artists
        (trackId, artistId)
        values ('podcast:track:clgz9rir100xh3b6e9mgcogkv', 'podcast:artist:clgz9riqw000d3b6emzyjak9r-clgz9rir100xj3b6e2xsl32tb')
      ;

        -- TODO: INSERT OR REPLACE once fixed in SKDB...
        -- INSERT OR REPLACE INTO library_albums
        DELETE FROM library_albums WHERE id = 'podcast:album:clgz9riqw000d3b6emzyjak9r-clgz9rir100xi3b6eda5665m5';
        INSERT INTO library_albums
        (id, name, colorsString, imageUrl, trackCount, releaseDate, copyrights)
        values ('podcast:album:clgz9riqw000d3b6emzyjak9r-clgz9rir100xi3b6eda5665m5', 'VISION Radio', null, 'https://episodes.castos.com/6138cb87d83982-66320119/images/itunes-image.png', 1, null, null)
      ;

        INSERT INTO library_tracks_playlists
                (trackId, playlistId, trackIndex, addedAtTimestamp)
                values ('podcast:track:clgz9rir100xh3b6e9mgcogkv', 'podcast:playlist:clgz9riqw000d3b6emzyjak9r', 397, 1467385200000)
      ;

        -- TODO: INSERT OR REPLACE once fixed in SKDB...
        -- INSERT OR REPLACE INTO library_tracks
        DELETE FROM library_tracks WHERE id = 'podcast:track:clgz9rir100xk3b6eq3j4pe7t'; 
        INSERT INTO library_tracks
                (id, name, albumId, trackNumber, durationMs, isrc, imageUrl, audioUrl, externalLink, description)
                values ('podcast:track:clgz9rir100xk3b6eq3j4pe7t', 'Noisia Radio S02E26', 'podcast:album:clgz9riqw000d3b6emzyjak9r-clgz9rir100xl3b6eo3xddkng', 0, 3932000, null, 'https://episodes.castos.com/6138cb87d83982-66320119/images/itunes-image.png', 'https://episodes.castos.com/6138cb87d83982-66320119/5v2ZkPlgXtTD9nDXscsMApttKM5n4PKijP0730rb.mp3', 'https://visionradio.castos.com/episodes/noisia-radio-s02e26-2', 'Noisia Radio is 1 year old! For this occasion we will celebrate with an episode filled with favorites from the audience. All three of us will be introducing the tracks, and we tried our best to stay serious. Enjoy!')
      ;

        -- TODO: INSERT OR REPLACE once fixed in SKDB...
        -- INSERT OR REPLACE INTO library_artists
        DELETE FROM library_artists WHERE id = 'podcast:artist:clgz9riqw000d3b6emzyjak9r-clgz9rir100xm3b6e4b2mls51';
        INSERT INTO library_artists
        (id, name, imageUrl, colorsString)
        values ('podcast:artist:clgz9riqw000d3b6emzyjak9r-clgz9rir100xm3b6e4b2mls51', 'VISION Radio', 'https://episodes.castos.com/6138cb87d83982-66320119/images/itunes-image.png', null)
      ;

        INSERT INTO library_tracks_artists
        (trackId, artistId)
        values ('podcast:track:clgz9rir100xk3b6eq3j4pe7t', 'podcast:artist:clgz9riqw000d3b6emzyjak9r-clgz9rir100xm3b6e4b2mls51')
      ;

        -- TODO: INSERT OR REPLACE once fixed in SKDB...
        -- INSERT OR REPLACE INTO library_albums
        DELETE FROM library_albums WHERE id = 'podcast:album:clgz9riqw000d3b6emzyjak9r-clgz9rir100xl3b6eo3xddkng';
        INSERT INTO library_albums
        (id, name, colorsString, imageUrl, trackCount, releaseDate, copyrights)
        values ('podcast:album:clgz9riqw000d3b6emzyjak9r-clgz9rir100xl3b6eo3xddkng', 'VISION Radio', null, 'https://episodes.castos.com/6138cb87d83982-66320119/images/itunes-image.png', 1, null, null)
      ;

        INSERT INTO library_tracks_playlists
                (trackId, playlistId, trackIndex, addedAtTimestamp)
                values ('podcast:track:clgz9rir100xk3b6eq3j4pe7t', 'podcast:playlist:clgz9riqw000d3b6emzyjak9r', 398, 1466780400000)
      ;

        -- TODO: INSERT OR REPLACE once fixed in SKDB...
        -- INSERT OR REPLACE INTO library_tracks
        DELETE FROM library_tracks WHERE id = 'podcast:track:clgz9rir100xn3b6exro58o6h'; 
        INSERT INTO library_tracks
                (id, name, albumId, trackNumber, durationMs, isrc, imageUrl, audioUrl, externalLink, description)
                values ('podcast:track:clgz9rir100xn3b6exro58o6h', 'Noisia Radio S02E25', 'podcast:album:clgz9riqw000d3b6emzyjak9r-clgz9rir100xo3b6e2a4g31hs', 0, 3994000, null, 'https://episodes.castos.com/6138cb87d83982-66320119/images/itunes-image.png', 'https://episodes.castos.com/6138cb87d83982-66320119/Vi0EuwASEUpoy0C9FXhaz7lPcnuhJg75Std5bg9K.mp3', 'https://visionradio.castos.com/episodes/noisia-radio-s02e25-2', 'This week in Noisia Radio: brand new Invisible by Dauntless, a couple exclusives and New 1985 music among our finest selection of music.')
      ;

        -- TODO: INSERT OR REPLACE once fixed in SKDB...
        -- INSERT OR REPLACE INTO library_artists
        DELETE FROM library_artists WHERE id = 'podcast:artist:clgz9riqw000d3b6emzyjak9r-clgz9rir100xp3b6eo7qfdzi0';
        INSERT INTO library_artists
        (id, name, imageUrl, colorsString)
        values ('podcast:artist:clgz9riqw000d3b6emzyjak9r-clgz9rir100xp3b6eo7qfdzi0', 'VISION Radio', 'https://episodes.castos.com/6138cb87d83982-66320119/images/itunes-image.png', null)
      ;

        INSERT INTO library_tracks_artists
        (trackId, artistId)
        values ('podcast:track:clgz9rir100xn3b6exro58o6h', 'podcast:artist:clgz9riqw000d3b6emzyjak9r-clgz9rir100xp3b6eo7qfdzi0')
      ;

        -- TODO: INSERT OR REPLACE once fixed in SKDB...
        -- INSERT OR REPLACE INTO library_albums
        DELETE FROM library_albums WHERE id = 'podcast:album:clgz9riqw000d3b6emzyjak9r-clgz9rir100xo3b6e2a4g31hs';
        INSERT INTO library_albums
        (id, name, colorsString, imageUrl, trackCount, releaseDate, copyrights)
        values ('podcast:album:clgz9riqw000d3b6emzyjak9r-clgz9rir100xo3b6e2a4g31hs', 'VISION Radio', null, 'https://episodes.castos.com/6138cb87d83982-66320119/images/itunes-image.png', 1, null, null)
      ;

        INSERT INTO library_tracks_playlists
                (trackId, playlistId, trackIndex, addedAtTimestamp)
                values ('podcast:track:clgz9rir100xn3b6exro58o6h', 'podcast:playlist:clgz9riqw000d3b6emzyjak9r', 399, 1466175600000)
      ;

        -- TODO: INSERT OR REPLACE once fixed in SKDB...
        -- INSERT OR REPLACE INTO library_tracks
        DELETE FROM library_tracks WHERE id = 'podcast:track:clgz9rir100xq3b6e1og4aciz'; 
        INSERT INTO library_tracks
                (id, name, albumId, trackNumber, durationMs, isrc, imageUrl, audioUrl, externalLink, description)
                values ('podcast:track:clgz9rir100xq3b6e1og4aciz', 'Noisia Radio S02E24', 'podcast:album:clgz9riqw000d3b6emzyjak9r-clgz9rir100xr3b6e9w0rhkl6', 0, 3594000, null, 'https://episodes.castos.com/6138cb87d83982-66320119/images/itunes-image.png', 'https://episodes.castos.com/6138cb87d83982-66320119/VBfasVH8ocQH6451T6wm0ybxF2Mx4PnTGxRQnfLp.mp3', 'https://visionradio.castos.com/episodes/noisia-radio-s02e24-2', 'Noisia Radio this week; Brand new Current Value, a total of four listener submissions, and we tell you how to overcome a writer’s block.')
      ;

        -- TODO: INSERT OR REPLACE once fixed in SKDB...
        -- INSERT OR REPLACE INTO library_artists
        DELETE FROM library_artists WHERE id = 'podcast:artist:clgz9riqw000d3b6emzyjak9r-clgz9rir100xs3b6ehm3impg2';
        INSERT INTO library_artists
        (id, name, imageUrl, colorsString)
        values ('podcast:artist:clgz9riqw000d3b6emzyjak9r-clgz9rir100xs3b6ehm3impg2', 'VISION Radio', 'https://episodes.castos.com/6138cb87d83982-66320119/images/itunes-image.png', null)
      ;

        INSERT INTO library_tracks_artists
        (trackId, artistId)
        values ('podcast:track:clgz9rir100xq3b6e1og4aciz', 'podcast:artist:clgz9riqw000d3b6emzyjak9r-clgz9rir100xs3b6ehm3impg2')
      ;

        -- TODO: INSERT OR REPLACE once fixed in SKDB...
        -- INSERT OR REPLACE INTO library_albums
        DELETE FROM library_albums WHERE id = 'podcast:album:clgz9riqw000d3b6emzyjak9r-clgz9rir100xr3b6e9w0rhkl6';
        INSERT INTO library_albums
        (id, name, colorsString, imageUrl, trackCount, releaseDate, copyrights)
        values ('podcast:album:clgz9riqw000d3b6emzyjak9r-clgz9rir100xr3b6e9w0rhkl6', 'VISION Radio', null, 'https://episodes.castos.com/6138cb87d83982-66320119/images/itunes-image.png', 1, null, null)
      ;

        INSERT INTO library_tracks_playlists
                (trackId, playlistId, trackIndex, addedAtTimestamp)
                values ('podcast:track:clgz9rir100xq3b6e1og4aciz', 'podcast:playlist:clgz9riqw000d3b6emzyjak9r', 400, 1465570800000)
      ;

        -- TODO: INSERT OR REPLACE once fixed in SKDB...
        -- INSERT OR REPLACE INTO library_tracks
        DELETE FROM library_tracks WHERE id = 'podcast:track:clgz9rir100xt3b6esdsimsuh'; 
        INSERT INTO library_tracks
                (id, name, albumId, trackNumber, durationMs, isrc, imageUrl, audioUrl, externalLink, description)
                values ('podcast:track:clgz9rir100xt3b6esdsimsuh', 'Noisia Radio S02E23', 'podcast:album:clgz9riqw000d3b6emzyjak9r-clgz9rir100xu3b6etnu8xc8c', 0, 3619000, null, 'https://episodes.castos.com/6138cb87d83982-66320119/images/itunes-image.png', 'https://episodes.castos.com/6138cb87d83982-66320119/ZWmAA1H52Pp8xuU05z0JN3FqGiZamsuHVGdLLlOF.mp3', 'https://visionradio.castos.com/episodes/noisia-radio-s02e23-2', 'This week in Noisia Radio; the exclusive first play of ‘Anomaly’ by ourselves and the announcement of our ‘Outer Edges’ show. Besides those we have a new Invisible premiere and Walter tells the story of how Skrillex helped him pick his glasses.')
      ;

        -- TODO: INSERT OR REPLACE once fixed in SKDB...
        -- INSERT OR REPLACE INTO library_artists
        DELETE FROM library_artists WHERE id = 'podcast:artist:clgz9riqw000d3b6emzyjak9r-clgz9rir100xv3b6e3bkzb8lc';
        INSERT INTO library_artists
        (id, name, imageUrl, colorsString)
        values ('podcast:artist:clgz9riqw000d3b6emzyjak9r-clgz9rir100xv3b6e3bkzb8lc', 'VISION Radio', 'https://episodes.castos.com/6138cb87d83982-66320119/images/itunes-image.png', null)
      ;

        INSERT INTO library_tracks_artists
        (trackId, artistId)
        values ('podcast:track:clgz9rir100xt3b6esdsimsuh', 'podcast:artist:clgz9riqw000d3b6emzyjak9r-clgz9rir100xv3b6e3bkzb8lc')
      ;

        -- TODO: INSERT OR REPLACE once fixed in SKDB...
        -- INSERT OR REPLACE INTO library_albums
        DELETE FROM library_albums WHERE id = 'podcast:album:clgz9riqw000d3b6emzyjak9r-clgz9rir100xu3b6etnu8xc8c';
        INSERT INTO library_albums
        (id, name, colorsString, imageUrl, trackCount, releaseDate, copyrights)
        values ('podcast:album:clgz9riqw000d3b6emzyjak9r-clgz9rir100xu3b6etnu8xc8c', 'VISION Radio', null, 'https://episodes.castos.com/6138cb87d83982-66320119/images/itunes-image.png', 1, null, null)
      ;

        INSERT INTO library_tracks_playlists
                (trackId, playlistId, trackIndex, addedAtTimestamp)
                values ('podcast:track:clgz9rir100xt3b6esdsimsuh', 'podcast:playlist:clgz9riqw000d3b6emzyjak9r', 401, 1464966000000)
      ;

        -- TODO: INSERT OR REPLACE once fixed in SKDB...
        -- INSERT OR REPLACE INTO library_tracks
        DELETE FROM library_tracks WHERE id = 'podcast:track:clgz9rir100xw3b6e81uo3qhy'; 
        INSERT INTO library_tracks
                (id, name, albumId, trackNumber, durationMs, isrc, imageUrl, audioUrl, externalLink, description)
                values ('podcast:track:clgz9rir100xw3b6e81uo3qhy', 'Noisia Radio S02E22', 'podcast:album:clgz9riqw000d3b6emzyjak9r-clgz9rir100xx3b6exkk05mox', 0, 3753000, null, 'https://episodes.castos.com/6138cb87d83982-66320119/images/itunes-image.png', 'https://episodes.castos.com/6138cb87d83982-66320119/AKmmB47xw04NU9O7y9ur9wgXVgpeVmJ4FYv7OGAs.mp3', 'https://visionradio.castos.com/episodes/noisia-radio-s02e22-2', 'This week in Noisia Radio; new Agressor Bunx, a Blackout anniversary remix, several beats we can break our neck to and Nymfo asks us an important question in Question Time!')
      ;

        -- TODO: INSERT OR REPLACE once fixed in SKDB...
        -- INSERT OR REPLACE INTO library_artists
        DELETE FROM library_artists WHERE id = 'podcast:artist:clgz9riqw000d3b6emzyjak9r-clgz9rir100xy3b6ehd4e41qm';
        INSERT INTO library_artists
        (id, name, imageUrl, colorsString)
        values ('podcast:artist:clgz9riqw000d3b6emzyjak9r-clgz9rir100xy3b6ehd4e41qm', 'VISION Radio', 'https://episodes.castos.com/6138cb87d83982-66320119/images/itunes-image.png', null)
      ;

        INSERT INTO library_tracks_artists
        (trackId, artistId)
        values ('podcast:track:clgz9rir100xw3b6e81uo3qhy', 'podcast:artist:clgz9riqw000d3b6emzyjak9r-clgz9rir100xy3b6ehd4e41qm')
      ;

        -- TODO: INSERT OR REPLACE once fixed in SKDB...
        -- INSERT OR REPLACE INTO library_albums
        DELETE FROM library_albums WHERE id = 'podcast:album:clgz9riqw000d3b6emzyjak9r-clgz9rir100xx3b6exkk05mox';
        INSERT INTO library_albums
        (id, name, colorsString, imageUrl, trackCount, releaseDate, copyrights)
        values ('podcast:album:clgz9riqw000d3b6emzyjak9r-clgz9rir100xx3b6exkk05mox', 'VISION Radio', null, 'https://episodes.castos.com/6138cb87d83982-66320119/images/itunes-image.png', 1, null, null)
      ;

        INSERT INTO library_tracks_playlists
                (trackId, playlistId, trackIndex, addedAtTimestamp)
                values ('podcast:track:clgz9rir100xw3b6e81uo3qhy', 'podcast:playlist:clgz9riqw000d3b6emzyjak9r', 402, 1464361200000)
      ;

        -- TODO: INSERT OR REPLACE once fixed in SKDB...
        -- INSERT OR REPLACE INTO library_tracks
        DELETE FROM library_tracks WHERE id = 'podcast:track:clgz9rir100xz3b6e56bfih0u'; 
        INSERT INTO library_tracks
                (id, name, albumId, trackNumber, durationMs, isrc, imageUrl, audioUrl, externalLink, description)
                values ('podcast:track:clgz9rir100xz3b6e56bfih0u', 'Noisia Radio S02E21', 'podcast:album:clgz9riqw000d3b6emzyjak9r-clgz9rir100y03b6eivybmsbx', 0, 3759000, null, 'https://episodes.castos.com/6138cb87d83982-66320119/images/itunes-image.png', 'https://episodes.castos.com/6138cb87d83982-66320119/iPK8yobHJZvmr2zan7Nwmk0uidNzkNSlLe8uj2nK.mp3', 'https://visionradio.castos.com/episodes/noisia-radio-s02e21-2', 'This week in Noisia Radio; brand new Icicle on Shogun and fresh beats from Ivy Lab. In Question time Martijn talks about his worst gig ever! Enjoy :D')
      ;

        -- TODO: INSERT OR REPLACE once fixed in SKDB...
        -- INSERT OR REPLACE INTO library_artists
        DELETE FROM library_artists WHERE id = 'podcast:artist:clgz9riqw000d3b6emzyjak9r-clgz9rir100y13b6elm6unaza';
        INSERT INTO library_artists
        (id, name, imageUrl, colorsString)
        values ('podcast:artist:clgz9riqw000d3b6emzyjak9r-clgz9rir100y13b6elm6unaza', 'VISION Radio', 'https://episodes.castos.com/6138cb87d83982-66320119/images/itunes-image.png', null)
      ;

        INSERT INTO library_tracks_artists
        (trackId, artistId)
        values ('podcast:track:clgz9rir100xz3b6e56bfih0u', 'podcast:artist:clgz9riqw000d3b6emzyjak9r-clgz9rir100y13b6elm6unaza')
      ;

        -- TODO: INSERT OR REPLACE once fixed in SKDB...
        -- INSERT OR REPLACE INTO library_albums
        DELETE FROM library_albums WHERE id = 'podcast:album:clgz9riqw000d3b6emzyjak9r-clgz9rir100y03b6eivybmsbx';
        INSERT INTO library_albums
        (id, name, colorsString, imageUrl, trackCount, releaseDate, copyrights)
        values ('podcast:album:clgz9riqw000d3b6emzyjak9r-clgz9rir100y03b6eivybmsbx', 'VISION Radio', null, 'https://episodes.castos.com/6138cb87d83982-66320119/images/itunes-image.png', 1, null, null)
      ;

        INSERT INTO library_tracks_playlists
                (trackId, playlistId, trackIndex, addedAtTimestamp)
                values ('podcast:track:clgz9rir100xz3b6e56bfih0u', 'podcast:playlist:clgz9riqw000d3b6emzyjak9r', 403, 1463756400000)
      ;

        -- TODO: INSERT OR REPLACE once fixed in SKDB...
        -- INSERT OR REPLACE INTO library_tracks
        DELETE FROM library_tracks WHERE id = 'podcast:track:clgz9rir100y23b6efg977n3c'; 
        INSERT INTO library_tracks
                (id, name, albumId, trackNumber, durationMs, isrc, imageUrl, audioUrl, externalLink, description)
                values ('podcast:track:clgz9rir100y23b6efg977n3c', 'Noisia Radio S02E20', 'podcast:album:clgz9riqw000d3b6emzyjak9r-clgz9rir100y33b6e661xdmxe', 0, 3627000, null, 'https://episodes.castos.com/6138cb87d83982-66320119/images/itunes-image.png', 'https://episodes.castos.com/6138cb87d83982-66320119/GLqMl48rfdW647fGcxQKwqaFhwtORtpKLBLQBceI.mp3', 'https://visionradio.castos.com/episodes/noisia-radio-s02e20-2', 'This week in Noisia Radio; A Tipper exclusive, brand new Emperor, and a tune in 5/8th by Brunnen. In Question time! we talk about skinning animals and introduce our noisia.nl/demos website!')
      ;

        -- TODO: INSERT OR REPLACE once fixed in SKDB...
        -- INSERT OR REPLACE INTO library_artists
        DELETE FROM library_artists WHERE id = 'podcast:artist:clgz9riqw000d3b6emzyjak9r-clgz9rir100y43b6e5xtel614';
        INSERT INTO library_artists
        (id, name, imageUrl, colorsString)
        values ('podcast:artist:clgz9riqw000d3b6emzyjak9r-clgz9rir100y43b6e5xtel614', 'VISION Radio', 'https://episodes.castos.com/6138cb87d83982-66320119/images/itunes-image.png', null)
      ;

        INSERT INTO library_tracks_artists
        (trackId, artistId)
        values ('podcast:track:clgz9rir100y23b6efg977n3c', 'podcast:artist:clgz9riqw000d3b6emzyjak9r-clgz9rir100y43b6e5xtel614')
      ;

        -- TODO: INSERT OR REPLACE once fixed in SKDB...
        -- INSERT OR REPLACE INTO library_albums
        DELETE FROM library_albums WHERE id = 'podcast:album:clgz9riqw000d3b6emzyjak9r-clgz9rir100y33b6e661xdmxe';
        INSERT INTO library_albums
        (id, name, colorsString, imageUrl, trackCount, releaseDate, copyrights)
        values ('podcast:album:clgz9riqw000d3b6emzyjak9r-clgz9rir100y33b6e661xdmxe', 'VISION Radio', null, 'https://episodes.castos.com/6138cb87d83982-66320119/images/itunes-image.png', 1, null, null)
      ;

        INSERT INTO library_tracks_playlists
                (trackId, playlistId, trackIndex, addedAtTimestamp)
                values ('podcast:track:clgz9rir100y23b6efg977n3c', 'podcast:playlist:clgz9riqw000d3b6emzyjak9r', 404, 1463151600000)
      ;

        -- TODO: INSERT OR REPLACE once fixed in SKDB...
        -- INSERT OR REPLACE INTO library_tracks
        DELETE FROM library_tracks WHERE id = 'podcast:track:clgz9rir100y53b6eau0g3b92'; 
        INSERT INTO library_tracks
                (id, name, albumId, trackNumber, durationMs, isrc, imageUrl, audioUrl, externalLink, description)
                values ('podcast:track:clgz9rir100y53b6eau0g3b92', 'Noisia Radio S02E19', 'podcast:album:clgz9riqw000d3b6emzyjak9r-clgz9rir100y63b6egjzfyl81', 0, 3860000, null, 'https://episodes.castos.com/6138cb87d83982-66320119/images/itunes-image.png', 'https://episodes.castos.com/6138cb87d83982-66320119/2yV1y3cwYYfy5t2Dk1i95kkXx9Sh8dZgACoHFmqq.mp3', 'https://visionradio.castos.com/episodes/noisia-radio-s02e19-2', 'Noisia Radio brings you Rockwell in the guest mix, Disprove with a brand new release for Invisible and we tell you about our favorite drums in Question Time! #noisiaradio')
      ;

        -- TODO: INSERT OR REPLACE once fixed in SKDB...
        -- INSERT OR REPLACE INTO library_artists
        DELETE FROM library_artists WHERE id = 'podcast:artist:clgz9riqw000d3b6emzyjak9r-clgz9rir100y73b6e56ou0aap';
        INSERT INTO library_artists
        (id, name, imageUrl, colorsString)
        values ('podcast:artist:clgz9riqw000d3b6emzyjak9r-clgz9rir100y73b6e56ou0aap', 'VISION Radio', 'https://episodes.castos.com/6138cb87d83982-66320119/images/itunes-image.png', null)
      ;

        INSERT INTO library_tracks_artists
        (trackId, artistId)
        values ('podcast:track:clgz9rir100y53b6eau0g3b92', 'podcast:artist:clgz9riqw000d3b6emzyjak9r-clgz9rir100y73b6e56ou0aap')
      ;

        -- TODO: INSERT OR REPLACE once fixed in SKDB...
        -- INSERT OR REPLACE INTO library_albums
        DELETE FROM library_albums WHERE id = 'podcast:album:clgz9riqw000d3b6emzyjak9r-clgz9rir100y63b6egjzfyl81';
        INSERT INTO library_albums
        (id, name, colorsString, imageUrl, trackCount, releaseDate, copyrights)
        values ('podcast:album:clgz9riqw000d3b6emzyjak9r-clgz9rir100y63b6egjzfyl81', 'VISION Radio', null, 'https://episodes.castos.com/6138cb87d83982-66320119/images/itunes-image.png', 1, null, null)
      ;

        INSERT INTO library_tracks_playlists
                (trackId, playlistId, trackIndex, addedAtTimestamp)
                values ('podcast:track:clgz9rir100y53b6eau0g3b92', 'podcast:playlist:clgz9riqw000d3b6emzyjak9r', 405, 1462546800000)
      ;

        -- TODO: INSERT OR REPLACE once fixed in SKDB...
        -- INSERT OR REPLACE INTO library_tracks
        DELETE FROM library_tracks WHERE id = 'podcast:track:clgz9rir100y83b6e9kmo7dyl'; 
        INSERT INTO library_tracks
                (id, name, albumId, trackNumber, durationMs, isrc, imageUrl, audioUrl, externalLink, description)
                values ('podcast:track:clgz9rir100y83b6e9kmo7dyl', 'Noisia Radio S02E18', 'podcast:album:clgz9riqw000d3b6emzyjak9r-clgz9rir100y93b6e0b5t4xbk', 0, 3817000, null, 'https://episodes.castos.com/6138cb87d83982-66320119/images/itunes-image.png', 'https://episodes.castos.com/6138cb87d83982-66320119/qwv4FOUrBVHHOH65TpPOLGDfbER6fPjA4CNoG1I3.mp3', 'https://visionradio.castos.com/episodes/noisia-radio-s02e18-2', 'This week we serve you our freshly baked exclusives from our own imprints and force feed you the jazz Nik and Thijs will never finish. Topped with some freshly harvested music and a Mr Oizo classic on the side!')
      ;

        -- TODO: INSERT OR REPLACE once fixed in SKDB...
        -- INSERT OR REPLACE INTO library_artists
        DELETE FROM library_artists WHERE id = 'podcast:artist:clgz9riqw000d3b6emzyjak9r-clgz9rir100ya3b6er1usdrwh';
        INSERT INTO library_artists
        (id, name, imageUrl, colorsString)
        values ('podcast:artist:clgz9riqw000d3b6emzyjak9r-clgz9rir100ya3b6er1usdrwh', 'VISION Radio', 'https://episodes.castos.com/6138cb87d83982-66320119/images/itunes-image.png', null)
      ;

        INSERT INTO library_tracks_artists
        (trackId, artistId)
        values ('podcast:track:clgz9rir100y83b6e9kmo7dyl', 'podcast:artist:clgz9riqw000d3b6emzyjak9r-clgz9rir100ya3b6er1usdrwh')
      ;

        -- TODO: INSERT OR REPLACE once fixed in SKDB...
        -- INSERT OR REPLACE INTO library_albums
        DELETE FROM library_albums WHERE id = 'podcast:album:clgz9riqw000d3b6emzyjak9r-clgz9rir100y93b6e0b5t4xbk';
        INSERT INTO library_albums
        (id, name, colorsString, imageUrl, trackCount, releaseDate, copyrights)
        values ('podcast:album:clgz9riqw000d3b6emzyjak9r-clgz9rir100y93b6e0b5t4xbk', 'VISION Radio', null, 'https://episodes.castos.com/6138cb87d83982-66320119/images/itunes-image.png', 1, null, null)
      ;

        INSERT INTO library_tracks_playlists
                (trackId, playlistId, trackIndex, addedAtTimestamp)
                values ('podcast:track:clgz9rir100y83b6e9kmo7dyl', 'podcast:playlist:clgz9riqw000d3b6emzyjak9r', 406, 1461942000000)
      ;

        -- TODO: INSERT OR REPLACE once fixed in SKDB...
        -- INSERT OR REPLACE INTO library_tracks
        DELETE FROM library_tracks WHERE id = 'podcast:track:clgz9rir100yb3b6es2wej1x3'; 
        INSERT INTO library_tracks
                (id, name, albumId, trackNumber, durationMs, isrc, imageUrl, audioUrl, externalLink, description)
                values ('podcast:track:clgz9rir100yb3b6es2wej1x3', 'Noisia Radio S02E18', 'podcast:album:clgz9riqw000d3b6emzyjak9r-clgz9rir100yc3b6e4nbhynnp', 0, 3817000, null, 'https://episodes.castos.com/6138cb87d83982-66320119/images/itunes-image.png', 'https://episodes.castos.com/6138cb87d83982-66320119/q9v2aBsgXyMdrKVCseGg0zdM16iZlfFAuDtSo10h.mp3', 'https://visionradio.castos.com/episodes/noisia-radio-s02e18-2', 'This week we serve you our freshly baked exclusives from our own imprints and force feed you the jazz Nik and Thijs will never finish. Topped with some freshly harvested music and a Mr Oizo classic on the side!')
      ;

        -- TODO: INSERT OR REPLACE once fixed in SKDB...
        -- INSERT OR REPLACE INTO library_artists
        DELETE FROM library_artists WHERE id = 'podcast:artist:clgz9riqw000d3b6emzyjak9r-clgz9rir100yd3b6enl8etco9';
        INSERT INTO library_artists
        (id, name, imageUrl, colorsString)
        values ('podcast:artist:clgz9riqw000d3b6emzyjak9r-clgz9rir100yd3b6enl8etco9', 'VISION Radio', 'https://episodes.castos.com/6138cb87d83982-66320119/images/itunes-image.png', null)
      ;

        INSERT INTO library_tracks_artists
        (trackId, artistId)
        values ('podcast:track:clgz9rir100yb3b6es2wej1x3', 'podcast:artist:clgz9riqw000d3b6emzyjak9r-clgz9rir100yd3b6enl8etco9')
      ;

        -- TODO: INSERT OR REPLACE once fixed in SKDB...
        -- INSERT OR REPLACE INTO library_albums
        DELETE FROM library_albums WHERE id = 'podcast:album:clgz9riqw000d3b6emzyjak9r-clgz9rir100yc3b6e4nbhynnp';
        INSERT INTO library_albums
        (id, name, colorsString, imageUrl, trackCount, releaseDate, copyrights)
        values ('podcast:album:clgz9riqw000d3b6emzyjak9r-clgz9rir100yc3b6e4nbhynnp', 'VISION Radio', null, 'https://episodes.castos.com/6138cb87d83982-66320119/images/itunes-image.png', 1, null, null)
      ;

        INSERT INTO library_tracks_playlists
                (trackId, playlistId, trackIndex, addedAtTimestamp)
                values ('podcast:track:clgz9rir100yb3b6es2wej1x3', 'podcast:playlist:clgz9riqw000d3b6emzyjak9r', 407, 1461942000000)
      ;

        -- TODO: INSERT OR REPLACE once fixed in SKDB...
        -- INSERT OR REPLACE INTO library_tracks
        DELETE FROM library_tracks WHERE id = 'podcast:track:clgz9rir100ye3b6ebtw2zq54'; 
        INSERT INTO library_tracks
                (id, name, albumId, trackNumber, durationMs, isrc, imageUrl, audioUrl, externalLink, description)
                values ('podcast:track:clgz9rir100ye3b6ebtw2zq54', 'Noisia Radio S02E17', 'podcast:album:clgz9riqw000d3b6emzyjak9r-clgz9rir100yf3b6ezlywy8ya', 0, 3634000, null, 'https://episodes.castos.com/6138cb87d83982-66320119/images/itunes-image.png', 'https://episodes.castos.com/6138cb87d83982-66320119/EY7Dm3L7JoYkyKajOYRNVzJxWJx7u1rpAxY9trdk.mp3', 'https://visionradio.castos.com/episodes/noisia-radio-s02e17-2', 'The Upbeats take over for the first half hour in this week’s Noisia Radio, their voices might sound a bit different than usual. In the 2nd half we play you 2 new exclusives, and Nik found a handgrenade.')
      ;

        -- TODO: INSERT OR REPLACE once fixed in SKDB...
        -- INSERT OR REPLACE INTO library_artists
        DELETE FROM library_artists WHERE id = 'podcast:artist:clgz9riqw000d3b6emzyjak9r-clgz9rir100yg3b6egzdtgk1t';
        INSERT INTO library_artists
        (id, name, imageUrl, colorsString)
        values ('podcast:artist:clgz9riqw000d3b6emzyjak9r-clgz9rir100yg3b6egzdtgk1t', 'VISION Radio', 'https://episodes.castos.com/6138cb87d83982-66320119/images/itunes-image.png', null)
      ;

        INSERT INTO library_tracks_artists
        (trackId, artistId)
        values ('podcast:track:clgz9rir100ye3b6ebtw2zq54', 'podcast:artist:clgz9riqw000d3b6emzyjak9r-clgz9rir100yg3b6egzdtgk1t')
      ;

        -- TODO: INSERT OR REPLACE once fixed in SKDB...
        -- INSERT OR REPLACE INTO library_albums
        DELETE FROM library_albums WHERE id = 'podcast:album:clgz9riqw000d3b6emzyjak9r-clgz9rir100yf3b6ezlywy8ya';
        INSERT INTO library_albums
        (id, name, colorsString, imageUrl, trackCount, releaseDate, copyrights)
        values ('podcast:album:clgz9riqw000d3b6emzyjak9r-clgz9rir100yf3b6ezlywy8ya', 'VISION Radio', null, 'https://episodes.castos.com/6138cb87d83982-66320119/images/itunes-image.png', 1, null, null)
      ;

        INSERT INTO library_tracks_playlists
                (trackId, playlistId, trackIndex, addedAtTimestamp)
                values ('podcast:track:clgz9rir100ye3b6ebtw2zq54', 'podcast:playlist:clgz9riqw000d3b6emzyjak9r', 408, 1461337200000)
      ;

        -- TODO: INSERT OR REPLACE once fixed in SKDB...
        -- INSERT OR REPLACE INTO library_tracks
        DELETE FROM library_tracks WHERE id = 'podcast:track:clgz9rir100yh3b6ez3f1q4vw'; 
        INSERT INTO library_tracks
                (id, name, albumId, trackNumber, durationMs, isrc, imageUrl, audioUrl, externalLink, description)
                values ('podcast:track:clgz9rir100yh3b6ez3f1q4vw', 'Noisia Radio S02E17', 'podcast:album:clgz9riqw000d3b6emzyjak9r-clgz9rir100yi3b6e7w0m80u7', 0, 3634000, null, 'https://episodes.castos.com/6138cb87d83982-66320119/images/itunes-image.png', 'https://episodes.castos.com/6138cb87d83982-66320119/VjHiBGcEQ6BLVXYW8yAFCbPT1CpohXmfEiAhiZ0y.mp3', 'https://visionradio.castos.com/episodes/noisia-radio-s02e17-2', 'The Upbeats take over for the first half hour in this week’s Noisia Radio, their voices might sound a bit different than usual. In the 2nd half we play you 2 new exclusives, and Nik found a handgrenade.')
      ;

        -- TODO: INSERT OR REPLACE once fixed in SKDB...
        -- INSERT OR REPLACE INTO library_artists
        DELETE FROM library_artists WHERE id = 'podcast:artist:clgz9riqw000d3b6emzyjak9r-clgz9rir100yj3b6eqc8gspqr';
        INSERT INTO library_artists
        (id, name, imageUrl, colorsString)
        values ('podcast:artist:clgz9riqw000d3b6emzyjak9r-clgz9rir100yj3b6eqc8gspqr', 'VISION Radio', 'https://episodes.castos.com/6138cb87d83982-66320119/images/itunes-image.png', null)
      ;

        INSERT INTO library_tracks_artists
        (trackId, artistId)
        values ('podcast:track:clgz9rir100yh3b6ez3f1q4vw', 'podcast:artist:clgz9riqw000d3b6emzyjak9r-clgz9rir100yj3b6eqc8gspqr')
      ;

        -- TODO: INSERT OR REPLACE once fixed in SKDB...
        -- INSERT OR REPLACE INTO library_albums
        DELETE FROM library_albums WHERE id = 'podcast:album:clgz9riqw000d3b6emzyjak9r-clgz9rir100yi3b6e7w0m80u7';
        INSERT INTO library_albums
        (id, name, colorsString, imageUrl, trackCount, releaseDate, copyrights)
        values ('podcast:album:clgz9riqw000d3b6emzyjak9r-clgz9rir100yi3b6e7w0m80u7', 'VISION Radio', null, 'https://episodes.castos.com/6138cb87d83982-66320119/images/itunes-image.png', 1, null, null)
      ;

        INSERT INTO library_tracks_playlists
                (trackId, playlistId, trackIndex, addedAtTimestamp)
                values ('podcast:track:clgz9rir100yh3b6ez3f1q4vw', 'podcast:playlist:clgz9riqw000d3b6emzyjak9r', 409, 1461337200000)
      ;

        -- TODO: INSERT OR REPLACE once fixed in SKDB...
        -- INSERT OR REPLACE INTO library_tracks
        DELETE FROM library_tracks WHERE id = 'podcast:track:clgz9rir100yk3b6e1av6m64c'; 
        INSERT INTO library_tracks
                (id, name, albumId, trackNumber, durationMs, isrc, imageUrl, audioUrl, externalLink, description)
                values ('podcast:track:clgz9rir100yk3b6e1av6m64c', 'Noisia Radio S02E16', 'podcast:album:clgz9riqw000d3b6emzyjak9r-clgz9rir100yl3b6eq2q295vz', 0, 3615000, null, 'https://episodes.castos.com/6138cb87d83982-66320119/images/itunes-image.png', 'https://episodes.castos.com/6138cb87d83982-66320119/u6q5JVEuCtCTjLX9dOSahmQVE1O7XGPC0TuKpa9Z.mp3', 'https://visionradio.castos.com/episodes/noisia-radio-s02e16-2', 'This week"s episode premieres new releases from our own imprints by The Upbeats, Posij and Subtension. Among the usual beats and dnb we like, Thijs explains why he mistakenly thought Martijn did karate. :D')
      ;

        -- TODO: INSERT OR REPLACE once fixed in SKDB...
        -- INSERT OR REPLACE INTO library_artists
        DELETE FROM library_artists WHERE id = 'podcast:artist:clgz9riqw000d3b6emzyjak9r-clgz9rir100ym3b6exb4wv2as';
        INSERT INTO library_artists
        (id, name, imageUrl, colorsString)
        values ('podcast:artist:clgz9riqw000d3b6emzyjak9r-clgz9rir100ym3b6exb4wv2as', 'VISION Radio', 'https://episodes.castos.com/6138cb87d83982-66320119/images/itunes-image.png', null)
      ;

        INSERT INTO library_tracks_artists
        (trackId, artistId)
        values ('podcast:track:clgz9rir100yk3b6e1av6m64c', 'podcast:artist:clgz9riqw000d3b6emzyjak9r-clgz9rir100ym3b6exb4wv2as')
      ;

        -- TODO: INSERT OR REPLACE once fixed in SKDB...
        -- INSERT OR REPLACE INTO library_albums
        DELETE FROM library_albums WHERE id = 'podcast:album:clgz9riqw000d3b6emzyjak9r-clgz9rir100yl3b6eq2q295vz';
        INSERT INTO library_albums
        (id, name, colorsString, imageUrl, trackCount, releaseDate, copyrights)
        values ('podcast:album:clgz9riqw000d3b6emzyjak9r-clgz9rir100yl3b6eq2q295vz', 'VISION Radio', null, 'https://episodes.castos.com/6138cb87d83982-66320119/images/itunes-image.png', 1, null, null)
      ;

        INSERT INTO library_tracks_playlists
                (trackId, playlistId, trackIndex, addedAtTimestamp)
                values ('podcast:track:clgz9rir100yk3b6e1av6m64c', 'podcast:playlist:clgz9riqw000d3b6emzyjak9r', 410, 1460732400000)
      ;

        -- TODO: INSERT OR REPLACE once fixed in SKDB...
        -- INSERT OR REPLACE INTO library_tracks
        DELETE FROM library_tracks WHERE id = 'podcast:track:clgz9rir100yn3b6ej6m7kgtv'; 
        INSERT INTO library_tracks
                (id, name, albumId, trackNumber, durationMs, isrc, imageUrl, audioUrl, externalLink, description)
                values ('podcast:track:clgz9rir100yn3b6ej6m7kgtv', 'Noisia Radio S02E15', 'podcast:album:clgz9riqw000d3b6emzyjak9r-clgz9rir100yo3b6eaokpge4b', 0, 3729000, null, 'https://episodes.castos.com/6138cb87d83982-66320119/images/itunes-image.png', 'https://episodes.castos.com/6138cb87d83982-66320119/S824uQCubyrug2k1uBQkpP6ttP66zQJyL7vKlD0k.mp3', 'https://visionradio.castos.com/episodes/noisia-radio-s02e15-2', 'Noisia radio this week: many exclusives, a new premier from the new various artists EP on Division, and Pharaoh from The Upbeats and Ivy Lab. We also play a request by Hunterday from Texas. Yeehaw!')
      ;

        -- TODO: INSERT OR REPLACE once fixed in SKDB...
        -- INSERT OR REPLACE INTO library_artists
        DELETE FROM library_artists WHERE id = 'podcast:artist:clgz9riqw000d3b6emzyjak9r-clgz9rir100yp3b6ey3sw4igk';
        INSERT INTO library_artists
        (id, name, imageUrl, colorsString)
        values ('podcast:artist:clgz9riqw000d3b6emzyjak9r-clgz9rir100yp3b6ey3sw4igk', 'VISION Radio', 'https://episodes.castos.com/6138cb87d83982-66320119/images/itunes-image.png', null)
      ;

        INSERT INTO library_tracks_artists
        (trackId, artistId)
        values ('podcast:track:clgz9rir100yn3b6ej6m7kgtv', 'podcast:artist:clgz9riqw000d3b6emzyjak9r-clgz9rir100yp3b6ey3sw4igk')
      ;

        -- TODO: INSERT OR REPLACE once fixed in SKDB...
        -- INSERT OR REPLACE INTO library_albums
        DELETE FROM library_albums WHERE id = 'podcast:album:clgz9riqw000d3b6emzyjak9r-clgz9rir100yo3b6eaokpge4b';
        INSERT INTO library_albums
        (id, name, colorsString, imageUrl, trackCount, releaseDate, copyrights)
        values ('podcast:album:clgz9riqw000d3b6emzyjak9r-clgz9rir100yo3b6eaokpge4b', 'VISION Radio', null, 'https://episodes.castos.com/6138cb87d83982-66320119/images/itunes-image.png', 1, null, null)
      ;

        INSERT INTO library_tracks_playlists
                (trackId, playlistId, trackIndex, addedAtTimestamp)
                values ('podcast:track:clgz9rir100yn3b6ej6m7kgtv', 'podcast:playlist:clgz9riqw000d3b6emzyjak9r', 411, 1460127600000)
      ;

        -- TODO: INSERT OR REPLACE once fixed in SKDB...
        -- INSERT OR REPLACE INTO library_tracks
        DELETE FROM library_tracks WHERE id = 'podcast:track:clgz9rir100yq3b6epk98qgyj'; 
        INSERT INTO library_tracks
                (id, name, albumId, trackNumber, durationMs, isrc, imageUrl, audioUrl, externalLink, description)
                values ('podcast:track:clgz9rir100yq3b6epk98qgyj', 'Noisia Radio S02E14', 'podcast:album:clgz9riqw000d3b6emzyjak9r-clgz9rir100yr3b6ea5trqq92', 0, 3744000, null, 'https://episodes.castos.com/6138cb87d83982-66320119/images/itunes-image.png', 'https://episodes.castos.com/6138cb87d83982-66320119/f2QpRBb9WZAuNym3B0LFHjG0CVelCRknPj13XiuR.mp3', 'https://visionradio.castos.com/episodes/noisia-radio-s02e14-2', 'This week in Nosia Radio; more exclusives from our own imprints, we answer some great questions from you guys and play you some old s**t we never finished that we finished!')
      ;

        -- TODO: INSERT OR REPLACE once fixed in SKDB...
        -- INSERT OR REPLACE INTO library_artists
        DELETE FROM library_artists WHERE id = 'podcast:artist:clgz9riqw000d3b6emzyjak9r-clgz9rir100ys3b6epcktg9ld';
        INSERT INTO library_artists
        (id, name, imageUrl, colorsString)
        values ('podcast:artist:clgz9riqw000d3b6emzyjak9r-clgz9rir100ys3b6epcktg9ld', 'VISION Radio', 'https://episodes.castos.com/6138cb87d83982-66320119/images/itunes-image.png', null)
      ;

        INSERT INTO library_tracks_artists
        (trackId, artistId)
        values ('podcast:track:clgz9rir100yq3b6epk98qgyj', 'podcast:artist:clgz9riqw000d3b6emzyjak9r-clgz9rir100ys3b6epcktg9ld')
      ;

        -- TODO: INSERT OR REPLACE once fixed in SKDB...
        -- INSERT OR REPLACE INTO library_albums
        DELETE FROM library_albums WHERE id = 'podcast:album:clgz9riqw000d3b6emzyjak9r-clgz9rir100yr3b6ea5trqq92';
        INSERT INTO library_albums
        (id, name, colorsString, imageUrl, trackCount, releaseDate, copyrights)
        values ('podcast:album:clgz9riqw000d3b6emzyjak9r-clgz9rir100yr3b6ea5trqq92', 'VISION Radio', null, 'https://episodes.castos.com/6138cb87d83982-66320119/images/itunes-image.png', 1, null, null)
      ;

        INSERT INTO library_tracks_playlists
                (trackId, playlistId, trackIndex, addedAtTimestamp)
                values ('podcast:track:clgz9rir100yq3b6epk98qgyj', 'podcast:playlist:clgz9riqw000d3b6emzyjak9r', 412, 1459522800000)
      ;

        -- TODO: INSERT OR REPLACE once fixed in SKDB...
        -- INSERT OR REPLACE INTO library_tracks
        DELETE FROM library_tracks WHERE id = 'podcast:track:clgz9rir100yt3b6eo8hafqpv'; 
        INSERT INTO library_tracks
                (id, name, albumId, trackNumber, durationMs, isrc, imageUrl, audioUrl, externalLink, description)
                values ('podcast:track:clgz9rir100yt3b6eo8hafqpv', 'Noisia Radio S02E13', 'podcast:album:clgz9riqw000d3b6emzyjak9r-clgz9rir100yu3b6e45arcg7i', 0, 3692000, null, 'https://episodes.castos.com/6138cb87d83982-66320119/images/itunes-image.png', 'https://episodes.castos.com/6138cb87d83982-66320119/AyyycqG1lkb2bU0UgUU4hNUkMfvdfoswuO4vwAiN.mp3', 'https://visionradio.castos.com/episodes/noisia-radio-s02e13-2', 'This week we premiere a track of our new various artists EP on Division by Signs, play awesome exclusives, enlighten you about ourselves in question time and end the show with one of our favorite artists Stephan Bodzin!')
      ;

        -- TODO: INSERT OR REPLACE once fixed in SKDB...
        -- INSERT OR REPLACE INTO library_artists
        DELETE FROM library_artists WHERE id = 'podcast:artist:clgz9riqw000d3b6emzyjak9r-clgz9rir100yv3b6eko6aebsg';
        INSERT INTO library_artists
        (id, name, imageUrl, colorsString)
        values ('podcast:artist:clgz9riqw000d3b6emzyjak9r-clgz9rir100yv3b6eko6aebsg', 'VISION Radio', 'https://episodes.castos.com/6138cb87d83982-66320119/images/itunes-image.png', null)
      ;

        INSERT INTO library_tracks_artists
        (trackId, artistId)
        values ('podcast:track:clgz9rir100yt3b6eo8hafqpv', 'podcast:artist:clgz9riqw000d3b6emzyjak9r-clgz9rir100yv3b6eko6aebsg')
      ;

        -- TODO: INSERT OR REPLACE once fixed in SKDB...
        -- INSERT OR REPLACE INTO library_albums
        DELETE FROM library_albums WHERE id = 'podcast:album:clgz9riqw000d3b6emzyjak9r-clgz9rir100yu3b6e45arcg7i';
        INSERT INTO library_albums
        (id, name, colorsString, imageUrl, trackCount, releaseDate, copyrights)
        values ('podcast:album:clgz9riqw000d3b6emzyjak9r-clgz9rir100yu3b6e45arcg7i', 'VISION Radio', null, 'https://episodes.castos.com/6138cb87d83982-66320119/images/itunes-image.png', 1, null, null)
      ;

        INSERT INTO library_tracks_playlists
                (trackId, playlistId, trackIndex, addedAtTimestamp)
                values ('podcast:track:clgz9rir100yt3b6eo8hafqpv', 'podcast:playlist:clgz9riqw000d3b6emzyjak9r', 413, 1458921600000)
      ;

        -- TODO: INSERT OR REPLACE once fixed in SKDB...
        -- INSERT OR REPLACE INTO library_tracks
        DELETE FROM library_tracks WHERE id = 'podcast:track:clgz9rir100yw3b6e45j60cno'; 
        INSERT INTO library_tracks
                (id, name, albumId, trackNumber, durationMs, isrc, imageUrl, audioUrl, externalLink, description)
                values ('podcast:track:clgz9rir100yw3b6e45j60cno', 'Noisia Radio S02E12', 'podcast:album:clgz9riqw000d3b6emzyjak9r-clgz9rir100yx3b6e6f4i96t3', 0, 3585000, null, 'https://episodes.castos.com/6138cb87d83982-66320119/images/itunes-image.png', 'https://episodes.castos.com/6138cb87d83982-66320119/I6avMYO2dzvwUOdWH77uNrnVtmA5CZDWqOLZ4Ltu.mp3', 'https://visionradio.castos.com/episodes/noisia-radio-s02e12-2', 'This week in #noisiaradio we listen to new music from Snake and Wolf aka The Upbeats, our Invisible imprint, and answer lots and lots of a few questions. ')
      ;

        -- TODO: INSERT OR REPLACE once fixed in SKDB...
        -- INSERT OR REPLACE INTO library_artists
        DELETE FROM library_artists WHERE id = 'podcast:artist:clgz9riqw000d3b6emzyjak9r-clgz9rir100yy3b6efi3pw2n0';
        INSERT INTO library_artists
        (id, name, imageUrl, colorsString)
        values ('podcast:artist:clgz9riqw000d3b6emzyjak9r-clgz9rir100yy3b6efi3pw2n0', 'VISION Radio', 'https://episodes.castos.com/6138cb87d83982-66320119/images/itunes-image.png', null)
      ;

        INSERT INTO library_tracks_artists
        (trackId, artistId)
        values ('podcast:track:clgz9rir100yw3b6e45j60cno', 'podcast:artist:clgz9riqw000d3b6emzyjak9r-clgz9rir100yy3b6efi3pw2n0')
      ;

        -- TODO: INSERT OR REPLACE once fixed in SKDB...
        -- INSERT OR REPLACE INTO library_albums
        DELETE FROM library_albums WHERE id = 'podcast:album:clgz9riqw000d3b6emzyjak9r-clgz9rir100yx3b6e6f4i96t3';
        INSERT INTO library_albums
        (id, name, colorsString, imageUrl, trackCount, releaseDate, copyrights)
        values ('podcast:album:clgz9riqw000d3b6emzyjak9r-clgz9rir100yx3b6e6f4i96t3', 'VISION Radio', null, 'https://episodes.castos.com/6138cb87d83982-66320119/images/itunes-image.png', 1, null, null)
      ;

        INSERT INTO library_tracks_playlists
                (trackId, playlistId, trackIndex, addedAtTimestamp)
                values ('podcast:track:clgz9rir100yw3b6e45j60cno', 'podcast:playlist:clgz9riqw000d3b6emzyjak9r', 414, 1458316800000)
      ;

        -- TODO: INSERT OR REPLACE once fixed in SKDB...
        -- INSERT OR REPLACE INTO library_tracks
        DELETE FROM library_tracks WHERE id = 'podcast:track:clgz9rir100yz3b6e857ky28u'; 
        INSERT INTO library_tracks
                (id, name, albumId, trackNumber, durationMs, isrc, imageUrl, audioUrl, externalLink, description)
                values ('podcast:track:clgz9rir100yz3b6e857ky28u', 'S02E11', 'podcast:album:clgz9riqw000d3b6emzyjak9r-clgz9rir100z03b6e953yev8c', 0, 3599000, null, 'https://episodes.castos.com/6138cb87d83982-66320119/images/itunes-image.png', 'https://episodes.castos.com/6138cb87d83982-66320119/VbnzAiDkcnNHEidobb3bNWS92KvK6UyO1EyO6rIv.mp3', 'https://visionradio.castos.com/episodes/s02e11-2', 'This week we help you cure your hangover, play a new Mefjus remix and try to keep it serious with occasional spurts of being not so serious.')
      ;

        -- TODO: INSERT OR REPLACE once fixed in SKDB...
        -- INSERT OR REPLACE INTO library_artists
        DELETE FROM library_artists WHERE id = 'podcast:artist:clgz9riqw000d3b6emzyjak9r-clgz9rir100z13b6e8cqe0gwn';
        INSERT INTO library_artists
        (id, name, imageUrl, colorsString)
        values ('podcast:artist:clgz9riqw000d3b6emzyjak9r-clgz9rir100z13b6e8cqe0gwn', 'VISION Radio', 'https://episodes.castos.com/6138cb87d83982-66320119/images/itunes-image.png', null)
      ;

        INSERT INTO library_tracks_artists
        (trackId, artistId)
        values ('podcast:track:clgz9rir100yz3b6e857ky28u', 'podcast:artist:clgz9riqw000d3b6emzyjak9r-clgz9rir100z13b6e8cqe0gwn')
      ;

        -- TODO: INSERT OR REPLACE once fixed in SKDB...
        -- INSERT OR REPLACE INTO library_albums
        DELETE FROM library_albums WHERE id = 'podcast:album:clgz9riqw000d3b6emzyjak9r-clgz9rir100z03b6e953yev8c';
        INSERT INTO library_albums
        (id, name, colorsString, imageUrl, trackCount, releaseDate, copyrights)
        values ('podcast:album:clgz9riqw000d3b6emzyjak9r-clgz9rir100z03b6e953yev8c', 'VISION Radio', null, 'https://episodes.castos.com/6138cb87d83982-66320119/images/itunes-image.png', 1, null, null)
      ;

        INSERT INTO library_tracks_playlists
                (trackId, playlistId, trackIndex, addedAtTimestamp)
                values ('podcast:track:clgz9rir100yz3b6e857ky28u', 'podcast:playlist:clgz9riqw000d3b6emzyjak9r', 415, 1457711700000)
      ;

        -- TODO: INSERT OR REPLACE once fixed in SKDB...
        -- INSERT OR REPLACE INTO library_tracks
        DELETE FROM library_tracks WHERE id = 'podcast:track:clgz9rir100z23b6ep00qjxch'; 
        INSERT INTO library_tracks
                (id, name, albumId, trackNumber, durationMs, isrc, imageUrl, audioUrl, externalLink, description)
                values ('podcast:track:clgz9rir100z23b6ep00qjxch', 'Noisia Radio S02E10', 'podcast:album:clgz9riqw000d3b6emzyjak9r-clgz9rir100z33b6eppvhr6gu', 0, 3635000, null, 'https://episodes.castos.com/6138cb87d83982-66320119/images/itunes-image.png', 'https://episodes.castos.com/6138cb87d83982-66320119/xsYMDtevJD2MhhrfRvUpB8DMTBgYVu5cTBPY3asT.mp3', 'https://visionradio.castos.com/episodes/noisia-radio-s02e10-2', 'With special guest Posij introducing his new single in the intro, more exclusive music, and sauce related questions! #noisiaradio ')
      ;

        -- TODO: INSERT OR REPLACE once fixed in SKDB...
        -- INSERT OR REPLACE INTO library_artists
        DELETE FROM library_artists WHERE id = 'podcast:artist:clgz9riqw000d3b6emzyjak9r-clgz9rir100z43b6e6nvnq531';
        INSERT INTO library_artists
        (id, name, imageUrl, colorsString)
        values ('podcast:artist:clgz9riqw000d3b6emzyjak9r-clgz9rir100z43b6e6nvnq531', 'VISION Radio', 'https://episodes.castos.com/6138cb87d83982-66320119/images/itunes-image.png', null)
      ;

        INSERT INTO library_tracks_artists
        (trackId, artistId)
        values ('podcast:track:clgz9rir100z23b6ep00qjxch', 'podcast:artist:clgz9riqw000d3b6emzyjak9r-clgz9rir100z43b6e6nvnq531')
      ;

        -- TODO: INSERT OR REPLACE once fixed in SKDB...
        -- INSERT OR REPLACE INTO library_albums
        DELETE FROM library_albums WHERE id = 'podcast:album:clgz9riqw000d3b6emzyjak9r-clgz9rir100z33b6eppvhr6gu';
        INSERT INTO library_albums
        (id, name, colorsString, imageUrl, trackCount, releaseDate, copyrights)
        values ('podcast:album:clgz9riqw000d3b6emzyjak9r-clgz9rir100z33b6eppvhr6gu', 'VISION Radio', null, 'https://episodes.castos.com/6138cb87d83982-66320119/images/itunes-image.png', 1, null, null)
      ;

        INSERT INTO library_tracks_playlists
                (trackId, playlistId, trackIndex, addedAtTimestamp)
                values ('podcast:track:clgz9rir100z23b6ep00qjxch', 'podcast:playlist:clgz9riqw000d3b6emzyjak9r', 416, 1457105359000)
      ;

        -- TODO: INSERT OR REPLACE once fixed in SKDB...
        -- INSERT OR REPLACE INTO library_tracks
        DELETE FROM library_tracks WHERE id = 'podcast:track:clgz9rir100z53b6eqxwx11qk'; 
        INSERT INTO library_tracks
                (id, name, albumId, trackNumber, durationMs, isrc, imageUrl, audioUrl, externalLink, description)
                values ('podcast:track:clgz9rir100z53b6eqxwx11qk', 'Noisia Radio S02E09', 'podcast:album:clgz9riqw000d3b6emzyjak9r-clgz9rir100z63b6e3qvky0ns', 0, 3594000, null, 'https://episodes.castos.com/6138cb87d83982-66320119/images/itunes-image.png', 'https://episodes.castos.com/6138cb87d83982-66320119/DtKfWBe9x4YRtSTbB2qNG0S6nUKHIWX7TQncFbnz.mp3', 'https://visionradio.castos.com/episodes/noisia-radio-s02e09-2', 'This week we share some true stories about stage diving in question time, we play you new music, old sss we never finished, classic drum & bass tunes, and we use an Oxford comma in this text.')
      ;

        -- TODO: INSERT OR REPLACE once fixed in SKDB...
        -- INSERT OR REPLACE INTO library_artists
        DELETE FROM library_artists WHERE id = 'podcast:artist:clgz9riqw000d3b6emzyjak9r-clgz9rir100z73b6e1v83gwwl';
        INSERT INTO library_artists
        (id, name, imageUrl, colorsString)
        values ('podcast:artist:clgz9riqw000d3b6emzyjak9r-clgz9rir100z73b6e1v83gwwl', 'VISION Radio', 'https://episodes.castos.com/6138cb87d83982-66320119/images/itunes-image.png', null)
      ;

        INSERT INTO library_tracks_artists
        (trackId, artistId)
        values ('podcast:track:clgz9rir100z53b6eqxwx11qk', 'podcast:artist:clgz9riqw000d3b6emzyjak9r-clgz9rir100z73b6e1v83gwwl')
      ;

        -- TODO: INSERT OR REPLACE once fixed in SKDB...
        -- INSERT OR REPLACE INTO library_albums
        DELETE FROM library_albums WHERE id = 'podcast:album:clgz9riqw000d3b6emzyjak9r-clgz9rir100z63b6e3qvky0ns';
        INSERT INTO library_albums
        (id, name, colorsString, imageUrl, trackCount, releaseDate, copyrights)
        values ('podcast:album:clgz9riqw000d3b6emzyjak9r-clgz9rir100z63b6e3qvky0ns', 'VISION Radio', null, 'https://episodes.castos.com/6138cb87d83982-66320119/images/itunes-image.png', 1, null, null)
      ;

        INSERT INTO library_tracks_playlists
                (trackId, playlistId, trackIndex, addedAtTimestamp)
                values ('podcast:track:clgz9rir100z53b6eqxwx11qk', 'podcast:playlist:clgz9riqw000d3b6emzyjak9r', 417, 1456501960000)
      ;

        -- TODO: INSERT OR REPLACE once fixed in SKDB...
        -- INSERT OR REPLACE INTO library_tracks
        DELETE FROM library_tracks WHERE id = 'podcast:track:clgz9rir100z83b6ejho0b53v'; 
        INSERT INTO library_tracks
                (id, name, albumId, trackNumber, durationMs, isrc, imageUrl, audioUrl, externalLink, description)
                values ('podcast:track:clgz9rir100z83b6ejho0b53v', 'Noisia Radio S02E08', 'podcast:album:clgz9riqw000d3b6emzyjak9r-clgz9rir100z93b6emh7l02nf', 0, 3629000, null, 'https://episodes.castos.com/6138cb87d83982-66320119/images/itunes-image.png', 'https://episodes.castos.com/6138cb87d83982-66320119/1NiMTDvpc5RuncDXJtfAafPmLtKcb3hTVljWVBza.mp3', 'https://visionradio.castos.com/episodes/noisia-radio-s02e08-2', 'Brand new tune by Subtension, couple of ultra short freestyles by Martijn and we go in deep on question time this week :)')
      ;

        -- TODO: INSERT OR REPLACE once fixed in SKDB...
        -- INSERT OR REPLACE INTO library_artists
        DELETE FROM library_artists WHERE id = 'podcast:artist:clgz9riqw000d3b6emzyjak9r-clgz9rir100za3b6efscn6omx';
        INSERT INTO library_artists
        (id, name, imageUrl, colorsString)
        values ('podcast:artist:clgz9riqw000d3b6emzyjak9r-clgz9rir100za3b6efscn6omx', 'VISION Radio', 'https://episodes.castos.com/6138cb87d83982-66320119/images/itunes-image.png', null)
      ;

        INSERT INTO library_tracks_artists
        (trackId, artistId)
        values ('podcast:track:clgz9rir100z83b6ejho0b53v', 'podcast:artist:clgz9riqw000d3b6emzyjak9r-clgz9rir100za3b6efscn6omx')
      ;

        -- TODO: INSERT OR REPLACE once fixed in SKDB...
        -- INSERT OR REPLACE INTO library_albums
        DELETE FROM library_albums WHERE id = 'podcast:album:clgz9riqw000d3b6emzyjak9r-clgz9rir100z93b6emh7l02nf';
        INSERT INTO library_albums
        (id, name, colorsString, imageUrl, trackCount, releaseDate, copyrights)
        values ('podcast:album:clgz9riqw000d3b6emzyjak9r-clgz9rir100z93b6emh7l02nf', 'VISION Radio', null, 'https://episodes.castos.com/6138cb87d83982-66320119/images/itunes-image.png', 1, null, null)
      ;

        INSERT INTO library_tracks_playlists
                (trackId, playlistId, trackIndex, addedAtTimestamp)
                values ('podcast:track:clgz9rir100z83b6ejho0b53v', 'podcast:playlist:clgz9riqw000d3b6emzyjak9r', 418, 1455893460000)
      ;

        -- TODO: INSERT OR REPLACE once fixed in SKDB...
        -- INSERT OR REPLACE INTO library_tracks
        DELETE FROM library_tracks WHERE id = 'podcast:track:clgz9rir100zb3b6ezfujpdd0'; 
        INSERT INTO library_tracks
                (id, name, albumId, trackNumber, durationMs, isrc, imageUrl, audioUrl, externalLink, description)
                values ('podcast:track:clgz9rir100zb3b6ezfujpdd0', 'Noisia Radio S02E07', 'podcast:album:clgz9riqw000d3b6emzyjak9r-clgz9rir100zc3b6ew7984du3', 0, 3577000, null, 'https://episodes.castos.com/6138cb87d83982-66320119/images/itunes-image.png', 'https://episodes.castos.com/6138cb87d83982-66320119/FYHkX5t8D6tAZZ8cmizDz3oF8f3QsiCQBsNLp4wO.mp3', 'https://visionradio.castos.com/episodes/noisia-radio-s02e07-2', 'We answer some short questions about extreme fishing, sandwiches and sub bass mixing amidst exclusive tunes from Annix"s Limewax"s forthcoming albums.')
      ;

        -- TODO: INSERT OR REPLACE once fixed in SKDB...
        -- INSERT OR REPLACE INTO library_artists
        DELETE FROM library_artists WHERE id = 'podcast:artist:clgz9riqw000d3b6emzyjak9r-clgz9rir200zd3b6en30gtiwy';
        INSERT INTO library_artists
        (id, name, imageUrl, colorsString)
        values ('podcast:artist:clgz9riqw000d3b6emzyjak9r-clgz9rir200zd3b6en30gtiwy', 'VISION Radio', 'https://episodes.castos.com/6138cb87d83982-66320119/images/itunes-image.png', null)
      ;

        INSERT INTO library_tracks_artists
        (trackId, artistId)
        values ('podcast:track:clgz9rir100zb3b6ezfujpdd0', 'podcast:artist:clgz9riqw000d3b6emzyjak9r-clgz9rir200zd3b6en30gtiwy')
      ;

        -- TODO: INSERT OR REPLACE once fixed in SKDB...
        -- INSERT OR REPLACE INTO library_albums
        DELETE FROM library_albums WHERE id = 'podcast:album:clgz9riqw000d3b6emzyjak9r-clgz9rir100zc3b6ew7984du3';
        INSERT INTO library_albums
        (id, name, colorsString, imageUrl, trackCount, releaseDate, copyrights)
        values ('podcast:album:clgz9riqw000d3b6emzyjak9r-clgz9rir100zc3b6ew7984du3', 'VISION Radio', null, 'https://episodes.castos.com/6138cb87d83982-66320119/images/itunes-image.png', 1, null, null)
      ;

        INSERT INTO library_tracks_playlists
                (trackId, playlistId, trackIndex, addedAtTimestamp)
                values ('podcast:track:clgz9rir100zb3b6ezfujpdd0', 'podcast:playlist:clgz9riqw000d3b6emzyjak9r', 419, 1455289200000)
      ;

        -- TODO: INSERT OR REPLACE once fixed in SKDB...
        -- INSERT OR REPLACE INTO library_tracks
        DELETE FROM library_tracks WHERE id = 'podcast:track:clgz9rir200ze3b6emtqytx0b'; 
        INSERT INTO library_tracks
                (id, name, albumId, trackNumber, durationMs, isrc, imageUrl, audioUrl, externalLink, description)
                values ('podcast:track:clgz9rir200ze3b6emtqytx0b', 'Noisia Radio S02E07', 'podcast:album:clgz9riqw000d3b6emzyjak9r-clgz9rir200zf3b6em6orua2l', 0, 3577000, null, 'https://episodes.castos.com/6138cb87d83982-66320119/images/itunes-image.png', 'https://episodes.castos.com/6138cb87d83982-66320119/ZH6qw1auZNEudTqQthDHecfNTTDqwChzFdT7yd9I.mp3', 'https://visionradio.castos.com/episodes/noisia-radio-s02e07-2', 'We answer some short questions about extreme fishing, sandwiches and sub bass mixing amidst exclusive tunes from Annix"s Limewax"s forthcoming albums.')
      ;

        -- TODO: INSERT OR REPLACE once fixed in SKDB...
        -- INSERT OR REPLACE INTO library_artists
        DELETE FROM library_artists WHERE id = 'podcast:artist:clgz9riqw000d3b6emzyjak9r-clgz9rir200zg3b6e7tv3792n';
        INSERT INTO library_artists
        (id, name, imageUrl, colorsString)
        values ('podcast:artist:clgz9riqw000d3b6emzyjak9r-clgz9rir200zg3b6e7tv3792n', 'VISION Radio', 'https://episodes.castos.com/6138cb87d83982-66320119/images/itunes-image.png', null)
      ;

        INSERT INTO library_tracks_artists
        (trackId, artistId)
        values ('podcast:track:clgz9rir200ze3b6emtqytx0b', 'podcast:artist:clgz9riqw000d3b6emzyjak9r-clgz9rir200zg3b6e7tv3792n')
      ;

        -- TODO: INSERT OR REPLACE once fixed in SKDB...
        -- INSERT OR REPLACE INTO library_albums
        DELETE FROM library_albums WHERE id = 'podcast:album:clgz9riqw000d3b6emzyjak9r-clgz9rir200zf3b6em6orua2l';
        INSERT INTO library_albums
        (id, name, colorsString, imageUrl, trackCount, releaseDate, copyrights)
        values ('podcast:album:clgz9riqw000d3b6emzyjak9r-clgz9rir200zf3b6em6orua2l', 'VISION Radio', null, 'https://episodes.castos.com/6138cb87d83982-66320119/images/itunes-image.png', 1, null, null)
      ;

        INSERT INTO library_tracks_playlists
                (trackId, playlistId, trackIndex, addedAtTimestamp)
                values ('podcast:track:clgz9rir200ze3b6emtqytx0b', 'podcast:playlist:clgz9riqw000d3b6emzyjak9r', 420, 1455289200000)
      ;

        -- TODO: INSERT OR REPLACE once fixed in SKDB...
        -- INSERT OR REPLACE INTO library_tracks
        DELETE FROM library_tracks WHERE id = 'podcast:track:clgz9rir200zh3b6eystujtez'; 
        INSERT INTO library_tracks
                (id, name, albumId, trackNumber, durationMs, isrc, imageUrl, audioUrl, externalLink, description)
                values ('podcast:track:clgz9rir200zh3b6eystujtez', 'Noisia Radio S02E06 (incl. Ivy Lab guest mix)', 'podcast:album:clgz9riqw000d3b6emzyjak9r-clgz9rir200zi3b6e2zrq7fzd', 0, 3899000, null, 'https://episodes.castos.com/6138cb87d83982-66320119/images/itunes-image.png', 'https://episodes.castos.com/6138cb87d83982-66320119/Ptr0Kgb5QXNdkZVBL0qpS9fAstN0mkElyL5gmoHH.mp3', 'https://visionradio.castos.com/episodes/noisia-radio-s02e06-incl-ivy-lab-guest-mix-2', 'We have a guest mix by Ivy Lab to celebrate the release of the first Division various artists EP and this weeks exclusive is a heavy new tune from Prolix.')
      ;

        -- TODO: INSERT OR REPLACE once fixed in SKDB...
        -- INSERT OR REPLACE INTO library_artists
        DELETE FROM library_artists WHERE id = 'podcast:artist:clgz9riqw000d3b6emzyjak9r-clgz9rir200zj3b6efxh63hue';
        INSERT INTO library_artists
        (id, name, imageUrl, colorsString)
        values ('podcast:artist:clgz9riqw000d3b6emzyjak9r-clgz9rir200zj3b6efxh63hue', 'VISION Radio', 'https://episodes.castos.com/6138cb87d83982-66320119/images/itunes-image.png', null)
      ;

        INSERT INTO library_tracks_artists
        (trackId, artistId)
        values ('podcast:track:clgz9rir200zh3b6eystujtez', 'podcast:artist:clgz9riqw000d3b6emzyjak9r-clgz9rir200zj3b6efxh63hue')
      ;

        -- TODO: INSERT OR REPLACE once fixed in SKDB...
        -- INSERT OR REPLACE INTO library_albums
        DELETE FROM library_albums WHERE id = 'podcast:album:clgz9riqw000d3b6emzyjak9r-clgz9rir200zi3b6e2zrq7fzd';
        INSERT INTO library_albums
        (id, name, colorsString, imageUrl, trackCount, releaseDate, copyrights)
        values ('podcast:album:clgz9riqw000d3b6emzyjak9r-clgz9rir200zi3b6e2zrq7fzd', 'VISION Radio', null, 'https://episodes.castos.com/6138cb87d83982-66320119/images/itunes-image.png', 1, null, null)
      ;

        INSERT INTO library_tracks_playlists
                (trackId, playlistId, trackIndex, addedAtTimestamp)
                values ('podcast:track:clgz9rir200zh3b6eystujtez', 'podcast:playlist:clgz9riqw000d3b6emzyjak9r', 421, 1454683320000)
      ;

        -- TODO: INSERT OR REPLACE once fixed in SKDB...
        -- INSERT OR REPLACE INTO library_tracks
        DELETE FROM library_tracks WHERE id = 'podcast:track:clgz9rir200zk3b6eap0m2ojc'; 
        INSERT INTO library_tracks
                (id, name, albumId, trackNumber, durationMs, isrc, imageUrl, audioUrl, externalLink, description)
                values ('podcast:track:clgz9rir200zk3b6eap0m2ojc', 'Noisia Radio S02E06 (incl. Ivy Lab guest mix)', 'podcast:album:clgz9riqw000d3b6emzyjak9r-clgz9rir200zl3b6ej4ruyunz', 0, 3899000, null, 'https://episodes.castos.com/6138cb87d83982-66320119/images/itunes-image.png', 'https://episodes.castos.com/6138cb87d83982-66320119/f4oBZJgrUopJcwutdTF9KypqEhDMGwra4FeisVOK.mp3', 'https://visionradio.castos.com/episodes/noisia-radio-s02e06-incl-ivy-lab-guest-mix-2', 'We have a guest mix by Ivy Lab to celebrate the release of the first Division various artists EP and this weeks exclusive is a heavy new tune from Prolix.')
      ;

        -- TODO: INSERT OR REPLACE once fixed in SKDB...
        -- INSERT OR REPLACE INTO library_artists
        DELETE FROM library_artists WHERE id = 'podcast:artist:clgz9riqw000d3b6emzyjak9r-clgz9rir200zm3b6egrp312th';
        INSERT INTO library_artists
        (id, name, imageUrl, colorsString)
        values ('podcast:artist:clgz9riqw000d3b6emzyjak9r-clgz9rir200zm3b6egrp312th', 'VISION Radio', 'https://episodes.castos.com/6138cb87d83982-66320119/images/itunes-image.png', null)
      ;

        INSERT INTO library_tracks_artists
        (trackId, artistId)
        values ('podcast:track:clgz9rir200zk3b6eap0m2ojc', 'podcast:artist:clgz9riqw000d3b6emzyjak9r-clgz9rir200zm3b6egrp312th')
      ;

        -- TODO: INSERT OR REPLACE once fixed in SKDB...
        -- INSERT OR REPLACE INTO library_albums
        DELETE FROM library_albums WHERE id = 'podcast:album:clgz9riqw000d3b6emzyjak9r-clgz9rir200zl3b6ej4ruyunz';
        INSERT INTO library_albums
        (id, name, colorsString, imageUrl, trackCount, releaseDate, copyrights)
        values ('podcast:album:clgz9riqw000d3b6emzyjak9r-clgz9rir200zl3b6ej4ruyunz', 'VISION Radio', null, 'https://episodes.castos.com/6138cb87d83982-66320119/images/itunes-image.png', 1, null, null)
      ;

        INSERT INTO library_tracks_playlists
                (trackId, playlistId, trackIndex, addedAtTimestamp)
                values ('podcast:track:clgz9rir200zk3b6eap0m2ojc', 'podcast:playlist:clgz9riqw000d3b6emzyjak9r', 422, 1454683320000)
      ;

        -- TODO: INSERT OR REPLACE once fixed in SKDB...
        -- INSERT OR REPLACE INTO library_tracks
        DELETE FROM library_tracks WHERE id = 'podcast:track:clgz9rir200zn3b6eg23mu5nq'; 
        INSERT INTO library_tracks
                (id, name, albumId, trackNumber, durationMs, isrc, imageUrl, audioUrl, externalLink, description)
                values ('podcast:track:clgz9rir200zn3b6eg23mu5nq', 'Noisia Radio S02E05', 'podcast:album:clgz9riqw000d3b6emzyjak9r-clgz9rir200zo3b6ev2hffud8', 0, 3671000, null, 'https://episodes.castos.com/6138cb87d83982-66320119/images/itunes-image.png', 'https://episodes.castos.com/6138cb87d83982-66320119/M5F9i6tr9I3mWBI1xpgZS8FtlT1VKlMvmbwKn0vV.mp3', 'https://visionradio.castos.com/episodes/noisia-radio-s02e05-2', 'This week we answer our first round of audience questions, we forget to mention the fact that Invisible 018 is out today, and we have some nice musics to play.')
      ;

        -- TODO: INSERT OR REPLACE once fixed in SKDB...
        -- INSERT OR REPLACE INTO library_artists
        DELETE FROM library_artists WHERE id = 'podcast:artist:clgz9riqw000d3b6emzyjak9r-clgz9rir200zp3b6e5gg14dpw';
        INSERT INTO library_artists
        (id, name, imageUrl, colorsString)
        values ('podcast:artist:clgz9riqw000d3b6emzyjak9r-clgz9rir200zp3b6e5gg14dpw', 'VISION Radio', 'https://episodes.castos.com/6138cb87d83982-66320119/images/itunes-image.png', null)
      ;

        INSERT INTO library_tracks_artists
        (trackId, artistId)
        values ('podcast:track:clgz9rir200zn3b6eg23mu5nq', 'podcast:artist:clgz9riqw000d3b6emzyjak9r-clgz9rir200zp3b6e5gg14dpw')
      ;

        -- TODO: INSERT OR REPLACE once fixed in SKDB...
        -- INSERT OR REPLACE INTO library_albums
        DELETE FROM library_albums WHERE id = 'podcast:album:clgz9riqw000d3b6emzyjak9r-clgz9rir200zo3b6ev2hffud8';
        INSERT INTO library_albums
        (id, name, colorsString, imageUrl, trackCount, releaseDate, copyrights)
        values ('podcast:album:clgz9riqw000d3b6emzyjak9r-clgz9rir200zo3b6ev2hffud8', 'VISION Radio', null, 'https://episodes.castos.com/6138cb87d83982-66320119/images/itunes-image.png', 1, null, null)
      ;

        INSERT INTO library_tracks_playlists
                (trackId, playlistId, trackIndex, addedAtTimestamp)
                values ('podcast:track:clgz9rir200zn3b6eg23mu5nq', 'podcast:playlist:clgz9riqw000d3b6emzyjak9r', 423, 1454084556000)
      ;

        -- TODO: INSERT OR REPLACE once fixed in SKDB...
        -- INSERT OR REPLACE INTO library_tracks
        DELETE FROM library_tracks WHERE id = 'podcast:track:clgz9rir200zq3b6ex35y7qut'; 
        INSERT INTO library_tracks
                (id, name, albumId, trackNumber, durationMs, isrc, imageUrl, audioUrl, externalLink, description)
                values ('podcast:track:clgz9rir200zq3b6ex35y7qut', 'Noisia Radio S02E04', 'podcast:album:clgz9riqw000d3b6emzyjak9r-clgz9rir200zr3b6etuyr35w9', 0, 3600000, null, 'https://episodes.castos.com/6138cb87d83982-66320119/images/itunes-image.png', 'https://episodes.castos.com/6138cb87d83982-66320119/sMYgAaYBtYTSA1jRo1pF99TS7OM1kblOScqbtH8Q.mp3', 'https://visionradio.castos.com/episodes/noisia-radio-s02e04-2', 'We"re premiering West Coastin" by Ponicz this week, and we"re also introducing a new segment into our show!')
      ;

        -- TODO: INSERT OR REPLACE once fixed in SKDB...
        -- INSERT OR REPLACE INTO library_artists
        DELETE FROM library_artists WHERE id = 'podcast:artist:clgz9riqw000d3b6emzyjak9r-clgz9rir200zs3b6e77eay4m3';
        INSERT INTO library_artists
        (id, name, imageUrl, colorsString)
        values ('podcast:artist:clgz9riqw000d3b6emzyjak9r-clgz9rir200zs3b6e77eay4m3', 'VISION Radio', 'https://episodes.castos.com/6138cb87d83982-66320119/images/itunes-image.png', null)
      ;

        INSERT INTO library_tracks_artists
        (trackId, artistId)
        values ('podcast:track:clgz9rir200zq3b6ex35y7qut', 'podcast:artist:clgz9riqw000d3b6emzyjak9r-clgz9rir200zs3b6e77eay4m3')
      ;

        -- TODO: INSERT OR REPLACE once fixed in SKDB...
        -- INSERT OR REPLACE INTO library_albums
        DELETE FROM library_albums WHERE id = 'podcast:album:clgz9riqw000d3b6emzyjak9r-clgz9rir200zr3b6etuyr35w9';
        INSERT INTO library_albums
        (id, name, colorsString, imageUrl, trackCount, releaseDate, copyrights)
        values ('podcast:album:clgz9riqw000d3b6emzyjak9r-clgz9rir200zr3b6etuyr35w9', 'VISION Radio', null, 'https://episodes.castos.com/6138cb87d83982-66320119/images/itunes-image.png', 1, null, null)
      ;

        INSERT INTO library_tracks_playlists
                (trackId, playlistId, trackIndex, addedAtTimestamp)
                values ('podcast:track:clgz9rir200zq3b6ex35y7qut', 'podcast:playlist:clgz9riqw000d3b6emzyjak9r', 424, 1453474800000)
      ;

        -- TODO: INSERT OR REPLACE once fixed in SKDB...
        -- INSERT OR REPLACE INTO library_tracks
        DELETE FROM library_tracks WHERE id = 'podcast:track:clgz9rir200zt3b6e2fe7o4gs'; 
        INSERT INTO library_tracks
                (id, name, albumId, trackNumber, durationMs, isrc, imageUrl, audioUrl, externalLink, description)
                values ('podcast:track:clgz9rir200zt3b6e2fe7o4gs', 'Noisia Radio S02E03', 'podcast:album:clgz9riqw000d3b6emzyjak9r-clgz9rir200zu3b6eodz4nh92', 0, 3615000, null, 'https://episodes.castos.com/6138cb87d83982-66320119/images/itunes-image.png', 'https://episodes.castos.com/6138cb87d83982-66320119/3C6GcomvdLhwBMDLblKj4BFnFkIBOjraOcPQUOSB.mp3', 'https://visionradio.castos.com/episodes/noisia-radio-s02e03-2', 'After last week’s premiere of our collab with Ivy Lab, we’ve got another fresh cut off the forthcoming Division EP, this week it’s one by Signs. Nik has a pretty bad cough.')
      ;

        -- TODO: INSERT OR REPLACE once fixed in SKDB...
        -- INSERT OR REPLACE INTO library_artists
        DELETE FROM library_artists WHERE id = 'podcast:artist:clgz9riqw000d3b6emzyjak9r-clgz9rir200zv3b6ei3aid2y3';
        INSERT INTO library_artists
        (id, name, imageUrl, colorsString)
        values ('podcast:artist:clgz9riqw000d3b6emzyjak9r-clgz9rir200zv3b6ei3aid2y3', 'VISION Radio', 'https://episodes.castos.com/6138cb87d83982-66320119/images/itunes-image.png', null)
      ;

        INSERT INTO library_tracks_artists
        (trackId, artistId)
        values ('podcast:track:clgz9rir200zt3b6e2fe7o4gs', 'podcast:artist:clgz9riqw000d3b6emzyjak9r-clgz9rir200zv3b6ei3aid2y3')
      ;

        -- TODO: INSERT OR REPLACE once fixed in SKDB...
        -- INSERT OR REPLACE INTO library_albums
        DELETE FROM library_albums WHERE id = 'podcast:album:clgz9riqw000d3b6emzyjak9r-clgz9rir200zu3b6eodz4nh92';
        INSERT INTO library_albums
        (id, name, colorsString, imageUrl, trackCount, releaseDate, copyrights)
        values ('podcast:album:clgz9riqw000d3b6emzyjak9r-clgz9rir200zu3b6eodz4nh92', 'VISION Radio', null, 'https://episodes.castos.com/6138cb87d83982-66320119/images/itunes-image.png', 1, null, null)
      ;

        INSERT INTO library_tracks_playlists
                (trackId, playlistId, trackIndex, addedAtTimestamp)
                values ('podcast:track:clgz9rir200zt3b6e2fe7o4gs', 'podcast:playlist:clgz9riqw000d3b6emzyjak9r', 425, 1452872700000)
      ;

        -- TODO: INSERT OR REPLACE once fixed in SKDB...
        -- INSERT OR REPLACE INTO library_tracks
        DELETE FROM library_tracks WHERE id = 'podcast:track:clgz9rir200zw3b6eucr218um'; 
        INSERT INTO library_tracks
                (id, name, albumId, trackNumber, durationMs, isrc, imageUrl, audioUrl, externalLink, description)
                values ('podcast:track:clgz9rir200zw3b6eucr218um', 'Noisia Radio S02E02', 'podcast:album:clgz9riqw000d3b6emzyjak9r-clgz9rir200zx3b6eprkz2v6i', 0, 3625000, null, 'https://episodes.castos.com/6138cb87d83982-66320119/images/itunes-image.png', 'https://episodes.castos.com/6138cb87d83982-66320119/TvuiQwxSl5UzeyMpReCT0TN5qbfsHwf5kA8QkfLe.mp3', 'https://visionradio.castos.com/episodes/noisia-radio-s02e02-2', 'We"re proud to premier our collab with Ivy Lab today, and we"ve got a great follow-up as well: brand new music from Calyx & Teebee!')
      ;

        -- TODO: INSERT OR REPLACE once fixed in SKDB...
        -- INSERT OR REPLACE INTO library_artists
        DELETE FROM library_artists WHERE id = 'podcast:artist:clgz9riqw000d3b6emzyjak9r-clgz9rir200zy3b6egg0ylnkh';
        INSERT INTO library_artists
        (id, name, imageUrl, colorsString)
        values ('podcast:artist:clgz9riqw000d3b6emzyjak9r-clgz9rir200zy3b6egg0ylnkh', 'VISION Radio', 'https://episodes.castos.com/6138cb87d83982-66320119/images/itunes-image.png', null)
      ;

        INSERT INTO library_tracks_artists
        (trackId, artistId)
        values ('podcast:track:clgz9rir200zw3b6eucr218um', 'podcast:artist:clgz9riqw000d3b6emzyjak9r-clgz9rir200zy3b6egg0ylnkh')
      ;

        -- TODO: INSERT OR REPLACE once fixed in SKDB...
        -- INSERT OR REPLACE INTO library_albums
        DELETE FROM library_albums WHERE id = 'podcast:album:clgz9riqw000d3b6emzyjak9r-clgz9rir200zx3b6eprkz2v6i';
        INSERT INTO library_albums
        (id, name, colorsString, imageUrl, trackCount, releaseDate, copyrights)
        values ('podcast:album:clgz9riqw000d3b6emzyjak9r-clgz9rir200zx3b6eprkz2v6i', 'VISION Radio', null, 'https://episodes.castos.com/6138cb87d83982-66320119/images/itunes-image.png', 1, null, null)
      ;

        INSERT INTO library_tracks_playlists
                (trackId, playlistId, trackIndex, addedAtTimestamp)
                values ('podcast:track:clgz9rir200zw3b6eucr218um', 'podcast:playlist:clgz9riqw000d3b6emzyjak9r', 426, 1452262705000)
      ;

        -- TODO: INSERT OR REPLACE once fixed in SKDB...
        -- INSERT OR REPLACE INTO library_tracks
        DELETE FROM library_tracks WHERE id = 'podcast:track:clgz9rir200zz3b6ec35f79yg'; 
        INSERT INTO library_tracks
                (id, name, albumId, trackNumber, durationMs, isrc, imageUrl, audioUrl, externalLink, description)
                values ('podcast:track:clgz9rir200zz3b6ec35f79yg', 'Noisia Radio S02E01', 'podcast:album:clgz9riqw000d3b6emzyjak9r-clgz9rir201003b6ea3fey4i9', 0, 3605000, null, 'https://episodes.castos.com/6138cb87d83982-66320119/images/itunes-image.png', 'https://episodes.castos.com/6138cb87d83982-66320119/fD1df3jGo5ZV6BBIfjL3YTGRcszArEvg1QOm2ANw.mp3', 'https://visionradio.castos.com/episodes/noisia-radio-s02e01-2', 'Nik and Martijn are in Seattle, recording the first radio show of the year in a professionally soundproofed hotel room, while eating festive crackers. Happy 2016!')
      ;

        -- TODO: INSERT OR REPLACE once fixed in SKDB...
        -- INSERT OR REPLACE INTO library_artists
        DELETE FROM library_artists WHERE id = 'podcast:artist:clgz9riqw000d3b6emzyjak9r-clgz9rir201013b6et8gt369h';
        INSERT INTO library_artists
        (id, name, imageUrl, colorsString)
        values ('podcast:artist:clgz9riqw000d3b6emzyjak9r-clgz9rir201013b6et8gt369h', 'VISION Radio', 'https://episodes.castos.com/6138cb87d83982-66320119/images/itunes-image.png', null)
      ;

        INSERT INTO library_tracks_artists
        (trackId, artistId)
        values ('podcast:track:clgz9rir200zz3b6ec35f79yg', 'podcast:artist:clgz9riqw000d3b6emzyjak9r-clgz9rir201013b6et8gt369h')
      ;

        -- TODO: INSERT OR REPLACE once fixed in SKDB...
        -- INSERT OR REPLACE INTO library_albums
        DELETE FROM library_albums WHERE id = 'podcast:album:clgz9riqw000d3b6emzyjak9r-clgz9rir201003b6ea3fey4i9';
        INSERT INTO library_albums
        (id, name, colorsString, imageUrl, trackCount, releaseDate, copyrights)
        values ('podcast:album:clgz9riqw000d3b6emzyjak9r-clgz9rir201003b6ea3fey4i9', 'VISION Radio', null, 'https://episodes.castos.com/6138cb87d83982-66320119/images/itunes-image.png', 1, null, null)
      ;

        INSERT INTO library_tracks_playlists
                (trackId, playlistId, trackIndex, addedAtTimestamp)
                values ('podcast:track:clgz9rir200zz3b6ec35f79yg', 'podcast:playlist:clgz9riqw000d3b6emzyjak9r', 427, 1451666319000)
      ;

        -- TODO: INSERT OR REPLACE once fixed in SKDB...
        -- INSERT OR REPLACE INTO library_tracks
        DELETE FROM library_tracks WHERE id = 'podcast:track:clgz9rir201023b6exm3vdvkx'; 
        INSERT INTO library_tracks
                (id, name, albumId, trackNumber, durationMs, isrc, imageUrl, audioUrl, externalLink, description)
                values ('podcast:track:clgz9rir201023b6exm3vdvkx', 'Noisia Radio S01E27 (Favourites of 2015)', 'podcast:album:clgz9riqw000d3b6emzyjak9r-clgz9rir201033b6eamgvbybq', 0, 3840000, null, 'https://episodes.castos.com/6138cb87d83982-66320119/images/itunes-image.png', 'https://episodes.castos.com/6138cb87d83982-66320119/yiJ6zmG5w4wjiTZmon3semCGTxHU4mLfR3Tthhex.mp3', 'https://visionradio.castos.com/episodes/noisia-radio-s01e27-favourites-of-2015-2', 'In the last episode of the year the three of us go through our favourites from season 1 of Noisia Radio, and the presence of an airhorn soundboard in Nik"s vicinity makes for a very messy Christmas episode.')
      ;

        -- TODO: INSERT OR REPLACE once fixed in SKDB...
        -- INSERT OR REPLACE INTO library_artists
        DELETE FROM library_artists WHERE id = 'podcast:artist:clgz9riqw000d3b6emzyjak9r-clgz9rir201043b6e5fta2b7b';
        INSERT INTO library_artists
        (id, name, imageUrl, colorsString)
        values ('podcast:artist:clgz9riqw000d3b6emzyjak9r-clgz9rir201043b6e5fta2b7b', 'VISION Radio', 'https://episodes.castos.com/6138cb87d83982-66320119/images/itunes-image.png', null)
      ;

        INSERT INTO library_tracks_artists
        (trackId, artistId)
        values ('podcast:track:clgz9rir201023b6exm3vdvkx', 'podcast:artist:clgz9riqw000d3b6emzyjak9r-clgz9rir201043b6e5fta2b7b')
      ;

        -- TODO: INSERT OR REPLACE once fixed in SKDB...
        -- INSERT OR REPLACE INTO library_albums
        DELETE FROM library_albums WHERE id = 'podcast:album:clgz9riqw000d3b6emzyjak9r-clgz9rir201033b6eamgvbybq';
        INSERT INTO library_albums
        (id, name, colorsString, imageUrl, trackCount, releaseDate, copyrights)
        values ('podcast:album:clgz9riqw000d3b6emzyjak9r-clgz9rir201033b6eamgvbybq', 'VISION Radio', null, 'https://episodes.castos.com/6138cb87d83982-66320119/images/itunes-image.png', 1, null, null)
      ;

        INSERT INTO library_tracks_playlists
                (trackId, playlistId, trackIndex, addedAtTimestamp)
                values ('podcast:track:clgz9rir201023b6exm3vdvkx', 'podcast:playlist:clgz9riqw000d3b6emzyjak9r', 428, 1451048640000)
      ;

        -- TODO: INSERT OR REPLACE once fixed in SKDB...
        -- INSERT OR REPLACE INTO library_tracks
        DELETE FROM library_tracks WHERE id = 'podcast:track:clgz9rir201053b6e2tcm9kau'; 
        INSERT INTO library_tracks
                (id, name, albumId, trackNumber, durationMs, isrc, imageUrl, audioUrl, externalLink, description)
                values ('podcast:track:clgz9rir201053b6e2tcm9kau', 'Noisia Radio S01E26', 'podcast:album:clgz9riqw000d3b6emzyjak9r-clgz9rir201063b6edtctbt9b', 0, 3620000, null, 'https://episodes.castos.com/6138cb87d83982-66320119/images/itunes-image.png', 'https://episodes.castos.com/6138cb87d83982-66320119/xjW8WVpISGMwSBnG8rGXNjvXhOIgNhv1u1b9e2po.mp3', 'https://visionradio.castos.com/episodes/noisia-radio-s01e26-2', 'This week we have four exclusive premieres and a lot of silly jokes and giggles from Martijn and Thijs.')
      ;

        -- TODO: INSERT OR REPLACE once fixed in SKDB...
        -- INSERT OR REPLACE INTO library_artists
        DELETE FROM library_artists WHERE id = 'podcast:artist:clgz9riqw000d3b6emzyjak9r-clgz9rir201073b6eo6c5cjwh';
        INSERT INTO library_artists
        (id, name, imageUrl, colorsString)
        values ('podcast:artist:clgz9riqw000d3b6emzyjak9r-clgz9rir201073b6eo6c5cjwh', 'VISION Radio', 'https://episodes.castos.com/6138cb87d83982-66320119/images/itunes-image.png', null)
      ;

        INSERT INTO library_tracks_artists
        (trackId, artistId)
        values ('podcast:track:clgz9rir201053b6e2tcm9kau', 'podcast:artist:clgz9riqw000d3b6emzyjak9r-clgz9rir201073b6eo6c5cjwh')
      ;

        -- TODO: INSERT OR REPLACE once fixed in SKDB...
        -- INSERT OR REPLACE INTO library_albums
        DELETE FROM library_albums WHERE id = 'podcast:album:clgz9riqw000d3b6emzyjak9r-clgz9rir201063b6edtctbt9b';
        INSERT INTO library_albums
        (id, name, colorsString, imageUrl, trackCount, releaseDate, copyrights)
        values ('podcast:album:clgz9riqw000d3b6emzyjak9r-clgz9rir201063b6edtctbt9b', 'VISION Radio', null, 'https://episodes.castos.com/6138cb87d83982-66320119/images/itunes-image.png', 1, null, null)
      ;

        INSERT INTO library_tracks_playlists
                (trackId, playlistId, trackIndex, addedAtTimestamp)
                values ('podcast:track:clgz9rir201053b6e2tcm9kau', 'podcast:playlist:clgz9riqw000d3b6emzyjak9r', 429, 1450452900000)
      ;

        -- TODO: INSERT OR REPLACE once fixed in SKDB...
        -- INSERT OR REPLACE INTO library_tracks
        DELETE FROM library_tracks WHERE id = 'podcast:track:clgz9rir201083b6el871cflq'; 
        INSERT INTO library_tracks
                (id, name, albumId, trackNumber, durationMs, isrc, imageUrl, audioUrl, externalLink, description)
                values ('podcast:track:clgz9rir201083b6el871cflq', 'Noisia Radio S01E25', 'podcast:album:clgz9riqw000d3b6emzyjak9r-clgz9rir201093b6ea0lwitlu', 0, 3611000, null, 'https://episodes.castos.com/6138cb87d83982-66320119/images/itunes-image.png', 'https://episodes.castos.com/6138cb87d83982-66320119/1iy2QRkrhuRwGBBNtw7hkela7uQVfhEOzPZMAtcF.mp3', 'https://visionradio.castos.com/episodes/noisia-radio-s01e25-2', 'This week we have another brand new Invisible track and Thijs gives a short lecture about aquatic birds.')
      ;

        -- TODO: INSERT OR REPLACE once fixed in SKDB...
        -- INSERT OR REPLACE INTO library_artists
        DELETE FROM library_artists WHERE id = 'podcast:artist:clgz9riqw000d3b6emzyjak9r-clgz9rir2010a3b6eehq16x7r';
        INSERT INTO library_artists
        (id, name, imageUrl, colorsString)
        values ('podcast:artist:clgz9riqw000d3b6emzyjak9r-clgz9rir2010a3b6eehq16x7r', 'VISION Radio', 'https://episodes.castos.com/6138cb87d83982-66320119/images/itunes-image.png', null)
      ;

        INSERT INTO library_tracks_artists
        (trackId, artistId)
        values ('podcast:track:clgz9rir201083b6el871cflq', 'podcast:artist:clgz9riqw000d3b6emzyjak9r-clgz9rir2010a3b6eehq16x7r')
      ;

        -- TODO: INSERT OR REPLACE once fixed in SKDB...
        -- INSERT OR REPLACE INTO library_albums
        DELETE FROM library_albums WHERE id = 'podcast:album:clgz9riqw000d3b6emzyjak9r-clgz9rir201093b6ea0lwitlu';
        INSERT INTO library_albums
        (id, name, colorsString, imageUrl, trackCount, releaseDate, copyrights)
        values ('podcast:album:clgz9riqw000d3b6emzyjak9r-clgz9rir201093b6ea0lwitlu', 'VISION Radio', null, 'https://episodes.castos.com/6138cb87d83982-66320119/images/itunes-image.png', 1, null, null)
      ;

        INSERT INTO library_tracks_playlists
                (trackId, playlistId, trackIndex, addedAtTimestamp)
                values ('podcast:track:clgz9rir201083b6el871cflq', 'podcast:playlist:clgz9riqw000d3b6emzyjak9r', 430, 1449843213000)
      ;

        -- TODO: INSERT OR REPLACE once fixed in SKDB...
        -- INSERT OR REPLACE INTO library_tracks
        DELETE FROM library_tracks WHERE id = 'podcast:track:clgz9rir2010b3b6ejw9j0jxo'; 
        INSERT INTO library_tracks
                (id, name, albumId, trackNumber, durationMs, isrc, imageUrl, audioUrl, externalLink, description)
                values ('podcast:track:clgz9rir2010b3b6ejw9j0jxo', 'Noisia Radio S01E24', 'podcast:album:clgz9riqw000d3b6emzyjak9r-clgz9rir2010c3b6e8owt6jnb', 0, 3654000, null, 'https://episodes.castos.com/6138cb87d83982-66320119/images/itunes-image.png', 'https://episodes.castos.com/6138cb87d83982-66320119/dB7ws4b4amwM83w2xrYkImgb5GZhiaYpYc6S8CB1.mp3', 'https://visionradio.castos.com/episodes/noisia-radio-s01e24-2', 'After winning best Album at the DNBA Awards, Mefjus is now about to drop his new EP on Neosignal and we’re proud to premiere “Chaos Theory” this week! Also: lots of music.')
      ;

        -- TODO: INSERT OR REPLACE once fixed in SKDB...
        -- INSERT OR REPLACE INTO library_artists
        DELETE FROM library_artists WHERE id = 'podcast:artist:clgz9riqw000d3b6emzyjak9r-clgz9rir2010d3b6egrp42ogd';
        INSERT INTO library_artists
        (id, name, imageUrl, colorsString)
        values ('podcast:artist:clgz9riqw000d3b6emzyjak9r-clgz9rir2010d3b6egrp42ogd', 'VISION Radio', 'https://episodes.castos.com/6138cb87d83982-66320119/images/itunes-image.png', null)
      ;

        INSERT INTO library_tracks_artists
        (trackId, artistId)
        values ('podcast:track:clgz9rir2010b3b6ejw9j0jxo', 'podcast:artist:clgz9riqw000d3b6emzyjak9r-clgz9rir2010d3b6egrp42ogd')
      ;

        -- TODO: INSERT OR REPLACE once fixed in SKDB...
        -- INSERT OR REPLACE INTO library_albums
        DELETE FROM library_albums WHERE id = 'podcast:album:clgz9riqw000d3b6emzyjak9r-clgz9rir2010c3b6e8owt6jnb';
        INSERT INTO library_albums
        (id, name, colorsString, imageUrl, trackCount, releaseDate, copyrights)
        values ('podcast:album:clgz9riqw000d3b6emzyjak9r-clgz9rir2010c3b6e8owt6jnb', 'VISION Radio', null, 'https://episodes.castos.com/6138cb87d83982-66320119/images/itunes-image.png', 1, null, null)
      ;

        INSERT INTO library_tracks_playlists
                (trackId, playlistId, trackIndex, addedAtTimestamp)
                values ('podcast:track:clgz9rir2010b3b6ejw9j0jxo', 'podcast:playlist:clgz9riqw000d3b6emzyjak9r', 431, 1449237600000)
      ;

        -- TODO: INSERT OR REPLACE once fixed in SKDB...
        -- INSERT OR REPLACE INTO library_tracks
        DELETE FROM library_tracks WHERE id = 'podcast:track:clgz9rir2010e3b6eigyvuuzw'; 
        INSERT INTO library_tracks
                (id, name, albumId, trackNumber, durationMs, isrc, imageUrl, audioUrl, externalLink, description)
                values ('podcast:track:clgz9rir2010e3b6eigyvuuzw', 'Noisia Radio S01E24', 'podcast:album:clgz9riqw000d3b6emzyjak9r-clgz9rir2010f3b6eibsacv9z', 0, 3654000, null, 'https://episodes.castos.com/6138cb87d83982-66320119/images/itunes-image.png', 'https://episodes.castos.com/6138cb87d83982-66320119/QMXTMCWA4PLydv94yleaklIsxk2yMp0O7esICqVe.mp3', 'https://visionradio.castos.com/episodes/noisia-radio-s01e24-2', 'After winning best Album at the DNBA Awards, Mefjus is now about to drop his new EP on Neosignal and we’re proud to premiere “Chaos Theory” this week! Also: lots of music.')
      ;

        -- TODO: INSERT OR REPLACE once fixed in SKDB...
        -- INSERT OR REPLACE INTO library_artists
        DELETE FROM library_artists WHERE id = 'podcast:artist:clgz9riqw000d3b6emzyjak9r-clgz9rir2010g3b6ensg3xxsg';
        INSERT INTO library_artists
        (id, name, imageUrl, colorsString)
        values ('podcast:artist:clgz9riqw000d3b6emzyjak9r-clgz9rir2010g3b6ensg3xxsg', 'VISION Radio', 'https://episodes.castos.com/6138cb87d83982-66320119/images/itunes-image.png', null)
      ;

        INSERT INTO library_tracks_artists
        (trackId, artistId)
        values ('podcast:track:clgz9rir2010e3b6eigyvuuzw', 'podcast:artist:clgz9riqw000d3b6emzyjak9r-clgz9rir2010g3b6ensg3xxsg')
      ;

        -- TODO: INSERT OR REPLACE once fixed in SKDB...
        -- INSERT OR REPLACE INTO library_albums
        DELETE FROM library_albums WHERE id = 'podcast:album:clgz9riqw000d3b6emzyjak9r-clgz9rir2010f3b6eibsacv9z';
        INSERT INTO library_albums
        (id, name, colorsString, imageUrl, trackCount, releaseDate, copyrights)
        values ('podcast:album:clgz9riqw000d3b6emzyjak9r-clgz9rir2010f3b6eibsacv9z', 'VISION Radio', null, 'https://episodes.castos.com/6138cb87d83982-66320119/images/itunes-image.png', 1, null, null)
      ;

        INSERT INTO library_tracks_playlists
                (trackId, playlistId, trackIndex, addedAtTimestamp)
                values ('podcast:track:clgz9rir2010e3b6eigyvuuzw', 'podcast:playlist:clgz9riqw000d3b6emzyjak9r', 432, 1449237600000)
      ;

        -- TODO: INSERT OR REPLACE once fixed in SKDB...
        -- INSERT OR REPLACE INTO library_tracks
        DELETE FROM library_tracks WHERE id = 'podcast:track:clgz9rir2010h3b6exyiirfg0'; 
        INSERT INTO library_tracks
                (id, name, albumId, trackNumber, durationMs, isrc, imageUrl, audioUrl, externalLink, description)
                values ('podcast:track:clgz9rir2010h3b6exyiirfg0', 'Noisia Radio S01E23 (incl. Xtrah guest mix)', 'podcast:album:clgz9riqw000d3b6emzyjak9r-clgz9rir2010i3b6eodgeu544', 0, 3590000, null, 'https://episodes.castos.com/6138cb87d83982-66320119/images/itunes-image.png', 'https://episodes.castos.com/6138cb87d83982-66320119/Yb3do30C9C8SrsXM3HHTIGQ7und85o3ScKJSEb4j.mp3', 'https://visionradio.castos.com/episodes/noisia-radio-s01e23-incl-xtrah-guest-mix-2', 'To celebrate the release of Xtrah"s “Gravitas EP” on Invisible Recordings, he"s taken over 30 minutes of this week"s episode. We also have a brand new Camo & Krooked remix of Zedd’s “True Colors”.')
      ;

        -- TODO: INSERT OR REPLACE once fixed in SKDB...
        -- INSERT OR REPLACE INTO library_artists
        DELETE FROM library_artists WHERE id = 'podcast:artist:clgz9riqw000d3b6emzyjak9r-clgz9rir2010j3b6e8lmlexby';
        INSERT INTO library_artists
        (id, name, imageUrl, colorsString)
        values ('podcast:artist:clgz9riqw000d3b6emzyjak9r-clgz9rir2010j3b6e8lmlexby', 'VISION Radio', 'https://episodes.castos.com/6138cb87d83982-66320119/images/itunes-image.png', null)
      ;

        INSERT INTO library_tracks_artists
        (trackId, artistId)
        values ('podcast:track:clgz9rir2010h3b6exyiirfg0', 'podcast:artist:clgz9riqw000d3b6emzyjak9r-clgz9rir2010j3b6e8lmlexby')
      ;

        -- TODO: INSERT OR REPLACE once fixed in SKDB...
        -- INSERT OR REPLACE INTO library_albums
        DELETE FROM library_albums WHERE id = 'podcast:album:clgz9riqw000d3b6emzyjak9r-clgz9rir2010i3b6eodgeu544';
        INSERT INTO library_albums
        (id, name, colorsString, imageUrl, trackCount, releaseDate, copyrights)
        values ('podcast:album:clgz9riqw000d3b6emzyjak9r-clgz9rir2010i3b6eodgeu544', 'VISION Radio', null, 'https://episodes.castos.com/6138cb87d83982-66320119/images/itunes-image.png', 1, null, null)
      ;

        INSERT INTO library_tracks_playlists
                (trackId, playlistId, trackIndex, addedAtTimestamp)
                values ('podcast:track:clgz9rir2010h3b6exyiirfg0', 'podcast:playlist:clgz9riqw000d3b6emzyjak9r', 433, 1448635312000)
      ;

        -- TODO: INSERT OR REPLACE once fixed in SKDB...
        -- INSERT OR REPLACE INTO library_tracks
        DELETE FROM library_tracks WHERE id = 'podcast:track:clgz9rir2010k3b6e38dyrvwr'; 
        INSERT INTO library_tracks
                (id, name, albumId, trackNumber, durationMs, isrc, imageUrl, audioUrl, externalLink, description)
                values ('podcast:track:clgz9rir2010k3b6e38dyrvwr', 'Noisia Radio S01E22', 'podcast:album:clgz9riqw000d3b6emzyjak9r-clgz9rir2010l3b6egomnguli', 0, 3627000, null, 'https://episodes.castos.com/6138cb87d83982-66320119/images/itunes-image.png', 'https://episodes.castos.com/6138cb87d83982-66320119/yZMf7lX0aFG7dKJut5gabjmRgLne4HDbew74n54m.mp3', 'https://visionradio.castos.com/episodes/noisia-radio-s01e22-2', 'This week we get excited about three exclusive premieres(!) by Rockwell, Bl4ck Owlz and The Clamps. Nik and Martijn also make a few stupid noises.')
      ;

        -- TODO: INSERT OR REPLACE once fixed in SKDB...
        -- INSERT OR REPLACE INTO library_artists
        DELETE FROM library_artists WHERE id = 'podcast:artist:clgz9riqw000d3b6emzyjak9r-clgz9rir2010m3b6eyo48r5y3';
        INSERT INTO library_artists
        (id, name, imageUrl, colorsString)
        values ('podcast:artist:clgz9riqw000d3b6emzyjak9r-clgz9rir2010m3b6eyo48r5y3', 'VISION Radio', 'https://episodes.castos.com/6138cb87d83982-66320119/images/itunes-image.png', null)
      ;

        INSERT INTO library_tracks_artists
        (trackId, artistId)
        values ('podcast:track:clgz9rir2010k3b6e38dyrvwr', 'podcast:artist:clgz9riqw000d3b6emzyjak9r-clgz9rir2010m3b6eyo48r5y3')
      ;

        -- TODO: INSERT OR REPLACE once fixed in SKDB...
        -- INSERT OR REPLACE INTO library_albums
        DELETE FROM library_albums WHERE id = 'podcast:album:clgz9riqw000d3b6emzyjak9r-clgz9rir2010l3b6egomnguli';
        INSERT INTO library_albums
        (id, name, colorsString, imageUrl, trackCount, releaseDate, copyrights)
        values ('podcast:album:clgz9riqw000d3b6emzyjak9r-clgz9rir2010l3b6egomnguli', 'VISION Radio', null, 'https://episodes.castos.com/6138cb87d83982-66320119/images/itunes-image.png', 1, null, null)
      ;

        INSERT INTO library_tracks_playlists
                (trackId, playlistId, trackIndex, addedAtTimestamp)
                values ('podcast:track:clgz9rir2010k3b6e38dyrvwr', 'podcast:playlist:clgz9riqw000d3b6emzyjak9r', 434, 1448022381000)
      ;

        -- TODO: INSERT OR REPLACE once fixed in SKDB...
        -- INSERT OR REPLACE INTO library_tracks
        DELETE FROM library_tracks WHERE id = 'podcast:track:clgz9rir2010n3b6e4e3xauz8'; 
        INSERT INTO library_tracks
                (id, name, albumId, trackNumber, durationMs, isrc, imageUrl, audioUrl, externalLink, description)
                values ('podcast:track:clgz9rir2010n3b6e4e3xauz8', 'Noisia Radio S01E22', 'podcast:album:clgz9riqw000d3b6emzyjak9r-clgz9rir2010o3b6ez6s6dhhy', 0, 3627000, null, 'https://episodes.castos.com/6138cb87d83982-66320119/images/itunes-image.png', 'https://episodes.castos.com/6138cb87d83982-66320119/4sPt2OxFQDuEif6kLXyocwZrxvVOGZu8DwXzfumz.mp3', 'https://visionradio.castos.com/episodes/noisia-radio-s01e22-2', 'This week we get excited about three exclusive premieres(!) by Rockwell, Bl4ck Owlz and The Clamps. Nik and Martijn also make a few stupid noises.')
      ;

        -- TODO: INSERT OR REPLACE once fixed in SKDB...
        -- INSERT OR REPLACE INTO library_artists
        DELETE FROM library_artists WHERE id = 'podcast:artist:clgz9riqw000d3b6emzyjak9r-clgz9rir2010p3b6ecwt7w0fl';
        INSERT INTO library_artists
        (id, name, imageUrl, colorsString)
        values ('podcast:artist:clgz9riqw000d3b6emzyjak9r-clgz9rir2010p3b6ecwt7w0fl', 'VISION Radio', 'https://episodes.castos.com/6138cb87d83982-66320119/images/itunes-image.png', null)
      ;

        INSERT INTO library_tracks_artists
        (trackId, artistId)
        values ('podcast:track:clgz9rir2010n3b6e4e3xauz8', 'podcast:artist:clgz9riqw000d3b6emzyjak9r-clgz9rir2010p3b6ecwt7w0fl')
      ;

        -- TODO: INSERT OR REPLACE once fixed in SKDB...
        -- INSERT OR REPLACE INTO library_albums
        DELETE FROM library_albums WHERE id = 'podcast:album:clgz9riqw000d3b6emzyjak9r-clgz9rir2010o3b6ez6s6dhhy';
        INSERT INTO library_albums
        (id, name, colorsString, imageUrl, trackCount, releaseDate, copyrights)
        values ('podcast:album:clgz9riqw000d3b6emzyjak9r-clgz9rir2010o3b6ez6s6dhhy', 'VISION Radio', null, 'https://episodes.castos.com/6138cb87d83982-66320119/images/itunes-image.png', 1, null, null)
      ;

        INSERT INTO library_tracks_playlists
                (trackId, playlistId, trackIndex, addedAtTimestamp)
                values ('podcast:track:clgz9rir2010n3b6e4e3xauz8', 'podcast:playlist:clgz9riqw000d3b6emzyjak9r', 435, 1448022381000)
      ;

        -- TODO: INSERT OR REPLACE once fixed in SKDB...
        -- INSERT OR REPLACE INTO library_tracks
        DELETE FROM library_tracks WHERE id = 'podcast:track:clgz9rir2010q3b6e3auq79ph'; 
        INSERT INTO library_tracks
                (id, name, albumId, trackNumber, durationMs, isrc, imageUrl, audioUrl, externalLink, description)
                values ('podcast:track:clgz9rir2010q3b6e3auq79ph', 'Noisia Radio S01E21', 'podcast:album:clgz9riqw000d3b6emzyjak9r-clgz9rir2010r3b6epo3cb22y', 0, 3605000, null, 'https://episodes.castos.com/6138cb87d83982-66320119/images/itunes-image.png', 'https://episodes.castos.com/6138cb87d83982-66320119/Mf3jNQ5nWKA4LxKVe83A9HUafavh2TCeHWzkA40F.mp3', 'https://visionradio.castos.com/episodes/noisia-radio-s01e21-2', 'Another week, another heap of music. Lots of things you probably haven"t heard before.')
      ;

        -- TODO: INSERT OR REPLACE once fixed in SKDB...
        -- INSERT OR REPLACE INTO library_artists
        DELETE FROM library_artists WHERE id = 'podcast:artist:clgz9riqw000d3b6emzyjak9r-clgz9rir2010s3b6e6y4grumo';
        INSERT INTO library_artists
        (id, name, imageUrl, colorsString)
        values ('podcast:artist:clgz9riqw000d3b6emzyjak9r-clgz9rir2010s3b6e6y4grumo', 'VISION Radio', 'https://episodes.castos.com/6138cb87d83982-66320119/images/itunes-image.png', null)
      ;

        INSERT INTO library_tracks_artists
        (trackId, artistId)
        values ('podcast:track:clgz9rir2010q3b6e3auq79ph', 'podcast:artist:clgz9riqw000d3b6emzyjak9r-clgz9rir2010s3b6e6y4grumo')
      ;

        -- TODO: INSERT OR REPLACE once fixed in SKDB...
        -- INSERT OR REPLACE INTO library_albums
        DELETE FROM library_albums WHERE id = 'podcast:album:clgz9riqw000d3b6emzyjak9r-clgz9rir2010r3b6epo3cb22y';
        INSERT INTO library_albums
        (id, name, colorsString, imageUrl, trackCount, releaseDate, copyrights)
        values ('podcast:album:clgz9riqw000d3b6emzyjak9r-clgz9rir2010r3b6epo3cb22y', 'VISION Radio', null, 'https://episodes.castos.com/6138cb87d83982-66320119/images/itunes-image.png', 1, null, null)
      ;

        INSERT INTO library_tracks_playlists
                (trackId, playlistId, trackIndex, addedAtTimestamp)
                values ('podcast:track:clgz9rir2010q3b6e3auq79ph', 'podcast:playlist:clgz9riqw000d3b6emzyjak9r', 436, 1447420559000)
      ;

        -- TODO: INSERT OR REPLACE once fixed in SKDB...
        -- INSERT OR REPLACE INTO library_tracks
        DELETE FROM library_tracks WHERE id = 'podcast:track:clgz9rir2010t3b6eoxeoh1c8'; 
        INSERT INTO library_tracks
                (id, name, albumId, trackNumber, durationMs, isrc, imageUrl, audioUrl, externalLink, description)
                values ('podcast:track:clgz9rir2010t3b6eoxeoh1c8', 'Noisia Radio S01E21', 'podcast:album:clgz9riqw000d3b6emzyjak9r-clgz9rir2010u3b6elfzfq9wk', 0, 3605000, null, 'https://episodes.castos.com/6138cb87d83982-66320119/images/itunes-image.png', 'https://episodes.castos.com/6138cb87d83982-66320119/U71ce5vwdfrxBap4EqUt8IRY3ysecf7gN35xX0pa.mp3', 'https://visionradio.castos.com/episodes/noisia-radio-s01e21-2', 'Another week, another heap of music. Lots of things you probably haven"t heard before.')
      ;

        -- TODO: INSERT OR REPLACE once fixed in SKDB...
        -- INSERT OR REPLACE INTO library_artists
        DELETE FROM library_artists WHERE id = 'podcast:artist:clgz9riqw000d3b6emzyjak9r-clgz9rir2010v3b6e1cnjnlj6';
        INSERT INTO library_artists
        (id, name, imageUrl, colorsString)
        values ('podcast:artist:clgz9riqw000d3b6emzyjak9r-clgz9rir2010v3b6e1cnjnlj6', 'VISION Radio', 'https://episodes.castos.com/6138cb87d83982-66320119/images/itunes-image.png', null)
      ;

        INSERT INTO library_tracks_artists
        (trackId, artistId)
        values ('podcast:track:clgz9rir2010t3b6eoxeoh1c8', 'podcast:artist:clgz9riqw000d3b6emzyjak9r-clgz9rir2010v3b6e1cnjnlj6')
      ;

        -- TODO: INSERT OR REPLACE once fixed in SKDB...
        -- INSERT OR REPLACE INTO library_albums
        DELETE FROM library_albums WHERE id = 'podcast:album:clgz9riqw000d3b6emzyjak9r-clgz9rir2010u3b6elfzfq9wk';
        INSERT INTO library_albums
        (id, name, colorsString, imageUrl, trackCount, releaseDate, copyrights)
        values ('podcast:album:clgz9riqw000d3b6emzyjak9r-clgz9rir2010u3b6elfzfq9wk', 'VISION Radio', null, 'https://episodes.castos.com/6138cb87d83982-66320119/images/itunes-image.png', 1, null, null)
      ;

        INSERT INTO library_tracks_playlists
                (trackId, playlistId, trackIndex, addedAtTimestamp)
                values ('podcast:track:clgz9rir2010t3b6eoxeoh1c8', 'podcast:playlist:clgz9riqw000d3b6emzyjak9r', 437, 1447420559000)
      ;

        -- TODO: INSERT OR REPLACE once fixed in SKDB...
        -- INSERT OR REPLACE INTO library_tracks
        DELETE FROM library_tracks WHERE id = 'podcast:track:clgz9rir2010w3b6eww27wzyr'; 
        INSERT INTO library_tracks
                (id, name, albumId, trackNumber, durationMs, isrc, imageUrl, audioUrl, externalLink, description)
                values ('podcast:track:clgz9rir2010w3b6eww27wzyr', 'Noisia Radio S01E20', 'podcast:album:clgz9riqw000d3b6emzyjak9r-clgz9rir2010x3b6ex7u1udtg', 0, 3646000, null, 'https://episodes.castos.com/6138cb87d83982-66320119/images/itunes-image.png', 'https://episodes.castos.com/6138cb87d83982-66320119/3aTibDaaiqbpBLVYz0GPPMyETaX64tXTXlaPaQok.mp3', 'https://visionradio.castos.com/episodes/noisia-radio-s01e20-2', 'This week our show features all three of us, a crazy new track from Phace and Culprate plus a whole lot more to tickle your brain genitals.')
      ;

        -- TODO: INSERT OR REPLACE once fixed in SKDB...
        -- INSERT OR REPLACE INTO library_artists
        DELETE FROM library_artists WHERE id = 'podcast:artist:clgz9riqw000d3b6emzyjak9r-clgz9rir2010y3b6e82gzv9cp';
        INSERT INTO library_artists
        (id, name, imageUrl, colorsString)
        values ('podcast:artist:clgz9riqw000d3b6emzyjak9r-clgz9rir2010y3b6e82gzv9cp', 'VISION Radio', 'https://episodes.castos.com/6138cb87d83982-66320119/images/itunes-image.png', null)
      ;

        INSERT INTO library_tracks_artists
        (trackId, artistId)
        values ('podcast:track:clgz9rir2010w3b6eww27wzyr', 'podcast:artist:clgz9riqw000d3b6emzyjak9r-clgz9rir2010y3b6e82gzv9cp')
      ;

        -- TODO: INSERT OR REPLACE once fixed in SKDB...
        -- INSERT OR REPLACE INTO library_albums
        DELETE FROM library_albums WHERE id = 'podcast:album:clgz9riqw000d3b6emzyjak9r-clgz9rir2010x3b6ex7u1udtg';
        INSERT INTO library_albums
        (id, name, colorsString, imageUrl, trackCount, releaseDate, copyrights)
        values ('podcast:album:clgz9riqw000d3b6emzyjak9r-clgz9rir2010x3b6ex7u1udtg', 'VISION Radio', null, 'https://episodes.castos.com/6138cb87d83982-66320119/images/itunes-image.png', 1, null, null)
      ;

        INSERT INTO library_tracks_playlists
                (trackId, playlistId, trackIndex, addedAtTimestamp)
                values ('podcast:track:clgz9rir2010w3b6eww27wzyr', 'podcast:playlist:clgz9riqw000d3b6emzyjak9r', 438, 1446823289000)
      ;

        -- TODO: INSERT OR REPLACE once fixed in SKDB...
        -- INSERT OR REPLACE INTO library_tracks
        DELETE FROM library_tracks WHERE id = 'podcast:track:clgz9rir2010z3b6ewmsez1hw'; 
        INSERT INTO library_tracks
                (id, name, albumId, trackNumber, durationMs, isrc, imageUrl, audioUrl, externalLink, description)
                values ('podcast:track:clgz9rir2010z3b6ewmsez1hw', 'Noisia Radio S01E20', 'podcast:album:clgz9riqw000d3b6emzyjak9r-clgz9rir201103b6explokclu', 0, 3646000, null, 'https://episodes.castos.com/6138cb87d83982-66320119/images/itunes-image.png', 'https://episodes.castos.com/6138cb87d83982-66320119/i3MRM0mTE9Z1tgJSqezqCVlGaJO9U22s6XChvJEG.mp3', 'https://visionradio.castos.com/episodes/noisia-radio-s01e20-2', 'This week our show features all three of us, a crazy new track from Phace and Culprate plus a whole lot more to tickle your brain genitals.')
      ;

        -- TODO: INSERT OR REPLACE once fixed in SKDB...
        -- INSERT OR REPLACE INTO library_artists
        DELETE FROM library_artists WHERE id = 'podcast:artist:clgz9riqw000d3b6emzyjak9r-clgz9rir201113b6ez4axr2kx';
        INSERT INTO library_artists
        (id, name, imageUrl, colorsString)
        values ('podcast:artist:clgz9riqw000d3b6emzyjak9r-clgz9rir201113b6ez4axr2kx', 'VISION Radio', 'https://episodes.castos.com/6138cb87d83982-66320119/images/itunes-image.png', null)
      ;

        INSERT INTO library_tracks_artists
        (trackId, artistId)
        values ('podcast:track:clgz9rir2010z3b6ewmsez1hw', 'podcast:artist:clgz9riqw000d3b6emzyjak9r-clgz9rir201113b6ez4axr2kx')
      ;

        -- TODO: INSERT OR REPLACE once fixed in SKDB...
        -- INSERT OR REPLACE INTO library_albums
        DELETE FROM library_albums WHERE id = 'podcast:album:clgz9riqw000d3b6emzyjak9r-clgz9rir201103b6explokclu';
        INSERT INTO library_albums
        (id, name, colorsString, imageUrl, trackCount, releaseDate, copyrights)
        values ('podcast:album:clgz9riqw000d3b6emzyjak9r-clgz9rir201103b6explokclu', 'VISION Radio', null, 'https://episodes.castos.com/6138cb87d83982-66320119/images/itunes-image.png', 1, null, null)
      ;

        INSERT INTO library_tracks_playlists
                (trackId, playlistId, trackIndex, addedAtTimestamp)
                values ('podcast:track:clgz9rir2010z3b6ewmsez1hw', 'podcast:playlist:clgz9riqw000d3b6emzyjak9r', 439, 1446823289000)
      ;

        -- TODO: INSERT OR REPLACE once fixed in SKDB...
        -- INSERT OR REPLACE INTO library_tracks
        DELETE FROM library_tracks WHERE id = 'podcast:track:clgz9rir201123b6e4ld1ii15'; 
        INSERT INTO library_tracks
                (id, name, albumId, trackNumber, durationMs, isrc, imageUrl, audioUrl, externalLink, description)
                values ('podcast:track:clgz9rir201123b6e4ld1ii15', 'Noisia Radio S01E19 (incl. Disprove guest mix)', 'podcast:album:clgz9riqw000d3b6emzyjak9r-clgz9rir201133b6enwp43fj9', 0, 3674000, null, 'https://episodes.castos.com/6138cb87d83982-66320119/images/itunes-image.png', 'https://episodes.castos.com/6138cb87d83982-66320119/Le9NTG5oeetay4yytStMbUzCKRqEFgyAKIXOiehK.mp3', 'https://visionradio.castos.com/episodes/noisia-radio-s01e19-incl-disprove-guest-mix-2', 'This week we bring you a brand new track we did with Phace, as well as the second collaboration we did with Xtrah for his forthcoming “Gravitas” EP. And since Invisible 016 is hitting the shelves today, we had Disprove from Italy do an Invisible Guest Mix')
      ;

        -- TODO: INSERT OR REPLACE once fixed in SKDB...
        -- INSERT OR REPLACE INTO library_artists
        DELETE FROM library_artists WHERE id = 'podcast:artist:clgz9riqw000d3b6emzyjak9r-clgz9rir201143b6e1q9wi2my';
        INSERT INTO library_artists
        (id, name, imageUrl, colorsString)
        values ('podcast:artist:clgz9riqw000d3b6emzyjak9r-clgz9rir201143b6e1q9wi2my', 'VISION Radio', 'https://episodes.castos.com/6138cb87d83982-66320119/images/itunes-image.png', null)
      ;

        INSERT INTO library_tracks_artists
        (trackId, artistId)
        values ('podcast:track:clgz9rir201123b6e4ld1ii15', 'podcast:artist:clgz9riqw000d3b6emzyjak9r-clgz9rir201143b6e1q9wi2my')
      ;

        -- TODO: INSERT OR REPLACE once fixed in SKDB...
        -- INSERT OR REPLACE INTO library_albums
        DELETE FROM library_albums WHERE id = 'podcast:album:clgz9riqw000d3b6emzyjak9r-clgz9rir201133b6enwp43fj9';
        INSERT INTO library_albums
        (id, name, colorsString, imageUrl, trackCount, releaseDate, copyrights)
        values ('podcast:album:clgz9riqw000d3b6emzyjak9r-clgz9rir201133b6enwp43fj9', 'VISION Radio', null, 'https://episodes.castos.com/6138cb87d83982-66320119/images/itunes-image.png', 1, null, null)
      ;

        INSERT INTO library_tracks_playlists
                (trackId, playlistId, trackIndex, addedAtTimestamp)
                values ('podcast:track:clgz9rir201123b6e4ld1ii15', 'podcast:playlist:clgz9riqw000d3b6emzyjak9r', 440, 1446209580000)
      ;

        -- TODO: INSERT OR REPLACE once fixed in SKDB...
        -- INSERT OR REPLACE INTO library_tracks
        DELETE FROM library_tracks WHERE id = 'podcast:track:clgz9rir201153b6en2fr1p3b'; 
        INSERT INTO library_tracks
                (id, name, albumId, trackNumber, durationMs, isrc, imageUrl, audioUrl, externalLink, description)
                values ('podcast:track:clgz9rir201153b6en2fr1p3b', 'Noisia Radio S01E18', 'podcast:album:clgz9riqw000d3b6emzyjak9r-clgz9rir201163b6e74fr3sqy', 0, 3650000, null, 'https://episodes.castos.com/6138cb87d83982-66320119/images/itunes-image.png', 'https://episodes.castos.com/6138cb87d83982-66320119/uehH8sACF7d0OfMpT1JDVrQ9EegcRwBqZQvOAfcL.mp3', 'https://visionradio.castos.com/episodes/noisia-radio-s01e18-2', 'After an extraordinary weekend with Noisia Invites Rome and Amsterdam we"re back to normal: Noisia Radio episode 18. We"ve got a brand new Audio track to premier, a track off Exit Recordings" new supergroup Modul8, and a whole lot more!')
      ;

        -- TODO: INSERT OR REPLACE once fixed in SKDB...
        -- INSERT OR REPLACE INTO library_artists
        DELETE FROM library_artists WHERE id = 'podcast:artist:clgz9riqw000d3b6emzyjak9r-clgz9rir201173b6e4yog3y8g';
        INSERT INTO library_artists
        (id, name, imageUrl, colorsString)
        values ('podcast:artist:clgz9riqw000d3b6emzyjak9r-clgz9rir201173b6e4yog3y8g', 'VISION Radio', 'https://episodes.castos.com/6138cb87d83982-66320119/images/itunes-image.png', null)
      ;

        INSERT INTO library_tracks_artists
        (trackId, artistId)
        values ('podcast:track:clgz9rir201153b6en2fr1p3b', 'podcast:artist:clgz9riqw000d3b6emzyjak9r-clgz9rir201173b6e4yog3y8g')
      ;

        -- TODO: INSERT OR REPLACE once fixed in SKDB...
        -- INSERT OR REPLACE INTO library_albums
        DELETE FROM library_albums WHERE id = 'podcast:album:clgz9riqw000d3b6emzyjak9r-clgz9rir201163b6e74fr3sqy';
        INSERT INTO library_albums
        (id, name, colorsString, imageUrl, trackCount, releaseDate, copyrights)
        values ('podcast:album:clgz9riqw000d3b6emzyjak9r-clgz9rir201163b6e74fr3sqy', 'VISION Radio', null, 'https://episodes.castos.com/6138cb87d83982-66320119/images/itunes-image.png', 1, null, null)
      ;

        INSERT INTO library_tracks_playlists
                (trackId, playlistId, trackIndex, addedAtTimestamp)
                values ('podcast:track:clgz9rir201153b6en2fr1p3b', 'podcast:playlist:clgz9riqw000d3b6emzyjak9r', 441, 1445605039000)
      ;

        -- TODO: INSERT OR REPLACE once fixed in SKDB...
        -- INSERT OR REPLACE INTO library_tracks
        DELETE FROM library_tracks WHERE id = 'podcast:track:clgz9rir201183b6ebjxl77gb'; 
        INSERT INTO library_tracks
                (id, name, albumId, trackNumber, durationMs, isrc, imageUrl, audioUrl, externalLink, description)
                values ('podcast:track:clgz9rir201183b6ebjxl77gb', 'Noisia Radio S01E17', 'podcast:album:clgz9riqw000d3b6emzyjak9r-clgz9rir201193b6ens8hdm5k', 0, 3792000, null, 'https://episodes.castos.com/6138cb87d83982-66320119/images/itunes-image.png', 'https://episodes.castos.com/6138cb87d83982-66320119/CMBSbINUIJgmI1iQAcSajpPgw2odINUFoPBQMjzZ.mp3', 'https://visionradio.castos.com/episodes/noisia-radio-s01e17-2', 'Another week, another schizophrenic selection. Lots of music we"re excited about! More new Misanthrop on RAM, Xtrah on Invisible and plenty of other stuff.')
      ;

        -- TODO: INSERT OR REPLACE once fixed in SKDB...
        -- INSERT OR REPLACE INTO library_artists
        DELETE FROM library_artists WHERE id = 'podcast:artist:clgz9riqw000d3b6emzyjak9r-clgz9rir2011a3b6e62f2fk1h';
        INSERT INTO library_artists
        (id, name, imageUrl, colorsString)
        values ('podcast:artist:clgz9riqw000d3b6emzyjak9r-clgz9rir2011a3b6e62f2fk1h', 'VISION Radio', 'https://episodes.castos.com/6138cb87d83982-66320119/images/itunes-image.png', null)
      ;

        INSERT INTO library_tracks_artists
        (trackId, artistId)
        values ('podcast:track:clgz9rir201183b6ebjxl77gb', 'podcast:artist:clgz9riqw000d3b6emzyjak9r-clgz9rir2011a3b6e62f2fk1h')
      ;

        -- TODO: INSERT OR REPLACE once fixed in SKDB...
        -- INSERT OR REPLACE INTO library_albums
        DELETE FROM library_albums WHERE id = 'podcast:album:clgz9riqw000d3b6emzyjak9r-clgz9rir201193b6ens8hdm5k';
        INSERT INTO library_albums
        (id, name, colorsString, imageUrl, trackCount, releaseDate, copyrights)
        values ('podcast:album:clgz9riqw000d3b6emzyjak9r-clgz9rir201193b6ens8hdm5k', 'VISION Radio', null, 'https://episodes.castos.com/6138cb87d83982-66320119/images/itunes-image.png', 1, null, null)
      ;

        INSERT INTO library_tracks_playlists
                (trackId, playlistId, trackIndex, addedAtTimestamp)
                values ('podcast:track:clgz9rir201183b6ebjxl77gb', 'podcast:playlist:clgz9riqw000d3b6emzyjak9r', 442, 1445009818000)
      ;

        -- TODO: INSERT OR REPLACE once fixed in SKDB...
        -- INSERT OR REPLACE INTO library_tracks
        DELETE FROM library_tracks WHERE id = 'podcast:track:clgz9rir2011b3b6el75ib4iy'; 
        INSERT INTO library_tracks
                (id, name, albumId, trackNumber, durationMs, isrc, imageUrl, audioUrl, externalLink, description)
                values ('podcast:track:clgz9rir2011b3b6el75ib4iy', 'Noisia Radio S01E16', 'podcast:album:clgz9riqw000d3b6emzyjak9r-clgz9rir2011c3b6e3loj4tve', 0, 3649000, null, 'https://episodes.castos.com/6138cb87d83982-66320119/images/itunes-image.png', 'https://episodes.castos.com/6138cb87d83982-66320119/wGMfHw3ZMdLCF9A00ogGA0UlW8hdwy3X7oTTJwin.mp3', 'https://visionradio.castos.com/episodes/noisia-radio-s01e16-2', 'This week we don"t have one but two exclusive premieres: We"ve got a brand new Misanthrop track on Ram Records and one of our two collabs with Xtrah off his forthcoming EP on Invisible. And of course a lot more good music!')
      ;

        -- TODO: INSERT OR REPLACE once fixed in SKDB...
        -- INSERT OR REPLACE INTO library_artists
        DELETE FROM library_artists WHERE id = 'podcast:artist:clgz9riqw000d3b6emzyjak9r-clgz9rir2011d3b6e4bdksde0';
        INSERT INTO library_artists
        (id, name, imageUrl, colorsString)
        values ('podcast:artist:clgz9riqw000d3b6emzyjak9r-clgz9rir2011d3b6e4bdksde0', 'VISION Radio', 'https://episodes.castos.com/6138cb87d83982-66320119/images/itunes-image.png', null)
      ;

        INSERT INTO library_tracks_artists
        (trackId, artistId)
        values ('podcast:track:clgz9rir2011b3b6el75ib4iy', 'podcast:artist:clgz9riqw000d3b6emzyjak9r-clgz9rir2011d3b6e4bdksde0')
      ;

        -- TODO: INSERT OR REPLACE once fixed in SKDB...
        -- INSERT OR REPLACE INTO library_albums
        DELETE FROM library_albums WHERE id = 'podcast:album:clgz9riqw000d3b6emzyjak9r-clgz9rir2011c3b6e3loj4tve';
        INSERT INTO library_albums
        (id, name, colorsString, imageUrl, trackCount, releaseDate, copyrights)
        values ('podcast:album:clgz9riqw000d3b6emzyjak9r-clgz9rir2011c3b6e3loj4tve', 'VISION Radio', null, 'https://episodes.castos.com/6138cb87d83982-66320119/images/itunes-image.png', 1, null, null)
      ;

        INSERT INTO library_tracks_playlists
                (trackId, playlistId, trackIndex, addedAtTimestamp)
                values ('podcast:track:clgz9rir2011b3b6el75ib4iy', 'podcast:playlist:clgz9riqw000d3b6emzyjak9r', 443, 1444395994000)
      ;

        -- TODO: INSERT OR REPLACE once fixed in SKDB...
        -- INSERT OR REPLACE INTO library_tracks
        DELETE FROM library_tracks WHERE id = 'podcast:track:clgz9rir2011e3b6e70k95b9m'; 
        INSERT INTO library_tracks
                (id, name, albumId, trackNumber, durationMs, isrc, imageUrl, audioUrl, externalLink, description)
                values ('podcast:track:clgz9rir2011e3b6e70k95b9m', 'Noisia Radio S01E16', 'podcast:album:clgz9riqw000d3b6emzyjak9r-clgz9rir2011f3b6ewfiw793l', 0, 3649000, null, 'https://episodes.castos.com/6138cb87d83982-66320119/images/itunes-image.png', 'https://episodes.castos.com/6138cb87d83982-66320119/eniSQX2zUZ4uLCiUTbR19BnLUWAWG7C6EnyX8gq1.mp3', 'https://visionradio.castos.com/episodes/noisia-radio-s01e16-2', 'This week we don"t have one but two exclusive premieres: We"ve got a brand new Misanthrop track on Ram Records and one of our two collabs with Xtrah off his forthcoming EP on Invisible. And of course a lot more good music!')
      ;

        -- TODO: INSERT OR REPLACE once fixed in SKDB...
        -- INSERT OR REPLACE INTO library_artists
        DELETE FROM library_artists WHERE id = 'podcast:artist:clgz9riqw000d3b6emzyjak9r-clgz9rir2011g3b6ez4zzcznh';
        INSERT INTO library_artists
        (id, name, imageUrl, colorsString)
        values ('podcast:artist:clgz9riqw000d3b6emzyjak9r-clgz9rir2011g3b6ez4zzcznh', 'VISION Radio', 'https://episodes.castos.com/6138cb87d83982-66320119/images/itunes-image.png', null)
      ;

        INSERT INTO library_tracks_artists
        (trackId, artistId)
        values ('podcast:track:clgz9rir2011e3b6e70k95b9m', 'podcast:artist:clgz9riqw000d3b6emzyjak9r-clgz9rir2011g3b6ez4zzcznh')
      ;

        -- TODO: INSERT OR REPLACE once fixed in SKDB...
        -- INSERT OR REPLACE INTO library_albums
        DELETE FROM library_albums WHERE id = 'podcast:album:clgz9riqw000d3b6emzyjak9r-clgz9rir2011f3b6ewfiw793l';
        INSERT INTO library_albums
        (id, name, colorsString, imageUrl, trackCount, releaseDate, copyrights)
        values ('podcast:album:clgz9riqw000d3b6emzyjak9r-clgz9rir2011f3b6ewfiw793l', 'VISION Radio', null, 'https://episodes.castos.com/6138cb87d83982-66320119/images/itunes-image.png', 1, null, null)
      ;

        INSERT INTO library_tracks_playlists
                (trackId, playlistId, trackIndex, addedAtTimestamp)
                values ('podcast:track:clgz9rir2011e3b6e70k95b9m', 'podcast:playlist:clgz9riqw000d3b6emzyjak9r', 444, 1444395994000)
      ;

        -- TODO: INSERT OR REPLACE once fixed in SKDB...
        -- INSERT OR REPLACE INTO library_tracks
        DELETE FROM library_tracks WHERE id = 'podcast:track:clgz9rir2011h3b6ez8dmb585'; 
        INSERT INTO library_tracks
                (id, name, albumId, trackNumber, durationMs, isrc, imageUrl, audioUrl, externalLink, description)
                values ('podcast:track:clgz9rir2011h3b6ez8dmb585', 'Noisia Radio S01E15', 'podcast:album:clgz9riqw000d3b6emzyjak9r-clgz9rir2011i3b6erzysk9ny', 0, 3673000, null, 'https://episodes.castos.com/6138cb87d83982-66320119/images/itunes-image.png', 'https://episodes.castos.com/6138cb87d83982-66320119/Run7h6xaMlkvDO0Rb17pbXaMKP8fc1snB9OVj5w2.mp3', 'https://visionradio.castos.com/episodes/noisia-radio-s01e15-2', 'Nik and Martijn recorded this week’s Noisia Radio in New Zealand where they are touring Oceania together with Jeremy from The Upbeats.')
      ;

        -- TODO: INSERT OR REPLACE once fixed in SKDB...
        -- INSERT OR REPLACE INTO library_artists
        DELETE FROM library_artists WHERE id = 'podcast:artist:clgz9riqw000d3b6emzyjak9r-clgz9rir2011j3b6e6svxnhw1';
        INSERT INTO library_artists
        (id, name, imageUrl, colorsString)
        values ('podcast:artist:clgz9riqw000d3b6emzyjak9r-clgz9rir2011j3b6e6svxnhw1', 'VISION Radio', 'https://episodes.castos.com/6138cb87d83982-66320119/images/itunes-image.png', null)
      ;

        INSERT INTO library_tracks_artists
        (trackId, artistId)
        values ('podcast:track:clgz9rir2011h3b6ez8dmb585', 'podcast:artist:clgz9riqw000d3b6emzyjak9r-clgz9rir2011j3b6e6svxnhw1')
      ;

        -- TODO: INSERT OR REPLACE once fixed in SKDB...
        -- INSERT OR REPLACE INTO library_albums
        DELETE FROM library_albums WHERE id = 'podcast:album:clgz9riqw000d3b6emzyjak9r-clgz9rir2011i3b6erzysk9ny';
        INSERT INTO library_albums
        (id, name, colorsString, imageUrl, trackCount, releaseDate, copyrights)
        values ('podcast:album:clgz9riqw000d3b6emzyjak9r-clgz9rir2011i3b6erzysk9ny', 'VISION Radio', null, 'https://episodes.castos.com/6138cb87d83982-66320119/images/itunes-image.png', 1, null, null)
      ;

        INSERT INTO library_tracks_playlists
                (trackId, playlistId, trackIndex, addedAtTimestamp)
                values ('podcast:track:clgz9rir2011h3b6ez8dmb585', 'podcast:playlist:clgz9riqw000d3b6emzyjak9r', 445, 1443787631000)
      ;

        -- TODO: INSERT OR REPLACE once fixed in SKDB...
        -- INSERT OR REPLACE INTO library_tracks
        DELETE FROM library_tracks WHERE id = 'podcast:track:clgz9rir2011k3b6e0oxh5yiu'; 
        INSERT INTO library_tracks
                (id, name, albumId, trackNumber, durationMs, isrc, imageUrl, audioUrl, externalLink, description)
                values ('podcast:track:clgz9rir2011k3b6e0oxh5yiu', 'Noisia Radio S01E15', 'podcast:album:clgz9riqw000d3b6emzyjak9r-clgz9rir2011l3b6enaqz4f74', 0, 3673000, null, 'https://episodes.castos.com/6138cb87d83982-66320119/images/itunes-image.png', 'https://episodes.castos.com/6138cb87d83982-66320119/kf94rt9eifK73g0swxzq3herZJpp8b1cU7JLHzrH.mp3', 'https://visionradio.castos.com/episodes/noisia-radio-s01e15-2', 'Nik and Martijn recorded this week’s Noisia Radio in New Zealand where they are touring Oceania together with Jeremy from The Upbeats.')
      ;

        -- TODO: INSERT OR REPLACE once fixed in SKDB...
        -- INSERT OR REPLACE INTO library_artists
        DELETE FROM library_artists WHERE id = 'podcast:artist:clgz9riqw000d3b6emzyjak9r-clgz9rir2011m3b6e674b5n95';
        INSERT INTO library_artists
        (id, name, imageUrl, colorsString)
        values ('podcast:artist:clgz9riqw000d3b6emzyjak9r-clgz9rir2011m3b6e674b5n95', 'VISION Radio', 'https://episodes.castos.com/6138cb87d83982-66320119/images/itunes-image.png', null)
      ;

        INSERT INTO library_tracks_artists
        (trackId, artistId)
        values ('podcast:track:clgz9rir2011k3b6e0oxh5yiu', 'podcast:artist:clgz9riqw000d3b6emzyjak9r-clgz9rir2011m3b6e674b5n95')
      ;

        -- TODO: INSERT OR REPLACE once fixed in SKDB...
        -- INSERT OR REPLACE INTO library_albums
        DELETE FROM library_albums WHERE id = 'podcast:album:clgz9riqw000d3b6emzyjak9r-clgz9rir2011l3b6enaqz4f74';
        INSERT INTO library_albums
        (id, name, colorsString, imageUrl, trackCount, releaseDate, copyrights)
        values ('podcast:album:clgz9riqw000d3b6emzyjak9r-clgz9rir2011l3b6enaqz4f74', 'VISION Radio', null, 'https://episodes.castos.com/6138cb87d83982-66320119/images/itunes-image.png', 1, null, null)
      ;

        INSERT INTO library_tracks_playlists
                (trackId, playlistId, trackIndex, addedAtTimestamp)
                values ('podcast:track:clgz9rir2011k3b6e0oxh5yiu', 'podcast:playlist:clgz9riqw000d3b6emzyjak9r', 446, 1443787631000)
      ;

        -- TODO: INSERT OR REPLACE once fixed in SKDB...
        -- INSERT OR REPLACE INTO library_tracks
        DELETE FROM library_tracks WHERE id = 'podcast:track:clgz9rir2011n3b6e8wlogx3j'; 
        INSERT INTO library_tracks
                (id, name, albumId, trackNumber, durationMs, isrc, imageUrl, audioUrl, externalLink, description)
                values ('podcast:track:clgz9rir2011n3b6e8wlogx3j', 'Noisia Radio S01E14', 'podcast:album:clgz9riqw000d3b6emzyjak9r-clgz9rir2011o3b6eywqx1qxx', 0, 3659000, null, 'https://episodes.castos.com/6138cb87d83982-66320119/images/itunes-image.png', 'https://episodes.castos.com/6138cb87d83982-66320119/wYZPKC8ZGaLBD8KHRE5nvAp0IuF8O5Q3dTbpa5UK.mp3', 'https://visionradio.castos.com/episodes/noisia-radio-s01e14-2', 'This week we’ve got Thijs (aka Thys hehehe) taking control of Noisia Radio, as Nik and Martijn have traveled Down Under to DJ. Expect an episode that’s maybe a little weirder than usual')
      ;

        -- TODO: INSERT OR REPLACE once fixed in SKDB...
        -- INSERT OR REPLACE INTO library_artists
        DELETE FROM library_artists WHERE id = 'podcast:artist:clgz9riqw000d3b6emzyjak9r-clgz9rir2011p3b6ehjgajh6k';
        INSERT INTO library_artists
        (id, name, imageUrl, colorsString)
        values ('podcast:artist:clgz9riqw000d3b6emzyjak9r-clgz9rir2011p3b6ehjgajh6k', 'VISION Radio', 'https://episodes.castos.com/6138cb87d83982-66320119/images/itunes-image.png', null)
      ;

        INSERT INTO library_tracks_artists
        (trackId, artistId)
        values ('podcast:track:clgz9rir2011n3b6e8wlogx3j', 'podcast:artist:clgz9riqw000d3b6emzyjak9r-clgz9rir2011p3b6ehjgajh6k')
      ;

        -- TODO: INSERT OR REPLACE once fixed in SKDB...
        -- INSERT OR REPLACE INTO library_albums
        DELETE FROM library_albums WHERE id = 'podcast:album:clgz9riqw000d3b6emzyjak9r-clgz9rir2011o3b6eywqx1qxx';
        INSERT INTO library_albums
        (id, name, colorsString, imageUrl, trackCount, releaseDate, copyrights)
        values ('podcast:album:clgz9riqw000d3b6emzyjak9r-clgz9rir2011o3b6eywqx1qxx', 'VISION Radio', null, 'https://episodes.castos.com/6138cb87d83982-66320119/images/itunes-image.png', 1, null, null)
      ;

        INSERT INTO library_tracks_playlists
                (trackId, playlistId, trackIndex, addedAtTimestamp)
                values ('podcast:track:clgz9rir2011n3b6e8wlogx3j', 'podcast:playlist:clgz9riqw000d3b6emzyjak9r', 447, 1443193806000)
      ;

        -- TODO: INSERT OR REPLACE once fixed in SKDB...
        -- INSERT OR REPLACE INTO library_tracks
        DELETE FROM library_tracks WHERE id = 'podcast:track:clgz9rir2011q3b6eg951ak4q'; 
        INSERT INTO library_tracks
                (id, name, albumId, trackNumber, durationMs, isrc, imageUrl, audioUrl, externalLink, description)
                values ('podcast:track:clgz9rir2011q3b6eg951ak4q', 'Noisia Radio S01E13', 'podcast:album:clgz9riqw000d3b6emzyjak9r-clgz9rir2011r3b6e2uuc6tub', 0, 3672000, null, 'https://episodes.castos.com/6138cb87d83982-66320119/images/itunes-image.png', 'https://episodes.castos.com/6138cb87d83982-66320119/G7Wx6ZxvLkTjmmRoGhJrCBEtjMAS19v7v9m0jZST.mp3', 'https://visionradio.castos.com/episodes/noisia-radio-s01e13-2', 'This week we take you from Silent Witness via Mongolian beats, all the way to Sofie Letitre.')
      ;

        -- TODO: INSERT OR REPLACE once fixed in SKDB...
        -- INSERT OR REPLACE INTO library_artists
        DELETE FROM library_artists WHERE id = 'podcast:artist:clgz9riqw000d3b6emzyjak9r-clgz9rir2011s3b6euyi0ikb2';
        INSERT INTO library_artists
        (id, name, imageUrl, colorsString)
        values ('podcast:artist:clgz9riqw000d3b6emzyjak9r-clgz9rir2011s3b6euyi0ikb2', 'VISION Radio', 'https://episodes.castos.com/6138cb87d83982-66320119/images/itunes-image.png', null)
      ;

        INSERT INTO library_tracks_artists
        (trackId, artistId)
        values ('podcast:track:clgz9rir2011q3b6eg951ak4q', 'podcast:artist:clgz9riqw000d3b6emzyjak9r-clgz9rir2011s3b6euyi0ikb2')
      ;

        -- TODO: INSERT OR REPLACE once fixed in SKDB...
        -- INSERT OR REPLACE INTO library_albums
        DELETE FROM library_albums WHERE id = 'podcast:album:clgz9riqw000d3b6emzyjak9r-clgz9rir2011r3b6e2uuc6tub';
        INSERT INTO library_albums
        (id, name, colorsString, imageUrl, trackCount, releaseDate, copyrights)
        values ('podcast:album:clgz9riqw000d3b6emzyjak9r-clgz9rir2011r3b6e2uuc6tub', 'VISION Radio', null, 'https://episodes.castos.com/6138cb87d83982-66320119/images/itunes-image.png', 1, null, null)
      ;

        INSERT INTO library_tracks_playlists
                (trackId, playlistId, trackIndex, addedAtTimestamp)
                values ('podcast:track:clgz9rir2011q3b6eg951ak4q', 'podcast:playlist:clgz9riqw000d3b6emzyjak9r', 448, 1442579172000)
      ;

        -- TODO: INSERT OR REPLACE once fixed in SKDB...
        -- INSERT OR REPLACE INTO library_tracks
        DELETE FROM library_tracks WHERE id = 'podcast:track:clgz9rir2011t3b6ektjc9lsz'; 
        INSERT INTO library_tracks
                (id, name, albumId, trackNumber, durationMs, isrc, imageUrl, audioUrl, externalLink, description)
                values ('podcast:track:clgz9rir2011t3b6ektjc9lsz', 'Noisia Radio S01E12', 'podcast:album:clgz9riqw000d3b6emzyjak9r-clgz9rir2011u3b6elhhgp07l', 0, 3657000, null, 'https://episodes.castos.com/6138cb87d83982-66320119/images/itunes-image.png', 'https://episodes.castos.com/6138cb87d83982-66320119/U8PHu4tDbcmRc6fzqmiWvFoemw4fv86VUKitNZh4.mp3', 'https://visionradio.castos.com/episodes/noisia-radio-s01e12-2', 'For the first time in a while we’re all in the studio for Noisia Radio! Ram Records sent us a brand new track by Audio to premiere, we’re playing a Nero track to celebrate their album release today, and we’ve got some fresh new releases for you!')
      ;

        -- TODO: INSERT OR REPLACE once fixed in SKDB...
        -- INSERT OR REPLACE INTO library_artists
        DELETE FROM library_artists WHERE id = 'podcast:artist:clgz9riqw000d3b6emzyjak9r-clgz9rir2011v3b6e0zjaoaeh';
        INSERT INTO library_artists
        (id, name, imageUrl, colorsString)
        values ('podcast:artist:clgz9riqw000d3b6emzyjak9r-clgz9rir2011v3b6e0zjaoaeh', 'VISION Radio', 'https://episodes.castos.com/6138cb87d83982-66320119/images/itunes-image.png', null)
      ;

        INSERT INTO library_tracks_artists
        (trackId, artistId)
        values ('podcast:track:clgz9rir2011t3b6ektjc9lsz', 'podcast:artist:clgz9riqw000d3b6emzyjak9r-clgz9rir2011v3b6e0zjaoaeh')
      ;

        -- TODO: INSERT OR REPLACE once fixed in SKDB...
        -- INSERT OR REPLACE INTO library_albums
        DELETE FROM library_albums WHERE id = 'podcast:album:clgz9riqw000d3b6emzyjak9r-clgz9rir2011u3b6elhhgp07l';
        INSERT INTO library_albums
        (id, name, colorsString, imageUrl, trackCount, releaseDate, copyrights)
        values ('podcast:album:clgz9riqw000d3b6emzyjak9r-clgz9rir2011u3b6elhhgp07l', 'VISION Radio', null, 'https://episodes.castos.com/6138cb87d83982-66320119/images/itunes-image.png', 1, null, null)
      ;

        INSERT INTO library_tracks_playlists
                (trackId, playlistId, trackIndex, addedAtTimestamp)
                values ('podcast:track:clgz9rir2011t3b6ektjc9lsz', 'podcast:playlist:clgz9riqw000d3b6emzyjak9r', 449, 1441969200000)
      ;

        -- TODO: INSERT OR REPLACE once fixed in SKDB...
        -- INSERT OR REPLACE INTO library_tracks
        DELETE FROM library_tracks WHERE id = 'podcast:track:clgz9rir2011w3b6e2l48r14b'; 
        INSERT INTO library_tracks
                (id, name, albumId, trackNumber, durationMs, isrc, imageUrl, audioUrl, externalLink, description)
                values ('podcast:track:clgz9rir2011w3b6e2l48r14b', 'Noisia Radio S01E11', 'podcast:album:clgz9riqw000d3b6emzyjak9r-clgz9rir2011x3b6e0txx2vnl', 0, 3880000, null, 'https://episodes.castos.com/6138cb87d83982-66320119/images/itunes-image.png', 'https://episodes.castos.com/6138cb87d83982-66320119/To8i6WSAxHO2Mp46zC8ONlSvmdUK2H6ml4YYDIjt.mp3', 'https://visionradio.castos.com/episodes/noisia-radio-s01e11-2', 'Martijn takes over the controls as Nik and Thijs are at Outlook festival, hosting a Noisia Invites stage and playing two boat parties. Prepare for a very Rudy selection!')
      ;

        -- TODO: INSERT OR REPLACE once fixed in SKDB...
        -- INSERT OR REPLACE INTO library_artists
        DELETE FROM library_artists WHERE id = 'podcast:artist:clgz9riqw000d3b6emzyjak9r-clgz9rir2011y3b6ebo5mpi1j';
        INSERT INTO library_artists
        (id, name, imageUrl, colorsString)
        values ('podcast:artist:clgz9riqw000d3b6emzyjak9r-clgz9rir2011y3b6ebo5mpi1j', 'VISION Radio', 'https://episodes.castos.com/6138cb87d83982-66320119/images/itunes-image.png', null)
      ;

        INSERT INTO library_tracks_artists
        (trackId, artistId)
        values ('podcast:track:clgz9rir2011w3b6e2l48r14b', 'podcast:artist:clgz9riqw000d3b6emzyjak9r-clgz9rir2011y3b6ebo5mpi1j')
      ;

        -- TODO: INSERT OR REPLACE once fixed in SKDB...
        -- INSERT OR REPLACE INTO library_albums
        DELETE FROM library_albums WHERE id = 'podcast:album:clgz9riqw000d3b6emzyjak9r-clgz9rir2011x3b6e0txx2vnl';
        INSERT INTO library_albums
        (id, name, colorsString, imageUrl, trackCount, releaseDate, copyrights)
        values ('podcast:album:clgz9riqw000d3b6emzyjak9r-clgz9rir2011x3b6e0txx2vnl', 'VISION Radio', null, 'https://episodes.castos.com/6138cb87d83982-66320119/images/itunes-image.png', 1, null, null)
      ;

        INSERT INTO library_tracks_playlists
                (trackId, playlistId, trackIndex, addedAtTimestamp)
                values ('podcast:track:clgz9rir2011w3b6e2l48r14b', 'podcast:playlist:clgz9riqw000d3b6emzyjak9r', 450, 1441378800000)
      ;

        -- TODO: INSERT OR REPLACE once fixed in SKDB...
        -- INSERT OR REPLACE INTO library_tracks
        DELETE FROM library_tracks WHERE id = 'podcast:track:clgz9rir2011z3b6e8z7dykc1'; 
        INSERT INTO library_tracks
                (id, name, albumId, trackNumber, durationMs, isrc, imageUrl, audioUrl, externalLink, description)
                values ('podcast:track:clgz9rir2011z3b6e8z7dykc1', 'Noisia Radio S01E10 (incl. The Upbeats guest mix)', 'podcast:album:clgz9riqw000d3b6emzyjak9r-clgz9rir201203b6efpbqhqg2', 0, 3665000, null, 'https://episodes.castos.com/6138cb87d83982-66320119/images/itunes-image.png', 'https://episodes.castos.com/6138cb87d83982-66320119/vtcJyvOddKiGeOfFwMyR6pERwItnWRMHBOBfo3x1.mp3', 'https://visionradio.castos.com/episodes/noisia-radio-s01e10-incl-the-upbeats-guest-mix-2', 'For episode ten of Noisia Radio we’ve asked New Zealand’s finest: The Upbeats, to do a guest mix to celebrate the release of our collaborative “Dead Limit EP” after this weekend.')
      ;

        -- TODO: INSERT OR REPLACE once fixed in SKDB...
        -- INSERT OR REPLACE INTO library_artists
        DELETE FROM library_artists WHERE id = 'podcast:artist:clgz9riqw000d3b6emzyjak9r-clgz9rir201213b6eqg04xkoa';
        INSERT INTO library_artists
        (id, name, imageUrl, colorsString)
        values ('podcast:artist:clgz9riqw000d3b6emzyjak9r-clgz9rir201213b6eqg04xkoa', 'VISION Radio', 'https://episodes.castos.com/6138cb87d83982-66320119/images/itunes-image.png', null)
      ;

        INSERT INTO library_tracks_artists
        (trackId, artistId)
        values ('podcast:track:clgz9rir2011z3b6e8z7dykc1', 'podcast:artist:clgz9riqw000d3b6emzyjak9r-clgz9rir201213b6eqg04xkoa')
      ;

        -- TODO: INSERT OR REPLACE once fixed in SKDB...
        -- INSERT OR REPLACE INTO library_albums
        DELETE FROM library_albums WHERE id = 'podcast:album:clgz9riqw000d3b6emzyjak9r-clgz9rir201203b6efpbqhqg2';
        INSERT INTO library_albums
        (id, name, colorsString, imageUrl, trackCount, releaseDate, copyrights)
        values ('podcast:album:clgz9riqw000d3b6emzyjak9r-clgz9rir201203b6efpbqhqg2', 'VISION Radio', null, 'https://episodes.castos.com/6138cb87d83982-66320119/images/itunes-image.png', 1, null, null)
      ;

        INSERT INTO library_tracks_playlists
                (trackId, playlistId, trackIndex, addedAtTimestamp)
                values ('podcast:track:clgz9rir2011z3b6e8z7dykc1', 'podcast:playlist:clgz9riqw000d3b6emzyjak9r', 451, 1440759720000)
      ;

        -- TODO: INSERT OR REPLACE once fixed in SKDB...
        -- INSERT OR REPLACE INTO library_tracks
        DELETE FROM library_tracks WHERE id = 'podcast:track:clgz9rir201223b6e81y7cm44'; 
        INSERT INTO library_tracks
                (id, name, albumId, trackNumber, durationMs, isrc, imageUrl, audioUrl, externalLink, description)
                values ('podcast:track:clgz9rir201223b6e81y7cm44', 'Noisia Radio S01E09', 'podcast:album:clgz9riqw000d3b6emzyjak9r-clgz9rir201233b6exrazfvec', 0, 3791000, null, 'https://episodes.castos.com/6138cb87d83982-66320119/images/itunes-image.png', 'https://episodes.castos.com/6138cb87d83982-66320119/v7CcquCyMwH5tMTiU3xOmCsU5akvEADWBsFLjqJk.mp3', 'https://visionradio.castos.com/episodes/noisia-radio-s01e09-2', 'This week it’s Thijs and Nik as Martijn is on the road playing shows in Germany and Switzerland. We’ve got music from China and Japan, some weird game music, a Dirty Man, and lots of new drum&bass <3')
      ;

        -- TODO: INSERT OR REPLACE once fixed in SKDB...
        -- INSERT OR REPLACE INTO library_artists
        DELETE FROM library_artists WHERE id = 'podcast:artist:clgz9riqw000d3b6emzyjak9r-clgz9rir201243b6ee2wweo9n';
        INSERT INTO library_artists
        (id, name, imageUrl, colorsString)
        values ('podcast:artist:clgz9riqw000d3b6emzyjak9r-clgz9rir201243b6ee2wweo9n', 'VISION Radio', 'https://episodes.castos.com/6138cb87d83982-66320119/images/itunes-image.png', null)
      ;

        INSERT INTO library_tracks_artists
        (trackId, artistId)
        values ('podcast:track:clgz9rir201223b6e81y7cm44', 'podcast:artist:clgz9riqw000d3b6emzyjak9r-clgz9rir201243b6ee2wweo9n')
      ;

        -- TODO: INSERT OR REPLACE once fixed in SKDB...
        -- INSERT OR REPLACE INTO library_albums
        DELETE FROM library_albums WHERE id = 'podcast:album:clgz9riqw000d3b6emzyjak9r-clgz9rir201233b6exrazfvec';
        INSERT INTO library_albums
        (id, name, colorsString, imageUrl, trackCount, releaseDate, copyrights)
        values ('podcast:album:clgz9riqw000d3b6emzyjak9r-clgz9rir201233b6exrazfvec', 'VISION Radio', null, 'https://episodes.castos.com/6138cb87d83982-66320119/images/itunes-image.png', 1, null, null)
      ;

        INSERT INTO library_tracks_playlists
                (trackId, playlistId, trackIndex, addedAtTimestamp)
                values ('podcast:track:clgz9rir201223b6e81y7cm44', 'podcast:playlist:clgz9riqw000d3b6emzyjak9r', 452, 1440167732000)
      ;

        -- TODO: INSERT OR REPLACE once fixed in SKDB...
        -- INSERT OR REPLACE INTO library_tracks
        DELETE FROM library_tracks WHERE id = 'podcast:track:clgz9rir201253b6eisggkifi'; 
        INSERT INTO library_tracks
                (id, name, albumId, trackNumber, durationMs, isrc, imageUrl, audioUrl, externalLink, description)
                values ('podcast:track:clgz9rir201253b6eisggkifi', 'Noisia Radio S01E08', 'podcast:album:clgz9riqw000d3b6emzyjak9r-clgz9rir201263b6eczdn5w0o', 0, 3812000, null, 'https://episodes.castos.com/6138cb87d83982-66320119/images/itunes-image.png', 'https://episodes.castos.com/6138cb87d83982-66320119/tORH8uRFYoyGIOOHQrbQWTtvCyUkbAF1pWzyBxbQ.mp3', 'https://visionradio.castos.com/episodes/noisia-radio-s01e08-2', 'Even though Omnivore, the fourth track from the Dead Limit EP fits any season, we suggest you play this episode of Noisia Radio while enjoying a nice barbecue, as we did while making it!')
      ;

        -- TODO: INSERT OR REPLACE once fixed in SKDB...
        -- INSERT OR REPLACE INTO library_artists
        DELETE FROM library_artists WHERE id = 'podcast:artist:clgz9riqw000d3b6emzyjak9r-clgz9rir201273b6ezmoht84x';
        INSERT INTO library_artists
        (id, name, imageUrl, colorsString)
        values ('podcast:artist:clgz9riqw000d3b6emzyjak9r-clgz9rir201273b6ezmoht84x', 'VISION Radio', 'https://episodes.castos.com/6138cb87d83982-66320119/images/itunes-image.png', null)
      ;

        INSERT INTO library_tracks_artists
        (trackId, artistId)
        values ('podcast:track:clgz9rir201253b6eisggkifi', 'podcast:artist:clgz9riqw000d3b6emzyjak9r-clgz9rir201273b6ezmoht84x')
      ;

        -- TODO: INSERT OR REPLACE once fixed in SKDB...
        -- INSERT OR REPLACE INTO library_albums
        DELETE FROM library_albums WHERE id = 'podcast:album:clgz9riqw000d3b6emzyjak9r-clgz9rir201263b6eczdn5w0o';
        INSERT INTO library_albums
        (id, name, colorsString, imageUrl, trackCount, releaseDate, copyrights)
        values ('podcast:album:clgz9riqw000d3b6emzyjak9r-clgz9rir201263b6eczdn5w0o', 'VISION Radio', null, 'https://episodes.castos.com/6138cb87d83982-66320119/images/itunes-image.png', 1, null, null)
      ;

        INSERT INTO library_tracks_playlists
                (trackId, playlistId, trackIndex, addedAtTimestamp)
                values ('podcast:track:clgz9rir201253b6eisggkifi', 'podcast:playlist:clgz9riqw000d3b6emzyjak9r', 453, 1439561418000)
      ;

        -- TODO: INSERT OR REPLACE once fixed in SKDB...
        -- INSERT OR REPLACE INTO library_tracks
        DELETE FROM library_tracks WHERE id = 'podcast:track:clgz9rir201283b6ef29mar3z'; 
        INSERT INTO library_tracks
                (id, name, albumId, trackNumber, durationMs, isrc, imageUrl, audioUrl, externalLink, description)
                values ('podcast:track:clgz9rir201283b6ef29mar3z', 'Noisia Radio S01E07', 'podcast:album:clgz9riqw000d3b6emzyjak9r-clgz9rir201293b6e4ld9eq1k', 0, 3632000, null, 'https://episodes.castos.com/6138cb87d83982-66320119/images/itunes-image.png', 'https://episodes.castos.com/6138cb87d83982-66320119/UIZE0hiqxAlVAl5rdKX7Os95VZefy50TMY98jLGN.mp3', 'https://visionradio.castos.com/episodes/noisia-radio-s01e07-2', 'With all three of us back in the studio this week, we bring you an even more diverse selection, including the third exclusive first play of the Dead Limit EP with The Upbeats.')
      ;

        -- TODO: INSERT OR REPLACE once fixed in SKDB...
        -- INSERT OR REPLACE INTO library_artists
        DELETE FROM library_artists WHERE id = 'podcast:artist:clgz9riqw000d3b6emzyjak9r-clgz9rir2012a3b6ek8klt7z3';
        INSERT INTO library_artists
        (id, name, imageUrl, colorsString)
        values ('podcast:artist:clgz9riqw000d3b6emzyjak9r-clgz9rir2012a3b6ek8klt7z3', 'VISION Radio', 'https://episodes.castos.com/6138cb87d83982-66320119/images/itunes-image.png', null)
      ;

        INSERT INTO library_tracks_artists
        (trackId, artistId)
        values ('podcast:track:clgz9rir201283b6ef29mar3z', 'podcast:artist:clgz9riqw000d3b6emzyjak9r-clgz9rir2012a3b6ek8klt7z3')
      ;

        -- TODO: INSERT OR REPLACE once fixed in SKDB...
        -- INSERT OR REPLACE INTO library_albums
        DELETE FROM library_albums WHERE id = 'podcast:album:clgz9riqw000d3b6emzyjak9r-clgz9rir201293b6e4ld9eq1k';
        INSERT INTO library_albums
        (id, name, colorsString, imageUrl, trackCount, releaseDate, copyrights)
        values ('podcast:album:clgz9riqw000d3b6emzyjak9r-clgz9rir201293b6e4ld9eq1k', 'VISION Radio', null, 'https://episodes.castos.com/6138cb87d83982-66320119/images/itunes-image.png', 1, null, null)
      ;

        INSERT INTO library_tracks_playlists
                (trackId, playlistId, trackIndex, addedAtTimestamp)
                values ('podcast:track:clgz9rir201283b6ef29mar3z', 'podcast:playlist:clgz9riqw000d3b6emzyjak9r', 454, 1438956000000)
      ;

        -- TODO: INSERT OR REPLACE once fixed in SKDB...
        -- INSERT OR REPLACE INTO library_tracks
        DELETE FROM library_tracks WHERE id = 'podcast:track:clgz9rir2012b3b6etsl9lwpv'; 
        INSERT INTO library_tracks
                (id, name, albumId, trackNumber, durationMs, isrc, imageUrl, audioUrl, externalLink, description)
                values ('podcast:track:clgz9rir2012b3b6etsl9lwpv', 'Noisia Radio S01E06', 'podcast:album:clgz9riqw000d3b6emzyjak9r-clgz9rir2012c3b6e0vlb4d4q', 0, 3639000, null, 'https://episodes.castos.com/6138cb87d83982-66320119/images/itunes-image.png', 'https://episodes.castos.com/6138cb87d83982-66320119/KxJWTq7Hq3N2JhSr2UvQ265g8Pz2gT26Vm1709qw.mp3', 'https://visionradio.castos.com/episodes/noisia-radio-s01e06-2', 'Yes! We finally get to play you the title track of our forthcoming EP with The Upbeats: Dead Limit! Besides this exciting first play, there’s a little bit of everything as you might have come to expect from us :)')
      ;

        -- TODO: INSERT OR REPLACE once fixed in SKDB...
        -- INSERT OR REPLACE INTO library_artists
        DELETE FROM library_artists WHERE id = 'podcast:artist:clgz9riqw000d3b6emzyjak9r-clgz9rir2012d3b6e3lza5f35';
        INSERT INTO library_artists
        (id, name, imageUrl, colorsString)
        values ('podcast:artist:clgz9riqw000d3b6emzyjak9r-clgz9rir2012d3b6e3lza5f35', 'VISION Radio', 'https://episodes.castos.com/6138cb87d83982-66320119/images/itunes-image.png', null)
      ;

        INSERT INTO library_tracks_artists
        (trackId, artistId)
        values ('podcast:track:clgz9rir2012b3b6etsl9lwpv', 'podcast:artist:clgz9riqw000d3b6emzyjak9r-clgz9rir2012d3b6e3lza5f35')
      ;

        -- TODO: INSERT OR REPLACE once fixed in SKDB...
        -- INSERT OR REPLACE INTO library_albums
        DELETE FROM library_albums WHERE id = 'podcast:album:clgz9riqw000d3b6emzyjak9r-clgz9rir2012c3b6e0vlb4d4q';
        INSERT INTO library_albums
        (id, name, colorsString, imageUrl, trackCount, releaseDate, copyrights)
        values ('podcast:album:clgz9riqw000d3b6emzyjak9r-clgz9rir2012c3b6e0vlb4d4q', 'VISION Radio', null, 'https://episodes.castos.com/6138cb87d83982-66320119/images/itunes-image.png', 1, null, null)
      ;

        INSERT INTO library_tracks_playlists
                (trackId, playlistId, trackIndex, addedAtTimestamp)
                values ('podcast:track:clgz9rir2012b3b6etsl9lwpv', 'podcast:playlist:clgz9riqw000d3b6emzyjak9r', 455, 1438351200000)
      ;

        -- TODO: INSERT OR REPLACE once fixed in SKDB...
        -- INSERT OR REPLACE INTO library_tracks
        DELETE FROM library_tracks WHERE id = 'podcast:track:clgz9rir2012e3b6e6lff3y5f'; 
        INSERT INTO library_tracks
                (id, name, albumId, trackNumber, durationMs, isrc, imageUrl, audioUrl, externalLink, description)
                values ('podcast:track:clgz9rir2012e3b6e6lff3y5f', 'Noisia Radio S01E05', 'podcast:album:clgz9riqw000d3b6emzyjak9r-clgz9rir2012f3b6e5a04vtyw', 0, 3713000, null, 'https://episodes.castos.com/6138cb87d83982-66320119/images/itunes-image.png', 'https://episodes.castos.com/6138cb87d83982-66320119/QiFMiOr2L8ehOFud4RpNwMDaY4kGFqR64J2w2xP7.mp3', 'https://visionradio.castos.com/episodes/noisia-radio-s01e05-2', 'Another week, another episode of Noisia Radio! This week we"re looking back on Noisia Invites Festival, playing fresh new music, while keeping up the usual quotum of stupid jokes and silly giggles.')
      ;

        -- TODO: INSERT OR REPLACE once fixed in SKDB...
        -- INSERT OR REPLACE INTO library_artists
        DELETE FROM library_artists WHERE id = 'podcast:artist:clgz9riqw000d3b6emzyjak9r-clgz9rir2012g3b6eggqwlhyo';
        INSERT INTO library_artists
        (id, name, imageUrl, colorsString)
        values ('podcast:artist:clgz9riqw000d3b6emzyjak9r-clgz9rir2012g3b6eggqwlhyo', 'VISION Radio', 'https://episodes.castos.com/6138cb87d83982-66320119/images/itunes-image.png', null)
      ;

        INSERT INTO library_tracks_artists
        (trackId, artistId)
        values ('podcast:track:clgz9rir2012e3b6e6lff3y5f', 'podcast:artist:clgz9riqw000d3b6emzyjak9r-clgz9rir2012g3b6eggqwlhyo')
      ;

        -- TODO: INSERT OR REPLACE once fixed in SKDB...
        -- INSERT OR REPLACE INTO library_albums
        DELETE FROM library_albums WHERE id = 'podcast:album:clgz9riqw000d3b6emzyjak9r-clgz9rir2012f3b6e5a04vtyw';
        INSERT INTO library_albums
        (id, name, colorsString, imageUrl, trackCount, releaseDate, copyrights)
        values ('podcast:album:clgz9riqw000d3b6emzyjak9r-clgz9rir2012f3b6e5a04vtyw', 'VISION Radio', null, 'https://episodes.castos.com/6138cb87d83982-66320119/images/itunes-image.png', 1, null, null)
      ;

        INSERT INTO library_tracks_playlists
                (trackId, playlistId, trackIndex, addedAtTimestamp)
                values ('podcast:track:clgz9rir2012e3b6e6lff3y5f', 'podcast:playlist:clgz9riqw000d3b6emzyjak9r', 456, 1437751200000)
      ;

        -- TODO: INSERT OR REPLACE once fixed in SKDB...
        -- INSERT OR REPLACE INTO library_tracks
        DELETE FROM library_tracks WHERE id = 'podcast:track:clgz9rir2012h3b6ec4p5dmo1'; 
        INSERT INTO library_tracks
                (id, name, albumId, trackNumber, durationMs, isrc, imageUrl, audioUrl, externalLink, description)
                values ('podcast:track:clgz9rir2012h3b6ec4p5dmo1', 'Noisia Radio S01E04 (Noisia Invites Festival special)', 'podcast:album:clgz9riqw000d3b6emzyjak9r-clgz9rir2012i3b6ep0awmi55', 0, 3693000, null, 'https://episodes.castos.com/6138cb87d83982-66320119/images/itunes-image.png', 'https://episodes.castos.com/6138cb87d83982-66320119/cA9sRr9xc0JYm1HOIY88tzqCqQPNfO0qGN1RNH40.mp3', 'https://visionradio.castos.com/episodes/noisia-radio-s01e04-noisia-invites-festival-special-2', 'We"ve dedicated the fourth episode of the radio show to our Noisia Invites Festival. We"re playing tunes and minimixes from every artist playing the festival. Thanks to everyone who contributed to this show, hope you enjoy and see you at the festival!')
      ;

        -- TODO: INSERT OR REPLACE once fixed in SKDB...
        -- INSERT OR REPLACE INTO library_artists
        DELETE FROM library_artists WHERE id = 'podcast:artist:clgz9riqw000d3b6emzyjak9r-clgz9rir2012j3b6ewmkjbunv';
        INSERT INTO library_artists
        (id, name, imageUrl, colorsString)
        values ('podcast:artist:clgz9riqw000d3b6emzyjak9r-clgz9rir2012j3b6ewmkjbunv', 'VISION Radio', 'https://episodes.castos.com/6138cb87d83982-66320119/images/itunes-image.png', null)
      ;

        INSERT INTO library_tracks_artists
        (trackId, artistId)
        values ('podcast:track:clgz9rir2012h3b6ec4p5dmo1', 'podcast:artist:clgz9riqw000d3b6emzyjak9r-clgz9rir2012j3b6ewmkjbunv')
      ;

        -- TODO: INSERT OR REPLACE once fixed in SKDB...
        -- INSERT OR REPLACE INTO library_albums
        DELETE FROM library_albums WHERE id = 'podcast:album:clgz9riqw000d3b6emzyjak9r-clgz9rir2012i3b6ep0awmi55';
        INSERT INTO library_albums
        (id, name, colorsString, imageUrl, trackCount, releaseDate, copyrights)
        values ('podcast:album:clgz9riqw000d3b6emzyjak9r-clgz9rir2012i3b6ep0awmi55', 'VISION Radio', null, 'https://episodes.castos.com/6138cb87d83982-66320119/images/itunes-image.png', 1, null, null)
      ;

        INSERT INTO library_tracks_playlists
                (trackId, playlistId, trackIndex, addedAtTimestamp)
                values ('podcast:track:clgz9rir2012h3b6ec4p5dmo1', 'podcast:playlist:clgz9riqw000d3b6emzyjak9r', 457, 1437141600000)
      ;

        -- TODO: INSERT OR REPLACE once fixed in SKDB...
        -- INSERT OR REPLACE INTO library_tracks
        DELETE FROM library_tracks WHERE id = 'podcast:track:clgz9rir2012k3b6em555gp24'; 
        INSERT INTO library_tracks
                (id, name, albumId, trackNumber, durationMs, isrc, imageUrl, audioUrl, externalLink, description)
                values ('podcast:track:clgz9rir2012k3b6em555gp24', 'Noisia Radio S01E03', 'podcast:album:clgz9riqw000d3b6emzyjak9r-clgz9rir2012l3b6exoff7r3c', 0, 3616000, null, 'https://episodes.castos.com/6138cb87d83982-66320119/images/itunes-image.png', 'https://episodes.castos.com/6138cb87d83982-66320119/TqIm8N16WhQ07BN0tI101cEfp9nm898xPrUdGe5u.mp3', 'https://visionradio.castos.com/episodes/noisia-radio-s01e03-2', 'Thijs has been exploring Florence in the days leading up to a show there tonight, whilst we (Nik and Martijn) were working on new Noisia material in the studios so we recorded this week"s episode of Noisia Radio together.')
      ;

        -- TODO: INSERT OR REPLACE once fixed in SKDB...
        -- INSERT OR REPLACE INTO library_artists
        DELETE FROM library_artists WHERE id = 'podcast:artist:clgz9riqw000d3b6emzyjak9r-clgz9rir2012m3b6evyydx2jp';
        INSERT INTO library_artists
        (id, name, imageUrl, colorsString)
        values ('podcast:artist:clgz9riqw000d3b6emzyjak9r-clgz9rir2012m3b6evyydx2jp', 'VISION Radio', 'https://episodes.castos.com/6138cb87d83982-66320119/images/itunes-image.png', null)
      ;

        INSERT INTO library_tracks_artists
        (trackId, artistId)
        values ('podcast:track:clgz9rir2012k3b6em555gp24', 'podcast:artist:clgz9riqw000d3b6emzyjak9r-clgz9rir2012m3b6evyydx2jp')
      ;

        -- TODO: INSERT OR REPLACE once fixed in SKDB...
        -- INSERT OR REPLACE INTO library_albums
        DELETE FROM library_albums WHERE id = 'podcast:album:clgz9riqw000d3b6emzyjak9r-clgz9rir2012l3b6exoff7r3c';
        INSERT INTO library_albums
        (id, name, colorsString, imageUrl, trackCount, releaseDate, copyrights)
        values ('podcast:album:clgz9riqw000d3b6emzyjak9r-clgz9rir2012l3b6exoff7r3c', 'VISION Radio', null, 'https://episodes.castos.com/6138cb87d83982-66320119/images/itunes-image.png', 1, null, null)
      ;

        INSERT INTO library_tracks_playlists
                (trackId, playlistId, trackIndex, addedAtTimestamp)
                values ('podcast:track:clgz9rir2012k3b6em555gp24', 'podcast:playlist:clgz9riqw000d3b6emzyjak9r', 458, 1436540400000)
      ;

        -- TODO: INSERT OR REPLACE once fixed in SKDB...
        -- INSERT OR REPLACE INTO library_tracks
        DELETE FROM library_tracks WHERE id = 'podcast:track:clgz9rir2012n3b6eiofwubem'; 
        INSERT INTO library_tracks
                (id, name, albumId, trackNumber, durationMs, isrc, imageUrl, audioUrl, externalLink, description)
                values ('podcast:track:clgz9rir2012n3b6eiofwubem', 'Noisia Radio S01E02', 'podcast:album:clgz9riqw000d3b6emzyjak9r-clgz9rir2012o3b6evszjdk2t', 0, 3724000, null, 'https://episodes.castos.com/6138cb87d83982-66320119/images/itunes-image.png', 'https://episodes.castos.com/6138cb87d83982-66320119/eYda5hazuaHd0OSaYE8cOw18tIuKVPzLBk4oOv9W.mp3', 'https://visionradio.castos.com/episodes/noisia-radio-s01e02-2', 'We"ve got some new exclusive music from our labels, and music from brainfeeder, critical music, blackout, dispatch and more.')
      ;

        -- TODO: INSERT OR REPLACE once fixed in SKDB...
        -- INSERT OR REPLACE INTO library_artists
        DELETE FROM library_artists WHERE id = 'podcast:artist:clgz9riqw000d3b6emzyjak9r-clgz9rir2012p3b6ep90j2ukj';
        INSERT INTO library_artists
        (id, name, imageUrl, colorsString)
        values ('podcast:artist:clgz9riqw000d3b6emzyjak9r-clgz9rir2012p3b6ep90j2ukj', 'VISION Radio', 'https://episodes.castos.com/6138cb87d83982-66320119/images/itunes-image.png', null)
      ;

        INSERT INTO library_tracks_artists
        (trackId, artistId)
        values ('podcast:track:clgz9rir2012n3b6eiofwubem', 'podcast:artist:clgz9riqw000d3b6emzyjak9r-clgz9rir2012p3b6ep90j2ukj')
      ;

        -- TODO: INSERT OR REPLACE once fixed in SKDB...
        -- INSERT OR REPLACE INTO library_albums
        DELETE FROM library_albums WHERE id = 'podcast:album:clgz9riqw000d3b6emzyjak9r-clgz9rir2012o3b6evszjdk2t';
        INSERT INTO library_albums
        (id, name, colorsString, imageUrl, trackCount, releaseDate, copyrights)
        values ('podcast:album:clgz9riqw000d3b6emzyjak9r-clgz9rir2012o3b6evszjdk2t', 'VISION Radio', null, 'https://episodes.castos.com/6138cb87d83982-66320119/images/itunes-image.png', 1, null, null)
      ;

        INSERT INTO library_tracks_playlists
                (trackId, playlistId, trackIndex, addedAtTimestamp)
                values ('podcast:track:clgz9rir2012n3b6eiofwubem', 'podcast:playlist:clgz9riqw000d3b6emzyjak9r', 459, 1435935600000)
      ;

        -- TODO: INSERT OR REPLACE once fixed in SKDB...
        -- INSERT OR REPLACE INTO library_tracks
        DELETE FROM library_tracks WHERE id = 'podcast:track:clgz9rir2012q3b6egr5ylbc8'; 
        INSERT INTO library_tracks
                (id, name, albumId, trackNumber, durationMs, isrc, imageUrl, audioUrl, externalLink, description)
                values ('podcast:track:clgz9rir2012q3b6egr5ylbc8', 'Noisia Radio S01E01', 'podcast:album:clgz9riqw000d3b6emzyjak9r-clgz9rir2012r3b6e45vv44nu', 0, 3639000, null, 'https://episodes.castos.com/6138cb87d83982-66320119/images/itunes-image.png', 'https://episodes.castos.com/6138cb87d83982-66320119/nldySET4dlyys9m6TPUITi8LfdP8mR8cBiBrCEkD.mp3', 'https://visionradio.castos.com/episodes/noisia-radio-s01e01-2', 'With Noisia Radio we hope to build a platform where we can play a wider range of music than we would in a club environment.')
      ;

        -- TODO: INSERT OR REPLACE once fixed in SKDB...
        -- INSERT OR REPLACE INTO library_artists
        DELETE FROM library_artists WHERE id = 'podcast:artist:clgz9riqw000d3b6emzyjak9r-clgz9rir2012s3b6eziywcc9f';
        INSERT INTO library_artists
        (id, name, imageUrl, colorsString)
        values ('podcast:artist:clgz9riqw000d3b6emzyjak9r-clgz9rir2012s3b6eziywcc9f', 'VISION Radio', 'https://episodes.castos.com/6138cb87d83982-66320119/images/itunes-image.png', null)
      ;

        INSERT INTO library_tracks_artists
        (trackId, artistId)
        values ('podcast:track:clgz9rir2012q3b6egr5ylbc8', 'podcast:artist:clgz9riqw000d3b6emzyjak9r-clgz9rir2012s3b6eziywcc9f')
      ;

        -- TODO: INSERT OR REPLACE once fixed in SKDB...
        -- INSERT OR REPLACE INTO library_albums
        DELETE FROM library_albums WHERE id = 'podcast:album:clgz9riqw000d3b6emzyjak9r-clgz9rir2012r3b6e45vv44nu';
        INSERT INTO library_albums
        (id, name, colorsString, imageUrl, trackCount, releaseDate, copyrights)
        values ('podcast:album:clgz9riqw000d3b6emzyjak9r-clgz9rir2012r3b6e45vv44nu', 'VISION Radio', null, 'https://episodes.castos.com/6138cb87d83982-66320119/images/itunes-image.png', 1, null, null)
      ;

        INSERT INTO library_tracks_playlists
                (trackId, playlistId, trackIndex, addedAtTimestamp)
                values ('podcast:track:clgz9rir2012q3b6egr5ylbc8', 'podcast:playlist:clgz9riqw000d3b6emzyjak9r', 460, 1435330800000)
      ;

        INSERT INTO library_playlists
        (id, name, description, ownerId, ownerName, colorsString, source, imageUrl)
        values ('podcast:playlist:clgz9riqw000d3b6emzyjak9r', 'VISION Radio', 'With VISION Radio (f.k.a. Noisia Radio) we select what excites us in bass music; drum & bass, electronica, beats and whatever forward leaning sounds we can get our hands on. We champion our latest releases as well as tons of music from people you have or haven&#039;t heard yet. There&#039;s artist takeovers, guest mixes, a weekly Reload voted for by our Patrons and our host Dave, who is...well, Dave.', 'TODO', 'TODO', null, 'podcast', 'https://episodes.castos.com/6138cb87d83982-66320119/images/itunes-image.png')
      ;

      select id, name, ownerId, ownerName, colorsString, imageUrl, 'LibraryPlaylist' as _tag, trackCount
      from view__playlists_with_track_counts
      order by name ASC
    ;

      select id, timestamp from player_context order by timestamp desc
    ;

        select
          distinct id,
          name,
          description,
          externalLink,
          trackNumber,
          albumName,
          albumId,
          albumTrackCount,
          albumColorsString,
          durationMs,
          sortIndex,
          imageUrl,
          contextId,
          artistId,
          artistName
        from view__tracks_player_context_items
        where contextId = 'clgz9rcap000c3b6e9je0rt4c'
        order by sortIndex asc
      ;
select * from playback_state;

      select id, timestamp from player_context order by timestamp desc
    ;

        select
          distinct id,
          name,
          description,
          externalLink,
          trackNumber,
          albumName,
          albumId,
          albumTrackCount,
          albumColorsString,
          durationMs,
          sortIndex,
          imageUrl,
          contextId,
          artistId,
          artistName
        from view__tracks_player_context_items
        where contextId = 'clgz9rcap000c3b6e9je0rt4c'
        order by sortIndex asc
      ;
select * from playback_state;

      select id, timestamp from player_context order by timestamp desc
    ;

        select
          distinct id,
          name,
          description,
          externalLink,
          trackNumber,
          albumName,
          albumId,
          albumTrackCount,
          albumColorsString,
          durationMs,
          sortIndex,
          imageUrl,
          contextId,
          artistId,
          artistName
        from view__tracks_player_context_items
        where contextId = 'clgz9rcap000c3b6e9je0rt4c'
        order by sortIndex asc
      ;
select * from playback_state;
select * from playback_state;

      select id, timestamp from player_context order by timestamp desc
    ;

        select
          distinct id,
          name,
          description,
          externalLink,
          trackNumber,
          albumName,
          albumId,
          albumTrackCount,
          albumColorsString,
          durationMs,
          sortIndex,
          imageUrl,
          contextId,
          artistId,
          artistName
        from view__tracks_player_context_items
        where contextId = 'clgz9rcap000c3b6e9je0rt4c'
        order by sortIndex asc
      ;
select * from app_state;

      select id, timestamp from player_context order by timestamp desc
    ;

        select
          distinct id,
          name,
          description,
          externalLink,
          trackNumber,
          albumName,
          albumId,
          albumTrackCount,
          albumColorsString,
          durationMs,
          sortIndex,
          imageUrl,
          contextId,
          artistId,
          artistName
        from view__tracks_player_context_items
        where contextId = 'clgz9rcap000c3b6e9je0rt4c'
        order by sortIndex asc
      ;
select * from playback_state;

      select id, name, ownerId, ownerName, colorsString, imageUrl, 'LibraryPlaylist' as _tag, trackCount
      from view__playlists_with_track_counts
      order by name ASC
    ;

      select id, name, ownerId, ownerName, colorsString, imageUrl, 'LibraryPlaylist' as _tag, trackCount
      from view__playlists_with_track_counts
      order by name ASC
    ;

      select id, timestamp from player_context order by timestamp desc
    ;

        select
          distinct id,
          name,
          description,
          externalLink,
          trackNumber,
          albumName,
          albumId,
          albumTrackCount,
          albumColorsString,
          durationMs,
          sortIndex,
          imageUrl,
          contextId,
          artistId,
          artistName
        from view__tracks_player_context_items
        where contextId = 'clgz9rcap000c3b6e9je0rt4c'
        order by sortIndex asc
      ;
select * from playback_state;

      select id, timestamp from player_context order by timestamp desc
    ;

        select
          distinct id,
          name,
          description,
          externalLink,
          trackNumber,
          albumName,
          albumId,
          albumTrackCount,
          albumColorsString,
          durationMs,
          sortIndex,
          imageUrl,
          contextId,
          artistId,
          artistName
        from view__tracks_player_context_items
        where contextId = 'clgz9rcap000c3b6e9je0rt4c'
        order by sortIndex asc
      ;
select * from playback_state;

      select id, timestamp from player_context order by timestamp desc
    ;

        select
          distinct id,
          name,
          description,
          externalLink,
          trackNumber,
          albumName,
          albumId,
          albumTrackCount,
          albumColorsString,
          durationMs,
          sortIndex,
          imageUrl,
          contextId,
          artistId,
          artistName
        from view__tracks_player_context_items
        where contextId = 'clgz9rcap000c3b6e9je0rt4c'
        order by sortIndex asc
      ;
select * from playback_state;
select * from playback_state;

      select id, timestamp from player_context order by timestamp desc
    ;

        select
          distinct id,
          name,
          description,
          externalLink,
          trackNumber,
          albumName,
          albumId,
          albumTrackCount,
          albumColorsString,
          durationMs,
          sortIndex,
          imageUrl,
          contextId,
          artistId,
          artistName
        from view__tracks_player_context_items
        where contextId = 'clgz9rcap000c3b6e9je0rt4c'
        order by sortIndex asc
      ;
select * from app_state;

      select id, timestamp from player_context order by timestamp desc
    ;

        select
          distinct id,
          name,
          description,
          externalLink,
          trackNumber,
          albumName,
          albumId,
          albumTrackCount,
          albumColorsString,
          durationMs,
          sortIndex,
          imageUrl,
          contextId,
          artistId,
          artistName
        from view__tracks_player_context_items
        where contextId = 'clgz9rcap000c3b6e9je0rt4c'
        order by sortIndex asc
      ;
select * from playback_state;

      select id, name, ownerId, ownerName, colorsString, imageUrl, 'LibraryPlaylist' as _tag, trackCount
      from view__playlists_with_track_counts
      order by name ASC
    ;

      select id, timestamp from player_context order by timestamp desc
    ;

        select
          distinct id,
          name,
          description,
          externalLink,
          trackNumber,
          albumName,
          albumId,
          albumTrackCount,
          albumColorsString,
          durationMs,
          sortIndex,
          imageUrl,
          contextId,
          artistId,
          artistName
        from view__tracks_player_context_items
        where contextId = 'clgz9rcap000c3b6e9je0rt4c'
        order by sortIndex asc
      ;
select * from playback_state;

      select id, timestamp from player_context order by timestamp desc
    ;

        select
          distinct id,
          name,
          description,
          externalLink,
          trackNumber,
          albumName,
          albumId,
          albumTrackCount,
          albumColorsString,
          durationMs,
          sortIndex,
          imageUrl,
          contextId,
          artistId,
          artistName
        from view__tracks_player_context_items
        where contextId = 'clgz9rcap000c3b6e9je0rt4c'
        order by sortIndex asc
      ;
select * from playback_state;

      select id, timestamp from player_context order by timestamp desc
    ;

        select
          distinct id,
          name,
          description,
          externalLink,
          trackNumber,
          albumName,
          albumId,
          albumTrackCount,
          albumColorsString,
          durationMs,
          sortIndex,
          imageUrl,
          contextId,
          artistId,
          artistName
        from view__tracks_player_context_items
        where contextId = 'clgz9rcap000c3b6e9je0rt4c'
        order by sortIndex asc
      ;
select * from playback_state;
select * from playback_state;

      select id, timestamp from player_context order by timestamp desc
    ;

        select
          distinct id,
          name,
          description,
          externalLink,
          trackNumber,
          albumName,
          albumId,
          albumTrackCount,
          albumColorsString,
          durationMs,
          sortIndex,
          imageUrl,
          contextId,
          artistId,
          artistName
        from view__tracks_player_context_items
        where contextId = 'clgz9rcap000c3b6e9je0rt4c'
        order by sortIndex asc
      ;
select * from app_state;

      select id, timestamp from player_context order by timestamp desc
    ;

        select
          distinct id,
          name,
          description,
          externalLink,
          trackNumber,
          albumName,
          albumId,
          albumTrackCount,
          albumColorsString,
          durationMs,
          sortIndex,
          imageUrl,
          contextId,
          artistId,
          artistName
        from view__tracks_player_context_items
        where contextId = 'clgz9rcap000c3b6e9je0rt4c'
        order by sortIndex asc
      ;
select * from playback_state;

      select id, name, ownerId, ownerName, colorsString, imageUrl, 'LibraryPlaylist' as _tag, trackCount
      from view__playlists_with_track_counts
      order by name ASC
    ;

      select id, timestamp from player_context order by timestamp desc
    ;

        select
          distinct id,
          name,
          description,
          externalLink,
          trackNumber,
          albumName,
          albumId,
          albumTrackCount,
          albumColorsString,
          durationMs,
          sortIndex,
          imageUrl,
          contextId,
          artistId,
          artistName
        from view__tracks_player_context_items
        where contextId = 'clgz9rcap000c3b6e9je0rt4c'
        order by sortIndex asc
      ;
select * from playback_state;

      select id, timestamp from player_context order by timestamp desc
    ;

        select
          distinct id,
          name,
          description,
          externalLink,
          trackNumber,
          albumName,
          albumId,
          albumTrackCount,
          albumColorsString,
          durationMs,
          sortIndex,
          imageUrl,
          contextId,
          artistId,
          artistName
        from view__tracks_player_context_items
        where contextId = 'clgz9rcap000c3b6e9je0rt4c'
        order by sortIndex asc
      ;
select * from playback_state;

      select id, timestamp from player_context order by timestamp desc
    ;

        select
          distinct id,
          name,
          description,
          externalLink,
          trackNumber,
          albumName,
          albumId,
          albumTrackCount,
          albumColorsString,
          durationMs,
          sortIndex,
          imageUrl,
          contextId,
          artistId,
          artistName
        from view__tracks_player_context_items
        where contextId = 'clgz9rcap000c3b6e9je0rt4c'
        order by sortIndex asc
      ;
select * from playback_state;
select * from playback_state;

      select id, timestamp from player_context order by timestamp desc
    ;

        select
          distinct id,
          name,
          description,
          externalLink,
          trackNumber,
          albumName,
          albumId,
          albumTrackCount,
          albumColorsString,
          durationMs,
          sortIndex,
          imageUrl,
          contextId,
          artistId,
          artistName
        from view__tracks_player_context_items
        where contextId = 'clgz9rcap000c3b6e9je0rt4c'
        order by sortIndex asc
      ;
select * from app_state;

      select id, timestamp from player_context order by timestamp desc
    ;

        select
          distinct id,
          name,
          description,
          externalLink,
          trackNumber,
          albumName,
          albumId,
          albumTrackCount,
          albumColorsString,
          durationMs,
          sortIndex,
          imageUrl,
          contextId,
          artistId,
          artistName
        from view__tracks_player_context_items
        where contextId = 'clgz9rcap000c3b6e9je0rt4c'
        order by sortIndex asc
      ;
select * from playback_state;

      select id, name, ownerId, ownerName, colorsString, imageUrl, 'LibraryPlaylist' as _tag, trackCount
      from view__playlists_with_track_counts
      order by name ASC
    ;

      select id, name, ownerId, ownerName, colorsString, imageUrl, 'LibraryPlaylist' as _tag, trackCount
      from view__playlists_with_track_counts
      order by name ASC
    ;

      select id, name, ownerId, ownerName, colorsString, imageUrl, 'LibraryPlaylist' as _tag, trackCount
      from view__playlists_with_track_counts
      order by name ASC
    ;

      select id, name, ownerId, ownerName, colorsString, imageUrl, 'LibraryPlaylist' as _tag, trackCount
      from view__playlists_with_track_counts
      order by name ASC
    ;

      select id, name, ownerId, ownerName, colorsString, imageUrl, 'LibraryPlaylist' as _tag, trackCount
      from view__playlists_with_track_counts
      order by name ASC
    ;

      select id, timestamp from player_context order by timestamp desc
    ;

        select
          distinct id,
          name,
          description,
          externalLink,
          trackNumber,
          albumName,
          albumId,
          albumTrackCount,
          albumColorsString,
          durationMs,
          sortIndex,
          imageUrl,
          contextId,
          artistId,
          artistName
        from view__tracks_player_context_items
        where contextId = 'clgz9rcap000c3b6e9je0rt4c'
        order by sortIndex asc
      ;
select * from playback_state;

      select id, timestamp from player_context order by timestamp desc
    ;

        select
          distinct id,
          name,
          description,
          externalLink,
          trackNumber,
          albumName,
          albumId,
          albumTrackCount,
          albumColorsString,
          durationMs,
          sortIndex,
          imageUrl,
          contextId,
          artistId,
          artistName
        from view__tracks_player_context_items
        where contextId = 'clgz9rcap000c3b6e9je0rt4c'
        order by sortIndex asc
      ;
select * from playback_state;

      select id, timestamp from player_context order by timestamp desc
    ;

        select
          distinct id,
          name,
          description,
          externalLink,
          trackNumber,
          albumName,
          albumId,
          albumTrackCount,
          albumColorsString,
          durationMs,
          sortIndex,
          imageUrl,
          contextId,
          artistId,
          artistName
        from view__tracks_player_context_items
        where contextId = 'clgz9rcap000c3b6e9je0rt4c'
        order by sortIndex asc
      ;
select * from playback_state;
select * from playback_state;

      select id, timestamp from player_context order by timestamp desc
    ;

        select
          distinct id,
          name,
          description,
          externalLink,
          trackNumber,
          albumName,
          albumId,
          albumTrackCount,
          albumColorsString,
          durationMs,
          sortIndex,
          imageUrl,
          contextId,
          artistId,
          artistName
        from view__tracks_player_context_items
        where contextId = 'clgz9rcap000c3b6e9je0rt4c'
        order by sortIndex asc
      ;
select * from app_state;

      select id, timestamp from player_context order by timestamp desc
    ;

        select
          distinct id,
          name,
          description,
          externalLink,
          trackNumber,
          albumName,
          albumId,
          albumTrackCount,
          albumColorsString,
          durationMs,
          sortIndex,
          imageUrl,
          contextId,
          artistId,
          artistName
        from view__tracks_player_context_items
        where contextId = 'clgz9rcap000c3b6e9je0rt4c'
        order by sortIndex asc
      ;
select * from playback_state;

      select id, name, ownerId, ownerName, colorsString, imageUrl, 'LibraryPlaylist' as _tag, trackCount
      from view__playlists_with_track_counts
      order by name ASC
    ;

      select id, timestamp from player_context order by timestamp desc
    ;

        select
          distinct id,
          name,
          description,
          externalLink,
          trackNumber,
          albumName,
          albumId,
          albumTrackCount,
          albumColorsString,
          durationMs,
          sortIndex,
          imageUrl,
          contextId,
          artistId,
          artistName
        from view__tracks_player_context_items
        where contextId = 'clgz9rcap000c3b6e9je0rt4c'
        order by sortIndex asc
      ;
select * from playback_state;

      select id, timestamp from player_context order by timestamp desc
    ;

        select
          distinct id,
          name,
          description,
          externalLink,
          trackNumber,
          albumName,
          albumId,
          albumTrackCount,
          albumColorsString,
          durationMs,
          sortIndex,
          imageUrl,
          contextId,
          artistId,
          artistName
        from view__tracks_player_context_items
        where contextId = 'clgz9rcap000c3b6e9je0rt4c'
        order by sortIndex asc
      ;
select * from playback_state;

      select id, timestamp from player_context order by timestamp desc
    ;

        select
          distinct id,
          name,
          description,
          externalLink,
          trackNumber,
          albumName,
          albumId,
          albumTrackCount,
          albumColorsString,
          durationMs,
          sortIndex,
          imageUrl,
          contextId,
          artistId,
          artistName
        from view__tracks_player_context_items
        where contextId = 'clgz9rcap000c3b6e9je0rt4c'
        order by sortIndex asc
      ;
select * from playback_state;
select * from playback_state;

      select id, timestamp from player_context order by timestamp desc
    ;

        select
          distinct id,
          name,
          description,
          externalLink,
          trackNumber,
          albumName,
          albumId,
          albumTrackCount,
          albumColorsString,
          durationMs,
          sortIndex,
          imageUrl,
          contextId,
          artistId,
          artistName
        from view__tracks_player_context_items
        where contextId = 'clgz9rcap000c3b6e9je0rt4c'
        order by sortIndex asc
      ;
select * from app_state;

      select id, timestamp from player_context order by timestamp desc
    ;

        select
          distinct id,
          name,
          description,
          externalLink,
          trackNumber,
          albumName,
          albumId,
          albumTrackCount,
          albumColorsString,
          durationMs,
          sortIndex,
          imageUrl,
          contextId,
          artistId,
          artistName
        from view__tracks_player_context_items
        where contextId = 'clgz9rcap000c3b6e9je0rt4c'
        order by sortIndex asc
      ;
select * from playback_state;

      select id, name, ownerId, ownerName, colorsString, imageUrl, 'LibraryPlaylist' as _tag, trackCount
      from view__playlists_with_track_counts
      order by name ASC
    ;

      select id, timestamp from player_context order by timestamp desc
    ;

        select
          distinct id,
          name,
          description,
          externalLink,
          trackNumber,
          albumName,
          albumId,
          albumTrackCount,
          albumColorsString,
          durationMs,
          sortIndex,
          imageUrl,
          contextId,
          artistId,
          artistName
        from view__tracks_player_context_items
        where contextId = 'clgz9rcap000c3b6e9je0rt4c'
        order by sortIndex asc
      ;
select * from playback_state;

      select id, timestamp from player_context order by timestamp desc
    ;

        select
          distinct id,
          name,
          description,
          externalLink,
          trackNumber,
          albumName,
          albumId,
          albumTrackCount,
          albumColorsString,
          durationMs,
          sortIndex,
          imageUrl,
          contextId,
          artistId,
          artistName
        from view__tracks_player_context_items
        where contextId = 'clgz9rcap000c3b6e9je0rt4c'
        order by sortIndex asc
      ;
select * from playback_state;

      select id, timestamp from player_context order by timestamp desc
    ;

        select
          distinct id,
          name,
          description,
          externalLink,
          trackNumber,
          albumName,
          albumId,
          albumTrackCount,
          albumColorsString,
          durationMs,
          sortIndex,
          imageUrl,
          contextId,
          artistId,
          artistName
        from view__tracks_player_context_items
        where contextId = 'clgz9rcap000c3b6e9je0rt4c'
        order by sortIndex asc
      ;
select * from playback_state;
select * from playback_state;

      select id, timestamp from player_context order by timestamp desc
    ;

        select
          distinct id,
          name,
          description,
          externalLink,
          trackNumber,
          albumName,
          albumId,
          albumTrackCount,
          albumColorsString,
          durationMs,
          sortIndex,
          imageUrl,
          contextId,
          artistId,
          artistName
        from view__tracks_player_context_items
        where contextId = 'clgz9rcap000c3b6e9je0rt4c'
        order by sortIndex asc
      ;
select * from app_state;

      select id, timestamp from player_context order by timestamp desc
    ;

        select
          distinct id,
          name,
          description,
          externalLink,
          trackNumber,
          albumName,
          albumId,
          albumTrackCount,
          albumColorsString,
          durationMs,
          sortIndex,
          imageUrl,
          contextId,
          artistId,
          artistName
        from view__tracks_player_context_items
        where contextId = 'clgz9rcap000c3b6e9je0rt4c'
        order by sortIndex asc
      ;
select * from playback_state;

      select id, name, ownerId, ownerName, colorsString, imageUrl, 'LibraryPlaylist' as _tag, trackCount
      from view__playlists_with_track_counts
      order by name ASC
    ;

      select id, timestamp from player_context order by timestamp desc
    ;

        select
          distinct id,
          name,
          description,
          externalLink,
          trackNumber,
          albumName,
          albumId,
          albumTrackCount,
          albumColorsString,
          durationMs,
          sortIndex,
          imageUrl,
          contextId,
          artistId,
          artistName
        from view__tracks_player_context_items
        where contextId = 'clgz9rcap000c3b6e9je0rt4c'
        order by sortIndex asc
      ;
select * from playback_state;

      select id, timestamp from player_context order by timestamp desc
    ;

        select
          distinct id,
          name,
          description,
          externalLink,
          trackNumber,
          albumName,
          albumId,
          albumTrackCount,
          albumColorsString,
          durationMs,
          sortIndex,
          imageUrl,
          contextId,
          artistId,
          artistName
        from view__tracks_player_context_items
        where contextId = 'clgz9rcap000c3b6e9je0rt4c'
        order by sortIndex asc
      ;
select * from playback_state;

      select id, timestamp from player_context order by timestamp desc
    ;

        select
          distinct id,
          name,
          description,
          externalLink,
          trackNumber,
          albumName,
          albumId,
          albumTrackCount,
          albumColorsString,
          durationMs,
          sortIndex,
          imageUrl,
          contextId,
          artistId,
          artistName
        from view__tracks_player_context_items
        where contextId = 'clgz9rcap000c3b6e9je0rt4c'
        order by sortIndex asc
      ;
select * from playback_state;
select * from playback_state;

      select id, timestamp from player_context order by timestamp desc
    ;

        select
          distinct id,
          name,
          description,
          externalLink,
          trackNumber,
          albumName,
          albumId,
          albumTrackCount,
          albumColorsString,
          durationMs,
          sortIndex,
          imageUrl,
          contextId,
          artistId,
          artistName
        from view__tracks_player_context_items
        where contextId = 'clgz9rcap000c3b6e9je0rt4c'
        order by sortIndex asc
      ;
select * from app_state;

      select id, timestamp from player_context order by timestamp desc
    ;

        select
          distinct id,
          name,
          description,
          externalLink,
          trackNumber,
          albumName,
          albumId,
          albumTrackCount,
          albumColorsString,
          durationMs,
          sortIndex,
          imageUrl,
          contextId,
          artistId,
          artistName
        from view__tracks_player_context_items
        where contextId = 'clgz9rcap000c3b6e9je0rt4c'
        order by sortIndex asc
      ;
select * from playback_state;

      select id, name, ownerId, ownerName, colorsString, imageUrl, 'LibraryPlaylist' as _tag, trackCount
      from view__playlists_with_track_counts
      order by name ASC
    ;

      select id, name, ownerId, ownerName, colorsString, imageUrl, 'LibraryPlaylist' as _tag, trackCount
      from view__playlists_with_track_counts
      order by name ASC
    ;

      select id, name, ownerId, ownerName, colorsString, imageUrl, 'LibraryPlaylist' as _tag, trackCount
      from view__playlists_with_track_counts
      order by name ASC
    ;

      select id, name, ownerId, ownerName, colorsString, imageUrl, 'LibraryPlaylist' as _tag, trackCount
      from view__playlists_with_track_counts
      order by name ASC
    ;

      select id, name, ownerId, ownerName, colorsString, imageUrl, 'LibraryPlaylist' as _tag, trackCount
      from view__playlists_with_track_counts
      order by name ASC
    ;

      select id, name, ownerId, ownerName, colorsString, imageUrl, 'LibraryPlaylist' as _tag, trackCount
      from view__playlists_with_track_counts
      order by name ASC
    ;

      select id, name, ownerId, ownerName, colorsString, imageUrl, 'LibraryPlaylist' as _tag, trackCount
      from view__playlists_with_track_counts
      order by name ASC
    ;

      select id, name, ownerId, ownerName, colorsString, imageUrl, 'LibraryPlaylist' as _tag, trackCount
      from view__playlists_with_track_counts
      order by name ASC
    ;

      select id, name, ownerId, ownerName, colorsString, imageUrl, 'LibraryPlaylist' as _tag, trackCount
      from view__playlists_with_track_counts
      order by name ASC
    ;

      select id, timestamp from player_context order by timestamp desc
    ;

        select
          distinct id,
          name,
          description,
          externalLink,
          trackNumber,
          albumName,
          albumId,
          albumTrackCount,
          albumColorsString,
          durationMs,
          sortIndex,
          imageUrl,
          contextId,
          artistId,
          artistName
        from view__tracks_player_context_items
        where contextId = 'clgz9rcap000c3b6e9je0rt4c'
        order by sortIndex asc
      ;
select * from playback_state;

      select id, timestamp from player_context order by timestamp desc
    ;

        select
          distinct id,
          name,
          description,
          externalLink,
          trackNumber,
          albumName,
          albumId,
          albumTrackCount,
          albumColorsString,
          durationMs,
          sortIndex,
          imageUrl,
          contextId,
          artistId,
          artistName
        from view__tracks_player_context_items
        where contextId = 'clgz9rcap000c3b6e9je0rt4c'
        order by sortIndex asc
      ;
select * from playback_state;

      select id, timestamp from player_context order by timestamp desc
    ;

        select
          distinct id,
          name,
          description,
          externalLink,
          trackNumber,
          albumName,
          albumId,
          albumTrackCount,
          albumColorsString,
          durationMs,
          sortIndex,
          imageUrl,
          contextId,
          artistId,
          artistName
        from view__tracks_player_context_items
        where contextId = 'clgz9rcap000c3b6e9je0rt4c'
        order by sortIndex asc
      ;
select * from playback_state;
select * from playback_state;

      select id, timestamp from player_context order by timestamp desc
    ;

        select
          distinct id,
          name,
          description,
          externalLink,
          trackNumber,
          albumName,
          albumId,
          albumTrackCount,
          albumColorsString,
          durationMs,
          sortIndex,
          imageUrl,
          contextId,
          artistId,
          artistName
        from view__tracks_player_context_items
        where contextId = 'clgz9rcap000c3b6e9je0rt4c'
        order by sortIndex asc
      ;
select * from app_state;

      select id, timestamp from player_context order by timestamp desc
    ;

        select
          distinct id,
          name,
          description,
          externalLink,
          trackNumber,
          albumName,
          albumId,
          albumTrackCount,
          albumColorsString,
          durationMs,
          sortIndex,
          imageUrl,
          contextId,
          artistId,
          artistName
        from view__tracks_player_context_items
        where contextId = 'clgz9rcap000c3b6e9je0rt4c'
        order by sortIndex asc
      ;
select * from playback_state;

      select id, name, ownerId, ownerName, colorsString, imageUrl, 'LibraryPlaylist' as _tag, trackCount
      from view__playlists_with_track_counts
      order by name ASC
    ;

      select id, timestamp from player_context order by timestamp desc
    ;

        select
          distinct id,
          name,
          description,
          externalLink,
          trackNumber,
          albumName,
          albumId,
          albumTrackCount,
          albumColorsString,
          durationMs,
          sortIndex,
          imageUrl,
          contextId,
          artistId,
          artistName
        from view__tracks_player_context_items
        where contextId = 'clgz9rcap000c3b6e9je0rt4c'
        order by sortIndex asc
      ;
select * from playback_state;

      select id, timestamp from player_context order by timestamp desc
    ;

        select
          distinct id,
          name,
          description,
          externalLink,
          trackNumber,
          albumName,
          albumId,
          albumTrackCount,
          albumColorsString,
          durationMs,
          sortIndex,
          imageUrl,
          contextId,
          artistId,
          artistName
        from view__tracks_player_context_items
        where contextId = 'clgz9rcap000c3b6e9je0rt4c'
        order by sortIndex asc
      ;
select * from playback_state;

      select id, timestamp from player_context order by timestamp desc
    ;

        select
          distinct id,
          name,
          description,
          externalLink,
          trackNumber,
          albumName,
          albumId,
          albumTrackCount,
          albumColorsString,
          durationMs,
          sortIndex,
          imageUrl,
          contextId,
          artistId,
          artistName
        from view__tracks_player_context_items
        where contextId = 'clgz9rcap000c3b6e9je0rt4c'
        order by sortIndex asc
      ;
select * from playback_state;
select * from playback_state;

      select id, timestamp from player_context order by timestamp desc
    ;

        select
          distinct id,
          name,
          description,
          externalLink,
          trackNumber,
          albumName,
          albumId,
          albumTrackCount,
          albumColorsString,
          durationMs,
          sortIndex,
          imageUrl,
          contextId,
          artistId,
          artistName
        from view__tracks_player_context_items
        where contextId = 'clgz9rcap000c3b6e9je0rt4c'
        order by sortIndex asc
      ;
select * from app_state;

      select id, timestamp from player_context order by timestamp desc
    ;

        select
          distinct id,
          name,
          description,
          externalLink,
          trackNumber,
          albumName,
          albumId,
          albumTrackCount,
          albumColorsString,
          durationMs,
          sortIndex,
          imageUrl,
          contextId,
          artistId,
          artistName
        from view__tracks_player_context_items
        where contextId = 'clgz9rcap000c3b6e9je0rt4c'
        order by sortIndex asc
      ;
select * from playback_state;

      select id, name, ownerId, ownerName, colorsString, imageUrl, 'LibraryPlaylist' as _tag, trackCount
      from view__playlists_with_track_counts
      order by name ASC
    ;

      select id, timestamp from player_context order by timestamp desc
    ;

        select
          distinct id,
          name,
          description,
          externalLink,
          trackNumber,
          albumName,
          albumId,
          albumTrackCount,
          albumColorsString,
          durationMs,
          sortIndex,
          imageUrl,
          contextId,
          artistId,
          artistName
        from view__tracks_player_context_items
        where contextId = 'clgz9rcap000c3b6e9je0rt4c'
        order by sortIndex asc
      ;
select * from playback_state;

      select id, timestamp from player_context order by timestamp desc
    ;

        select
          distinct id,
          name,
          description,
          externalLink,
          trackNumber,
          albumName,
          albumId,
          albumTrackCount,
          albumColorsString,
          durationMs,
          sortIndex,
          imageUrl,
          contextId,
          artistId,
          artistName
        from view__tracks_player_context_items
        where contextId = 'clgz9rcap000c3b6e9je0rt4c'
        order by sortIndex asc
      ;
select * from playback_state;

      select id, timestamp from player_context order by timestamp desc
    ;

        select
          distinct id,
          name,
          description,
          externalLink,
          trackNumber,
          albumName,
          albumId,
          albumTrackCount,
          albumColorsString,
          durationMs,
          sortIndex,
          imageUrl,
          contextId,
          artistId,
          artistName
        from view__tracks_player_context_items
        where contextId = 'clgz9rcap000c3b6e9je0rt4c'
        order by sortIndex asc
      ;
select * from playback_state;
select * from playback_state;

      select id, timestamp from player_context order by timestamp desc
    ;

        select
          distinct id,
          name,
          description,
          externalLink,
          trackNumber,
          albumName,
          albumId,
          albumTrackCount,
          albumColorsString,
          durationMs,
          sortIndex,
          imageUrl,
          contextId,
          artistId,
          artistName
        from view__tracks_player_context_items
        where contextId = 'clgz9rcap000c3b6e9je0rt4c'
        order by sortIndex asc
      ;
select * from app_state;

      select id, timestamp from player_context order by timestamp desc
    ;

        select
          distinct id,
          name,
          description,
          externalLink,
          trackNumber,
          albumName,
          albumId,
          albumTrackCount,
          albumColorsString,
          durationMs,
          sortIndex,
          imageUrl,
          contextId,
          artistId,
          artistName
        from view__tracks_player_context_items
        where contextId = 'clgz9rcap000c3b6e9je0rt4c'
        order by sortIndex asc
      ;
select * from playback_state;

      select id, name, ownerId, ownerName, colorsString, imageUrl, 'LibraryPlaylist' as _tag, trackCount
      from view__playlists_with_track_counts
      order by name ASC
    ;

      select id, timestamp from player_context order by timestamp desc
    ;

        select
          distinct id,
          name,
          description,
          externalLink,
          trackNumber,
          albumName,
          albumId,
          albumTrackCount,
          albumColorsString,
          durationMs,
          sortIndex,
          imageUrl,
          contextId,
          artistId,
          artistName
        from view__tracks_player_context_items
        where contextId = 'clgz9rcap000c3b6e9je0rt4c'
        order by sortIndex asc
      ;
select * from playback_state;

      select id, timestamp from player_context order by timestamp desc
    ;

        select
          distinct id,
          name,
          description,
          externalLink,
          trackNumber,
          albumName,
          albumId,
          albumTrackCount,
          albumColorsString,
          durationMs,
          sortIndex,
          imageUrl,
          contextId,
          artistId,
          artistName
        from view__tracks_player_context_items
        where contextId = 'clgz9rcap000c3b6e9je0rt4c'
        order by sortIndex asc
      ;
select * from playback_state;

      select id, timestamp from player_context order by timestamp desc
    ;

        select
          distinct id,
          name,
          description,
          externalLink,
          trackNumber,
          albumName,
          albumId,
          albumTrackCount,
          albumColorsString,
          durationMs,
          sortIndex,
          imageUrl,
          contextId,
          artistId,
          artistName
        from view__tracks_player_context_items
        where contextId = 'clgz9rcap000c3b6e9je0rt4c'
        order by sortIndex asc
      ;
select * from playback_state;
select * from playback_state;

      select id, timestamp from player_context order by timestamp desc
    ;

        select
          distinct id,
          name,
          description,
          externalLink,
          trackNumber,
          albumName,
          albumId,
          albumTrackCount,
          albumColorsString,
          durationMs,
          sortIndex,
          imageUrl,
          contextId,
          artistId,
          artistName
        from view__tracks_player_context_items
        where contextId = 'clgz9rcap000c3b6e9je0rt4c'
        order by sortIndex asc
      ;
select * from app_state;

      select id, timestamp from player_context order by timestamp desc
    ;

        select
          distinct id,
          name,
          description,
          externalLink,
          trackNumber,
          albumName,
          albumId,
          albumTrackCount,
          albumColorsString,
          durationMs,
          sortIndex,
          imageUrl,
          contextId,
          artistId,
          artistName
        from view__tracks_player_context_items
        where contextId = 'clgz9rcap000c3b6e9je0rt4c'
        order by sortIndex asc
      ;
select * from playback_state;

      select id, name, ownerId, ownerName, colorsString, imageUrl, 'LibraryPlaylist' as _tag, trackCount
      from view__playlists_with_track_counts
      order by name ASC
    ;

      select id, timestamp from player_context order by timestamp desc
    ;

        select
          distinct id,
          name,
          description,
          externalLink,
          trackNumber,
          albumName,
          albumId,
          albumTrackCount,
          albumColorsString,
          durationMs,
          sortIndex,
          imageUrl,
          contextId,
          artistId,
          artistName
        from view__tracks_player_context_items
        where contextId = 'clgz9rcap000c3b6e9je0rt4c'
        order by sortIndex asc
      ;
select * from playback_state;

      select id, timestamp from player_context order by timestamp desc
    ;

        select
          distinct id,
          name,
          description,
          externalLink,
          trackNumber,
          albumName,
          albumId,
          albumTrackCount,
          albumColorsString,
          durationMs,
          sortIndex,
          imageUrl,
          contextId,
          artistId,
          artistName
        from view__tracks_player_context_items
        where contextId = 'clgz9rcap000c3b6e9je0rt4c'
        order by sortIndex asc
      ;
select * from playback_state;

      select id, timestamp from player_context order by timestamp desc
    ;

        select
          distinct id,
          name,
          description,
          externalLink,
          trackNumber,
          albumName,
          albumId,
          albumTrackCount,
          albumColorsString,
          durationMs,
          sortIndex,
          imageUrl,
          contextId,
          artistId,
          artistName
        from view__tracks_player_context_items
        where contextId = 'clgz9rcap000c3b6e9je0rt4c'
        order by sortIndex asc
      ;
select * from playback_state;
select * from playback_state;

      select id, timestamp from player_context order by timestamp desc
    ;

        select
          distinct id,
          name,
          description,
          externalLink,
          trackNumber,
          albumName,
          albumId,
          albumTrackCount,
          albumColorsString,
          durationMs,
          sortIndex,
          imageUrl,
          contextId,
          artistId,
          artistName
        from view__tracks_player_context_items
        where contextId = 'clgz9rcap000c3b6e9je0rt4c'
        order by sortIndex asc
      ;
select * from app_state;

      select id, timestamp from player_context order by timestamp desc
    ;

        select
          distinct id,
          name,
          description,
          externalLink,
          trackNumber,
          albumName,
          albumId,
          albumTrackCount,
          albumColorsString,
          durationMs,
          sortIndex,
          imageUrl,
          contextId,
          artistId,
          artistName
        from view__tracks_player_context_items
        where contextId = 'clgz9rcap000c3b6e9je0rt4c'
        order by sortIndex asc
      ;
select * from playback_state;

      select id, name, ownerId, ownerName, colorsString, imageUrl, 'LibraryPlaylist' as _tag, trackCount
      from view__playlists_with_track_counts
      order by name ASC
    ;

      select id, name, ownerId, ownerName, colorsString, imageUrl, 'LibraryPlaylist' as _tag, trackCount
      from view__playlists_with_track_counts
      order by name ASC
    ;

      select id, name, ownerId, ownerName, colorsString, imageUrl, 'LibraryPlaylist' as _tag, trackCount
      from view__playlists_with_track_counts
      order by name ASC
    ;

      select id, name, ownerId, ownerName, colorsString, imageUrl, 'LibraryPlaylist' as _tag, trackCount
      from view__playlists_with_track_counts
      order by name ASC
    ;

      select id, name, ownerId, ownerName, colorsString, imageUrl, 'LibraryPlaylist' as _tag, trackCount
      from view__playlists_with_track_counts
      order by name ASC
    ;

      select id, name, ownerId, ownerName, colorsString, imageUrl, 'LibraryPlaylist' as _tag, trackCount
      from view__playlists_with_track_counts
      order by name ASC
    ;

      select id, name, ownerId, ownerName, colorsString, imageUrl, 'LibraryPlaylist' as _tag, trackCount
      from view__playlists_with_track_counts
      order by name ASC
    ;

      select id, name, ownerId, ownerName, colorsString, imageUrl, 'LibraryPlaylist' as _tag, trackCount
      from view__playlists_with_track_counts
      order by name ASC
    ;

      select id, name, ownerId, ownerName, colorsString, imageUrl, 'LibraryPlaylist' as _tag, trackCount
      from view__playlists_with_track_counts
      order by name ASC
    ;

      select id, name, ownerId, ownerName, colorsString, imageUrl, 'LibraryPlaylist' as _tag, trackCount
      from view__playlists_with_track_counts
      order by name ASC
    ;

      select id, name, ownerId, ownerName, colorsString, imageUrl, 'LibraryPlaylist' as _tag, trackCount
      from view__playlists_with_track_counts
      order by name ASC
    ;

      select id, name, ownerId, ownerName, colorsString, imageUrl, 'LibraryPlaylist' as _tag, trackCount
      from view__playlists_with_track_counts
      order by name ASC
    ;

      select id, name, ownerId, ownerName, colorsString, imageUrl, 'LibraryPlaylist' as _tag, trackCount
      from view__playlists_with_track_counts
      order by name ASC
    ;

      select id, name, ownerId, ownerName, colorsString, imageUrl, 'LibraryPlaylist' as _tag, trackCount
      from view__playlists_with_track_counts
      order by name ASC
    ;

      select id, timestamp from player_context order by timestamp desc
    ;

        select
          distinct id,
          name,
          description,
          externalLink,
          trackNumber,
          albumName,
          albumId,
          albumTrackCount,
          albumColorsString,
          durationMs,
          sortIndex,
          imageUrl,
          contextId,
          artistId,
          artistName
        from view__tracks_player_context_items
        where contextId = 'clgz9rcap000c3b6e9je0rt4c'
        order by sortIndex asc
      ;
select * from playback_state;

      select id, timestamp from player_context order by timestamp desc
    ;

        select
          distinct id,
          name,
          description,
          externalLink,
          trackNumber,
          albumName,
          albumId,
          albumTrackCount,
          albumColorsString,
          durationMs,
          sortIndex,
          imageUrl,
          contextId,
          artistId,
          artistName
        from view__tracks_player_context_items
        where contextId = 'clgz9rcap000c3b6e9je0rt4c'
        order by sortIndex asc
      ;
select * from playback_state;

      select id, timestamp from player_context order by timestamp desc
    ;

        select
          distinct id,
          name,
          description,
          externalLink,
          trackNumber,
          albumName,
          albumId,
          albumTrackCount,
          albumColorsString,
          durationMs,
          sortIndex,
          imageUrl,
          contextId,
          artistId,
          artistName
        from view__tracks_player_context_items
        where contextId = 'clgz9rcap000c3b6e9je0rt4c'
        order by sortIndex asc
      ;
select * from playback_state;
select * from playback_state;

      select id, timestamp from player_context order by timestamp desc
    ;

        select
          distinct id,
          name,
          description,
          externalLink,
          trackNumber,
          albumName,
          albumId,
          albumTrackCount,
          albumColorsString,
          durationMs,
          sortIndex,
          imageUrl,
          contextId,
          artistId,
          artistName
        from view__tracks_player_context_items
        where contextId = 'clgz9rcap000c3b6e9je0rt4c'
        order by sortIndex asc
      ;
select * from app_state;

      select id, timestamp from player_context order by timestamp desc
    ;

        select
          distinct id,
          name,
          description,
          externalLink,
          trackNumber,
          albumName,
          albumId,
          albumTrackCount,
          albumColorsString,
          durationMs,
          sortIndex,
          imageUrl,
          contextId,
          artistId,
          artistName
        from view__tracks_player_context_items
        where contextId = 'clgz9rcap000c3b6e9je0rt4c'
        order by sortIndex asc
      ;
select * from playback_state;

      select id, name, ownerId, ownerName, colorsString, imageUrl, 'LibraryPlaylist' as _tag, trackCount
      from view__playlists_with_track_counts
      order by name ASC
    ;

      select id, timestamp from player_context order by timestamp desc
    ;

        select
          distinct id,
          name,
          description,
          externalLink,
          trackNumber,
          albumName,
          albumId,
          albumTrackCount,
          albumColorsString,
          durationMs,
          sortIndex,
          imageUrl,
          contextId,
          artistId,
          artistName
        from view__tracks_player_context_items
        where contextId = 'clgz9rcap000c3b6e9je0rt4c'
        order by sortIndex asc
      ;
select * from playback_state;

      select id, timestamp from player_context order by timestamp desc
    ;

        select
          distinct id,
          name,
          description,
          externalLink,
          trackNumber,
          albumName,
          albumId,
          albumTrackCount,
          albumColorsString,
          durationMs,
          sortIndex,
          imageUrl,
          contextId,
          artistId,
          artistName
        from view__tracks_player_context_items
        where contextId = 'clgz9rcap000c3b6e9je0rt4c'
        order by sortIndex asc
      ;
select * from playback_state;

      select id, timestamp from player_context order by timestamp desc
    ;

        select
          distinct id,
          name,
          description,
          externalLink,
          trackNumber,
          albumName,
          albumId,
          albumTrackCount,
          albumColorsString,
          durationMs,
          sortIndex,
          imageUrl,
          contextId,
          artistId,
          artistName
        from view__tracks_player_context_items
        where contextId = 'clgz9rcap000c3b6e9je0rt4c'
        order by sortIndex asc
      ;
select * from playback_state;
select * from playback_state;

      select id, timestamp from player_context order by timestamp desc
    ;

        select
          distinct id,
          name,
          description,
          externalLink,
          trackNumber,
          albumName,
          albumId,
          albumTrackCount,
          albumColorsString,
          durationMs,
          sortIndex,
          imageUrl,
          contextId,
          artistId,
          artistName
        from view__tracks_player_context_items
        where contextId = 'clgz9rcap000c3b6e9je0rt4c'
        order by sortIndex asc
      ;
select * from app_state;

      select id, timestamp from player_context order by timestamp desc
    ;

        select
          distinct id,
          name,
          description,
          externalLink,
          trackNumber,
          albumName,
          albumId,
          albumTrackCount,
          albumColorsString,
          durationMs,
          sortIndex,
          imageUrl,
          contextId,
          artistId,
          artistName
        from view__tracks_player_context_items
        where contextId = 'clgz9rcap000c3b6e9je0rt4c'
        order by sortIndex asc
      ;
select * from playback_state;

      select id, name, ownerId, ownerName, colorsString, imageUrl, 'LibraryPlaylist' as _tag, trackCount
      from view__playlists_with_track_counts
      order by name ASC
    ;

      select id, timestamp from player_context order by timestamp desc
    ;

        select
          distinct id,
          name,
          description,
          externalLink,
          trackNumber,
          albumName,
          albumId,
          albumTrackCount,
          albumColorsString,
          durationMs,
          sortIndex,
          imageUrl,
          contextId,
          artistId,
          artistName
        from view__tracks_player_context_items
        where contextId = 'clgz9rcap000c3b6e9je0rt4c'
        order by sortIndex asc
      ;
select * from playback_state;

      select id, timestamp from player_context order by timestamp desc
    ;

        select
          distinct id,
          name,
          description,
          externalLink,
          trackNumber,
          albumName,
          albumId,
          albumTrackCount,
          albumColorsString,
          durationMs,
          sortIndex,
          imageUrl,
          contextId,
          artistId,
          artistName
        from view__tracks_player_context_items
        where contextId = 'clgz9rcap000c3b6e9je0rt4c'
        order by sortIndex asc
      ;
select * from playback_state;

      select id, timestamp from player_context order by timestamp desc
    ;

        select
          distinct id,
          name,
          description,
          externalLink,
          trackNumber,
          albumName,
          albumId,
          albumTrackCount,
          albumColorsString,
          durationMs,
          sortIndex,
          imageUrl,
          contextId,
          artistId,
          artistName
        from view__tracks_player_context_items
        where contextId = 'clgz9rcap000c3b6e9je0rt4c'
        order by sortIndex asc
      ;
select * from playback_state;
select * from playback_state;

      select id, timestamp from player_context order by timestamp desc
    ;

        select
          distinct id,
          name,
          description,
          externalLink,
          trackNumber,
          albumName,
          albumId,
          albumTrackCount,
          albumColorsString,
          durationMs,
          sortIndex,
          imageUrl,
          contextId,
          artistId,
          artistName
        from view__tracks_player_context_items
        where contextId = 'clgz9rcap000c3b6e9je0rt4c'
        order by sortIndex asc
      ;
select * from app_state;

      select id, timestamp from player_context order by timestamp desc
    ;

        select
          distinct id,
          name,
          description,
          externalLink,
          trackNumber,
          albumName,
          albumId,
          albumTrackCount,
          albumColorsString,
          durationMs,
          sortIndex,
          imageUrl,
          contextId,
          artistId,
          artistName
        from view__tracks_player_context_items
        where contextId = 'clgz9rcap000c3b6e9je0rt4c'
        order by sortIndex asc
      ;
select * from playback_state;

      select id, name, ownerId, ownerName, colorsString, imageUrl, 'LibraryPlaylist' as _tag, trackCount
      from view__playlists_with_track_counts
      order by name ASC
    ;

      select id, timestamp from player_context order by timestamp desc
    ;

        select
          distinct id,
          name,
          description,
          externalLink,
          trackNumber,
          albumName,
          albumId,
          albumTrackCount,
          albumColorsString,
          durationMs,
          sortIndex,
          imageUrl,
          contextId,
          artistId,
          artistName
        from view__tracks_player_context_items
        where contextId = 'clgz9rcap000c3b6e9je0rt4c'
        order by sortIndex asc
      ;
select * from playback_state;

      select id, timestamp from player_context order by timestamp desc
    ;

        select
          distinct id,
          name,
          description,
          externalLink,
          trackNumber,
          albumName,
          albumId,
          albumTrackCount,
          albumColorsString,
          durationMs,
          sortIndex,
          imageUrl,
          contextId,
          artistId,
          artistName
        from view__tracks_player_context_items
        where contextId = 'clgz9rcap000c3b6e9je0rt4c'
        order by sortIndex asc
      ;
select * from playback_state;

      select id, timestamp from player_context order by timestamp desc
    ;

        select
          distinct id,
          name,
          description,
          externalLink,
          trackNumber,
          albumName,
          albumId,
          albumTrackCount,
          albumColorsString,
          durationMs,
          sortIndex,
          imageUrl,
          contextId,
          artistId,
          artistName
        from view__tracks_player_context_items
        where contextId = 'clgz9rcap000c3b6e9je0rt4c'
        order by sortIndex asc
      ;
select * from playback_state;
select * from playback_state;

      select id, timestamp from player_context order by timestamp desc
    ;

        select
          distinct id,
          name,
          description,
          externalLink,
          trackNumber,
          albumName,
          albumId,
          albumTrackCount,
          albumColorsString,
          durationMs,
          sortIndex,
          imageUrl,
          contextId,
          artistId,
          artistName
        from view__tracks_player_context_items
        where contextId = 'clgz9rcap000c3b6e9je0rt4c'
        order by sortIndex asc
      ;
select * from app_state;

      select id, timestamp from player_context order by timestamp desc
    ;

        select
          distinct id,
          name,
          description,
          externalLink,
          trackNumber,
          albumName,
          albumId,
          albumTrackCount,
          albumColorsString,
          durationMs,
          sortIndex,
          imageUrl,
          contextId,
          artistId,
          artistName
        from view__tracks_player_context_items
        where contextId = 'clgz9rcap000c3b6e9je0rt4c'
        order by sortIndex asc
      ;
select * from playback_state;

      select id, name, ownerId, ownerName, colorsString, imageUrl, 'LibraryPlaylist' as _tag, trackCount
      from view__playlists_with_track_counts
      order by name ASC
    ;

      select id, timestamp from player_context order by timestamp desc
    ;

        select
          distinct id,
          name,
          description,
          externalLink,
          trackNumber,
          albumName,
          albumId,
          albumTrackCount,
          albumColorsString,
          durationMs,
          sortIndex,
          imageUrl,
          contextId,
          artistId,
          artistName
        from view__tracks_player_context_items
        where contextId = 'clgz9rcap000c3b6e9je0rt4c'
        order by sortIndex asc
      ;
select * from playback_state;

      select id, timestamp from player_context order by timestamp desc
    ;

        select
          distinct id,
          name,
          description,
          externalLink,
          trackNumber,
          albumName,
          albumId,
          albumTrackCount,
          albumColorsString,
          durationMs,
          sortIndex,
          imageUrl,
          contextId,
          artistId,
          artistName
        from view__tracks_player_context_items
        where contextId = 'clgz9rcap000c3b6e9je0rt4c'
        order by sortIndex asc
      ;
select * from playback_state;

      select id, timestamp from player_context order by timestamp desc
    ;

        select
          distinct id,
          name,
          description,
          externalLink,
          trackNumber,
          albumName,
          albumId,
          albumTrackCount,
          albumColorsString,
          durationMs,
          sortIndex,
          imageUrl,
          contextId,
          artistId,
          artistName
        from view__tracks_player_context_items
        where contextId = 'clgz9rcap000c3b6e9je0rt4c'
        order by sortIndex asc
      ;
select * from playback_state;
select * from playback_state;

      select id, timestamp from player_context order by timestamp desc
    ;

        select
          distinct id,
          name,
          description,
          externalLink,
          trackNumber,
          albumName,
          albumId,
          albumTrackCount,
          albumColorsString,
          durationMs,
          sortIndex,
          imageUrl,
          contextId,
          artistId,
          artistName
        from view__tracks_player_context_items
        where contextId = 'clgz9rcap000c3b6e9je0rt4c'
        order by sortIndex asc
      ;
select * from app_state;

      select id, timestamp from player_context order by timestamp desc
    ;

        select
          distinct id,
          name,
          description,
          externalLink,
          trackNumber,
          albumName,
          albumId,
          albumTrackCount,
          albumColorsString,
          durationMs,
          sortIndex,
          imageUrl,
          contextId,
          artistId,
          artistName
        from view__tracks_player_context_items
        where contextId = 'clgz9rcap000c3b6e9je0rt4c'
        order by sortIndex asc
      ;
select * from playback_state;

      select id, name, ownerId, ownerName, colorsString, imageUrl, 'LibraryPlaylist' as _tag, trackCount
      from view__playlists_with_track_counts
      order by name ASC
    ;

      select id, timestamp from player_context order by timestamp desc
    ;

        select
          distinct id,
          name,
          description,
          externalLink,
          trackNumber,
          albumName,
          albumId,
          albumTrackCount,
          albumColorsString,
          durationMs,
          sortIndex,
          imageUrl,
          contextId,
          artistId,
          artistName
        from view__tracks_player_context_items
        where contextId = 'clgz9rcap000c3b6e9je0rt4c'
        order by sortIndex asc
      ;
select * from playback_state;

      select id, timestamp from player_context order by timestamp desc
    ;

        select
          distinct id,
          name,
          description,
          externalLink,
          trackNumber,
          albumName,
          albumId,
          albumTrackCount,
          albumColorsString,
          durationMs,
          sortIndex,
          imageUrl,
          contextId,
          artistId,
          artistName
        from view__tracks_player_context_items
        where contextId = 'clgz9rcap000c3b6e9je0rt4c'
        order by sortIndex asc
      ;
select * from playback_state;

      select id, timestamp from player_context order by timestamp desc
    ;

        select
          distinct id,
          name,
          description,
          externalLink,
          trackNumber,
          albumName,
          albumId,
          albumTrackCount,
          albumColorsString,
          durationMs,
          sortIndex,
          imageUrl,
          contextId,
          artistId,
          artistName
        from view__tracks_player_context_items
        where contextId = 'clgz9rcap000c3b6e9je0rt4c'
        order by sortIndex asc
      ;
select * from playback_state;
select * from playback_state;

      select id, timestamp from player_context order by timestamp desc
    ;

        select
          distinct id,
          name,
          description,
          externalLink,
          trackNumber,
          albumName,
          albumId,
          albumTrackCount,
          albumColorsString,
          durationMs,
          sortIndex,
          imageUrl,
          contextId,
          artistId,
          artistName
        from view__tracks_player_context_items
        where contextId = 'clgz9rcap000c3b6e9je0rt4c'
        order by sortIndex asc
      ;
select * from app_state;

      select id, timestamp from player_context order by timestamp desc
    ;

        select
          distinct id,
          name,
          description,
          externalLink,
          trackNumber,
          albumName,
          albumId,
          albumTrackCount,
          albumColorsString,
          durationMs,
          sortIndex,
          imageUrl,
          contextId,
          artistId,
          artistName
        from view__tracks_player_context_items
        where contextId = 'clgz9rcap000c3b6e9je0rt4c'
        order by sortIndex asc
      ;
select * from playback_state;

      select id, name, ownerId, ownerName, colorsString, imageUrl, 'LibraryPlaylist' as _tag, trackCount
      from view__playlists_with_track_counts
      order by name ASC
    ;

      select id, name, ownerId, ownerName, colorsString, imageUrl, 'LibraryPlaylist' as _tag, trackCount
      from view__playlists_with_track_counts
      order by name ASC
    ;

      select id, name, ownerId, ownerName, colorsString, imageUrl, 'LibraryPlaylist' as _tag, trackCount
      from view__playlists_with_track_counts
      order by name ASC
    ;

      select id, name, ownerId, ownerName, colorsString, imageUrl, 'LibraryPlaylist' as _tag, trackCount
      from view__playlists_with_track_counts
      order by name ASC
    ;

      select id, name, ownerId, ownerName, colorsString, imageUrl, 'LibraryPlaylist' as _tag, trackCount
      from view__playlists_with_track_counts
      order by name ASC
    ;

      select id, name, ownerId, ownerName, colorsString, imageUrl, 'LibraryPlaylist' as _tag, trackCount
      from view__playlists_with_track_counts
      order by name ASC
    ;

      select id, name, ownerId, ownerName, colorsString, imageUrl, 'LibraryPlaylist' as _tag, trackCount
      from view__playlists_with_track_counts
      order by name ASC
    ;

      select id, name, ownerId, ownerName, colorsString, imageUrl, 'LibraryPlaylist' as _tag, trackCount
      from view__playlists_with_track_counts
      order by name ASC
    ;

      select id, name, ownerId, ownerName, colorsString, imageUrl, 'LibraryPlaylist' as _tag, trackCount
      from view__playlists_with_track_counts
      order by name ASC
    ;

      select id, name, ownerId, ownerName, colorsString, imageUrl, 'LibraryPlaylist' as _tag, trackCount
      from view__playlists_with_track_counts
      order by name ASC
    ;

      select id, name, ownerId, ownerName, colorsString, imageUrl, 'LibraryPlaylist' as _tag, trackCount
      from view__playlists_with_track_counts
      order by name ASC
    ;

      select id, name, ownerId, ownerName, colorsString, imageUrl, 'LibraryPlaylist' as _tag, trackCount
      from view__playlists_with_track_counts
      order by name ASC
    ;

      select id, name, ownerId, ownerName, colorsString, imageUrl, 'LibraryPlaylist' as _tag, trackCount
      from view__playlists_with_track_counts
      order by name ASC
    ;

      select id, name, ownerId, ownerName, colorsString, imageUrl, 'LibraryPlaylist' as _tag, trackCount
      from view__playlists_with_track_counts
      order by name ASC
    ;

      select id, name, ownerId, ownerName, colorsString, imageUrl, 'LibraryPlaylist' as _tag, trackCount
      from view__playlists_with_track_counts
      order by name ASC
    ;

      select id, name, ownerId, ownerName, colorsString, imageUrl, 'LibraryPlaylist' as _tag, trackCount
      from view__playlists_with_track_counts
      order by name ASC
    ;

      select id, name, ownerId, ownerName, colorsString, imageUrl, 'LibraryPlaylist' as _tag, trackCount
      from view__playlists_with_track_counts
      order by name ASC
    ;

      select id, name, ownerId, ownerName, colorsString, imageUrl, 'LibraryPlaylist' as _tag, trackCount
      from view__playlists_with_track_counts
      order by name ASC
    ;

      select id, name, ownerId, ownerName, colorsString, imageUrl, 'LibraryPlaylist' as _tag, trackCount
      from view__playlists_with_track_counts
      order by name ASC
    ;

      select id, name, ownerId, ownerName, colorsString, imageUrl, 'LibraryPlaylist' as _tag, trackCount
      from view__playlists_with_track_counts
      order by name ASC
    ;

      select id, name, ownerId, ownerName, colorsString, imageUrl, 'LibraryPlaylist' as _tag, trackCount
      from view__playlists_with_track_counts
      order by name ASC
    ;

      select id, timestamp from player_context order by timestamp desc
    ;

        select
          distinct id,
          name,
          description,
          externalLink,
          trackNumber,
          albumName,
          albumId,
          albumTrackCount,
          albumColorsString,
          durationMs,
          sortIndex,
          imageUrl,
          contextId,
          artistId,
          artistName
        from view__tracks_player_context_items
        where contextId = 'clgz9rcap000c3b6e9je0rt4c'
        order by sortIndex asc
      ;
select * from playback_state;

      select id, timestamp from player_context order by timestamp desc
    ;

        select
          distinct id,
          name,
          description,
          externalLink,
          trackNumber,
          albumName,
          albumId,
          albumTrackCount,
          albumColorsString,
          durationMs,
          sortIndex,
          imageUrl,
          contextId,
          artistId,
          artistName
        from view__tracks_player_context_items
        where contextId = 'clgz9rcap000c3b6e9je0rt4c'
        order by sortIndex asc
      ;
select * from playback_state;

      select id, timestamp from player_context order by timestamp desc
    ;

        select
          distinct id,
          name,
          description,
          externalLink,
          trackNumber,
          albumName,
          albumId,
          albumTrackCount,
          albumColorsString,
          durationMs,
          sortIndex,
          imageUrl,
          contextId,
          artistId,
          artistName
        from view__tracks_player_context_items
        where contextId = 'clgz9rcap000c3b6e9je0rt4c'
        order by sortIndex asc
      ;
select * from playback_state;
select * from playback_state;

      select id, timestamp from player_context order by timestamp desc
    ;

        select
          distinct id,
          name,
          description,
          externalLink,
          trackNumber,
          albumName,
          albumId,
          albumTrackCount,
          albumColorsString,
          durationMs,
          sortIndex,
          imageUrl,
          contextId,
          artistId,
          artistName
        from view__tracks_player_context_items
        where contextId = 'clgz9rcap000c3b6e9je0rt4c'
        order by sortIndex asc
      ;
select * from app_state;

      select id, timestamp from player_context order by timestamp desc
    ;

        select
          distinct id,
          name,
          description,
          externalLink,
          trackNumber,
          albumName,
          albumId,
          albumTrackCount,
          albumColorsString,
          durationMs,
          sortIndex,
          imageUrl,
          contextId,
          artistId,
          artistName
        from view__tracks_player_context_items
        where contextId = 'clgz9rcap000c3b6e9je0rt4c'
        order by sortIndex asc
      ;
select * from playback_state;

      select id, name, ownerId, ownerName, colorsString, imageUrl, 'LibraryPlaylist' as _tag, trackCount
      from view__playlists_with_track_counts
      order by name ASC
    ;

      select id, timestamp from player_context order by timestamp desc
    ;

        select
          distinct id,
          name,
          description,
          externalLink,
          trackNumber,
          albumName,
          albumId,
          albumTrackCount,
          albumColorsString,
          durationMs,
          sortIndex,
          imageUrl,
          contextId,
          artistId,
          artistName
        from view__tracks_player_context_items
        where contextId = 'clgz9rcap000c3b6e9je0rt4c'
        order by sortIndex asc
      ;
select * from playback_state;

      select id, timestamp from player_context order by timestamp desc
    ;

        select
          distinct id,
          name,
          description,
          externalLink,
          trackNumber,
          albumName,
          albumId,
          albumTrackCount,
          albumColorsString,
          durationMs,
          sortIndex,
          imageUrl,
          contextId,
          artistId,
          artistName
        from view__tracks_player_context_items
        where contextId = 'clgz9rcap000c3b6e9je0rt4c'
        order by sortIndex asc
      ;
select * from playback_state;

      select id, timestamp from player_context order by timestamp desc
    ;

        select
          distinct id,
          name,
          description,
          externalLink,
          trackNumber,
          albumName,
          albumId,
          albumTrackCount,
          albumColorsString,
          durationMs,
          sortIndex,
          imageUrl,
          contextId,
          artistId,
          artistName
        from view__tracks_player_context_items
        where contextId = 'clgz9rcap000c3b6e9je0rt4c'
        order by sortIndex asc
      ;
select * from playback_state;
select * from playback_state;

      select id, timestamp from player_context order by timestamp desc
    ;

        select
          distinct id,
          name,
          description,
          externalLink,
          trackNumber,
          albumName,
          albumId,
          albumTrackCount,
          albumColorsString,
          durationMs,
          sortIndex,
          imageUrl,
          contextId,
          artistId,
          artistName
        from view__tracks_player_context_items
        where contextId = 'clgz9rcap000c3b6e9je0rt4c'
        order by sortIndex asc
      ;
select * from app_state;

      select id, timestamp from player_context order by timestamp desc
    ;

        select
          distinct id,
          name,
          description,
          externalLink,
          trackNumber,
          albumName,
          albumId,
          albumTrackCount,
          albumColorsString,
          durationMs,
          sortIndex,
          imageUrl,
          contextId,
          artistId,
          artistName
        from view__tracks_player_context_items
        where contextId = 'clgz9rcap000c3b6e9je0rt4c'
        order by sortIndex asc
      ;
select * from playback_state;

      select id, name, ownerId, ownerName, colorsString, imageUrl, 'LibraryPlaylist' as _tag, trackCount
      from view__playlists_with_track_counts
      order by name ASC
    ;

      select id, timestamp from player_context order by timestamp desc
    ;

        select
          distinct id,
          name,
          description,
          externalLink,
          trackNumber,
          albumName,
          albumId,
          albumTrackCount,
          albumColorsString,
          durationMs,
          sortIndex,
          imageUrl,
          contextId,
          artistId,
          artistName
        from view__tracks_player_context_items
        where contextId = 'clgz9rcap000c3b6e9je0rt4c'
        order by sortIndex asc
      ;
select * from playback_state;

      select id, timestamp from player_context order by timestamp desc
    ;

        select
          distinct id,
          name,
          description,
          externalLink,
          trackNumber,
          albumName,
          albumId,
          albumTrackCount,
          albumColorsString,
          durationMs,
          sortIndex,
          imageUrl,
          contextId,
          artistId,
          artistName
        from view__tracks_player_context_items
        where contextId = 'clgz9rcap000c3b6e9je0rt4c'
        order by sortIndex asc
      ;
select * from playback_state;

      select id, timestamp from player_context order by timestamp desc
    ;

        select
          distinct id,
          name,
          description,
          externalLink,
          trackNumber,
          albumName,
          albumId,
          albumTrackCount,
          albumColorsString,
          durationMs,
          sortIndex,
          imageUrl,
          contextId,
          artistId,
          artistName
        from view__tracks_player_context_items
        where contextId = 'clgz9rcap000c3b6e9je0rt4c'
        order by sortIndex asc
      ;
select * from playback_state;
select * from playback_state;

      select id, timestamp from player_context order by timestamp desc
    ;

        select
          distinct id,
          name,
          description,
          externalLink,
          trackNumber,
          albumName,
          albumId,
          albumTrackCount,
          albumColorsString,
          durationMs,
          sortIndex,
          imageUrl,
          contextId,
          artistId,
          artistName
        from view__tracks_player_context_items
        where contextId = 'clgz9rcap000c3b6e9je0rt4c'
        order by sortIndex asc
      ;
select * from app_state;

      select id, timestamp from player_context order by timestamp desc
    ;

        select
          distinct id,
          name,
          description,
          externalLink,
          trackNumber,
          albumName,
          albumId,
          albumTrackCount,
          albumColorsString,
          durationMs,
          sortIndex,
          imageUrl,
          contextId,
          artistId,
          artistName
        from view__tracks_player_context_items
        where contextId = 'clgz9rcap000c3b6e9je0rt4c'
        order by sortIndex asc
      ;
select * from playback_state;

      select id, name, ownerId, ownerName, colorsString, imageUrl, 'LibraryPlaylist' as _tag, trackCount
      from view__playlists_with_track_counts
      order by name ASC
    ;

      select id, timestamp from player_context order by timestamp desc
    ;

        select
          distinct id,
          name,
          description,
          externalLink,
          trackNumber,
          albumName,
          albumId,
          albumTrackCount,
          albumColorsString,
          durationMs,
          sortIndex,
          imageUrl,
          contextId,
          artistId,
          artistName
        from view__tracks_player_context_items
        where contextId = 'clgz9rcap000c3b6e9je0rt4c'
        order by sortIndex asc
      ;
select * from playback_state;

      select id, timestamp from player_context order by timestamp desc
    ;

        select
          distinct id,
          name,
          description,
          externalLink,
          trackNumber,
          albumName,
          albumId,
          albumTrackCount,
          albumColorsString,
          durationMs,
          sortIndex,
          imageUrl,
          contextId,
          artistId,
          artistName
        from view__tracks_player_context_items
        where contextId = 'clgz9rcap000c3b6e9je0rt4c'
        order by sortIndex asc
      ;
select * from playback_state;

      select id, timestamp from player_context order by timestamp desc
    ;

        select
          distinct id,
          name,
          description,
          externalLink,
          trackNumber,
          albumName,
          albumId,
          albumTrackCount,
          albumColorsString,
          durationMs,
          sortIndex,
          imageUrl,
          contextId,
          artistId,
          artistName
        from view__tracks_player_context_items
        where contextId = 'clgz9rcap000c3b6e9je0rt4c'
        order by sortIndex asc
      ;
select * from playback_state;
select * from playback_state;

      select id, timestamp from player_context order by timestamp desc
    ;

        select
          distinct id,
          name,
          description,
          externalLink,
          trackNumber,
          albumName,
          albumId,
          albumTrackCount,
          albumColorsString,
          durationMs,
          sortIndex,
          imageUrl,
          contextId,
          artistId,
          artistName
        from view__tracks_player_context_items
        where contextId = 'clgz9rcap000c3b6e9je0rt4c'
        order by sortIndex asc
      ;
select * from app_state;

      select id, timestamp from player_context order by timestamp desc
    ;

        select
          distinct id,
          name,
          description,
          externalLink,
          trackNumber,
          albumName,
          albumId,
          albumTrackCount,
          albumColorsString,
          durationMs,
          sortIndex,
          imageUrl,
          contextId,
          artistId,
          artistName
        from view__tracks_player_context_items
        where contextId = 'clgz9rcap000c3b6e9je0rt4c'
        order by sortIndex asc
      ;
select * from playback_state;

      select id, name, ownerId, ownerName, colorsString, imageUrl, 'LibraryPlaylist' as _tag, trackCount
      from view__playlists_with_track_counts
      order by name ASC
    ;

      select id, timestamp from player_context order by timestamp desc
    ;

        select
          distinct id,
          name,
          description,
          externalLink,
          trackNumber,
          albumName,
          albumId,
          albumTrackCount,
          albumColorsString,
          durationMs,
          sortIndex,
          imageUrl,
          contextId,
          artistId,
          artistName
        from view__tracks_player_context_items
        where contextId = 'clgz9rcap000c3b6e9je0rt4c'
        order by sortIndex asc
      ;
select * from playback_state;

      select id, timestamp from player_context order by timestamp desc
    ;

        select
          distinct id,
          name,
          description,
          externalLink,
          trackNumber,
          albumName,
          albumId,
          albumTrackCount,
          albumColorsString,
          durationMs,
          sortIndex,
          imageUrl,
          contextId,
          artistId,
          artistName
        from view__tracks_player_context_items
        where contextId = 'clgz9rcap000c3b6e9je0rt4c'
        order by sortIndex asc
      ;
select * from playback_state;

      select id, timestamp from player_context order by timestamp desc
    ;

        select
          distinct id,
          name,
          description,
          externalLink,
          trackNumber,
          albumName,
          albumId,
          albumTrackCount,
          albumColorsString,
          durationMs,
          sortIndex,
          imageUrl,
          contextId,
          artistId,
          artistName
        from view__tracks_player_context_items
        where contextId = 'clgz9rcap000c3b6e9je0rt4c'
        order by sortIndex asc
      ;
select * from playback_state;
select * from playback_state;

      select id, timestamp from player_context order by timestamp desc
    ;

        select
          distinct id,
          name,
          description,
          externalLink,
          trackNumber,
          albumName,
          albumId,
          albumTrackCount,
          albumColorsString,
          durationMs,
          sortIndex,
          imageUrl,
          contextId,
          artistId,
          artistName
        from view__tracks_player_context_items
        where contextId = 'clgz9rcap000c3b6e9je0rt4c'
        order by sortIndex asc
      ;
select * from app_state;

      select id, timestamp from player_context order by timestamp desc
    ;

        select
          distinct id,
          name,
          description,
          externalLink,
          trackNumber,
          albumName,
          albumId,
          albumTrackCount,
          albumColorsString,
          durationMs,
          sortIndex,
          imageUrl,
          contextId,
          artistId,
          artistName
        from view__tracks_player_context_items
        where contextId = 'clgz9rcap000c3b6e9je0rt4c'
        order by sortIndex asc
      ;
select * from playback_state;

      select id, name, ownerId, ownerName, colorsString, imageUrl, 'LibraryPlaylist' as _tag, trackCount
      from view__playlists_with_track_counts
      order by name ASC
    ;

      select id, timestamp from player_context order by timestamp desc
    ;

        select
          distinct id,
          name,
          description,
          externalLink,
          trackNumber,
          albumName,
          albumId,
          albumTrackCount,
          albumColorsString,
          durationMs,
          sortIndex,
          imageUrl,
          contextId,
          artistId,
          artistName
        from view__tracks_player_context_items
        where contextId = 'clgz9rcap000c3b6e9je0rt4c'
        order by sortIndex asc
      ;
select * from playback_state;

      select id, timestamp from player_context order by timestamp desc
    ;

        select
          distinct id,
          name,
          description,
          externalLink,
          trackNumber,
          albumName,
          albumId,
          albumTrackCount,
          albumColorsString,
          durationMs,
          sortIndex,
          imageUrl,
          contextId,
          artistId,
          artistName
        from view__tracks_player_context_items
        where contextId = 'clgz9rcap000c3b6e9je0rt4c'
        order by sortIndex asc
      ;
select * from playback_state;

      select id, timestamp from player_context order by timestamp desc
    ;

        select
          distinct id,
          name,
          description,
          externalLink,
          trackNumber,
          albumName,
          albumId,
          albumTrackCount,
          albumColorsString,
          durationMs,
          sortIndex,
          imageUrl,
          contextId,
          artistId,
          artistName
        from view__tracks_player_context_items
        where contextId = 'clgz9rcap000c3b6e9je0rt4c'
        order by sortIndex asc
      ;
select * from playback_state;
select * from playback_state;

      select id, timestamp from player_context order by timestamp desc
    ;

        select
          distinct id,
          name,
          description,
          externalLink,
          trackNumber,
          albumName,
          albumId,
          albumTrackCount,
          albumColorsString,
          durationMs,
          sortIndex,
          imageUrl,
          contextId,
          artistId,
          artistName
        from view__tracks_player_context_items
        where contextId = 'clgz9rcap000c3b6e9je0rt4c'
        order by sortIndex asc
      ;
select * from app_state;

      select id, timestamp from player_context order by timestamp desc
    ;

        select
          distinct id,
          name,
          description,
          externalLink,
          trackNumber,
          albumName,
          albumId,
          albumTrackCount,
          albumColorsString,
          durationMs,
          sortIndex,
          imageUrl,
          contextId,
          artistId,
          artistName
        from view__tracks_player_context_items
        where contextId = 'clgz9rcap000c3b6e9je0rt4c'
        order by sortIndex asc
      ;
select * from playback_state;

      select id, name, ownerId, ownerName, colorsString, imageUrl, 'LibraryPlaylist' as _tag, trackCount
      from view__playlists_with_track_counts
      order by name ASC
    ;

      select id, timestamp from player_context order by timestamp desc
    ;

        select
          distinct id,
          name,
          description,
          externalLink,
          trackNumber,
          albumName,
          albumId,
          albumTrackCount,
          albumColorsString,
          durationMs,
          sortIndex,
          imageUrl,
          contextId,
          artistId,
          artistName
        from view__tracks_player_context_items
        where contextId = 'clgz9rcap000c3b6e9je0rt4c'
        order by sortIndex asc
      ;
select * from playback_state;

      select id, timestamp from player_context order by timestamp desc
    ;

        select
          distinct id,
          name,
          description,
          externalLink,
          trackNumber,
          albumName,
          albumId,
          albumTrackCount,
          albumColorsString,
          durationMs,
          sortIndex,
          imageUrl,
          contextId,
          artistId,
          artistName
        from view__tracks_player_context_items
        where contextId = 'clgz9rcap000c3b6e9je0rt4c'
        order by sortIndex asc
      ;
select * from playback_state;

      select id, timestamp from player_context order by timestamp desc
    ;

        select
          distinct id,
          name,
          description,
          externalLink,
          trackNumber,
          albumName,
          albumId,
          albumTrackCount,
          albumColorsString,
          durationMs,
          sortIndex,
          imageUrl,
          contextId,
          artistId,
          artistName
        from view__tracks_player_context_items
        where contextId = 'clgz9rcap000c3b6e9je0rt4c'
        order by sortIndex asc
      ;
select * from playback_state;
select * from playback_state;

      select id, timestamp from player_context order by timestamp desc
    ;

        select
          distinct id,
          name,
          description,
          externalLink,
          trackNumber,
          albumName,
          albumId,
          albumTrackCount,
          albumColorsString,
          durationMs,
          sortIndex,
          imageUrl,
          contextId,
          artistId,
          artistName
        from view__tracks_player_context_items
        where contextId = 'clgz9rcap000c3b6e9je0rt4c'
        order by sortIndex asc
      ;
select * from app_state;

      select id, timestamp from player_context order by timestamp desc
    ;

        select
          distinct id,
          name,
          description,
          externalLink,
          trackNumber,
          albumName,
          albumId,
          albumTrackCount,
          albumColorsString,
          durationMs,
          sortIndex,
          imageUrl,
          contextId,
          artistId,
          artistName
        from view__tracks_player_context_items
        where contextId = 'clgz9rcap000c3b6e9je0rt4c'
        order by sortIndex asc
      ;
select * from playback_state;

      select id, name, ownerId, ownerName, colorsString, imageUrl, 'LibraryPlaylist' as _tag, trackCount
      from view__playlists_with_track_counts
      order by name ASC
    ;

      select id, name, ownerId, ownerName, colorsString, imageUrl, 'LibraryPlaylist' as _tag, trackCount
      from view__playlists_with_track_counts
      order by name ASC
    ;

      select id, name, ownerId, ownerName, colorsString, imageUrl, 'LibraryPlaylist' as _tag, trackCount
      from view__playlists_with_track_counts
      order by name ASC
    ;

      select id, name, ownerId, ownerName, colorsString, imageUrl, 'LibraryPlaylist' as _tag, trackCount
      from view__playlists_with_track_counts
      order by name ASC
    ;

      select id, name, ownerId, ownerName, colorsString, imageUrl, 'LibraryPlaylist' as _tag, trackCount
      from view__playlists_with_track_counts
      order by name ASC
    ;

      select id, name, ownerId, ownerName, colorsString, imageUrl, 'LibraryPlaylist' as _tag, trackCount
      from view__playlists_with_track_counts
      order by name ASC
    ;

      select id, name, ownerId, ownerName, colorsString, imageUrl, 'LibraryPlaylist' as _tag, trackCount
      from view__playlists_with_track_counts
      order by name ASC
    ;

      select id, name, ownerId, ownerName, colorsString, imageUrl, 'LibraryPlaylist' as _tag, trackCount
      from view__playlists_with_track_counts
      order by name ASC
    ;

      select id, name, ownerId, ownerName, colorsString, imageUrl, 'LibraryPlaylist' as _tag, trackCount
      from view__playlists_with_track_counts
      order by name ASC
    ;

      select id, name, ownerId, ownerName, colorsString, imageUrl, 'LibraryPlaylist' as _tag, trackCount
      from view__playlists_with_track_counts
      order by name ASC
    ;

      select id, name, ownerId, ownerName, colorsString, imageUrl, 'LibraryPlaylist' as _tag, trackCount
      from view__playlists_with_track_counts
      order by name ASC
    ;

      select id, name, ownerId, ownerName, colorsString, imageUrl, 'LibraryPlaylist' as _tag, trackCount
      from view__playlists_with_track_counts
      order by name ASC
    ;

      select id, name, ownerId, ownerName, colorsString, imageUrl, 'LibraryPlaylist' as _tag, trackCount
      from view__playlists_with_track_counts
      order by name ASC
    ;

      select id, name, ownerId, ownerName, colorsString, imageUrl, 'LibraryPlaylist' as _tag, trackCount
      from view__playlists_with_track_counts
      order by name ASC
    ;

      select id, name, ownerId, ownerName, colorsString, imageUrl, 'LibraryPlaylist' as _tag, trackCount
      from view__playlists_with_track_counts
      order by name ASC
    ;

      select id, name, ownerId, ownerName, colorsString, imageUrl, 'LibraryPlaylist' as _tag, trackCount
      from view__playlists_with_track_counts
      order by name ASC
    ;

      select id, name, ownerId, ownerName, colorsString, imageUrl, 'LibraryPlaylist' as _tag, trackCount
      from view__playlists_with_track_counts
      order by name ASC
    ;

      select id, name, ownerId, ownerName, colorsString, imageUrl, 'LibraryPlaylist' as _tag, trackCount
      from view__playlists_with_track_counts
      order by name ASC
    ;

      select id, name, ownerId, ownerName, colorsString, imageUrl, 'LibraryPlaylist' as _tag, trackCount
      from view__playlists_with_track_counts
      order by name ASC
    ;

      select id, name, ownerId, ownerName, colorsString, imageUrl, 'LibraryPlaylist' as _tag, trackCount
      from view__playlists_with_track_counts
      order by name ASC
    ;

      select id, name, ownerId, ownerName, colorsString, imageUrl, 'LibraryPlaylist' as _tag, trackCount
      from view__playlists_with_track_counts
      order by name ASC
    ;

      select id, name, ownerId, ownerName, colorsString, imageUrl, 'LibraryPlaylist' as _tag, trackCount
      from view__playlists_with_track_counts
      order by name ASC
    ;

      select id, name, ownerId, ownerName, colorsString, imageUrl, 'LibraryPlaylist' as _tag, trackCount
      from view__playlists_with_track_counts
      order by name ASC
    ;

      select id, name, ownerId, ownerName, colorsString, imageUrl, 'LibraryPlaylist' as _tag, trackCount
      from view__playlists_with_track_counts
      order by name ASC
    ;

      select id, name, ownerId, ownerName, colorsString, imageUrl, 'LibraryPlaylist' as _tag, trackCount
      from view__playlists_with_track_counts
      order by name ASC
    ;

      select id, name, ownerId, ownerName, colorsString, imageUrl, 'LibraryPlaylist' as _tag, trackCount
      from view__playlists_with_track_counts
      order by name ASC
    ;

      select id, name, ownerId, ownerName, colorsString, imageUrl, 'LibraryPlaylist' as _tag, trackCount
      from view__playlists_with_track_counts
      order by name ASC
    ;

      select id, name, ownerId, ownerName, colorsString, imageUrl, 'LibraryPlaylist' as _tag, trackCount
      from view__playlists_with_track_counts
      order by name ASC
    ;
update app_state set routeStack = '[{"_tag":"SettingsRoute","tabIndex":0},{"_tag":"LibraryCollectionRoute","id":"podcast:playlist:clgz9riqw000d3b6emzyjak9r"}]', forwardRouteStack = '[]';
select * from app_state;
select eventImportPaused from app_state limit 1;

      select id, name, ownerId, ownerName, colorsString, imageUrl, 'LibraryPlaylist' as _tag, trackCount
      from view__playlists_with_track_counts
      order by name ASC
    ;
select * from playback_state;

      select id, timestamp from player_context order by timestamp desc
    ;

        select
          distinct id,
          name,
          description,
          externalLink,
          trackNumber,
          albumName,
          albumId,
          albumTrackCount,
          albumColorsString,
          durationMs,
          sortIndex,
          imageUrl,
          contextId,
          artistId,
          artistName
        from view__tracks_player_context_items
        where contextId = 'clgz9rcap000c3b6e9je0rt4c'
        order by sortIndex asc
      ;
select * from app_state;

      select id, name, description, ownerId, ownerName, colorsString, imageUrl, 'LibraryPlaylist' as _tag, trackCount
      from view__playlists_with_track_counts
      where id = 'podcast:playlist:clgz9riqw000d3b6emzyjak9r'
    ;
select * from playback_state;
select * from components__Tracklist where id = 'podcast:playlist:clgz9riqw000d3b6emzyjak9r' limit 1;

      select id, name, description, ownerId, ownerName, colorsString, imageUrl, 'LibraryPlaylist' as _tag, trackCount
      from view__playlists_with_track_counts
      where id = 'podcast:playlist:clgz9riqw000d3b6emzyjak9r'
    ;

      select
        addedAtTimestamp,
        trackIndex,
        -- TrackSrc data
        id,
        name,
        description,
        externalLink,
        imageUrl,
        albumName,
        albumId,
        albumColorsString,
        durationMs,
        artistId,
        artistName
      FROM (
        SELECT *
        FROM
          view__tracks_playlists
        WHERE
          playlistId = 'podcast:playlist:clgz9riqw000d3b6emzyjak9r'
        )
      
      ORDER BY trackIndex asc
      
      
    ;

          select trackId, trackIndex
            from library_tracks_playlists
          where playlistId = 'podcast:playlist:clgz9riqw000d3b6emzyjak9r'
          order by trackIndex ASC
        ;

      select id, timestamp from player_context order by timestamp desc
    ;

        select
          distinct id,
          name,
          description,
          externalLink,
          trackNumber,
          albumName,
          albumId,
          albumTrackCount,
          albumColorsString,
          durationMs,
          sortIndex,
          imageUrl,
          contextId,
          artistId,
          artistName
        from view__tracks_player_context_items
        where contextId = 'clgz9rcap000c3b6e9je0rt4c'
        order by sortIndex asc
      ;
select * from playback_state;

      select id, name, description, ownerId, ownerName, colorsString, imageUrl, 'LibraryPlaylist' as _tag, trackCount
      from view__playlists_with_track_counts
      where id = 'podcast:playlist:clgz9riqw000d3b6emzyjak9r'
    ;
select * from playback_state;
select * from components__Tracklist where id = 'podcast:playlist:clgz9riqw000d3b6emzyjak9r' limit 1;

      select id, name, description, ownerId, ownerName, colorsString, imageUrl, 'LibraryPlaylist' as _tag, trackCount
      from view__playlists_with_track_counts
      where id = 'podcast:playlist:clgz9riqw000d3b6emzyjak9r'
    ;

      select
        addedAtTimestamp,
        trackIndex,
        -- TrackSrc data
        id,
        name,
        description,
        externalLink,
        imageUrl,
        albumName,
        albumId,
        albumColorsString,
        durationMs,
        artistId,
        artistName
      FROM (
        SELECT *
        FROM
          view__tracks_playlists
        WHERE
          playlistId = 'podcast:playlist:clgz9riqw000d3b6emzyjak9r'
        )
      
      ORDER BY trackIndex asc
      
      
    ;

          select trackId, trackIndex
            from library_tracks_playlists
          where playlistId = 'podcast:playlist:clgz9riqw000d3b6emzyjak9r'
          order by trackIndex ASC
        ;

      select id, timestamp from player_context order by timestamp desc
    ;

        select
          distinct id,
          name,
          description,
          externalLink,
          trackNumber,
          albumName,
          albumId,
          albumTrackCount,
          albumColorsString,
          durationMs,
          sortIndex,
          imageUrl,
          contextId,
          artistId,
          artistName
        from view__tracks_player_context_items
        where contextId = 'clgz9rcap000c3b6e9je0rt4c'
        order by sortIndex asc
      ;
select * from playback_state;